snapshot,basis,year,nation,overall,size,score_min,score_max,score_span,caps_min,caps_max,intl_goals_min,intl_goals_max,club_nations,overall_bases,players_sample
before-runtime-data-2.3.0,career,2022,Morocco,83,17,55.3877,55.3877,0,,,,,,measured_performance,Aboukhlal; Aguerd; Amallah; Amrabat; Attiyat Allah; Benoun; Boufal; Bounou
before-runtime-data-2.3.0,current,2022,Morocco,83,17,55.3877,55.3877,0,,,,,,measured_performance,Aboukhlal; Aguerd; Amallah; Amrabat; Attiyat Allah; Benoun; Boufal; Bounou
before-runtime-data-2.3.0,career,2018,Croatia,86,16,59.0856,59.0856,0,,,,,,measured_performance,Badelj; Brozović; Ćorluka; Kalinić; Kovačić; Kramarić; Lovren; Mandžukić
before-runtime-data-2.3.0,current,2018,Croatia,86,16,59.0856,59.0856,0,,,,,,measured_performance,Badelj; Brozović; Ćorluka; Kalinić; Kovačić; Kramarić; Lovren; Mandžukić
before-runtime-data-2.3.0,career,2022,Croatia,87,15,60.893,60.893,0,,,,,,measured_performance,Brozović; Gvardiol; Juranović; Kovačić; Kramarić; Livaja; Livaković; Lovren
before-runtime-data-2.3.0,current,2022,Croatia,87,15,60.893,60.893,0,,,,,,measured_performance,Brozović; Gvardiol; Juranović; Kovačić; Kramarić; Livaja; Livaković; Lovren
before-runtime-data-2.3.0,career,2022,Argentina,88,14,62.4749,68.903471,6.428571,,,,,,measured_performance,Acuña; Álvarez; De Paul; Di María; Fernández; Mac Allister; Martínez; Molina
before-runtime-data-2.3.0,current,2022,Argentina,88,14,62.4749,68.903471,6.428571,,,,,,measured_performance,Acuña; Álvarez; De Paul; Di María; Fernández; Mac Allister; Martínez; Molina
before-runtime-data-2.3.0,current,1998,France,88,14,61.8225,66.965357,5.142857,,,,,,measured_performance,Blanc; Boghossian; Desailly; Deschamps; Djorkaeff; Dugarry; Henry; Karembeu
before-runtime-data-2.3.0,career,1938,Netherlands,72,14,36.144426,37.702112,1.557686,,,,,,measured_performance,Anderiesen; de Boer; de Harder; de Winter; Drok; Ooms; Paauwe; Punt
before-runtime-data-2.3.0,current,1938,Netherlands,72,14,36.144426,37.702112,1.557686,,,,,,measured_performance,Anderiesen; de Boer; de Harder; de Winter; Drok; Ooms; Paauwe; Punt
before-runtime-data-2.3.0,current,2026,United States,81,14,52.364193,53.5254,1.161207,25,85,0,33,ENG|FRA|GER|ITA|NED|USA,measured_performance,Pulisic (85 caps/33g); McKennie (65 caps/12g); Aaronson (57 caps/9g); Turner (54 caps/0g); Adams (53 caps/2g); Robinson (53 caps/4g); Weah (50 caps/7g); Dest (38 caps/3g)
before-runtime-data-2.3.0,career,2002,Turkey,83,14,55.6615,55.6615,0,,,,,,measured_performance,Akyel; Baştürk; Belözoğlu; Çatkıç; Davala; Kerimoğlu; Korkmaz; Mansız
before-runtime-data-2.3.0,current,2002,Turkey,83,14,55.6615,55.6615,0,,,,,,measured_performance,Akyel; Baştürk; Belözoğlu; Çatkıç; Davala; Kerimoğlu; Korkmaz; Mansız
before-runtime-data-2.3.0,current,1986,France,88,14,62.5,62.5,0,,,,,,measured_performance,Amoros; Ayache; Bats; Battiston; Bossis; Fernández; Ferreri; Giresse
before-runtime-data-2.3.0,career,2022,France,88,13,62.1133,67.223031,5.109731,,,,,,career_stature_estimate|measured_performance,Benzema; Disasi; Fofana; Giroud; Hernandez; Konaté; Koundé; Lloris
before-runtime-data-2.3.0,current,1978,Netherlands,88,13,62.4846,66.341743,3.857143,,,,,,measured_performance,Brandts; Haan; Jansen; Jongbloed; Krol; Nanninga; Poortvliet; Rensenbrink
before-runtime-data-2.3.0,career,2022,Tunisia,71,13,32.160416,35.208548,3.048132,,,,,,measured_performance,Ben Romdhane; Ben Saïd; Ben Slimane; Chaalali; Ghandri; Hassen; Jaziri; Khenissi
before-runtime-data-2.3.0,current,2022,Tunisia,71,13,32.160416,35.208548,3.048132,,,,,,measured_performance,Ben Romdhane; Ben Saïd; Ben Slimane; Chaalali; Ghandri; Hassen; Jaziri; Khenissi
before-runtime-data-2.3.0,career,2026,United States,81,13,52.364193,53.5254,1.161207,25,65,0,13,ENG|FRA|GER|ITA|NED|USA,measured_performance,McKennie (65 caps/12g); Aaronson (57 caps/9g); Turner (54 caps/0g); Adams (53 caps/2g); Robinson (53 caps/4g); Weah (50 caps/7g); Dest (38 caps/3g); Reyna (37 caps/9g)
before-runtime-data-2.3.0,career,1998,Netherlands,87,13,60.6856,61.447194,0.761594,,,,,,measured_performance,Bergkamp; Cocu; Davids; de Boer; de Boer; Jonk; Kluivert; Numan
before-runtime-data-2.3.0,career,1990,Argentina,85,13,58.496554,58.6789,0.182346,,,,,,measured_performance,Basualdo; Batista; Burruchaga; Caniggia; Giusti; Goycochea; Monzón; Olarticoechea
before-runtime-data-2.3.0,current,1990,Argentina,85,13,58.496554,58.6789,0.182346,,,,,,measured_performance,Basualdo; Batista; Burruchaga; Caniggia; Giusti; Goycochea; Monzón; Olarticoechea
before-runtime-data-2.3.0,current,2002,Germany,87,13,60.98038,61.1506,0.17022,,,,,,measured_performance,Ballack; Bierhoff; Bode; Frings; Hamann; Jancker; Jeremies; Linke
before-runtime-data-2.3.0,career,2006,Italy,87,13,61.675,61.675,0,,,,,,measured_performance,Camoranesi; Del Piero; Gattuso; Gilardino; Grosso; Iaquinta; Materazzi; Nesta
before-runtime-data-2.3.0,current,2006,Italy,87,13,61.675,61.675,0,,,,,,measured_performance,Camoranesi; Del Piero; Gattuso; Gilardino; Grosso; Iaquinta; Materazzi; Nesta
before-runtime-data-2.3.0,current,1998,Netherlands,87,13,60.6856,60.6856,0,,,,,,measured_performance,Bergkamp; Cocu; Davids; de Boer; de Boer; Jonk; Kluivert; Numan
before-runtime-data-2.3.0,current,1994,Sweden,87,13,61.3898,61.3898,0,,,,,,measured_performance,Andersson; Björklund; Brolin; Dahlin; Ingesson; Kåmark; Larsson; Ljung
before-runtime-data-2.3.0,current,1982,Italy,87,13,60.6181,60.6181,0,,,,,,measured_performance,Altobelli; Antognoni; Bergomi; Cabrini; Collovati; Conti; Gentile; Graziani
before-runtime-data-2.3.0,current,2018,France,88,12,62.2817,68.710271,6.428571,,,,,,measured_performance,Hernandez; Kanté; Lloris; Mandanda; Matuidi; Mbappé; Nzonzi; Pavard
before-runtime-data-2.3.0,current,2022,France,88,12,62.1133,65.970443,3.857143,,,,,,measured_performance,Disasi; Fofana; Giroud; Hernandez; Konaté; Koundé; Lloris; Mandanda
before-runtime-data-2.3.0,current,1950,Brazil,88,12,62.2637,66.120843,3.857143,,,,,,measured_performance,Augusto; Baltazar; Barbosa; Bauer; Bigode; Chico; Danilo; Friaça
before-runtime-data-2.3.0,career,2022,Saudi Arabia,71,12,32.355536,35.208548,2.853012,,,,,,measured_performance,Al-Aboud; Al-Aqidi; Al-Dawsari; Al-Faraj; Al-Hassan; Al-Najei; Al-Rubaie; Al-Shahrani
before-runtime-data-2.3.0,current,2022,Saudi Arabia,71,12,32.355536,35.208548,2.853012,,,,,,measured_performance,Al-Aboud; Al-Aqidi; Al-Dawsari; Al-Faraj; Al-Hassan; Al-Najei; Al-Rubaie; Al-Shahrani
before-runtime-data-2.3.0,career,1954,Scotland,72,12,35.549312,36.707444,1.158132,,,,,,measured_performance,Binning; Brown; Combe; Copland; Fernie; Hamilton; Henderson; Johnstone
before-runtime-data-2.3.0,current,1954,Scotland,72,12,35.549312,36.707444,1.158132,,,,,,measured_performance,Binning; Brown; Combe; Copland; Fernie; Hamilton; Henderson; Johnstone
before-runtime-data-2.3.0,career,1982,Italy,87,12,60.6181,61.68175,1.06365,,,,,,measured_performance,Altobelli; Antognoni; Bergomi; Cabrini; Collovati; Conti; Gentile; Graziani
before-runtime-data-2.3.0,career,1990,West Germany,88,12,62.4846,63.237167,0.752567,,,,,,measured_performance,Augenthaler; Bein; Berthold; Brehme; Buchwald; Häßler; Illgner; Klinsmann
before-runtime-data-2.3.0,career,2026,Ivory Coast,79,12,49.7709,50.4341,0.6632,9,102,0,15,BEL|ENG|ESP|FRA|GER|ITA|KSA|POR|TUR,measured_performance,Kessie (102 caps/15g); Sangare (57 caps/12g); Pepe (54 caps/12g); Konan (53 caps/0g); Kossounou (35 caps/0g); Fofana (34 caps/0g); Singo (33 caps/1g); Adingra (28 caps/5g)
before-runtime-data-2.3.0,current,2026,Ivory Coast,79,12,49.7709,50.4341,0.6632,9,102,0,15,BEL|ENG|ESP|FRA|GER|ITA|KSA|POR|TUR,measured_performance,Kessie (102 caps/15g); Sangare (57 caps/12g); Pepe (54 caps/12g); Konan (53 caps/0g); Kossounou (35 caps/0g); Fofana (34 caps/0g); Singo (33 caps/1g); Adingra (28 caps/5g)
before-runtime-data-2.3.0,career,1934,Netherlands,72,12,36.515684,37.142864,0.62718,,,,,,measured_performance,Anderiesen; Bakhuys; Graafland; Langendaal; Mijnders; Mol; Pellikaan; Schoemaker
before-runtime-data-2.3.0,current,1934,Netherlands,72,12,36.515684,37.142864,0.62718,,,,,,measured_performance,Anderiesen; Bakhuys; Graafland; Langendaal; Mijnders; Mol; Pellikaan; Schoemaker
before-runtime-data-2.3.0,career,2002,Germany,87,12,60.98038,61.1506,0.17022,,,,,,measured_performance,Bierhoff; Bode; Frings; Hamann; Jancker; Jeremies; Linke; Metzelder
before-runtime-data-2.3.0,career,2022,Australia,80,12,51.8819,51.8819,0,,,,,,measured_performance,Baccus; Behich; Degenek; Duke; Goodwin; Irvine; Leckie; McGree
before-runtime-data-2.3.0,current,2022,Australia,80,12,51.8819,51.8819,0,,,,,,measured_performance,Baccus; Behich; Degenek; Duke; Goodwin; Irvine; Leckie; McGree
before-runtime-data-2.3.0,career,2018,Japan,79,12,50.3695,50.3695,0,,,,,,measured_performance,Haraguchi; Hasebe; Honda; Inui; Kagawa; Kawashima; Nagatomo; Osako
before-runtime-data-2.3.0,current,2018,Japan,79,12,50.3695,50.3695,0,,,,,,measured_performance,Haraguchi; Hasebe; Honda; Inui; Kagawa; Kawashima; Nagatomo; Osako
before-runtime-data-2.3.0,career,2018,Russia,79,12,50.1925,50.1925,0,,,,,,measured_performance,Akinfeev; Cheryshev; Dzyuba; Fernandes; Gazinsky; Golovin; Ignashevich; Kudryashov
before-runtime-data-2.3.0,current,2018,Russia,79,12,50.1925,50.1925,0,,,,,,measured_performance,Akinfeev; Cheryshev; Dzyuba; Fernandes; Gazinsky; Golovin; Ignashevich; Kudryashov
before-runtime-data-2.3.0,current,2014,Costa Rica,82,12,53.964,53.964,0,,,,,,measured_performance,Bolaños; Borges; Campbell; Díaz; Duarte; Gamboa; González; Navas
before-runtime-data-2.3.0,current,2010,Germany,88,12,62.2306,62.2306,0,,,,,,measured_performance,Boateng; Cacau; Friedrich; Jansen; Khedira; Klose; Lahm; Mertesacker
before-runtime-data-2.3.0,current,2010,Netherlands,88,12,62.4213,62.4213,0,,,,,,measured_performance,de Jong; Heitinga; Huntelaar; Kuyt; Mathijsen; Robben; Stekelenburg; van Bommel
before-runtime-data-2.3.0,career,2006,Ecuador,79,12,50.6336,50.6336,0,,,,,,measured_performance,de la Cruz; Delgado; Espinoza; Guagua; Hurtado; Kaviedes; Méndez; Mora
before-runtime-data-2.3.0,current,2006,Ecuador,79,12,50.6336,50.6336,0,,,,,,measured_performance,de la Cruz; Delgado; Espinoza; Guagua; Hurtado; Kaviedes; Méndez; Mora
before-runtime-data-2.3.0,career,2002,South Korea,81,12,52.5788,52.5788,0,,,,,,measured_performance,Ahn; Choi; Hwang; Kim; Kim; Lee; Lee; Lee
before-runtime-data-2.3.0,current,2002,South Korea,81,12,52.5788,52.5788,0,,,,,,measured_performance,Ahn; Choi; Hwang; Kim; Kim; Lee; Lee; Lee
before-runtime-data-2.3.0,career,1994,Bulgaria,83,12,56.0128,56.0128,0,,,,,,measured_performance,Balakov; Borimirov; Hubchev; Ivanov; Kiryakov; Kremenliev; Letchkov; Mihaylov
before-runtime-data-2.3.0,current,1994,Bulgaria,83,12,56.0128,56.0128,0,,,,,,measured_performance,Balakov; Borimirov; Hubchev; Ivanov; Kiryakov; Kremenliev; Letchkov; Mihaylov
before-runtime-data-2.3.0,career,1994,Sweden,87,12,61.3898,61.3898,0,,,,,,measured_performance,Andersson; Björklund; Brolin; Dahlin; Ingesson; Kåmark; Ljung; Mild
before-runtime-data-2.3.0,current,1990,West Germany,88,12,62.4846,62.4846,0,,,,,,measured_performance,Augenthaler; Bein; Berthold; Brehme; Buchwald; Häßler; Illgner; Klinsmann
before-runtime-data-2.3.0,career,1986,Argentina,87,12,61.1506,61.1506,0,,,,,,measured_performance,Batista; Brown; Burruchaga; Cuciuffo; Enrique; Garré; Giusti; Olarticoechea
before-runtime-data-2.3.0,current,1986,Argentina,87,12,61.1506,61.1506,0,,,,,,measured_performance,Batista; Brown; Burruchaga; Cuciuffo; Enrique; Garré; Giusti; Olarticoechea
before-runtime-data-2.3.0,current,1982,France,86,12,60.0219,60.0219,0,,,,,,measured_performance,Bossis; Ettori; Genghini; Girard; Giresse; Janvion; Lopez; Platini
before-runtime-data-2.3.0,current,1982,Poland,88,12,62.1361,62.1361,0,,,,,,measured_performance,Boniek; Buncol; Ciołek; Dziuba; Janas; Kupcewicz; Lato; Majewski
before-runtime-data-2.3.0,current,1970,Italy,88,12,62.4392,62.4392,0,,,,,,measured_performance,Albertosi; Bertini; Boninsegna; Burgnich; Cera; De Sisti; Domenghini; Facchetti
before-runtime-data-2.3.0,current,1966,England,88,11,62.4392,66.296343,3.857143,,,,,,measured_performance,Ball; Banks; Charlton; Charlton; Cohen; Hunt; Hurst; Moore
before-runtime-data-2.3.0,career,1950,Brazil,88,11,62.2637,66.120843,3.857143,,,,,,measured_performance,Augusto; Baltazar; Barbosa; Bauer; Bigode; Chico; Danilo; Friaça
before-runtime-data-2.3.0,current,1958,Austria,72,11,35.51462,39.354848,3.840228,,,,,,measured_performance,Buzek; Dienst; Hamerl; Hanappi; Horak; Kozlicek; Kozlicek; Ninaus
before-runtime-data-2.3.0,current,1958,Hungary,72,11,35.51462,39.354848,3.840228,,,,,,measured_performance,Bozsik; Budai; Bundzsák; Fenyvesi; Friedmanszky; Hidegkuti; Kotász; Lachos
before-runtime-data-2.3.0,career,2010,Germany,88,11,62.2306,65.7649,3.5343,,,,,,career_stature_estimate|measured_performance,Boateng; Cacau; Friedrich; Jansen; Khedira; Kroos; Lahm; Mertesacker
before-runtime-data-2.3.0,career,1970,Italy,88,11,62.4392,64.77686,2.33766,,,,,,career_stature_estimate|measured_performance,Albertosi; Bertini; Boninsegna; Burgnich; Cera; De Sisti; Domenghini; Mazzola
before-runtime-data-2.3.0,career,1950,Bolivia,71,11,33.184604,35.179472,1.994868,,,,,,measured_performance,Algarañaz; Brown; Capparelli; Ferrel; Godoy Véizaga; Guerra; Gutiérrez; Maldonado
before-runtime-data-2.3.0,current,1950,Bolivia,71,11,33.184604,35.179472,1.994868,,,,,,measured_performance,Algarañaz; Brown; Capparelli; Ferrel; Godoy Véizaga; Guerra; Gutiérrez; Maldonado
before-runtime-data-2.3.0,current,1938,Belgium,72,11,36.144426,37.702112,1.557686,,,,,,measured_performance,Braine; Buyle; Capelle; Ceuleers; De Winter; Fievez; Nelis; Stijnen
before-runtime-data-2.3.0,career,1938,Dutch East Indies,72,11,36.144426,37.702112,1.557686,,,,,,measured_performance,Anwar; Meeng; Nawir; Pattiwael; Soedarmadji; Taihuttu; Tan; Teilherber
before-runtime-data-2.3.0,current,1938,Dutch East Indies,72,11,36.144426,37.702112,1.557686,,,,,,measured_performance,Anwar; Meeng; Nawir; Pattiwael; Soedarmadji; Taihuttu; Tan; Teilherber
before-runtime-data-2.3.0,career,1938,Poland,72,11,36.144426,37.702112,1.557686,,,,,,measured_performance,Baran; Cebula; Dytko; Góra; Habowski; Korbas; Łyko; Nyc
before-runtime-data-2.3.0,current,1938,Poland,72,11,36.144426,37.702112,1.557686,,,,,,measured_performance,Baran; Cebula; Dytko; Góra; Habowski; Korbas; Łyko; Nyc
before-runtime-data-2.3.0,career,1986,France,88,11,62.5,63.874,1.374,,,,,,measured_performance,Amoros; Ayache; Bats; Battiston; Bossis; Fernández; Ferreri; Giresse
before-runtime-data-2.3.0,career,1934,Belgium,72,11,36.515684,37.142864,0.62718,,,,,,measured_performance,Brichaut; Capelle; Claessens; Devries; Grimmonprez; Heremans; Lamoot; Ledent
before-runtime-data-2.3.0,current,1934,Belgium,72,11,36.515684,37.142864,0.62718,,,,,,measured_performance,Brichaut; Capelle; Claessens; Devries; Grimmonprez; Heremans; Lamoot; Ledent
before-runtime-data-2.3.0,current,1954,Uruguay,87,11,60.762636,61.3898,0.627164,,,,,,measured_performance,Abbadie; Ambrois; Borges; Cruz; Hohberg; Martínez; Máspoli; Míguez
before-runtime-data-2.3.0,career,1994,Brazil,88,11,62.025408,62.3887,0.363292,,,,,,measured_performance,Aldair; Bebeto; Dunga; Jorginho; Leonardo; Mazinho; Raí; Santos
before-runtime-data-2.3.0,current,1994,Brazil,88,11,62.025408,62.3887,0.363292,,,,,,measured_performance,Aldair; Bebeto; Dunga; Jorginho; Leonardo; Mazinho; Raí; Santos
before-runtime-data-2.3.0,career,2018,England,88,11,61.7308,61.7308,0,,,,,,measured_performance,Alli; Delph; Dier; Lingard; Maguire; Pickford; Rose; Stones
before-runtime-data-2.3.0,current,2018,England,88,11,61.7308,61.7308,0,,,,,,measured_performance,Alli; Delph; Dier; Lingard; Maguire; Pickford; Rose; Stones
before-runtime-data-2.3.0,career,2014,Costa Rica,82,11,53.964,53.964,0,,,,,,measured_performance,Bolaños; Borges; Campbell; Díaz; Duarte; Gamboa; González; Ruiz
before-runtime-data-2.3.0,career,2010,Netherlands,88,11,62.4213,62.4213,0,,,,,,measured_performance,de Jong; Heitinga; Huntelaar; Kuyt; Mathijsen; Stekelenburg; van Bommel; van Bronckhorst
before-runtime-data-2.3.0,current,2010,Uruguay,86,11,60.158,60.158,0,,,,,,measured_performance,Arévalo Ríos; Cavani; Fucile; Godín; Lugano; Muslera; Pereira; Pereira
before-runtime-data-2.3.0,current,2006,Germany,87,11,60.7521,60.7521,0,,,,,,measured_performance,Ballack; Borowski; Friedrich; Frings; Lahm; Lehmann; Mertesacker; Metzelder
before-runtime-data-2.3.0,current,2006,Portugal,88,11,61.723,61.723,0,,,,,,measured_performance,Carvalho; Deco; Figo; Maniche; Meira; Miguel; Pauleta; Ricardo
before-runtime-data-2.3.0,current,1998,Brazil,88,11,62.5,62.5,0,,,,,,measured_performance,Aldair; Baiano; Bebeto; Cafu; Carlos; Denílson; Dunga; Leonardo
before-runtime-data-2.3.0,career,1998,Croatia,86,11,59.6639,59.6639,0,,,,,,measured_performance,Asanović; Bilić; Boban; Jarni; Ladić; Prosinečki; Šimić; Soldo
before-runtime-data-2.3.0,current,1998,Croatia,86,11,59.6639,59.6639,0,,,,,,measured_performance,Asanović; Bilić; Boban; Jarni; Ladić; Prosinečki; Šimić; Soldo
before-runtime-data-2.3.0,career,1998,France,88,11,61.8225,61.8225,0,,,,,,measured_performance,Blanc; Boghossian; Desailly; Deschamps; Djorkaeff; Dugarry; Karembeu; Leboeuf
before-runtime-data-2.3.0,current,1986,West Germany,88,11,62.4392,62.4392,0,,,,,,measured_performance,Allofs; Berthold; Brehme; Briegel; Eder; Förster; Jakobs; Magath
before-runtime-data-2.3.0,career,1982,France,86,11,60.0219,60.0219,0,,,,,,measured_performance,Bossis; Ettori; Genghini; Girard; Giresse; Janvion; Lopez; Rocheteau
before-runtime-data-2.3.0,current,1982,West Germany,88,11,62.5,62.5,0,,,,,,measured_performance,Breitner; Briegel; Dremmler; Fischer; Förster; Förster; Hrubesch; Kaltz
before-runtime-data-2.3.0,career,1978,Netherlands,88,11,62.4846,62.4846,0,,,,,,measured_performance,Brandts; Haan; Jansen; Jongbloed; Nanninga; Poortvliet; Rep; Schrijvers
before-runtime-data-2.3.0,current,1974,Netherlands,86,11,59.703,59.703,0,,,,,,measured_performance,Cruyff; de Jong; Haan; Jansen; Jongbloed; Krol; Rensenbrink; Rep
before-runtime-data-2.3.0,current,1974,West Germany,88,11,62.4846,62.4846,0,,,,,,measured_performance,Beckenbauer; Bonhof; Breitner; Cullmann; Grabowski; Hoeneß; Maier; Müller
before-runtime-data-2.3.0,current,1970,Brazil,88,11,62.4846,62.4846,0,,,,,,measured_performance,Alberto; Brito; Caju; Clodoaldo; Everaldo; Félix; Gérson; Pelé
before-runtime-data-2.3.0,career,1954,Turkey,66,11,20,20,0,,,,,,baseline_anchor_estimate,Akgün; Beratlıgil; Berman; Bolatlı; Dirimlili; Eken; Erdem; Ersoy
before-runtime-data-2.3.0,current,1954,Turkey,66,11,20,20,0,,,,,,baseline_anchor_estimate,Akgün; Beratlıgil; Berman; Bolatlı; Dirimlili; Eken; Erdem; Ersoy
before-runtime-data-2.3.0,current,1954,West Germany,88,11,62.2637,62.2637,0,,,,,,measured_performance,Eckel; Kohlmeyer; Laband; Liebrich; Mai; Posipal; Rahn; Schäfer
before-runtime-data-2.3.0,current,1978,Italy,88,10,61.8076,68.236171,6.428571,,,,,,measured_performance,Bellugi; Benetti; Bettega; Cabrini; Causio; Cuccureddu; Gentile; Scirea
before-runtime-data-2.3.0,current,1978,Brazil,88,10,62.4392,67.582057,5.142857,,,,,,measured_performance,Amaral; Batista; Dinamite; Dirceu; Leão; Nelinho; Neto; Oscar
before-runtime-data-2.3.0,current,2018,Belgium,88,10,62.0475,65.904643,3.857143,,,,,,measured_performance,Alderweireld; Chadli; De Bruyne; Fellaini; Kompany; Lukaku; Mertens; Meunier
before-runtime-data-2.3.0,career,1958,Austria,72,10,35.51462,39.354848,3.840228,,,,,,measured_performance,Buzek; Dienst; Hamerl; Horak; Kozlicek; Kozlicek; Ninaus; Senekowitsch
before-runtime-data-2.3.0,current,1958,Mexico,72,10,35.51462,39.354848,3.840228,,,,,,measured_performance,Blanco; Calderón de la Barca; del Muro; González; Gutiérrez; Gutiérrez; López; Reyes
before-runtime-data-2.3.0,career,1982,Czechoslovakia,72,10,36.107379,39.779869,3.67249,,,,,,measured_performance,Berger; Bičovský; Chaloupka; Janečka; Jurkemik; Nehoda; Radimec; Štambachr
before-runtime-data-2.3.0,current,1982,Czechoslovakia,72,10,36.107379,39.779869,3.67249,,,,,,measured_performance,Berger; Bičovský; Chaloupka; Janečka; Jurkemik; Nehoda; Radimec; Štambachr
before-runtime-data-2.3.0,career,2022,Denmark,71,10,32.160416,35.208548,3.048132,,,,,,measured_performance,Braithwaite; Christensen; Delaney; Kjær; Nelsson; Nørgaard; Poulsen; Rønnow
before-runtime-data-2.3.0,current,2022,Denmark,71,10,32.160416,35.208548,3.048132,,,,,,measured_performance,Braithwaite; Christensen; Delaney; Kjær; Nelsson; Nørgaard; Poulsen; Rønnow
before-runtime-data-2.3.0,career,2022,Serbia,71,10,32.355536,35.208548,2.853012,,,,,,measured_performance,Babić; Dmitrović; Đuričić; Grujić; Ilić; Jović; Lazović; Mitrović
before-runtime-data-2.3.0,current,2022,Serbia,71,10,32.355536,35.208548,2.853012,,,,,,measured_performance,Babić; Dmitrović; Đuričić; Grujić; Ilić; Jović; Lazović; Mitrović
before-runtime-data-2.3.0,career,2022,Costa Rica,71,10,32.355536,35.080726,2.72519,,,,,,measured_performance,Alvarado; Chacón; Martínez; Ruiz; Sequeira; Torres; Vargas; Venegas
before-runtime-data-2.3.0,current,2022,Costa Rica,71,10,32.355536,35.080726,2.72519,,,,,,measured_performance,Alvarado; Chacón; Martínez; Ruiz; Sequeira; Torres; Vargas; Venegas
before-runtime-data-2.3.0,career,1938,Belgium,72,10,36.144426,37.702112,1.557686,,,,,,measured_performance,Buyle; Capelle; Ceuleers; De Winter; Fievez; Nelis; Stijnen; Van Alphen
before-runtime-data-2.3.0,career,2014,Algeria,79,10,49.848752,50.8576,1.008848,,,,,,measured_performance,Belkalem; Bougherra; Brahimi; Djabou; Feghouli; Halliche; M'Bolhi; Mandi
before-runtime-data-2.3.0,current,2014,Algeria,79,10,49.848752,50.8576,1.008848,,,,,,measured_performance,Belkalem; Bougherra; Brahimi; Djabou; Feghouli; Halliche; M'Bolhi; Mandi
before-runtime-data-2.3.0,current,1994,United States,79,10,49.909808,50.8008,0.890992,,,,,,measured_performance,Balboa; Caligiuri; Dooley; Jones; Lalas; Meola; Ramos; Sorber
before-runtime-data-2.3.0,career,1970,Uruguay,87,10,60.928,61.6092,0.6812,,,,,,measured_performance,Ancheta; Cortés; Cubilla; Espárrago; Maneiro; Matosas; Mazurkiewicz; Montero Castillo
before-runtime-data-2.3.0,current,1970,Uruguay,87,10,60.928,61.6092,0.6812,,,,,,measured_performance,Ancheta; Cortés; Cubilla; Espárrago; Maneiro; Matosas; Mazurkiewicz; Montero Castillo
before-runtime-data-2.3.0,career,1934,France,72,10,36.515684,37.142864,0.62718,,,,,,measured_performance,Alcazar; Aston; Courtois; Delfour; Keller; Korb; Laurent; Liétaer
before-runtime-data-2.3.0,current,1934,France,72,10,36.515684,37.142864,0.62718,,,,,,measured_performance,Alcazar; Aston; Courtois; Delfour; Keller; Korb; Laurent; Liétaer
before-runtime-data-2.3.0,career,1954,Uruguay,87,10,60.762636,61.3898,0.627164,,,,,,measured_performance,Abbadie; Ambrois; Borges; Cruz; Hohberg; Martínez; Máspoli; Míguez
before-runtime-data-2.3.0,career,1994,Saudi Arabia,79,10,49.909808,50.5033,0.593492,,,,,,measured_performance,Abd Al-Jawad; Al-Bishi; Al-Deayea; Al-Ghesheyan; Al-Jaber; Al-Khilaiwi; Al-Muwallid; Al-Owairan
before-runtime-data-2.3.0,current,1994,Saudi Arabia,79,10,49.909808,50.5033,0.593492,,,,,,measured_performance,Abd Al-Jawad; Al-Bishi; Al-Deayea; Al-Ghesheyan; Al-Jaber; Al-Khilaiwi; Al-Muwallid; Al-Owairan
before-runtime-data-2.3.0,current,2022,England,87,10,61.2098,61.2098,0,,,,,,measured_performance,Bellingham; Foden; Henderson; Kane; Maguire; Pickford; Rashford; Saka
before-runtime-data-2.3.0,career,2018,France,88,10,62.2817,62.2817,0,,,,,,measured_performance,Hernandez; Kanté; Lloris; Mandanda; Matuidi; Nzonzi; Pavard; Tolisso
before-runtime-data-2.3.0,career,2010,Ghana,80,10,51.7479,51.7479,0,,,,,,measured_performance,Annan; Asamoah; Ayew; Boateng; Gyan; Kingson; Mensah; Muntari
before-runtime-data-2.3.0,current,2010,Ghana,80,10,51.7479,51.7479,0,,,,,,measured_performance,Annan; Asamoah; Ayew; Boateng; Gyan; Kingson; Mensah; Muntari
before-runtime-data-2.3.0,career,2010,Japan,79,10,50.3639,50.3639,0,,,,,,measured_performance,Abe; Endō; Hasebe; Honda; Kawashima; Komano; Nagatomo; Nakazawa
before-runtime-data-2.3.0,current,2010,Japan,79,10,50.3639,50.3639,0,,,,,,measured_performance,Abe; Endō; Hasebe; Honda; Kawashima; Komano; Nagatomo; Nakazawa
before-runtime-data-2.3.0,current,2010,Spain,88,10,62.4988,62.4988,0,,,,,,measured_performance,Alonso; Busquets; Capdevila; Fàbregas; Iniesta; Marchena; Piqué; Puyol
before-runtime-data-2.3.0,career,2010,Uruguay,86,10,60.158,60.158,0,,,,,,measured_performance,Arévalo Ríos; Cavani; Fucile; Godín; Lugano; Muslera; Pereira; Pereira
before-runtime-data-2.3.0,current,2006,France,88,10,62.2497,62.2497,0,,,,,,measured_performance,Abidal; Barthez; Gallas; Henry; Makélélé; Malouda; Ribéry; Sagnol
before-runtime-data-2.3.0,current,2006,Ukraine,82,10,54.0649,54.0649,0,,,,,,measured_performance,Husin; Husyev; Kalynychenko; Nesmachniy; Rebrov; Rusol; Shelayev; Shevchenko
before-runtime-data-2.3.0,current,2002,Brazil,87,10,61.567,61.567,0,,,,,,measured_performance,Cafu; Carlos; Edmílson; Júnior; Kléberson; Lúcio; Marcos; Paulista
before-runtime-data-2.3.0,career,2002,Senegal,80,10,51.2131,51.2131,0,,,,,,measured_performance,Camara; Cissé; Coly; Daf; Diao; Diatta; Diop; Fadiga
before-runtime-data-2.3.0,current,2002,Senegal,80,10,51.2131,51.2131,0,,,,,,measured_performance,Camara; Cissé; Coly; Daf; Diao; Diatta; Diop; Fadiga
before-runtime-data-2.3.0,current,1998,Denmark,86,10,59.6378,59.6378,0,,,,,,measured_performance,Colding; Heintze; Helveg; Høgh; Jørgensen; Laudrup; Laudrup; Nielsen
before-runtime-data-2.3.0,current,1994,Italy,88,10,62.4213,62.4213,0,,,,,,measured_performance,Albertini; Baggio; Benarrivo; Berti; Costacurta; Donadoni; Maldini; Marchegiani
before-runtime-data-2.3.0,current,1986,Belgium,85,10,57.9526,57.9526,0,,,,,,measured_performance,Ceulemans; Claesen; Demol; Gerets; Grün; Pfaff; Renquin; Vercauteren
before-runtime-data-2.3.0,career,1982,Poland,88,10,62.1361,62.1361,0,,,,,,measured_performance,Buncol; Ciołek; Dziuba; Janas; Kupcewicz; Majewski; Matysik; Młynarczyk
before-runtime-data-2.3.0,career,1982,West Germany,88,10,62.5,62.5,0,,,,,,measured_performance,Briegel; Dremmler; Fischer; Förster; Förster; Hrubesch; Kaltz; Littbarski
before-runtime-data-2.3.0,current,1978,Argentina,87,10,61.3898,61.3898,0,,,,,,measured_performance,Ardiles; Bertoni; Fillol; Gallego; Galván; Houseman; Luque; Olguín
before-runtime-data-2.3.0,career,1954,West Germany,88,10,62.2637,62.2637,0,,,,,,measured_performance,Eckel; Kohlmeyer; Laband; Liebrich; Mai; Posipal; Rahn; Schäfer
before-runtime-data-2.3.0,career,1938,Sweden,83,10,55.2967,55.2967,0,,,,,,measured_performance,Abrahamsson; Almgren; Andersson; Eriksson; Jonasson; Källgren; Keller; Nyberg
before-runtime-data-2.3.0,current,1938,Sweden,83,10,55.2967,55.2967,0,,,,,,measured_performance,Abrahamsson; Almgren; Andersson; Eriksson; Jonasson; Källgren; Keller; Nyberg
before-runtime-data-2.3.0,current,1934,Italy,88,10,62.3652,62.3652,0,,,,,,measured_performance,Allemandi; Bertolini; Combi; Ferrari; Ferraris; Guaita; Meazza; Monti
before-runtime-data-2.3.0,current,1930,Uruguay,88,10,62.3652,62.3652,0,,,,,,measured_performance,Andrade; Anselmo; Castro; Dorado; Fernández; Gestido; Iriarte; Mascheroni
before-runtime-data-2.3.0,career,1978,Brazil,88,9,62.4392,67.582057,5.142857,,,,,,measured_performance,Amaral; Batista; Dinamite; Dirceu; Leão; Nelinho; Neto; Oscar
before-runtime-data-2.3.0,current,1990,England,88,9,62.1361,65.993243,3.857143,,,,,,measured_performance,Butcher; Lineker; Parker; Pearce; Platt; Shilton; Waddle; Walker
before-runtime-data-2.3.0,career,1966,England,88,9,62.4392,66.296343,3.857143,,,,,,career_stature_estimate|measured_performance,Ball; Banks; Charlton; Cohen; Hunt; Hurst; Peters; Stiles
before-runtime-data-2.3.0,career,2010,Honduras,72,9,36.705872,39.882344,3.176472,,,,,,measured_performance,Álvarez; Espinoza; Guevara; Martínez; Palacios; Suazo; Thomas; Turcios
before-runtime-data-2.3.0,current,2010,Honduras,72,9,36.705872,39.882344,3.176472,,,,,,measured_performance,Álvarez; Espinoza; Guevara; Martínez; Palacios; Suazo; Thomas; Turcios
before-runtime-data-2.3.0,current,1998,Bulgaria,72,9,36.398269,39.540524,3.142255,,,,,,measured_performance,Bachev; Ginchev; Hristov; Nankov; Penev; Petkov; Stoichkov; Yankov
before-runtime-data-2.3.0,career,1962,Bulgaria,72,9,35.887328,38.947376,3.060048,,,,,,measured_performance,Asparuhov; Dermendzhiev; Dimitrov; Kitov; Kovachev; Nikolov; Panayotov; Rakarov
before-runtime-data-2.3.0,current,1962,Bulgaria,72,9,35.887328,38.947376,3.060048,,,,,,measured_performance,Asparuhov; Dermendzhiev; Dimitrov; Kitov; Kovachev; Nikolov; Panayotov; Rakarov
before-runtime-data-2.3.0,career,1958,Hungary,72,9,35.51462,38.483036,2.968416,,,,,,measured_performance,Budai; Bundzsák; Fenyvesi; Friedmanszky; Kotász; Lachos; Monostori; Szojka
before-runtime-data-2.3.0,career,2002,Poland,71,9,32.201696,35.05543,2.853734,,,,,,measured_performance,Bąk; Bąk; Głowacki; Kucharski; Matysek; Murawski; Rząsa; Sibik
before-runtime-data-2.3.0,current,2002,Poland,71,9,32.201696,35.05543,2.853734,,,,,,measured_performance,Bąk; Bąk; Głowacki; Kucharski; Matysek; Murawski; Rząsa; Sibik
before-runtime-data-2.3.0,career,2022,Poland,71,9,32.355536,35.208548,2.853012,,,,,,measured_performance,Bednarek; Grabara; Grosicki; Jędrzejczyk; Piątek; Skóraś; Skorupski; Świderski
before-runtime-data-2.3.0,current,2022,Poland,71,9,32.355536,35.208548,2.853012,,,,,,measured_performance,Bednarek; Grabara; Grosicki; Jędrzejczyk; Piątek; Skóraś; Skorupski; Świderski
before-runtime-data-2.3.0,career,2026,Cape Verde,72,9,37.2258,39.91207,2.68627,9,59,0,9,BUL|CYP|IRL|POR|ROU|RUS|TUR|UAE,measured_performance,Rodrigues (59 caps/9g); Lopes (45 caps/0g); João Paulo (41 caps/1g); Pina (31 caps/3g); Diney (30 caps/2g); Arcanjo (15 caps/1g); Pina (13 caps/0g); Rosa (10 caps/0g)
before-runtime-data-2.3.0,current,2026,Cape Verde,72,9,37.2258,39.91207,2.68627,9,59,0,9,BUL|CYP|IRL|POR|ROU|RUS|TUR|UAE,measured_performance,Rodrigues (59 caps/9g); Lopes (45 caps/0g); João Paulo (41 caps/1g); Pina (31 caps/3g); Diney (30 caps/2g); Arcanjo (15 caps/1g); Pina (13 caps/0g); Rosa (10 caps/0g)
before-runtime-data-2.3.0,current,1986,Algeria,72,9,37.200008,39.450008,2.25,,,,,,measured_performance,Assad; Benmabrouk; Harkouk; Kourichi; Madjer; Maroc; Medjadi Liegeon; Megharia
before-runtime-data-2.3.0,career,2026,Germany,71,9,33.2,35.2085,2.0085,3,18,0,1,ENG|GER,measured_performance,Gross (18 caps/1g); Anton (12 caps/0g); Amiri (10 caps/1g); Beier (8 caps/0g); Stiller (7 caps/0g); Thiaw (5 caps/0g); Brown (4 caps/0g); Karl (3 caps/0g)
before-runtime-data-2.3.0,current,2026,Germany,71,9,33.2,35.2085,2.0085,3,18,0,1,ENG|GER,measured_performance,Gross (18 caps/1g); Anton (12 caps/0g); Amiri (10 caps/1g); Beier (8 caps/0g); Stiller (7 caps/0g); Thiaw (5 caps/0g); Brown (4 caps/0g); Karl (3 caps/0g)
before-runtime-data-2.3.0,current,1950,Italy,71,9,33.184604,35.179472,1.994868,,,,,,measured_performance,Amadei; Boniperti; Campatelli; Caprile; Lorenzi; Magli; Mari; Parola
before-runtime-data-2.3.0,current,2014,Cameroon,71,9,32.382968,34.340408,1.95744,,,,,,measured_performance,Aboubakar; Bedimo; Djeugoué; Eto'o; Feudjou; Makoun; N'Guémo; Ndjock
before-runtime-data-2.3.0,career,2014,Italy,71,9,32.382968,34.340408,1.95744,,,,,,measured_performance,Abate; Bonucci; Cassano; Cerci; De Sciglio; Immobile; Insigne; Paletta
before-runtime-data-2.3.0,current,2014,Italy,71,9,32.382968,34.340408,1.95744,,,,,,measured_performance,Abate; Bonucci; Cassano; Cerci; De Sciglio; Immobile; Insigne; Paletta
before-runtime-data-2.3.0,career,2014,Nigeria,71,9,32.382968,34.340408,1.95744,,,,,,measured_performance,Agbim; Ameobi; Azeez; Ejide; Gabriel; Nwofor; Oboabona; Uchebo
before-runtime-data-2.3.0,current,2014,Nigeria,71,9,32.382968,34.340408,1.95744,,,,,,measured_performance,Agbim; Ameobi; Azeez; Ejide; Gabriel; Nwofor; Oboabona; Uchebo
before-runtime-data-2.3.0,career,1994,Russia,71,9,32.279072,33.84212,1.563048,,,,,,measured_performance,Beschastnykh; Galiamin; Korneev; Lediakhov; Mostovoi; Popov; Pyatnitsky; Tetradze
before-runtime-data-2.3.0,current,1994,Russia,71,9,32.279072,33.84212,1.563048,,,,,,measured_performance,Beschastnykh; Galiamin; Korneev; Lediakhov; Mostovoi; Popov; Pyatnitsky; Tetradze
before-runtime-data-2.3.0,current,1938,Germany,72,9,36.144426,37.702112,1.557686,,,,,,measured_performance,Gellesch; Kitzinger; Mock; Neumer; Pesser; Siffling; Skoumal; Stroh
before-runtime-data-2.3.0,career,1938,Norway,72,9,36.144426,37.702112,1.557686,,,,,,measured_performance,Andresen; Brynildsen; Frantzen; Henriksen; Holmberg; Ileby; Isaksen; Kvammen
before-runtime-data-2.3.0,current,1938,Norway,72,9,36.144426,37.702112,1.557686,,,,,,measured_performance,Andresen; Brynildsen; Frantzen; Henriksen; Holmberg; Ileby; Isaksen; Kvammen
before-runtime-data-2.3.0,career,2002,France,72,9,38.431352,39.797581,1.366229,,,,,,measured_performance,Candela; Cissé; Djorkaeff; Dugarry; Leboeuf; Micoud; Petit; Trezeguet
before-runtime-data-2.3.0,current,2002,France,72,9,38.431352,39.797581,1.366229,,,,,,measured_performance,Candela; Cissé; Djorkaeff; Dugarry; Leboeuf; Micoud; Petit; Trezeguet
before-runtime-data-2.3.0,career,2014,Ivory Coast,71,9,32.382968,33.627584,1.244616,,,,,,measured_performance,Bolly; Diomandé; Djakpa; Gbohouo; Gradel; Mandé; Sio; Touré
before-runtime-data-2.3.0,current,2014,Ivory Coast,71,9,32.382968,33.627584,1.244616,,,,,,measured_performance,Bolly; Diomandé; Djakpa; Gbohouo; Gradel; Mandé; Sio; Touré
before-runtime-data-2.3.0,career,2018,Tunisia,71,9,33.117392,34.278488,1.161096,,,,,,measured_performance,Bedoui; Ben Amor; Benalouane; Chaalali; Haddadi; Khalifa; Khalil; Khaoui
before-runtime-data-2.3.0,current,2018,Tunisia,71,9,33.117392,34.278488,1.161096,,,,,,measured_performance,Bedoui; Ben Amor; Benalouane; Chaalali; Haddadi; Khalifa; Khalil; Khaoui
before-runtime-data-2.3.0,career,1954,Mexico,72,9,35.549312,36.707444,1.158132,,,,,,measured_performance,Arellano; Blanco; Carus; Cortés; Jinich; Naranjo; Roca; Septién
before-runtime-data-2.3.0,current,1954,Mexico,72,9,35.549312,36.707444,1.158132,,,,,,measured_performance,Arellano; Blanco; Carus; Cortés; Jinich; Naranjo; Roca; Septién
before-runtime-data-2.3.0,career,1974,Brazil,88,9,62.414576,63.44629,1.031714,,,,,,career_stature_estimate|measured_performance,Chagas; da Guia; Jairzinho; Leão; Pereira; Peres; Rivellino; Valdomiro
before-runtime-data-2.3.0,career,1994,United States,79,9,49.909808,50.8008,0.890992,,,,,,measured_performance,Caligiuri; Dooley; Jones; Lalas; Meola; Ramos; Sorber; Stewart
before-runtime-data-2.3.0,career,1986,West Germany,88,9,62.4392,63.199333,0.760133,,,,,,measured_performance,Allofs; Berthold; Brehme; Briegel; Eder; Förster; Jakobs; Magath
before-runtime-data-2.3.0,career,1934,Brazil,72,9,36.515684,37.142864,0.62718,,,,,,measured_performance,Almeida; Armandinho; Áttila; Canalli; de Brito; Leite; Luisinho; Patesko
before-runtime-data-2.3.0,current,1934,Brazil,72,9,36.515684,37.142864,0.62718,,,,,,measured_performance,Almeida; Armandinho; Áttila; Canalli; de Brito; Leite; Luisinho; Patesko
before-runtime-data-2.3.0,career,1934,Egypt,72,9,36.515684,37.142864,0.62718,,,,,,measured_performance,El-Far; El-Nigero; Hassan; Latif; Mahmoud; Mokhtar; Mosaoud; Rafaat
before-runtime-data-2.3.0,current,1934,Egypt,72,9,36.515684,37.142864,0.62718,,,,,,measured_performance,El-Far; El-Nigero; Hassan; Latif; Mahmoud; Mokhtar; Mosaoud; Rafaat
before-runtime-data-2.3.0,career,1934,Romania,72,9,36.515684,37.142864,0.62718,,,,,,measured_performance,Baratky; Bindea; Bodola; Ciolac; Deheleanu; Klimek; Kovács; Schwartz
before-runtime-data-2.3.0,current,1934,Romania,72,9,36.515684,37.142864,0.62718,,,,,,measured_performance,Baratky; Bindea; Bodola; Ciolac; Deheleanu; Klimek; Kovács; Schwartz
before-runtime-data-2.3.0,career,1970,Brazil,88,9,62.4846,63.062062,0.577462,,,,,,measured_performance,Brito; Caju; Clodoaldo; Everaldo; Félix; Gérson; Piazza; Rivellino
before-runtime-data-2.3.0,current,1954,Hungary,88,9,62.139514,62.5,0.360486,,,,,,measured_performance,Bozsik; Buzánszky; Czibor; Grosics; Hidegkuti; Lantos; Lóránt; Puskás
before-runtime-data-2.3.0,career,2006,Tunisia,71,9,33.400016,33.749984,0.349968,,,,,,measured_performance,Ben Saada; Chikhaoui; Essediri; Guemamdia; Jemmali; Kasraoui; Nefzi; Santos
before-runtime-data-2.3.0,current,2006,Tunisia,71,9,33.400016,33.749984,0.349968,,,,,,measured_performance,Ben Saada; Chikhaoui; Essediri; Guemamdia; Jemmali; Kasraoui; Nefzi; Santos
before-runtime-data-2.3.0,current,2026,Panama,80,9,52.2086,52.2086,0,32,106,1,17,AUT|CRC|ENG|MEX|PAN|TUR,measured_performance,Davis (106 caps/9g); Barcenas (103 caps/10g); Escobar (98 caps/4g); Murillo (93 caps/9g); Carrasquilla (73 caps/3g); Rodríguez (69 caps/8g); Díaz (56 caps/17g); Andrade (49 caps/1g)
before-runtime-data-2.3.0,current,2026,Saudi Arabia,79,9,50,50,0,22,108,0,26,FRA|KSA,measured_performance,Al-Dawsari (108 caps/26g); Kanno (75 caps/8g); Al-Buraikan (69 caps/15g); Al-Owais (63 caps/0g); Abdulhamid (53 caps/1g); Al-Tambakti (51 caps/0g); Hamdan (48 caps/11g); Juwayr (33 caps/6g)
before-runtime-data-2.3.0,career,2022,England,87,9,61.2098,61.2098,0,,,,,,measured_performance,Bellingham; Foden; Henderson; Maguire; Pickford; Rashford; Saka; Shaw
before-runtime-data-2.3.0,career,2022,Senegal,80,9,52.2568,52.2568,0,,,,,,measured_performance,Dia; Diallo; Dieng; Jakobs; Koulibaly; Mendy; Mendy; Sabaly
before-runtime-data-2.3.0,current,2022,Senegal,80,9,52.2568,52.2568,0,,,,,,measured_performance,Dia; Diallo; Dieng; Jakobs; Koulibaly; Mendy; Mendy; Sabaly
before-runtime-data-2.3.0,career,2006,Germany,87,9,60.7521,60.7521,0,,,,,,measured_performance,Borowski; Friedrich; Frings; Lehmann; Mertesacker; Metzelder; Neuville; Schneider
before-runtime-data-2.3.0,career,2006,Portugal,88,9,61.723,61.723,0,,,,,,measured_performance,Carvalho; Deco; Maniche; Meira; Miguel; Pauleta; Ricardo; Simão
before-runtime-data-2.3.0,career,2006,Ukraine,82,9,54.0649,54.0649,0,,,,,,measured_performance,Husin; Husyev; Kalynychenko; Nesmachniy; Rebrov; Rusol; Shelayev; Shovkovskyi
before-runtime-data-2.3.0,career,2002,Paraguay,82,9,54.1953,54.1953,0,,,,,,measured_performance,Arce; Ayala; Cáceres; Campos; Caniza; Chilavert; Cuevas; Gamarra
before-runtime-data-2.3.0,current,2002,Paraguay,82,9,54.1953,54.1953,0,,,,,,measured_performance,Arce; Ayala; Cáceres; Campos; Caniza; Chilavert; Cuevas; Gamarra
before-runtime-data-2.3.0,career,1998,Brazil,88,9,62.5,62.5,0,,,,,,measured_performance,Aldair; Baiano; Bebeto; Cafu; Denílson; Dunga; Leonardo; Sampaio
before-runtime-data-2.3.0,career,1994,Italy,88,9,62.4213,62.4213,0,,,,,,measured_performance,Albertini; Baggio; Benarrivo; Berti; Costacurta; Donadoni; Marchegiani; Massaro
before-runtime-data-2.3.0,current,1990,Cameroon,79,9,50.8908,50.8908,0,,,,,,measured_performance,Ebwellé; Ekéké; Kundé; M'Fédé; Makanaky; N'Dip; N'Kono; Omam-Biyik
before-runtime-data-2.3.0,current,1990,Italy,88,9,62.3652,62.3652,0,,,,,,measured_performance,Baggio; Baresi; Bergomi; De Agostini; De Napoli; Ferri; Giannini; Maldini
before-runtime-data-2.3.0,career,1978,Argentina,87,9,61.3898,61.3898,0,,,,,,measured_performance,Ardiles; Bertoni; Fillol; Gallego; Galván; Houseman; Luque; Olguín
before-runtime-data-2.3.0,current,1970,West Germany,88,9,62.3652,62.3652,0,,,,,,measured_performance,Beckenbauer; Fichtel; Höttges; Libuda; Maier; Overath; Schnellinger; Seeler
before-runtime-data-2.3.0,career,1966,North Korea,66,9,20,20,0,,,,,,baseline_anchor_estimate,Ha; Kim; Lee; Lee; Lim; Oh; Pak; Ryoo
before-runtime-data-2.3.0,current,1966,North Korea,66,9,20,20,0,,,,,,baseline_anchor_estimate,Ha; Kim; Lee; Lee; Lim; Oh; Pak; Ryoo
before-runtime-data-2.3.0,current,1966,Portugal,86,9,60.3273,60.3273,0,,,,,,measured_performance,Augusto; Baptista; Coluna; Graça; Hilário; Pereira; Simões; Torres
before-runtime-data-2.3.0,current,1966,West Germany,88,9,62.1361,62.1361,0,,,,,,measured_performance,Emmerich; Held; Höttges; Overath; Schnellinger; Schulz; Seeler; Tilkowski
before-runtime-data-2.3.0,current,1962,Brazil,88,9,62.5,62.5,0,,,,,,measured_performance,Amarildo; Didi; Gilmar; Pelé; Santos; Santos; Zagallo; Zito
before-runtime-data-2.3.0,current,1958,Sweden,86,9,60.3273,60.3273,0,,,,,,measured_performance,Axbom; Bergmark; Gren; Gustavsson; Hamrin; Liedholm; Parling; Simonsson
before-runtime-data-2.3.0,current,1954,Austria,87,9,61.1506,61.1506,0,,,,,,measured_performance,Barschandt; Hanappi; Happel; Koller; Körner; Ocwirk; Schmied; Stojaspal
before-runtime-data-2.3.0,career,1950,Paraguay,71,9,35.179472,35.179472,0,,,,,,measured_performance,Avalos; Avalos; Berni; Calonga; Cañete; Jara Saguier; Osorio; Sosa
before-runtime-data-2.3.0,current,1950,Paraguay,71,9,35.179472,35.179472,0,,,,,,measured_performance,Avalos; Avalos; Berni; Calonga; Cañete; Jara Saguier; Osorio; Sosa
before-runtime-data-2.3.0,current,1938,Italy,88,9,62.4846,62.4846,0,,,,,,measured_performance,Andreolo; Colaussi; Ferraris; Foni; Locatelli; Meazza; Olivieri; Rava
before-runtime-data-2.3.0,career,1934,Czechoslovakia,87,9,61.6092,61.6092,0,,,,,,measured_performance,Čambal; Čtyřoký; Košťálek; Krčil; Plánička; Puč; Sobotka; Svoboda
before-runtime-data-2.3.0,current,1934,Czechoslovakia,87,9,61.6092,61.6092,0,,,,,,measured_performance,Čambal; Čtyřoký; Košťálek; Krčil; Plánička; Puč; Sobotka; Svoboda
before-runtime-data-2.3.0,career,1934,Italy,88,9,62.3652,62.3652,0,,,,,,measured_performance,Allemandi; Bertolini; Combi; Ferrari; Ferraris; Guaita; Monti; Monzeglio
before-runtime-data-2.3.0,career,1974,Poland,88,8,62.2637,68.692271,6.428571,,,,,,measured_performance,Deyna; Gorgoń; Kasperczak; Maszczyk; Musiał; Szymanowski; Tomaszewski; Żmuda
before-runtime-data-2.3.0,current,1974,Poland,88,8,62.2637,68.692271,6.428571,,,,,,measured_performance,Deyna; Gorgoń; Kasperczak; Maszczyk; Musiał; Szymanowski; Tomaszewski; Żmuda
before-runtime-data-2.3.0,career,1978,Italy,88,8,61.8076,68.236171,6.428571,,,,,,measured_performance,Bellugi; Benetti; Cabrini; Causio; Cuccureddu; Gentile; Scirea; Zaccarelli
before-runtime-data-2.3.0,current,2014,Brazil,88,8,61.796166,66.352243,4.556077,,,,,,measured_performance,César; Fernandinho; Fred; Gustavo; Neymar; Oscar; Paulinho; Ramires
before-runtime-data-2.3.0,career,1958,Argentina,72,8,35.51462,39.354848,3.840228,,,,,,measured_performance,Cruz; Dellacha; Infante; Labruna; Lombardo; Rossi; Sanfilippo; Vairo
before-runtime-data-2.3.0,current,1958,Argentina,72,8,35.51462,39.354848,3.840228,,,,,,measured_performance,Cruz; Dellacha; Infante; Labruna; Lombardo; Rossi; Sanfilippo; Vairo
before-runtime-data-2.3.0,career,1958,Scotland,72,8,35.51462,39.354848,3.840228,,,,,,measured_performance,Caldow; Cowie; Coyle; Evans; Imlach; Leggat; Scott; Younger
before-runtime-data-2.3.0,current,1958,Scotland,72,8,35.51462,39.354848,3.840228,,,,,,measured_performance,Caldow; Cowie; Coyle; Evans; Imlach; Leggat; Scott; Younger
before-runtime-data-2.3.0,career,1958,Paraguay,72,8,35.549312,39.354848,3.805536,,,,,,measured_performance,Aguilar; Aguilera; Arévalo; Aveiro; Insfrán; Insfrán; Lezcano; Penayo
before-runtime-data-2.3.0,current,1958,Paraguay,72,8,35.549312,39.354848,3.805536,,,,,,measured_performance,Aguilar; Aguilera; Arévalo; Aveiro; Insfrán; Insfrán; Lezcano; Penayo
before-runtime-data-2.3.0,career,2026,Colombia,72,8,36.1074,39.45,3.3426,5,41,0,5,ARG|BRA|ESP|MEX|POR,measured_performance,Vargas (41 caps/0g); Castano (25 caps/0g); Carrascal (23 caps/2g); Montero (11 caps/0g); Suarez (11 caps/5g); Hernandez (8 caps/2g); Gomez (7 caps/2g); Puerta (5 caps/1g)
before-runtime-data-2.3.0,current,2026,Colombia,72,8,36.1074,39.45,3.3426,5,41,0,5,ARG|BRA|ESP|MEX|POR,measured_performance,Vargas (41 caps/0g); Castano (25 caps/0g); Carrascal (23 caps/2g); Montero (11 caps/0g); Suarez (11 caps/5g); Hernandez (8 caps/2g); Gomez (7 caps/2g); Puerta (5 caps/1g)
before-runtime-data-2.3.0,current,2002,Croatia,71,8,31.999988,35.294096,3.294108,,,,,,measured_performance,Balaban; Butina; Prosinečki; Šuker; Vasilj; Vlaović; Vugrinec; Živković
before-runtime-data-2.3.0,career,2002,Italy,71,8,31.999988,35.294096,3.294108,,,,,,measured_performance,Abbiati; Delvecchio; Di Biagio; Inzaghi; Iuliano; Materazzi; Montella; Toldo
before-runtime-data-2.3.0,current,2002,Italy,71,8,31.999988,35.294096,3.294108,,,,,,measured_performance,Abbiati; Delvecchio; Di Biagio; Inzaghi; Iuliano; Materazzi; Montella; Toldo
before-runtime-data-2.3.0,career,1994,Greece,72,8,35.894756,39.116288,3.221532,,,,,,measured_performance,Apostolakis; Dimitriadis; Hantzidis; Karagiannis; Machlas; Marangos; Tsalouchidis; Tsiantakis
before-runtime-data-2.3.0,current,1994,Greece,72,8,35.894756,39.116288,3.221532,,,,,,measured_performance,Apostolakis; Dimitriadis; Hantzidis; Karagiannis; Machlas; Marangos; Tsalouchidis; Tsiantakis
before-runtime-data-2.3.0,career,1998,Bulgaria,72,8,36.398269,39.540524,3.142255,,,,,,measured_performance,Bachev; Ginchev; Hristov; Nankov; Penev; Petkov; Yankov; Yordanov
before-runtime-data-2.3.0,career,1998,Jamaica,72,8,36.398269,39.540524,3.142255,,,,,,measured_performance,Boyd; Burton; Cargill; Dawes; Hall; Lowe; Malcolm; Powell
before-runtime-data-2.3.0,current,1998,Jamaica,72,8,36.398269,39.540524,3.142255,,,,,,measured_performance,Boyd; Burton; Cargill; Dawes; Hall; Lowe; Malcolm; Powell
before-runtime-data-2.3.0,career,1962,Italy,72,8,35.887328,38.947376,3.060048,,,,,,measured_performance,Altafini; Ferrini; Losi; Maldini; Menichelli; Radice; Sívori; Trapattoni
before-runtime-data-2.3.0,current,1962,Italy,72,8,35.887328,38.947376,3.060048,,,,,,measured_performance,Altafini; Ferrini; Losi; Maldini; Menichelli; Radice; Sívori; Trapattoni
before-runtime-data-2.3.0,career,1962,Mexico,72,8,35.887328,38.947376,3.060048,,,,,,measured_performance,Baeza; Farfán; Jasso; Jáuregui; Ortiz Camargo; Romero; Ruvalcaba; Velarde
before-runtime-data-2.3.0,current,1962,Mexico,72,8,35.887328,38.947376,3.060048,,,,,,measured_performance,Baeza; Farfán; Jasso; Jáuregui; Ortiz Camargo; Romero; Ruvalcaba; Velarde
before-runtime-data-2.3.0,career,2022,Australia,71,8,32.160416,35.208548,3.048132,,,,,,measured_performance,Atkinson; Cummings; Kuol; Mabil; Redmayne; Tilio; Vukovic; Wright
before-runtime-data-2.3.0,current,2022,Australia,71,8,32.160416,35.208548,3.048132,,,,,,measured_performance,Atkinson; Cummings; Kuol; Mabil; Redmayne; Tilio; Vukovic; Wright
before-runtime-data-2.3.0,career,2022,Cameroon,71,8,32.160416,35.208548,3.048132,,,,,,measured_performance,Bassogog; Ebosse; Ngamaleu; Ngapandouetnbu; Ngom Mbekeli; Nsame; Ntcham; Wooh
before-runtime-data-2.3.0,current,2022,Cameroon,71,8,32.160416,35.208548,3.048132,,,,,,measured_performance,Bassogog; Ebosse; Ngamaleu; Ngapandouetnbu; Ngom Mbekeli; Nsame; Ntcham; Wooh
before-runtime-data-2.3.0,career,2026,Ghana,71,8,31.479,34.5,3.021,0,11,0,1,ENG|ESP|FRA|GHA|TUR,measured_performance,Asare (11 caps/0g); Opoku (11 caps/1g); Sibo (8 caps/0g); Thomas-Asante (8 caps/1g); Mumin (5 caps/0g); Peprah Oppong (4 caps/0g); Senaya (2 caps/0g); Boakye (0 caps/0g)
before-runtime-data-2.3.0,current,2026,Ghana,71,8,31.479,34.5,3.021,0,11,0,1,ENG|ESP|FRA|GHA|TUR,measured_performance,Asare (11 caps/0g); Opoku (11 caps/1g); Sibo (8 caps/0g); Thomas-Asante (8 caps/1g); Mumin (5 caps/0g); Peprah Oppong (4 caps/0g); Senaya (2 caps/0g); Boakye (0 caps/0g)
before-runtime-data-2.3.0,career,1958,Mexico,72,8,35.51462,38.483036,2.968416,,,,,,measured_performance,Blanco; Calderón de la Barca; González; Gutiérrez; Gutiérrez; López; Romo; Sesma
before-runtime-data-2.3.0,career,2002,Japan,71,8,32.201696,35.05543,2.853734,,,,,,measured_performance,Fukunishi; Hattori; Kawaguchi; Morioka; Nakayama; Nishizawa; Ogasawara; Sogahata
before-runtime-data-2.3.0,current,2002,Japan,71,8,32.201696,35.05543,2.853734,,,,,,measured_performance,Fukunishi; Hattori; Kawaguchi; Morioka; Nakayama; Nishizawa; Ogasawara; Sogahata
before-runtime-data-2.3.0,career,2002,South Africa,71,8,32.201696,35.05543,2.853734,,,,,,measured_performance,Buckley; Issa; Lekgetho; Marlin; Molefe; Mukansi; Pule; Vonk
before-runtime-data-2.3.0,current,2002,South Africa,71,8,32.201696,35.05543,2.853734,,,,,,measured_performance,Buckley; Issa; Lekgetho; Marlin; Molefe; Mukansi; Pule; Vonk
before-runtime-data-2.3.0,current,1962,Spain,72,8,35.887328,38.67896,2.791632,,,,,,measured_performance,del Sol; Di Stéfano; Gràcia; Pachín; Rodri; Santamaría; Suárez; Vergés
before-runtime-data-2.3.0,career,2022,Mexico,71,8,32.355536,35.080726,2.72519,,,,,,measured_performance,Alvarado; Araujo; Cota; Funes Mori; Guardado; Gutiérrez; Pineda; Talavera
before-runtime-data-2.3.0,current,2022,Mexico,71,8,32.355536,35.080726,2.72519,,,,,,measured_performance,Alvarado; Araujo; Cota; Funes Mori; Guardado; Gutiérrez; Pineda; Talavera
before-runtime-data-2.3.0,career,1998,Chile,71,8,32.104352,34.808528,2.704176,,,,,,measured_performance,Aros; Barrera; Castañeda; Musrri; Neira; Ramírez; Tejas; Vega
before-runtime-data-2.3.0,current,1998,Chile,71,8,32.104352,34.808528,2.704176,,,,,,measured_performance,Aros; Barrera; Castañeda; Musrri; Neira; Ramírez; Tejas; Vega
before-runtime-data-2.3.0,career,1974,West Germany,88,8,62.4846,65.065173,2.580573,,,,,,career_stature_estimate|measured_performance,Bonhof; Cullmann; Grabowski; Hoeneß; Maier; Overath; Schwarzenbeck; Vogts
before-runtime-data-2.3.0,current,1966,Italy,72,8,37.38776,39.611878,2.224118,,,,,,measured_performance,Burgnich; Juliano; Lodetti; Perani; Rivera; Rizzo; Rosato; Salvadore
before-runtime-data-2.3.0,career,1954,Belgium,73,8,40.651165,42.736832,2.085667,,,,,,measured_performance,Backaert; Carré; Gernaey; Maertens; Mees; Van Kerkhoven; Van Steen; Vliers
before-runtime-data-2.3.0,current,1954,Belgium,73,8,40.651165,42.736832,2.085667,,,,,,measured_performance,Backaert; Carré; Gernaey; Maertens; Mees; Van Kerkhoven; Van Steen; Vliers
before-runtime-data-2.3.0,current,1990,South Korea,72,8,36.018344,38.041376,2.023032,,,,,,measured_performance,Byun; Chung; Chung; Gu; Hwang; Lee; Noh; Yoon
before-runtime-data-2.3.0,career,1950,Italy,71,8,33.184604,35.179472,1.994868,,,,,,measured_performance,Amadei; Campatelli; Caprile; Lorenzi; Magli; Mari; Parola; Remondini
before-runtime-data-2.3.0,career,2002,Nigeria,71,8,33.33332,35.294096,1.960776,,,,,,measured_performance,Akwuegbu; Ejide; Kanu; Lawal; Obiorah; Ogbeche; Opabunmi; Utaka
before-runtime-data-2.3.0,current,2002,Nigeria,71,8,33.33332,35.294096,1.960776,,,,,,measured_performance,Akwuegbu; Ejide; Kanu; Lawal; Obiorah; Ogbeche; Opabunmi; Utaka
before-runtime-data-2.3.0,current,2014,England,71,8,32.382968,34.340408,1.95744,,,,,,measured_performance,Forster; Jones; Lambert; Lampard; Milner; Shaw; Smalling; Welbeck
before-runtime-data-2.3.0,current,2022,Belgium,71,8,33.347588,35.208548,1.86096,,,,,,measured_performance,Carrasco; Casteels; De Ketelaere; Doku; Lukaku; Mertens; Mignolet; Openda
before-runtime-data-2.3.0,career,2010,Cameroon,71,8,32.94608,34.750016,1.803936,,,,,,measured_performance,Bong; Chedjou; Kameni; Matip; N'dy Assembé; N'Guémo; Song; Song
before-runtime-data-2.3.0,current,2010,Cameroon,71,8,32.94608,34.750016,1.803936,,,,,,measured_performance,Bong; Chedjou; Kameni; Matip; N'dy Assembé; N'Guémo; Song; Song
before-runtime-data-2.3.0,career,2010,Serbia,71,8,32.94608,34.750016,1.803936,,,,,,measured_performance,Đuričić; Isailović; Kačar; Milijaš; Mrđa; Obradović; Petrović; Tošić
before-runtime-data-2.3.0,current,2010,Serbia,71,8,32.94608,34.750016,1.803936,,,,,,measured_performance,Đuričić; Isailović; Kačar; Milijaš; Mrđa; Obradović; Petrović; Tošić
before-runtime-data-2.3.0,career,2010,Slovakia,71,8,32.94608,34.750016,1.803936,,,,,,measured_performance,Čech; Jakubko; Kozák; Kuciak; Perniš; Petráš; Saláta; Sapara
before-runtime-data-2.3.0,current,2010,Slovakia,71,8,32.94608,34.750016,1.803936,,,,,,measured_performance,Čech; Jakubko; Kozák; Kuciak; Perniš; Petráš; Saláta; Sapara
before-runtime-data-2.3.0,career,1962,England,72,8,37.225808,38.947376,1.721568,,,,,,measured_performance,Adamson; Anderson; Connelly; Eastham; Hunt; Kevan; Peacock; Robson
before-runtime-data-2.3.0,current,1962,England,72,8,37.225808,38.947376,1.721568,,,,,,measured_performance,Adamson; Anderson; Connelly; Eastham; Hunt; Kevan; Peacock; Robson
before-runtime-data-2.3.0,career,1962,Soviet Union,72,8,37.225808,38.947376,1.721568,,,,,,measured_performance,Gusarov; Kanevski; Khusainov; Manoshin; Meskhi; Sabo; Serebryanikov; Shesternyov
before-runtime-data-2.3.0,current,1962,Soviet Union,72,8,37.225808,38.947376,1.721568,,,,,,measured_performance,Gusarov; Kanevski; Khusainov; Manoshin; Meskhi; Sabo; Serebryanikov; Shesternyov
before-runtime-data-2.3.0,career,1994,Nigeria,71,8,31.578956,33.262429,1.683473,,,,,,measured_performance,Agbonavbare; Agu; Ekoku; Ezeugo; Ikpeba; Iroha; Keshi; Oliha
before-runtime-data-2.3.0,current,1994,Nigeria,71,8,31.578956,33.262429,1.683473,,,,,,measured_performance,Agbonavbare; Agu; Ekoku; Ezeugo; Ikpeba; Iroha; Keshi; Oliha
before-runtime-data-2.3.0,career,1994,Bolivia,71,8,32.173904,33.84212,1.668216,,,,,,measured_performance,Castillo; Etcheverry; Peña; Peña; Ramos; Rojas; Soruco; Torrico
before-runtime-data-2.3.0,current,1994,Bolivia,71,8,32.173904,33.84212,1.668216,,,,,,measured_performance,Castillo; Etcheverry; Peña; Peña; Ramos; Rojas; Soruco; Torrico
before-runtime-data-2.3.0,career,1974,Haiti,71,8,33.428564,35.071424,1.64286,,,,,,measured_performance,André; Ducosté; Jean-Joseph; Joseph; Leandré; Louis; Piquant; Saint-Vil
before-runtime-data-2.3.0,current,1974,Haiti,71,8,33.428564,35.071424,1.64286,,,,,,measured_performance,André; Ducosté; Jean-Joseph; Joseph; Leandré; Louis; Piquant; Saint-Vil
before-runtime-data-2.3.0,career,1930,Peru,72,8,36.52832,38.088548,1.560228,,,,,,measured_performance,Góngora; Lavalle; Lores; Neyra; Pacheco; Rodríguez Nue; Sarmiento; Villanueva
before-runtime-data-2.3.0,current,1930,Peru,72,8,36.52832,38.088548,1.560228,,,,,,measured_performance,Góngora; Lavalle; Lores; Neyra; Pacheco; Rodríguez Nue; Sarmiento; Villanueva
before-runtime-data-2.3.0,career,1938,Germany,72,8,36.144426,37.702112,1.557686,,,,,,measured_performance,Gellesch; Kitzinger; Mock; Neumer; Pesser; Siffling; Skoumal; Stroh
before-runtime-data-2.3.0,career,1938,Romania,72,8,36.144426,37.702112,1.557686,,,,,,measured_performance,Bărbulescu; Bodola; Bogdan; Braun-Bogdan; Kovács; Moldoveanu; Nagy; Prassler
before-runtime-data-2.3.0,current,1938,Romania,72,8,36.144426,37.702112,1.557686,,,,,,measured_performance,Bărbulescu; Bodola; Bogdan; Braun-Bogdan; Kovács; Moldoveanu; Nagy; Prassler
before-runtime-data-2.3.0,career,2014,Cameroon,71,8,32.806736,34.340408,1.533672,,,,,,measured_performance,Aboubakar; Bedimo; Djeugoué; Feudjou; Makoun; N'Guémo; Ndjock; Nyom
before-runtime-data-2.3.0,current,2014,Spain,71,8,32.806736,34.340408,1.533672,,,,,,measured_performance,Albiol; Costa; de Gea; Juanfran; Martínez; Pedro; Piqué; Xavi
before-runtime-data-2.3.0,current,2014,Uruguay,71,8,32.806736,34.340408,1.533672,,,,,,measured_performance,Coates; Forlán; Fucile; Gargano; Hernández; Lugano; Muñoz; Silva
before-runtime-data-2.3.0,career,2002,China,72,8,38.431352,39.797581,1.366229,,,,,,measured_performance,Du; Hao; Ma; Qu; Shao; Yang; Yu; Zhao
before-runtime-data-2.3.0,current,2002,China,72,8,38.431352,39.797581,1.366229,,,,,,measured_performance,Du; Hao; Ma; Qu; Shao; Yang; Yu; Zhao
before-runtime-data-2.3.0,career,2002,Saudi Arabia,72,8,38.431352,39.797581,1.366229,,,,,,measured_performance,Al-Dokhi; Al-Dosari; Al-Jahani; Al-Jumaan; Al-Shehri; Al-Waked; Al-Yami; Noor
before-runtime-data-2.3.0,current,2002,Saudi Arabia,72,8,38.431352,39.797581,1.366229,,,,,,measured_performance,Al-Dokhi; Al-Dosari; Al-Jahani; Al-Jumaan; Al-Shehri; Al-Waked; Al-Yami; Noor
before-runtime-data-2.3.0,career,2022,United States,84,8,56.449208,57.67,1.220792,,,,,,measured_performance,Dest; Pulisic; Ream; Robinson; Turner; Weah; Wright; Zimmerman
before-runtime-data-2.3.0,current,2022,United States,84,8,56.449208,57.67,1.220792,,,,,,measured_performance,Dest; Pulisic; Ream; Robinson; Turner; Weah; Wright; Zimmerman
before-runtime-data-2.3.0,career,2018,Denmark,71,8,33.117392,34.278488,1.161096,,,,,,measured_performance,Dolberg; Fischer; Knudsen; Krohn-Dehli; Kvist; Lerager; Lössl; Rønnow
before-runtime-data-2.3.0,current,2018,Denmark,71,8,33.117392,34.278488,1.161096,,,,,,measured_performance,Dolberg; Fischer; Knudsen; Krohn-Dehli; Kvist; Lerager; Lössl; Rønnow
before-runtime-data-2.3.0,career,1954,Czechoslovakia,72,8,35.549312,36.707444,1.158132,,,,,,measured_performance,Gajdoš; Hemele; Hlaváček; Kačáni; Košnar; Majer; Malatinský; Pažický
before-runtime-data-2.3.0,current,1954,Czechoslovakia,72,8,35.549312,36.707444,1.158132,,,,,,measured_performance,Gajdoš; Hemele; Hlaváček; Kačáni; Košnar; Majer; Malatinský; Pažický
before-runtime-data-2.3.0,current,2026,Sweden,79,8,49.9098,50.9761,1.0663,12,76,0,19,ENG|GER|ITA,measured_performance,Lindelöf (76 caps/3g); Isak (57 caps/17g); Svanberg (40 caps/2g); Gyokeres (32 caps/19g); Elanga (29 caps/6g); Hien (28 caps/0g); Ayari (20 caps/3g); Johansson (12 caps/0g)
before-runtime-data-2.3.0,current,1934,Austria,88,8,61.847396,62.4846,0.637204,,,,,,measured_performance,Bican; Cisar; Horvath; Platzer; Schall; Sesta; Sindelar; Zischek
before-runtime-data-2.3.0,current,2018,Germany,71,8,33.117392,33.749984,0.632592,,,,,,measured_performance,Goretzka; Gündoğan; Plattenhardt; Rüdiger; Rudy; Süle; ter Stegen; Trapp
before-runtime-data-2.3.0,career,1934,Argentina,72,8,36.515684,37.142864,0.62718,,,,,,measured_performance,Devincenzi; Irañeta; Izzeta; López; Nehin; Pérez; Rúa; Wilde
before-runtime-data-2.3.0,current,1934,Argentina,72,8,36.515684,37.142864,0.62718,,,,,,measured_performance,Devincenzi; Irañeta; Izzeta; López; Nehin; Pérez; Rúa; Wilde
before-runtime-data-2.3.0,current,2002,Sweden,86,8,59.529392,60.1211,0.591708,,,,,,measured_performance,Alexandersson; Hedman; Jakobsson; Larsson; Lučić; Mellberg; Mjällby; Svensson
before-runtime-data-2.3.0,career,1986,Algeria,72,8,37.200008,37.676624,0.476616,,,,,,measured_performance,Assad; Benmabrouk; Harkouk; Kourichi; Maroc; Medjadi Liegeon; Megharia; Menad
before-runtime-data-2.3.0,career,1986,Scotland,72,8,37.200008,37.676624,0.476616,,,,,,measured_performance,Bannon; Cooper; Malpas; McAvennie; Narey; Nicholas; Souness; Sturrock
before-runtime-data-2.3.0,current,1986,Scotland,72,8,37.200008,37.676624,0.476616,,,,,,measured_performance,Bannon; Cooper; Malpas; McAvennie; Narey; Nicholas; Souness; Sturrock
before-runtime-data-2.3.0,current,1970,Mexico,82,8,54.128,54.5474,0.4194,,,,,,measured_performance,Calderón; Fragoso; González; Guzmán; Peña; Pérez; Valdivia; Vantolrá
before-runtime-data-2.3.0,career,2006,Mexico,87,8,60.38,60.719,0.339,,,,,,measured_performance,Bravo; Márquez; Méndez; Osorio; Pineda; Salcido; Sánchez; Sinha
before-runtime-data-2.3.0,current,2006,Mexico,87,8,60.38,60.719,0.339,,,,,,measured_performance,Bravo; Márquez; Méndez; Osorio; Pineda; Salcido; Sánchez; Sinha
before-runtime-data-2.3.0,current,2018,Saudi Arabia,79,8,49.750016,50,0.249984,,,,,,measured_performance,Al-Breik; Al-Dawsari; Al-Faraj; Al-Mayouf; Al-Mosailem; Al-Owais; Al-Shahrani; Hawsawi
before-runtime-data-2.3.0,current,2014,South Korea,79,8,49.848752,50.0707,0.221948,,,,,,measured_performance,Hong; Jung; Kim; Koo; Lee; Lee; Son; Yun
before-runtime-data-2.3.0,current,2022,Netherlands,88,8,62.030547,62.2497,0.219153,,,,,,measured_performance,Aké; Blind; de Jong; Dumfries; Gakpo; Klaassen; Noppert; van Dijk
before-runtime-data-2.3.0,career,2026,New Zealand,79,8,49.844988,50,0.155012,23,89,0,45,ENG|FRA|SCO|WAL,measured_performance,Wood (89 caps/45g); Just (43 caps/9g); Cacace (36 caps/1g); Garbett (36 caps/5g); Waine (31 caps/9g); Bindon (24 caps/3g); Crocombe (23 caps/0g); Old (23 caps/2g)
before-runtime-data-2.3.0,current,2026,New Zealand,79,8,49.844988,50,0.155012,23,89,0,45,ENG|FRA|SCO|WAL,measured_performance,Wood (89 caps/45g); Just (43 caps/9g); Cacace (36 caps/1g); Garbett (36 caps/5g); Waine (31 caps/9g); Bindon (24 caps/3g); Crocombe (23 caps/0g); Old (23 caps/2g)
before-runtime-data-2.3.0,current,1974,Brazil,88,8,62.414576,62.5,0.085424,,,,,,measured_performance,Chagas; Jairzinho; Leão; Pereira; Peres; Rivellino; Valdomiro; Zé Maria
before-runtime-data-2.3.0,career,2026,Panama,80,8,52.2086,52.2086,0,32,106,1,17,AUT|CRC|ENG|MEX|PAN|TUR,measured_performance,Davis (106 caps/9g); Barcenas (103 caps/10g); Escobar (98 caps/4g); Murillo (93 caps/9g); Rodríguez (69 caps/8g); Díaz (56 caps/17g); Andrade (49 caps/1g); Cordoba (32 caps/1g)
before-runtime-data-2.3.0,current,2026,Qatar,79,8,50,50,0,52,185,0,55,ESP|QAT,measured_performance,Al-Haydos (185 caps/41g); Afif (124 caps/39g); Hatem (117 caps/11g); Ali (115 caps/55g); Khoukhi (115 caps/20g); Pedro Miguel (98 caps/3g); Ahmed (67 caps/3g); Barsham (52 caps/0g)
before-runtime-data-2.3.0,career,2026,Saudi Arabia,79,8,50,50,0,22,75,0,15,FRA|KSA,measured_performance,Kanno (75 caps/8g); Al-Buraikan (69 caps/15g); Al-Owais (63 caps/0g); Abdulhamid (53 caps/1g); Al-Tambakti (51 caps/0g); Hamdan (48 caps/11g); Juwayr (33 caps/6g); Al-Aqidi (22 caps/0g)
before-runtime-data-2.3.0,current,2026,Senegal,85,8,58.5646,58.5646,0,32,130,2,55,ENG|ESP|FRA|KSA,measured_performance,Gueye (130 caps/7g); Mané (127 caps/55g); Koulibaly (102 caps/2g); Sarr (82 caps/19g); Diatta (60 caps/2g); Gueye (41 caps/5g); Sarr (39 caps/4g); Camara (32 caps/7g)
before-runtime-data-2.3.0,career,2026,Switzerland,86,8,59.1819,59.1819,0,28,145,3,24,ENG|ESP|FRA|GER|ITA,measured_performance,Xhaka (145 caps/17g); Rodríguez (137 caps/9g); Freuler (87 caps/11g); Embolo (86 caps/24g); Akanji (80 caps/4g); Elvedi (66 caps/3g); Vargas (61 caps/11g); Amdouni (28 caps/11g)
before-runtime-data-2.3.0,current,2026,Switzerland,86,8,59.1819,59.1819,0,28,145,3,24,ENG|ESP|FRA|GER|ITA,measured_performance,Xhaka (145 caps/17g); Rodríguez (137 caps/9g); Freuler (87 caps/11g); Embolo (86 caps/24g); Akanji (80 caps/4g); Elvedi (66 caps/3g); Vargas (61 caps/11g); Amdouni (28 caps/11g)
before-runtime-data-2.3.0,career,2018,Belgium,88,8,62.0475,62.0475,0,,,,,,measured_performance,Alderweireld; Chadli; Fellaini; Kompany; Mertens; Meunier; Vertonghen; Witsel
before-runtime-data-2.3.0,career,2010,Brazil,88,8,62.492,62.492,0,,,,,,measured_performance,Alves; Bastos; César; Fabiano; Juan; Lúcio; Maicon; Robinho
before-runtime-data-2.3.0,current,2010,Brazil,88,8,62.492,62.492,0,,,,,,measured_performance,Alves; Bastos; César; Fabiano; Juan; Lúcio; Maicon; Robinho
before-runtime-data-2.3.0,career,2010,Slovakia,79,8,50.6264,50.6264,0,,,,,,measured_performance,Ďurica; Hamšík; Mucha; Pekarík; Škrtel; Stoch; Vittek; Zabavník
before-runtime-data-2.3.0,current,2010,Slovakia,79,8,50.6264,50.6264,0,,,,,,measured_performance,Ďurica; Hamšík; Mucha; Pekarík; Škrtel; Stoch; Vittek; Zabavník
before-runtime-data-2.3.0,career,2010,South Africa,79,8,50,50,0,,,,,,measured_performance,Gaxa; Josephs; Khumalo; Khune; Masilela; Mokoena; Mphela; Tshabalala
before-runtime-data-2.3.0,current,2010,South Africa,79,8,50,50,0,,,,,,measured_performance,Gaxa; Josephs; Khumalo; Khune; Masilela; Mokoena; Mphela; Tshabalala
before-runtime-data-2.3.0,career,2006,Ghana,79,8,50.0049,50.0049,0,,,,,,measured_performance,Addo; Appiah; Gyan; Kingson; Mensah; Muntari; Paintsil; Shilla
before-runtime-data-2.3.0,current,2006,Ghana,79,8,50.0049,50.0049,0,,,,,,measured_performance,Addo; Appiah; Gyan; Kingson; Mensah; Muntari; Paintsil; Shilla
before-runtime-data-2.3.0,career,2002,Brazil,87,8,61.567,61.567,0,,,,,,measured_performance,Cafu; Edmílson; Júnior; Kléberson; Lúcio; Marcos; Paulista; Silva
before-runtime-data-2.3.0,career,1998,Denmark,86,8,59.6378,59.6378,0,,,,,,measured_performance,Colding; Heintze; Helveg; Høgh; Jørgensen; Laudrup; Nielsen; Rieper
before-runtime-data-2.3.0,career,1990,Cameroon,79,8,50.8908,50.8908,0,,,,,,measured_performance,Ebwellé; Ekéké; Kundé; M'Fédé; Makanaky; N'Dip; N'Kono; Tataw
before-runtime-data-2.3.0,career,1990,Costa Rica,79,8,50.0608,50.0608,0,,,,,,measured_performance,Barrantes; Cayasso; Conejo; Flores; González Brenes; Marchena; Medford; Montero
before-runtime-data-2.3.0,current,1990,Costa Rica,79,8,50.0608,50.0608,0,,,,,,measured_performance,Barrantes; Cayasso; Conejo; Flores; González Brenes; Marchena; Medford; Montero
before-runtime-data-2.3.0,career,1990,England,88,8,62.1361,62.1361,0,,,,,,measured_performance,Butcher; Parker; Pearce; Platt; Shilton; Waddle; Walker; Wright
before-runtime-data-2.3.0,career,1974,Netherlands,86,8,59.703,59.703,0,,,,,,measured_performance,de Jong; Haan; Jansen; Jongbloed; Rep; Rijsbergen; Suurbier; van Hanegem
before-runtime-data-2.3.0,career,1966,Portugal,86,8,60.3273,60.3273,0,,,,,,measured_performance,Augusto; Baptista; Graça; Hilário; Pereira; Simões; Torres; Vicente
before-runtime-data-2.3.0,career,1966,West Germany,88,8,62.1361,62.1361,0,,,,,,measured_performance,Emmerich; Held; Höttges; Overath; Schnellinger; Schulz; Tilkowski; Weber
before-runtime-data-2.3.0,career,1962,Chile,84,8,57.5802,57.5802,0,,,,,,measured_performance,Contreras; Escuti; Eyzaguirre; Navarro; Ramírez; Rojas; Sánchez; Toro
before-runtime-data-2.3.0,current,1962,Chile,84,8,57.5802,57.5802,0,,,,,,measured_performance,Contreras; Escuti; Eyzaguirre; Navarro; Ramírez; Rojas; Sánchez; Toro
before-runtime-data-2.3.0,current,1962,Czechoslovakia,88,8,62.2637,62.2637,0,,,,,,measured_performance,Kadraba; Lála; Masopust; Novák; Pluskal; Popluhár; Scherer; Schrojf
before-runtime-data-2.3.0,career,1962,Yugoslavia,88,8,62.4392,62.4392,0,,,,,,measured_performance,Durković; Galić; Jusufi; Marković; Popović; Radaković; Skoblar; Šoškić
before-runtime-data-2.3.0,current,1962,Yugoslavia,88,8,62.4392,62.4392,0,,,,,,measured_performance,Durković; Galić; Jusufi; Marković; Popović; Radaković; Skoblar; Šoškić
before-runtime-data-2.3.0,current,1958,Brazil,88,8,62.3652,62.3652,0,,,,,,measured_performance,Altafini; Bellini; Didi; Gilmar; Orlando; Santos; Vavá; Zagallo
before-runtime-data-2.3.0,current,1958,France,87,8,60.893,60.893,0,,,,,,measured_performance,Abbes; Kaelbel; Kopa; Lerond; Penverne; Piantoni; Vincent; Wisnieski
before-runtime-data-2.3.0,career,1954,South Korea,72,8,35.549312,35.549312,0,,,,,,measured_performance,Choi; Choi; Chung; Lee; Li; Park; Sung; Woo
before-runtime-data-2.3.0,current,1954,South Korea,72,8,35.549312,35.549312,0,,,,,,measured_performance,Choi; Choi; Chung; Lee; Li; Park; Sung; Woo
before-runtime-data-2.3.0,career,1938,Cuba,79,8,50.0608,50.0608,0,,,,,,measured_performance,Arias; Barquín; Bergés; Chorens; Fernández; Magriñá; Rodríguez; Socorro
before-runtime-data-2.3.0,current,1938,Cuba,79,8,50.0608,50.0608,0,,,,,,measured_performance,Arias; Barquín; Bergés; Chorens; Fernández; Magriñá; Rodríguez; Socorro
before-runtime-data-2.3.0,career,1938,Italy,88,8,62.4846,62.4846,0,,,,,,measured_performance,Andreolo; Colaussi; Ferraris; Foni; Locatelli; Olivieri; Rava; Serantoni
before-runtime-data-2.3.0,career,1934,Germany,87,8,60.6181,60.6181,0,,,,,,measured_performance,Busch; Haringer; Hohmann; Janes; Kobierski; Lehner; Siffling; Zielinski
before-runtime-data-2.3.0,current,1934,Germany,87,8,60.6181,60.6181,0,,,,,,measured_performance,Busch; Haringer; Hohmann; Janes; Kobierski; Lehner; Siffling; Zielinski
before-runtime-data-2.3.0,career,1930,Yugoslavia,82,8,54.5474,54.5474,0,,,,,,measured_performance,Arsenijević; Bek; Ivković; Jakšić; Marjanović; Mihajlović; Tirnanić; Vujadinović
before-runtime-data-2.3.0,current,1930,Yugoslavia,82,8,54.5474,54.5474,0,,,,,,measured_performance,Arsenijević; Bek; Ivković; Jakšić; Marjanović; Mihajlović; Tirnanić; Vujadinović
before-runtime-data-2.3.0,current,1998,Italy,88,7,61.762,68.970169,7.208169,,,,,,measured_performance,Baggio; Cannavaro; Costacurta; Di Biagio; Maldini; Pagliuca; Vieri
before-runtime-data-2.3.0,career,2014,Germany,88,7,62.144117,69.199943,7.055826,,,,,,career_stature_estimate|measured_performance,Götze; Khedira; Kroos; Lahm; Özil; Schürrle; Schweinsteiger
before-runtime-data-2.3.0,career,1938,Hungary,88,7,62.1361,69.128211,6.992111,,,,,,measured_performance,Kohut; Korányi; Lázár; Szabó; Titkos; Toldi; Zsengellér
before-runtime-data-2.3.0,current,2014,Netherlands,88,7,61.8446,66.987457,5.142857,,,,,,measured_performance,Cillessen; de Jong; Depay; Robben; Sneijder; van Persie; Wijnaldum
before-runtime-data-2.3.0,career,1994,Germany,88,7,62.5,66.922093,4.422093,,,,,,career_stature_estimate|measured_performance,Berthold; Brehme; Illgner; Kahn; Klinsmann; Kohler; Sammer
before-runtime-data-2.3.0,career,2026,Netherlands,72,7,35.5493,39.6155,4.0662,11,43,0,3,ENG|FRA|GER|ITA|TUR,measured_performance,de Roon (43 caps/1g); Lang (15 caps/3g); Kluivert (12 caps/0g); Brobbey (11 caps/1g); Flekken (11 caps/0g); Hecke (11 caps/0g); Timber (11 caps/1g)
before-runtime-data-2.3.0,current,2026,Netherlands,72,7,35.5493,39.6155,4.0662,11,43,0,3,ENG|FRA|GER|ITA|TUR,measured_performance,de Roon (43 caps/1g); Lang (15 caps/3g); Kluivert (12 caps/0g); Brobbey (11 caps/1g); Flekken (11 caps/0g); Hecke (11 caps/0g); Timber (11 caps/1g)
before-runtime-data-2.3.0,career,1982,El Salvador,72,7,36.107379,39.779869,3.67249,,,,,,measured_performance,Alfaro; Díaz; Fagoaga; González; Osorto; Rivas; Rugamas
before-runtime-data-2.3.0,current,1982,El Salvador,72,7,36.107379,39.779869,3.67249,,,,,,measured_performance,Alfaro; Díaz; Fagoaga; González; Osorto; Rivas; Rugamas
before-runtime-data-2.3.0,career,1982,Honduras,72,7,36.107379,39.779869,3.67249,,,,,,measured_performance,Betancourt; Bulnes; Caballero; Cruz; Figueroa; Gutiérrez; Norales
before-runtime-data-2.3.0,current,1982,Honduras,72,7,36.107379,39.779869,3.67249,,,,,,measured_performance,Betancourt; Bulnes; Caballero; Cruz; Figueroa; Gutiérrez; Norales
before-runtime-data-2.3.0,career,2002,Croatia,71,7,31.999988,35.294096,3.294108,,,,,,measured_performance,Balaban; Butina; Prosinečki; Vasilj; Vlaović; Vugrinec; Živković
before-runtime-data-2.3.0,career,2002,Tunisia,71,7,31.999988,35.294096,3.294108,,,,,,measured_performance,Bejaoui; Clayton; El-Jaouachi; Jelassi; Mhedhebi; Mkacher; Sellimi
before-runtime-data-2.3.0,current,2002,Tunisia,71,7,31.999988,35.294096,3.294108,,,,,,measured_performance,Bejaoui; Clayton; El-Jaouachi; Jelassi; Mhedhebi; Mkacher; Sellimi
before-runtime-data-2.3.0,career,1998,Scotland,72,7,36.398269,39.540524,3.142255,,,,,,measured_performance,Calderwood; Durie; Gallacher; Jackson; McKinlay; McNamara; Weir
before-runtime-data-2.3.0,current,1998,Scotland,72,7,36.398269,39.540524,3.142255,,,,,,measured_performance,Calderwood; Durie; Gallacher; Jackson; McKinlay; McNamara; Weir
before-runtime-data-2.3.0,career,1998,Tunisia,72,7,36.398269,39.540524,3.142255,,,,,,measured_performance,Ben Slimane; Ben Younes; Bouazizi; Boukadida; Chouchane; Clayton; Sellimi
before-runtime-data-2.3.0,current,1998,Tunisia,72,7,36.398269,39.540524,3.142255,,,,,,measured_performance,Ben Slimane; Ben Younes; Bouazizi; Boukadida; Chouchane; Clayton; Sellimi
before-runtime-data-2.3.0,career,1982,Scotland,71,7,31.81538,34.953848,3.138468,,,,,,measured_performance,Brazil; Evans; Leighton; McLeish; Provan; Sturrock; Wood
before-runtime-data-2.3.0,current,1982,Scotland,71,7,31.81538,34.953848,3.138468,,,,,,measured_performance,Brazil; Evans; Leighton; McLeish; Provan; Sturrock; Wood
before-runtime-data-2.3.0,career,1982,Yugoslavia,71,7,31.81538,34.953848,3.138468,,,,,,measured_performance,Deverić; Halilhodžić; Hrstić; Pudar; Šestić; Svilar; Živković
before-runtime-data-2.3.0,current,1982,Yugoslavia,71,7,31.81538,34.953848,3.138468,,,,,,measured_performance,Deverić; Halilhodžić; Hrstić; Pudar; Šestić; Svilar; Živković
before-runtime-data-2.3.0,career,2002,China,71,7,32.201696,35.294096,3.0924,,,,,,measured_performance,An; Fan; Ou; Qi; Su; Sun; Yang
before-runtime-data-2.3.0,current,2002,China,71,7,32.201696,35.294096,3.0924,,,,,,measured_performance,An; Fan; Ou; Qi; Su; Sun; Yang
before-runtime-data-2.3.0,career,1962,Argentina,72,7,35.887328,38.947376,3.060048,,,,,,measured_performance,Abeledo; Belén; Navarro; Oleniak; Páez; Pagani; Sainz
before-runtime-data-2.3.0,current,1962,Argentina,72,7,35.887328,38.947376,3.060048,,,,,,measured_performance,Abeledo; Belén; Navarro; Oleniak; Páez; Pagani; Sainz
before-runtime-data-2.3.0,career,1962,Colombia,72,7,35.887328,38.947376,3.060048,,,,,,measured_performance,Alzate; Escobar; González; Paz; Pérez; Serrano; Tovar
before-runtime-data-2.3.0,current,1962,Colombia,72,7,35.887328,38.947376,3.060048,,,,,,measured_performance,Alzate; Escobar; González; Paz; Pérez; Serrano; Tovar
before-runtime-data-2.3.0,career,2002,Senegal,71,7,31.999988,35.05543,3.055442,,,,,,measured_performance,Camara; Cissokho; Diallo; N'Dour; Sarr; Thiaw; Traoré
before-runtime-data-2.3.0,current,2002,Senegal,71,7,31.999988,35.05543,3.055442,,,,,,measured_performance,Camara; Cissokho; Diallo; N'Dour; Sarr; Thiaw; Traoré
before-runtime-data-2.3.0,career,2022,Spain,71,7,32.160416,35.208548,3.048132,,,,,,measured_performance,Fati; Llorente; Pino; Raya; Sánchez; Sarabia; Torres
before-runtime-data-2.3.0,current,2022,Spain,71,7,32.160416,35.208548,3.048132,,,,,,measured_performance,Fati; Llorente; Pino; Raya; Sánchez; Sarabia; Torres
before-runtime-data-2.3.0,career,2006,Iran,72,7,35.7875,38.75,2.9625,,,,,,measured_performance,Borhani; Daei; Hashemian; Karimi; Khatibi; Nekounam; Zandi
before-runtime-data-2.3.0,current,2006,Iran,72,7,35.7875,38.75,2.9625,,,,,,measured_performance,Borhani; Daei; Hashemian; Karimi; Khatibi; Nekounam; Zandi
before-runtime-data-2.3.0,career,2022,Canada,71,7,32.160416,35.080726,2.92031,,,,,,measured_performance,Cavallini; Kaye; Millar; Pantemis; St. Clair; Ugbo; Wotherspoon
before-runtime-data-2.3.0,current,2022,Canada,71,7,32.160416,35.080726,2.92031,,,,,,measured_performance,Cavallini; Kaye; Millar; Pantemis; St. Clair; Ugbo; Wotherspoon
before-runtime-data-2.3.0,career,2022,Japan,71,7,32.160416,35.080726,2.92031,,,,,,measured_performance,Ito; Kawashima; Machino; Schmidt; Soma; Ueda; Yamane
before-runtime-data-2.3.0,current,2022,Japan,71,7,32.160416,35.080726,2.92031,,,,,,measured_performance,Ito; Kawashima; Machino; Schmidt; Soma; Ueda; Yamane
before-runtime-data-2.3.0,career,2022,Qatar,71,7,32.160416,35.080726,2.92031,,,,,,measured_performance,Al-Rawi; Alaaeldin; Assadalla; Hassan; Kheder; Muneer; Salman
before-runtime-data-2.3.0,current,2022,Qatar,71,7,32.160416,35.080726,2.92031,,,,,,measured_performance,Al-Rawi; Alaaeldin; Assadalla; Hassan; Kheder; Muneer; Salman
before-runtime-data-2.3.0,career,2002,Slovenia,71,7,32.201696,35.05543,2.853734,,,,,,measured_performance,Gajser; Galič; Nemec; Tavčar; Tiganj; Vugdalić; Zahovič
before-runtime-data-2.3.0,current,2002,Slovenia,71,7,32.201696,35.05543,2.853734,,,,,,measured_performance,Gajser; Galič; Nemec; Tavčar; Tiganj; Vugdalić; Zahovič
before-runtime-data-2.3.0,career,2022,Iran,71,7,32.355536,35.208548,2.853012,,,,,,measured_performance,Abedzadeh; Ansarifard; Ghoddos; Jalali; Kanaanizadegan; Moharrami; Niazmand
before-runtime-data-2.3.0,current,2022,Iran,71,7,32.355536,35.208548,2.853012,,,,,,measured_performance,Abedzadeh; Ansarifard; Ghoddos; Jalali; Kanaanizadegan; Moharrami; Niazmand
before-runtime-data-2.3.0,current,2006,Brazil,88,7,62.5,65.213393,2.713393,,,,,,measured_performance,Adriano; Dida; Juan; Kaká; Lúcio; Ronaldo; Zé Roberto
before-runtime-data-2.3.0,career,1998,Belgium,71,7,32.104352,34.808528,2.704176,,,,,,measured_performance,Crasson; De Boeck; Mpenza; Van Kerckhoven; Verheyen; Verlinden; Verstraeten
before-runtime-data-2.3.0,current,1998,Belgium,71,7,32.104352,34.808528,2.704176,,,,,,measured_performance,Crasson; De Boeck; Mpenza; Van Kerckhoven; Verheyen; Verlinden; Verstraeten
before-runtime-data-2.3.0,current,1998,Cameroon,71,7,32.104352,34.808528,2.704176,,,,,,measured_performance,Andem; Boukar; Eto'o; Lauren; Mahouvé; Pensée; Simo
before-runtime-data-2.3.0,career,1998,Nigeria,71,7,32.104352,34.808528,2.704176,,,,,,measured_performance,Amokachi; Baruwa; Eguavoen; Iroha; Okafor; Okpara; Oparaku
before-runtime-data-2.3.0,current,1998,Nigeria,71,7,32.104352,34.808528,2.704176,,,,,,measured_performance,Amokachi; Baruwa; Eguavoen; Iroha; Okafor; Okpara; Oparaku
before-runtime-data-2.3.0,career,1998,South Korea,71,7,32.104352,34.808528,2.704176,,,,,,measured_performance,Choi; Hwang; Lee; Lee; Lee; Noh; Seo
before-runtime-data-2.3.0,current,1998,South Korea,71,7,32.104352,34.808528,2.704176,,,,,,measured_performance,Choi; Hwang; Lee; Lee; Lee; Noh; Seo
before-runtime-data-2.3.0,career,1998,Spain,71,7,32.104352,34.808528,2.704176,,,,,,measured_performance,Abelardo; Campo; Cañizares; Ferrer; Guerrero; Molina; Pizzi
before-runtime-data-2.3.0,current,1998,Spain,71,7,32.104352,34.808528,2.704176,,,,,,measured_performance,Abelardo; Campo; Cañizares; Ferrer; Guerrero; Molina; Pizzi
before-runtime-data-2.3.0,career,1998,Tunisia,71,7,32.104352,34.808528,2.704176,,,,,,measured_performance,Badra; Ben Ahmed; Boumnijel; Jelassi; Melki; Salhi; Trabelsi
before-runtime-data-2.3.0,current,1998,Tunisia,71,7,32.104352,34.808528,2.704176,,,,,,measured_performance,Badra; Ben Ahmed; Boumnijel; Jelassi; Melki; Salhi; Trabelsi
before-runtime-data-2.3.0,career,1970,West Germany,88,7,62.3652,65.035572,2.670372,,,,,,career_stature_estimate|measured_performance,Fichtel; Höttges; Libuda; Maier; Overath; Schnellinger; Vogts
before-runtime-data-2.3.0,career,1998,United States,72,7,36.398269,38.991296,2.593027,,,,,,measured_performance,Burns; Moore; Pope; Radosavljević; Ramos; Wegerle; Wynalda
before-runtime-data-2.3.0,current,1998,United States,72,7,36.398269,38.991296,2.593027,,,,,,measured_performance,Burns; Moore; Pope; Radosavljević; Ramos; Wegerle; Wynalda
before-runtime-data-2.3.0,career,2026,Turkey,72,7,37.201752,39.550815,2.349063,5,37,0,3,GER|POR|TUR,measured_performance,Gunok (37 caps/0g); Yilmaz (34 caps/3g); Yuksek (31 caps/1g); Bardakci (26 caps/2g); Akgun (18 caps/3g); Gul (7 caps/2g); Uzun (5 caps/1g)
before-runtime-data-2.3.0,current,2026,Turkey,72,7,37.201752,39.550815,2.349063,5,37,0,3,GER|POR|TUR,measured_performance,Gunok (37 caps/0g); Yilmaz (34 caps/3g); Yuksek (31 caps/1g); Bardakci (26 caps/2g); Akgun (18 caps/3g); Gul (7 caps/2g); Uzun (5 caps/1g)
before-runtime-data-2.3.0,career,2026,Saudi Arabia,71,7,31.579,33.9122,2.3332,5,25,0,2,KSA,measured_performance,Yahya (25 caps/0g); Kadesh (19 caps/2g); Harbi (11 caps/0g); Johani (11 caps/0g); Kassar (8 caps/0g); Thakri (6 caps/0g); Abu Shamat (5 caps/0g)
before-runtime-data-2.3.0,current,2026,Saudi Arabia,71,7,31.579,33.9122,2.3332,5,25,0,2,KSA,measured_performance,Yahya (25 caps/0g); Kadesh (19 caps/2g); Harbi (11 caps/0g); Johani (11 caps/0g); Kassar (8 caps/0g); Thakri (6 caps/0g); Abu Shamat (5 caps/0g)
before-runtime-data-2.3.0,current,1966,Brazil,72,7,37.38776,39.611878,2.224118,,,,,,measured_performance,Alcindo; Altair; Bellini; Denílson; Edu; Gilmar; Santos
before-runtime-data-2.3.0,career,1966,Italy,72,7,37.38776,39.611878,2.224118,,,,,,measured_performance,Burgnich; Juliano; Lodetti; Perani; Rizzo; Rosato; Salvadore
before-runtime-data-2.3.0,career,2026,Qatar,71,7,32.1339,34.3404,2.2065,4,47,0,1,QAT,measured_performance,Fathy (47 caps/0g); Mendes (25 caps/1g); Brake (16 caps/0g); Ganehi (13 caps/1g); Hussain (7 caps/0g); Oui (5 caps/0g); Abunada (4 caps/0g)
before-runtime-data-2.3.0,current,2026,Qatar,71,7,32.1339,34.3404,2.2065,4,47,0,1,QAT,measured_performance,Fathy (47 caps/0g); Mendes (25 caps/1g); Brake (16 caps/0g); Ganehi (13 caps/1g); Hussain (7 caps/0g); Oui (5 caps/0g); Abunada (4 caps/0g)
before-runtime-data-2.3.0,career,2026,Ecuador,71,7,32.6139,34.8085,2.1946,2,34,0,3,ARG|BEL|ECU|GER|MEX,measured_performance,Galíndez (34 caps/0g); Caicedo (19 caps/3g); Alcivar (10 caps/1g); Porozo (9 caps/1g); Medina (5 caps/0g); Arevalo (3 caps/0g); Valencia (2 caps/1g)
before-runtime-data-2.3.0,current,2026,Ecuador,71,7,32.6139,34.8085,2.1946,2,34,0,3,ARG|BEL|ECU|GER|MEX,measured_performance,Galíndez (34 caps/0g); Caicedo (19 caps/3g); Alcivar (10 caps/1g); Porozo (9 caps/1g); Medina (5 caps/0g); Arevalo (3 caps/0g); Valencia (2 caps/1g)
before-runtime-data-2.3.0,career,1970,Czechoslovakia,71,7,32.108096,34.26668,2.158584,,,,,,measured_performance,Albrecht; Flešár; Hrdlička; Hrivnák; Jurkanin; Pollák; Zlocha
before-runtime-data-2.3.0,current,1970,Czechoslovakia,71,7,32.108096,34.26668,2.158584,,,,,,measured_performance,Albrecht; Flešár; Hrdlička; Hrivnák; Jurkanin; Pollák; Zlocha
before-runtime-data-2.3.0,career,2026,Norway,72,7,36.8029,38.9241,2.1212,7,42,0,5,GER|ITA|NOR|POR|SCO,measured_performance,Berg (42 caps/0g); Ryerson (42 caps/1g); Thorsby (31 caps/0g); Bjorkan (20 caps/1g); Heggem (14 caps/0g); Schjelderup (11 caps/1g); Aasgaard (7 caps/5g)
before-runtime-data-2.3.0,current,2026,Norway,72,7,36.8029,38.9241,2.1212,7,42,0,5,GER|ITA|NOR|POR|SCO,measured_performance,Berg (42 caps/0g); Ryerson (42 caps/1g); Thorsby (31 caps/0g); Bjorkan (20 caps/1g); Heggem (14 caps/0g); Schjelderup (11 caps/1g); Aasgaard (7 caps/5g)
before-runtime-data-2.3.0,career,1990,South Korea,72,7,36.018344,38.041376,2.023032,,,,,,measured_performance,Byun; Chung; Gu; Hwang; Lee; Noh; Yoon
before-runtime-data-2.3.0,career,2022,Brazil,73,7,40.444448,42.427796,1.983348,,,,,,measured_performance,Alves; Antony; Bremer; Guimarães; Raphinha; Rodrygo; Telles
before-runtime-data-2.3.0,current,2022,Brazil,73,7,40.444448,42.427796,1.983348,,,,,,measured_performance,Alves; Antony; Bremer; Guimarães; Raphinha; Rodrygo; Telles
before-runtime-data-2.3.0,career,2014,England,71,7,32.382968,34.340408,1.95744,,,,,,measured_performance,Forster; Jones; Lambert; Milner; Shaw; Smalling; Welbeck
before-runtime-data-2.3.0,career,2014,Ghana,71,7,32.382968,34.340408,1.95744,,,,,,measured_performance,Acquah; Adams; Adomah; Boateng; Essien; Opare; Waris
before-runtime-data-2.3.0,current,2014,Ghana,71,7,32.382968,34.340408,1.95744,,,,,,measured_performance,Acquah; Adams; Adomah; Boateng; Essien; Opare; Waris
before-runtime-data-2.3.0,career,2014,United States,71,7,32.382968,34.340408,1.95744,,,,,,measured_performance,Altidore; Brooks; Davis; Guzan; Jóhannsson; Rimando; Wondolowski
before-runtime-data-2.3.0,current,2014,United States,71,7,32.382968,34.340408,1.95744,,,,,,measured_performance,Altidore; Brooks; Davis; Guzan; Jóhannsson; Rimando; Wondolowski
before-runtime-data-2.3.0,career,1950,Mexico,73,7,41,42.925376,1.925376,,,,,,measured_performance,Cuburu; Gómez; Guevara; Gutiérrez; Hernández; Roca; Ruiz
before-runtime-data-2.3.0,current,1950,Mexico,73,7,41,42.925376,1.925376,,,,,,measured_performance,Cuburu; Gómez; Guevara; Gutiérrez; Hernández; Roca; Ruiz
before-runtime-data-2.3.0,career,2022,Belgium,71,7,33.347588,35.208548,1.86096,,,,,,measured_performance,Carrasco; Casteels; De Ketelaere; Doku; Mertens; Mignolet; Openda
before-runtime-data-2.3.0,career,2022,Netherlands,71,7,33.347588,35.208548,1.86096,,,,,,measured_performance,Bijlow; de Jong; Janssen; Lang; Pasveer; Simons; Taylor
before-runtime-data-2.3.0,current,2022,Netherlands,71,7,33.347588,35.208548,1.86096,,,,,,measured_performance,Bijlow; de Jong; Janssen; Lang; Pasveer; Simons; Taylor
before-runtime-data-2.3.0,career,2010,Denmark,71,7,32.94608,34.750016,1.803936,,,,,,measured_performance,Andersen; Beckmann; Christiansen; Enevoldsen; Jensen; Krøldrup; Larsen
before-runtime-data-2.3.0,current,2010,Denmark,71,7,32.94608,34.750016,1.803936,,,,,,measured_performance,Andersen; Beckmann; Christiansen; Enevoldsen; Jensen; Krøldrup; Larsen
before-runtime-data-2.3.0,career,2010,France,71,7,32.94608,34.750016,1.803936,,,,,,measured_performance,Carrasso; Cissé; Clichy; Diarra; Mandanda; Squillaci; Valbuena
before-runtime-data-2.3.0,current,2010,France,71,7,32.94608,34.750016,1.803936,,,,,,measured_performance,Carrasso; Cissé; Clichy; Diarra; Mandanda; Squillaci; Valbuena
before-runtime-data-2.3.0,career,2010,Greece,71,7,32.94608,34.750016,1.803936,,,,,,measured_performance,Chalkias; Charisteas; Kapetanos; Moras; Seitaridis; Sifakis; Spyropoulos
before-runtime-data-2.3.0,current,2010,Greece,71,7,32.94608,34.750016,1.803936,,,,,,measured_performance,Chalkias; Charisteas; Kapetanos; Moras; Seitaridis; Sifakis; Spyropoulos
before-runtime-data-2.3.0,career,2010,Japan,71,7,32.94608,34.750016,1.803936,,,,,,measured_performance,Kawaguchi; Konno; Morimoto; Nakamura; Nakamura; Narazaki; Yano
before-runtime-data-2.3.0,current,2010,Japan,71,7,32.94608,34.750016,1.803936,,,,,,measured_performance,Kawaguchi; Konno; Morimoto; Nakamura; Nakamura; Narazaki; Yano
before-runtime-data-2.3.0,career,2010,Paraguay,71,7,32.94608,34.750016,1.803936,,,,,,measured_performance,Barreto; Bobadilla; Cáceres; Caniza; Gamarra; Ortigoza; Verón
before-runtime-data-2.3.0,current,2010,Paraguay,71,7,32.94608,34.750016,1.803936,,,,,,measured_performance,Barreto; Bobadilla; Cáceres; Caniza; Gamarra; Ortigoza; Verón
before-runtime-data-2.3.0,career,2010,South Africa,71,7,32.94608,34.750016,1.803936,,,,,,measured_performance,Khuboni; Moriri; Ngcongca; Nomvethe; Sibaya; Thwala; Walters
before-runtime-data-2.3.0,current,2010,South Africa,71,7,32.94608,34.750016,1.803936,,,,,,measured_performance,Khuboni; Moriri; Ngcongca; Nomvethe; Sibaya; Thwala; Walters
before-runtime-data-2.3.0,career,2010,Switzerland,71,7,32.94608,34.750016,1.803936,,,,,,measured_performance,Behrami; Bunjaku; Eggimann; Leoni; Senderos; Shaqiri; Wölfli
before-runtime-data-2.3.0,current,2010,Switzerland,71,7,32.94608,34.750016,1.803936,,,,,,measured_performance,Behrami; Bunjaku; Eggimann; Leoni; Senderos; Shaqiri; Wölfli
before-runtime-data-2.3.0,career,1954,Czechoslovakia,71,7,32.613949,34.4,1.786051,,,,,,measured_performance,Hledík; Kraus; Novák; Pešek; Pluskal; Šafránek; Trnka
before-runtime-data-2.3.0,current,1954,Czechoslovakia,71,7,32.613949,34.4,1.786051,,,,,,measured_performance,Hledík; Kraus; Novák; Pešek; Pluskal; Šafránek; Trnka
before-runtime-data-2.3.0,career,1962,Switzerland,72,7,37.225808,38.947376,1.721568,,,,,,measured_performance,Dürr; Eschmann; Frigerio; Kernen; Rey; Vonlanthen; Vonlanthen
before-runtime-data-2.3.0,current,1962,Switzerland,72,7,37.225808,38.947376,1.721568,,,,,,measured_performance,Dürr; Eschmann; Frigerio; Kernen; Rey; Vonlanthen; Vonlanthen
before-runtime-data-2.3.0,career,2006,Costa Rica,71,7,32.075,33.749984,1.674984,,,,,,measured_performance,Alfaro; Azofeifa; Badilla; Bernard; Martínez; Mesén; Núñez
before-runtime-data-2.3.0,current,2006,Costa Rica,71,7,32.075,33.749984,1.674984,,,,,,measured_performance,Alfaro; Azofeifa; Badilla; Bernard; Martínez; Mesén; Núñez
before-runtime-data-2.3.0,career,2006,Togo,71,7,32.075,33.749984,1.674984,,,,,,measured_performance,Agboh; Assemoassa; Erassa; Malm; Obilalé; Olufadé; Tchagnirou
before-runtime-data-2.3.0,current,2006,Togo,71,7,32.075,33.749984,1.674984,,,,,,measured_performance,Agboh; Assemoassa; Erassa; Malm; Obilalé; Olufadé; Tchagnirou
before-runtime-data-2.3.0,career,1966,Switzerland,72,7,38,39.611878,1.611878,,,,,,measured_performance,Armbruster; Brodmann; Elsener; Gottardi; Kuhn; Künzli; Stierli
before-runtime-data-2.3.0,current,1966,Switzerland,72,7,38,39.611878,1.611878,,,,,,measured_performance,Armbruster; Brodmann; Elsener; Gottardi; Kuhn; Künzli; Stierli
before-runtime-data-2.3.0,career,1994,Greece,71,7,32.279072,33.84212,1.563048,,,,,,measured_performance,Alexandris; Alexiou; Alexoudis; Karataidis; Kolitsidakis; Manolas; Saravakos
before-runtime-data-2.3.0,current,1994,Greece,71,7,32.279072,33.84212,1.563048,,,,,,measured_performance,Alexandris; Alexiou; Alexoudis; Karataidis; Kolitsidakis; Manolas; Saravakos
before-runtime-data-2.3.0,career,2014,Bosnia and Herzegovina,71,7,32.806736,34.340408,1.533672,,,,,,measured_performance,Avdukić; Bičakčić; Fejzić; Hadžić; Višća; Vranješ; Vršajević
before-runtime-data-2.3.0,current,2014,Bosnia and Herzegovina,71,7,32.806736,34.340408,1.533672,,,,,,measured_performance,Avdukić; Bičakčić; Fejzić; Hadžić; Višća; Vranješ; Vršajević
before-runtime-data-2.3.0,career,2014,France,71,7,32.806736,34.340408,1.533672,,,,,,measured_performance,Digne; Landreau; Mavuba; Rémy; Ruffier; Sagna; Schneiderlin
before-runtime-data-2.3.0,current,2014,France,71,7,32.806736,34.340408,1.533672,,,,,,measured_performance,Digne; Landreau; Mavuba; Rémy; Ruffier; Sagna; Schneiderlin
before-runtime-data-2.3.0,career,2014,Japan,71,7,32.806736,34.340408,1.533672,,,,,,measured_performance,Aoyama; Gonda; Kakitani; Kiyotake; Morishige; Nishikawa; Osako
before-runtime-data-2.3.0,current,2014,Japan,71,7,32.806736,34.340408,1.533672,,,,,,measured_performance,Aoyama; Gonda; Kakitani; Kiyotake; Morishige; Nishikawa; Osako
before-runtime-data-2.3.0,career,2014,Uruguay,71,7,32.806736,34.340408,1.533672,,,,,,measured_performance,Coates; Fucile; Gargano; Hernández; Lugano; Muñoz; Silva
before-runtime-data-2.3.0,career,2018,Senegal,71,7,32.9114,34.278488,1.367088,,,,,,measured_performance,Baldé; Diallo; Gassama; Gomis; Ndiaye; Sakho; Sow
before-runtime-data-2.3.0,current,2018,Senegal,71,7,32.9114,34.278488,1.367088,,,,,,measured_performance,Baldé; Diallo; Gassama; Gomis; Ndiaye; Sakho; Sow
before-runtime-data-2.3.0,career,2002,Uruguay,72,7,38.431352,39.797581,1.366229,,,,,,measured_performance,Abreu; Guigou; Lembo; Regueiro; Romero; Silva; Varela
before-runtime-data-2.3.0,current,2002,Uruguay,72,7,38.431352,39.797581,1.366229,,,,,,measured_performance,Abreu; Guigou; Lembo; Regueiro; Romero; Silva; Varela
before-runtime-data-2.3.0,career,1938,Switzerland,72,7,36.348008,37.702112,1.354104,,,,,,measured_performance,Aeby; Aeby; Frigerio; Grassi; Kielholz; Rupf; Wagner
before-runtime-data-2.3.0,current,1938,Switzerland,72,7,36.348008,37.702112,1.354104,,,,,,measured_performance,Aeby; Aeby; Frigerio; Grassi; Kielholz; Rupf; Wagner
before-runtime-data-2.3.0,career,1978,Mexico,71,7,32.330288,33.648356,1.318068,,,,,,measured_performance,Cárdenas; Cisneros; Flores Ocaranza; Gómez; Medina; Rodríguez; Zarza
before-runtime-data-2.3.0,current,1978,Mexico,71,7,32.330288,33.648356,1.318068,,,,,,measured_performance,Cárdenas; Cisneros; Flores Ocaranza; Gómez; Medina; Rodríguez; Zarza
before-runtime-data-2.3.0,career,1978,Scotland,71,7,32.330288,33.648356,1.318068,,,,,,measured_performance,Blyth; Clark; Jardine; Johnston; Johnstone; Masson; Souness
before-runtime-data-2.3.0,current,1978,Scotland,71,7,32.330288,33.648356,1.318068,,,,,,measured_performance,Blyth; Clark; Jardine; Johnston; Johnstone; Masson; Souness
before-runtime-data-2.3.0,career,1978,Tunisia,71,7,32.330288,33.648356,1.318068,,,,,,measured_performance,Ben Aziza; Ben Mouza; Chehaibi; Hasni; Labidi; Limam; Sassi
before-runtime-data-2.3.0,current,1978,Tunisia,71,7,32.330288,33.648356,1.318068,,,,,,measured_performance,Ben Aziza; Ben Mouza; Chehaibi; Hasni; Labidi; Limam; Sassi
before-runtime-data-2.3.0,career,2018,Colombia,71,7,33.117392,34.278488,1.161096,,,,,,measured_performance,Aguilar; Borja; Cuadrado; Izquierdo; Murillo; Vargas; Zapata
before-runtime-data-2.3.0,current,2018,Colombia,71,7,33.117392,34.278488,1.161096,,,,,,measured_performance,Aguilar; Borja; Cuadrado; Izquierdo; Murillo; Vargas; Zapata
before-runtime-data-2.3.0,career,2018,Panama,71,7,33.117392,34.278488,1.161096,,,,,,measured_performance,Baloy; Calderón; Cummings; Díaz; Machado; Ovalle; Rodríguez
before-runtime-data-2.3.0,current,2018,Panama,71,7,33.117392,34.278488,1.161096,,,,,,measured_performance,Baloy; Calderón; Cummings; Díaz; Machado; Ovalle; Rodríguez
before-runtime-data-2.3.0,career,2018,Poland,71,7,33.117392,34.278488,1.161096,,,,,,measured_performance,Białkowski; Błaszczykowski; Cionek; Jędrzejczyk; Kurzawa; Milik; Peszko
before-runtime-data-2.3.0,current,2018,Poland,71,7,33.117392,34.278488,1.161096,,,,,,measured_performance,Białkowski; Błaszczykowski; Cionek; Jędrzejczyk; Kurzawa; Milik; Peszko
before-runtime-data-2.3.0,career,2026,Curaçao,73,7,40.0667,41.013711,0.947011,4,28,0,9,BEL|ENG|GRE|MAS|NED|SUI,measured_performance,Kastaneer (28 caps/9g); Roemeratoe (27 caps/1g); Antonisse (26 caps/3g); Margaritha (21 caps/5g); Comenencia (19 caps/1g); Chong (5 caps/3g); Bodak (4 caps/0g)
before-runtime-data-2.3.0,current,2026,Curaçao,73,7,40.0667,41.013711,0.947011,4,28,0,9,BEL|ENG|GRE|MAS|NED|SUI,measured_performance,Kastaneer (28 caps/9g); Roemeratoe (27 caps/1g); Antonisse (26 caps/3g); Margaritha (21 caps/5g); Comenencia (19 caps/1g); Chong (5 caps/3g); Bodak (4 caps/0g)
before-runtime-data-2.3.0,career,1994,Spain,87,7,60.695648,61.5412,0.845552,,,,,,measured_performance,Abelardo; Caminero; Ferrer; Goikoetxea; Hierro; Sergi; Zubizarreta
before-runtime-data-2.3.0,current,1994,Spain,87,7,60.695648,61.5412,0.845552,,,,,,measured_performance,Abelardo; Caminero; Ferrer; Goikoetxea; Hierro; Sergi; Zubizarreta
before-runtime-data-2.3.0,career,2006,Czech Republic,71,7,32.920006,33.749984,0.829978,,,,,,measured_performance,Baroš; Blažek; Heinz; Jarolím; Kinský; Kováč; Sionko
before-runtime-data-2.3.0,current,2006,Czech Republic,71,7,32.920006,33.749984,0.829978,,,,,,measured_performance,Baroš; Blažek; Heinz; Jarolím; Kinský; Kováč; Sionko
before-runtime-data-2.3.0,career,2006,Japan,71,7,32.920006,33.749984,0.829978,,,,,,measured_performance,Doi; Komano; Maki; Moniwa; Nakata; Narazaki; Ono
before-runtime-data-2.3.0,current,2006,Japan,71,7,32.920006,33.749984,0.829978,,,,,,measured_performance,Doi; Komano; Maki; Moniwa; Nakata; Narazaki; Ono
before-runtime-data-2.3.0,career,2006,Netherlands,71,7,32.920006,33.749984,0.829978,,,,,,measured_performance,Babel; de Cler; Jaliens; Maduro; Stekelenburg; Timmer; Vennegoor of Hesselink
before-runtime-data-2.3.0,current,2006,Netherlands,71,7,32.920006,33.749984,0.829978,,,,,,measured_performance,Babel; de Cler; Jaliens; Maduro; Stekelenburg; Timmer; Vennegoor of Hesselink
before-runtime-data-2.3.0,current,2006,Spain,71,7,32.920006,33.749984,0.829978,,,,,,measured_performance,Iniesta; Juanito; López; Marchena; Reina; Reyes; Salgado
before-runtime-data-2.3.0,career,2014,Belgium,71,7,32.806736,33.627584,0.820848,,,,,,measured_performance,Bossut; Defour; Januzaj; Lombaerts; Mignolet; Vanden Borre; Vermaelen
before-runtime-data-2.3.0,current,2014,Belgium,71,7,32.806736,33.627584,0.820848,,,,,,measured_performance,Bossut; Defour; Januzaj; Lombaerts; Mignolet; Vanden Borre; Vermaelen
before-runtime-data-2.3.0,career,1990,Austria,71,7,33.9266,34.742864,0.816264,,,,,,measured_performance,Glatzmayer; Keglevits; Konrad; Konsel; Linzmaier; Pfeifenberger; Reisinger
before-runtime-data-2.3.0,current,1990,Austria,71,7,33.9266,34.742864,0.816264,,,,,,measured_performance,Glatzmayer; Keglevits; Konrad; Konsel; Linzmaier; Pfeifenberger; Reisinger
before-runtime-data-2.3.0,career,1990,Republic of Ireland,71,7,33.9266,34.742864,0.816264,,,,,,measured_performance,Byrne; Kelly; Peyton; Sheridan; Slaven; Stapleton; Whelan
before-runtime-data-2.3.0,current,1990,Republic of Ireland,71,7,33.9266,34.742864,0.816264,,,,,,measured_performance,Byrne; Kelly; Peyton; Sheridan; Slaven; Stapleton; Whelan
before-runtime-data-2.3.0,career,2014,Brazil,88,7,61.796166,62.4951,0.698934,,,,,,measured_performance,César; Fernandinho; Fred; Gustavo; Oscar; Paulinho; Ramires
before-runtime-data-2.3.0,career,1934,Austria,88,7,61.847396,62.4846,0.637204,,,,,,measured_performance,Bican; Cisar; Horvath; Platzer; Schall; Sesta; Zischek
before-runtime-data-2.3.0,career,2018,Costa Rica,71,7,33.117392,33.749984,0.632592,,,,,,measured_performance,Azofeifa; Moreira; Pemberton; Smith; Tejeda; Wallace; Waston
before-runtime-data-2.3.0,current,2018,Costa Rica,71,7,33.117392,33.749984,0.632592,,,,,,measured_performance,Azofeifa; Moreira; Pemberton; Smith; Tejeda; Wallace; Waston
before-runtime-data-2.3.0,career,2018,Germany,71,7,33.117392,33.749984,0.632592,,,,,,measured_performance,Goretzka; Plattenhardt; Rüdiger; Rudy; Süle; ter Stegen; Trapp
before-runtime-data-2.3.0,career,2022,Switzerland,73,7,40.444448,41.04812,0.603672,,,,,,measured_performance,Cömert; Elvedi; Frei; Rieder; Schär; Vargas; Zakaria
before-runtime-data-2.3.0,current,2022,Switzerland,73,7,40.444448,41.04812,0.603672,,,,,,measured_performance,Cömert; Elvedi; Frei; Rieder; Schär; Vargas; Zakaria
before-runtime-data-2.3.0,career,2002,Sweden,86,7,59.529392,60.1211,0.591708,,,,,,measured_performance,Alexandersson; Hedman; Jakobsson; Lučić; Mellberg; Mjällby; Svensson
before-runtime-data-2.3.0,career,1970,Mexico,82,7,54.128,54.5474,0.4194,,,,,,measured_performance,Calderón; Fragoso; González; Guzmán; Pérez; Valdivia; Vantolrá
before-runtime-data-2.3.0,career,1930,Paraguay,71,7,34.165472,34.568298,0.402826,,,,,,measured_performance,Aguirre; Benítez; Domínguez; Etcheverry; Garcete; González; Romero
before-runtime-data-2.3.0,current,1930,Paraguay,71,7,34.165472,34.568298,0.402826,,,,,,measured_performance,Aguirre; Benítez; Domínguez; Etcheverry; Garcete; González; Romero
before-runtime-data-2.3.0,current,2026,England,88,7,61.9836,62.3652,0.3816,46,112,0,78,ENG|ESP|GER,measured_performance,Kane (112 caps/78g); Stones (87 caps/3g); Pickford (82 caps/0g); Rice (72 caps/6g); Rashford (70 caps/18g); Saka (48 caps/14g); Bellingham (46 caps/6g)
before-runtime-data-2.3.0,current,1958,West Germany,88,7,61.923891,62.2637,0.339809,,,,,,measured_performance,Erhardt; Herkenrath; Juskowiak; Schäfer; Seeler; Stollenwerk; Szymaniak
before-runtime-data-2.3.0,career,2022,Cameroon,73,7,40.444448,40.73601,0.291562,,,,,,measured_performance,Castelletto; Gouet; Hongla; Kunde; Nkoudou; Nkoulou; Ondoua
before-runtime-data-2.3.0,current,2022,Cameroon,73,7,40.444448,40.73601,0.291562,,,,,,measured_performance,Castelletto; Gouet; Hongla; Kunde; Nkoudou; Nkoulou; Ondoua
before-runtime-data-2.3.0,current,2018,Egypt,79,7,49.750016,50.03,0.279984,,,,,,measured_performance,Abdel Shafy; El Hadary; El Shenawy; Fathy; Gabr; Hegazi; Salah
before-runtime-data-2.3.0,career,2018,Saudi Arabia,79,7,49.750016,50,0.249984,,,,,,measured_performance,Al-Breik; Al-Faraj; Al-Mayouf; Al-Mosailem; Al-Owais; Al-Shahrani; Hawsawi
before-runtime-data-2.3.0,career,2014,South Korea,79,7,49.848752,50.0707,0.221948,,,,,,measured_performance,Hong; Jung; Kim; Koo; Lee; Lee; Yun
before-runtime-data-2.3.0,career,2022,Netherlands,88,7,62.030547,62.2497,0.219153,,,,,,measured_performance,Aké; Blind; de Jong; Dumfries; Gakpo; Klaassen; Noppert
before-runtime-data-2.3.0,career,2026,DR Congo,79,7,49.8488,50.0193,0.1705,28,108,0,21,ENG|ESP|FRA|TUR,measured_performance,Mbemba (108 caps/7g); Bakambu (69 caps/21g); Elia (68 caps/12g); Masuaku (45 caps/4g); Kayembe (42 caps/2g); Wissa (37 caps/9g); Mpasi (28 caps/0g)
before-runtime-data-2.3.0,current,2026,DR Congo,79,7,49.8488,50.0193,0.1705,28,108,0,21,ENG|ESP|FRA|TUR,measured_performance,Mbemba (108 caps/7g); Bakambu (69 caps/21g); Elia (68 caps/12g); Masuaku (45 caps/4g); Kayembe (42 caps/2g); Wissa (37 caps/9g); Mpasi (28 caps/0g)
before-runtime-data-2.3.0,career,1982,Northern Ireland,83,7,55.52,55.6767,0.1567,,,,,,measured_performance,Armstrong; Donaghy; Hamilton; Jennings; McClelland; Nicholl; Nicholl
before-runtime-data-2.3.0,current,1982,Northern Ireland,83,7,55.52,55.6767,0.1567,,,,,,measured_performance,Armstrong; Donaghy; Hamilton; Jennings; McClelland; Nicholl; Nicholl
before-runtime-data-2.3.0,career,2026,Jordan,79,7,49.8488,50,0.1512,56,91,0,29,FRA|IRQ|JOR|KOR|QAT,measured_performance,Haddad (91 caps/2g); Taamari (91 caps/24g); Arab (79 caps/3g); Abulaila (75 caps/0g); Olwan (65 caps/29g); Nasib (64 caps/3g); Sadeh (56 caps/3g)
before-runtime-data-2.3.0,current,2026,Jordan,79,7,49.8488,50,0.1512,56,91,0,29,FRA|IRQ|JOR|KOR|QAT,measured_performance,Haddad (91 caps/2g); Taamari (91 caps/24g); Arab (79 caps/3g); Abulaila (75 caps/0g); Olwan (65 caps/29g); Nasib (64 caps/3g); Sadeh (56 caps/3g)
before-runtime-data-2.3.0,career,1950,Sweden,88,7,62.346621,62.4392,0.092579,,,,,,measured_performance,Andersson; Gärd; Jeppson; Nilsson; Palmér; Samuelsson; Sundqvist
before-runtime-data-2.3.0,current,1950,Sweden,88,7,62.346621,62.4392,0.092579,,,,,,measured_performance,Andersson; Gärd; Jeppson; Nilsson; Palmér; Samuelsson; Sundqvist
before-runtime-data-2.3.0,career,2026,Ghana,79,7,50,50,0,18,120,0,34,ENG|ESP|FRA|SUI,measured_performance,Ayew (120 caps/34g); Partey (57 caps/15g); Mensah (40 caps/0g); Semenyo (34 caps/3g); Ati-Zigi (29 caps/0g); Fatawu (28 caps/3g); Nuamah (18 caps/4g)
before-runtime-data-2.3.0,current,2026,Ghana,79,7,50,50,0,18,120,0,34,ENG|ESP|FRA|SUI,measured_performance,Ayew (120 caps/34g); Partey (57 caps/15g); Mensah (40 caps/0g); Semenyo (34 caps/3g); Ati-Zigi (29 caps/0g); Fatawu (28 caps/3g); Nuamah (18 caps/4g)
before-runtime-data-2.3.0,current,2026,South Korea,82,7,54.2682,54.2682,0,47,144,0,56,ENG|FRA|GER|JPN|NED|USA,measured_performance,Son (144 caps/56g); Lee (105 caps/15g); Kim (87 caps/0g); Hwang (79 caps/17g); Min-jae (79 caps/4g); In-beom (73 caps/6g); Kang-in (47 caps/11g)
before-runtime-data-2.3.0,career,2026,Tunisia,79,7,50.03,50.03,0,37,82,0,7,ENG|FRA|GER|SUI|TUN,measured_performance,Skhiri (82 caps/4g); Talbi (63 caps/4g); Bronn (52 caps/2g); Abdi (46 caps/7g); Mejbri (45 caps/1g); Ben Slimane (40 caps/4g); Dahmen (37 caps/0g)
before-runtime-data-2.3.0,current,2026,Tunisia,79,7,50.03,50.03,0,37,82,0,7,ENG|FRA|GER|SUI|TUN,measured_performance,Skhiri (82 caps/4g); Talbi (63 caps/4g); Bronn (52 caps/2g); Abdi (46 caps/7g); Mejbri (45 caps/1g); Ben Slimane (40 caps/4g); Dahmen (37 caps/0g)
before-runtime-data-2.3.0,career,2022,Ghana,79,7,50,50,0,,,,,,measured_performance,Amartey; Ati-Zigi; Ayew; Bukari; Kudus; Rahman; Salisu
before-runtime-data-2.3.0,current,2022,Ghana,79,7,50,50,0,,,,,,measured_performance,Amartey; Ati-Zigi; Ayew; Bukari; Kudus; Rahman; Salisu
before-runtime-data-2.3.0,current,2022,Poland,84,7,57.4299,57.4299,0,,,,,,measured_performance,Bereszyński; Cash; Glik; Kiwior; Lewandowski; Szczęsny; Zieliński
before-runtime-data-2.3.0,current,2022,Saudi Arabia,79,7,50,50,0,,,,,,measured_performance,Abdulhamid; Al-Amri; Al-Bulaihi; Al-Dawsari; Al-Ghannam; Al-Owais; Al-Shehri
before-runtime-data-2.3.0,career,2018,Sweden,85,7,57.9082,57.9082,0,,,,,,measured_performance,Augustinsson; Forsberg; Granqvist; Lindelöf; Lustig; Olsen; Toivonen
before-runtime-data-2.3.0,current,2018,Sweden,85,7,57.9082,57.9082,0,,,,,,measured_performance,Augustinsson; Forsberg; Granqvist; Lindelöf; Lustig; Olsen; Toivonen
before-runtime-data-2.3.0,current,2014,Germany,88,7,62.4549,62.4549,0,,,,,,measured_performance,Götze; Khedira; Klose; Kroos; Özil; Schürrle; Schweinsteiger
before-runtime-data-2.3.0,career,2014,Nigeria,81,7,53.1549,53.1549,0,,,,,,measured_performance,Ambrose; Enyeama; Musa; Odemwingie; Omeruo; Oshaniwa; Yobo
before-runtime-data-2.3.0,current,2014,Nigeria,81,7,53.1549,53.1549,0,,,,,,measured_performance,Ambrose; Enyeama; Musa; Odemwingie; Omeruo; Oshaniwa; Yobo
before-runtime-data-2.3.0,career,2010,New Zealand,79,7,50,50,0,,,,,,measured_performance,Lochhead; Nelsen; Paston; Reid; Smeltz; Smith; Vicelich
before-runtime-data-2.3.0,current,2010,New Zealand,79,7,50,50,0,,,,,,measured_performance,Lochhead; Nelsen; Paston; Reid; Smeltz; Smith; Vicelich
before-runtime-data-2.3.0,current,2010,United States,85,7,58.9188,58.9188,0,,,,,,measured_performance,Bocanegra; Bradley; Cherundolo; DeMerit; Dempsey; Donovan; Howard
before-runtime-data-2.3.0,current,2006,England,88,7,62.2683,62.2683,0,,,,,,measured_performance,Beckham; Cole; Cole; Ferdinand; Gerrard; Robinson; Terry
before-runtime-data-2.3.0,career,2006,Saudi Arabia,79,7,50.2944,50.2944,0,,,,,,measured_performance,Abdulghani; Al-Dokhi; Al-Jaber; Al-Montashari; Al-Qahtani; Tukar; Zaid
before-runtime-data-2.3.0,current,2006,Saudi Arabia,79,7,50.2944,50.2944,0,,,,,,measured_performance,Abdulghani; Al-Dokhi; Al-Jaber; Al-Montashari; Al-Qahtani; Tukar; Zaid
before-runtime-data-2.3.0,current,2002,England,88,7,61.7308,61.7308,0,,,,,,measured_performance,Beckham; Campbell; Cole; Ferdinand; Mills; Owen; Seaman
before-runtime-data-2.3.0,career,1998,Paraguay,82,7,54.6512,54.6512,0,,,,,,measured_performance,Ayala; Benítez; Caniza; Cardozo; Chilavert; Gamarra; Sarabia
before-runtime-data-2.3.0,current,1998,Paraguay,82,7,54.6512,54.6512,0,,,,,,measured_performance,Ayala; Benítez; Caniza; Cardozo; Chilavert; Gamarra; Sarabia
before-runtime-data-2.3.0,career,1990,Republic of Ireland,86,7,60.3273,60.3273,0,,,,,,measured_performance,Bonner; McCarthy; McGrath; Moran; Morris; Sheedy; Staunton
before-runtime-data-2.3.0,current,1990,Republic of Ireland,86,7,60.3273,60.3273,0,,,,,,measured_performance,Bonner; McCarthy; McGrath; Moran; Morris; Sheedy; Staunton
before-runtime-data-2.3.0,career,1986,Belgium,85,7,57.9526,57.9526,0,,,,,,measured_performance,Claesen; Demol; Grün; Renquin; Vercauteren; Vervoort; Veyt
before-runtime-data-2.3.0,career,1962,Czechoslovakia,88,7,62.2637,62.2637,0,,,,,,measured_performance,Kadraba; Lála; Novák; Pluskal; Popluhár; Scherer; Schrojf
before-runtime-data-2.3.0,career,1958,France,87,7,60.893,60.893,0,,,,,,measured_performance,Abbes; Kaelbel; Lerond; Penverne; Piantoni; Vincent; Wisnieski
before-runtime-data-2.3.0,career,1958,Sweden,86,7,60.3273,60.3273,0,,,,,,measured_performance,Axbom; Bergmark; Gustavsson; Hamrin; Parling; Simonsson; Skoglund
before-runtime-data-2.3.0,career,1954,South Korea,66,7,20,20,0,,,,,,baseline_anchor_estimate,Ham; Han; Hong; Li; Min; Park; Park
before-runtime-data-2.3.0,current,1954,South Korea,66,7,20,20,0,,,,,,baseline_anchor_estimate,Ham; Han; Hong; Li; Min; Park; Park
before-runtime-data-2.3.0,career,1934,Sweden,72,7,37.142864,37.142864,0,,,,,,measured_performance,Bunke; Gustavsson; Holmberg; Jansson; Lundahl; Olsson; Thörn
before-runtime-data-2.3.0,current,1934,Sweden,72,7,37.142864,37.142864,0,,,,,,measured_performance,Bunke; Gustavsson; Holmberg; Jansson; Lundahl; Olsson; Thörn
before-runtime-data-2.3.0,career,1930,Argentina,88,7,62.5,62.5,0,,,,,,measured_performance,Bossio; Evaristo; Evaristo; Monti; Paternoster; Peucelle; Varallo
before-runtime-data-2.3.0,current,1930,Argentina,88,7,62.5,62.5,0,,,,,,measured_performance,Bossio; Evaristo; Evaristo; Monti; Paternoster; Peucelle; Varallo
before-runtime-data-2.3.0,career,1930,Uruguay,88,7,62.3652,62.3652,0,,,,,,measured_performance,Anselmo; Castro; Dorado; Fernández; Gestido; Iriarte; Mascheroni
before-runtime-data-2.3.0,current,1986,Brazil,88,6,61.820336,69.157823,7.337487,,,,,,measured_performance,Branco; Careca; Carlos; César; Edinho; Sócrates
before-runtime-data-2.3.0,career,1966,England,73,6,41.000112,48,6.999888,,,,,,baseline_anchor_estimate|measured_performance,Armfield; Bonetti; Byrne; Callaghan; Hunter; Springett
before-runtime-data-2.3.0,current,1966,England,73,6,41.000112,48,6.999888,,,,,,baseline_anchor_estimate|measured_performance,Armfield; Bonetti; Byrne; Callaghan; Hunter; Springett
before-runtime-data-2.3.0,career,1978,Sweden,72,6,35.890112,39.912092,4.02198,,,,,,measured_performance,Edström; Larsson; Nilsson; Tapper; Torstensson; Wendt
before-runtime-data-2.3.0,current,1978,Sweden,72,6,35.890112,39.912092,4.02198,,,,,,measured_performance,Edström; Larsson; Nilsson; Tapper; Torstensson; Wendt
before-runtime-data-2.3.0,career,1962,Brazil,73,6,44,48,4,,,,,,baseline_anchor_estimate,Altair; Bellini; Castilho; Jurandir; Marinho; Ramos
before-runtime-data-2.3.0,current,1962,Brazil,73,6,44,48,4,,,,,,baseline_anchor_estimate,Altair; Bellini; Castilho; Jurandir; Marinho; Ramos
before-runtime-data-2.3.0,career,2026,Czech Republic,72,6,35.408147,39.3571,3.948953,13,40,1,6,CZE|GER,measured_performance,Holes (40 caps/2g); Kuchta (31 caps/3g); Chory (21 caps/6g); Jurasek (17 caps/1g); Cerv (16 caps/2g); Hranac (13 caps/1g)
before-runtime-data-2.3.0,current,2026,Czech Republic,72,6,35.408147,39.3571,3.948953,13,40,1,6,CZE|GER,measured_performance,Holes (40 caps/2g); Kuchta (31 caps/3g); Chory (21 caps/6g); Jurasek (17 caps/1g); Cerv (16 caps/2g); Hranac (13 caps/1g)
before-runtime-data-2.3.0,career,1982,Kuwait,72,6,36.107379,39.779869,3.67249,,,,,,measured_performance,Al-Anberi; Al-Shemmari; Al-Suwayed; Kameel; Karam; Yaqoub
before-runtime-data-2.3.0,career,2026,Mexico,72,6,35.5493,39.0634,3.5141,6,26,0,3,BEL|ESP|MEX|NED,measured_performance,Huerta (26 caps/3g); Chavez (9 caps/0g); Acevedo (7 caps/0g); Mora (7 caps/0g); Gutierrez (6 caps/2g); Vargas (6 caps/0g)
before-runtime-data-2.3.0,current,2026,Mexico,72,6,35.5493,39.0634,3.5141,6,26,0,3,BEL|ESP|MEX|NED,measured_performance,Huerta (26 caps/3g); Chavez (9 caps/0g); Acevedo (7 caps/0g); Mora (7 caps/0g); Gutierrez (6 caps/2g); Vargas (6 caps/0g)
before-runtime-data-2.3.0,career,2026,Uruguay,72,6,36.348,39.721132,3.373132,8,39,0,2,BRA|ESP|GRE|MEX|POR,measured_performance,Pellistri (39 caps/2g); Varela (28 caps/0g); Canobbio (15 caps/1g); Vinas (11 caps/2g); Mele (8 caps/0g); Zalazar (8 caps/2g)
before-runtime-data-2.3.0,current,2026,Uruguay,72,6,36.348,39.721132,3.373132,8,39,0,2,BRA|ESP|GRE|MEX|POR,measured_performance,Pellistri (39 caps/2g); Varela (28 caps/0g); Canobbio (15 caps/1g); Vinas (11 caps/2g); Mele (8 caps/0g); Zalazar (8 caps/2g)
before-runtime-data-2.3.0,career,2026,Sweden,72,6,36.348,39.6709,3.3229,3,33,0,5,CYP|ENG|ESP|SCO,measured_performance,Sema (33 caps/5g); Starfelt (17 caps/0g); Ekdal (12 caps/0g); Nygren (10 caps/3g); Bergvall (9 caps/0g); Widell Zetterstrom (3 caps/0g)
before-runtime-data-2.3.0,current,2026,Sweden,72,6,36.348,39.6709,3.3229,3,33,0,5,CYP|ENG|ESP|SCO,measured_performance,Sema (33 caps/5g); Starfelt (17 caps/0g); Ekdal (12 caps/0g); Nygren (10 caps/3g); Bergvall (9 caps/0g); Widell Zetterstrom (3 caps/0g)
before-runtime-data-2.3.0,career,2026,Haiti,71,6,31.450641,34.75,3.299359,3,16,0,3,BEL|ENG|FRA|USA,measured_performance,Duverne (16 caps/1g); Lacroix (15 caps/3g); Bellegarde (9 caps/0g); Paugain (7 caps/0g); Casimir (6 caps/0g); Isidor (3 caps/1g)
before-runtime-data-2.3.0,current,2026,Haiti,71,6,31.450641,34.75,3.299359,3,16,0,3,BEL|ENG|FRA|USA,measured_performance,Duverne (16 caps/1g); Lacroix (15 caps/3g); Bellegarde (9 caps/0g); Paugain (7 caps/0g); Casimir (6 caps/0g); Isidor (3 caps/1g)
before-runtime-data-2.3.0,career,2002,Uruguay,71,6,31.999988,35.294096,3.294108,,,,,,measured_performance,de los Santos; Elduayen; Magallanes; Méndez; Munúa; Olivera
before-runtime-data-2.3.0,current,2002,Uruguay,71,6,31.999988,35.294096,3.294108,,,,,,measured_performance,de los Santos; Elduayen; Magallanes; Méndez; Munúa; Olivera
before-runtime-data-2.3.0,career,2010,Cameroon,72,6,36.705872,39.882344,3.176472,,,,,,measured_performance,Aboubakar; Choupo-Moting; Emaná; Enoh; Idrissou; Webó
before-runtime-data-2.3.0,current,2010,Cameroon,72,6,36.705872,39.882344,3.176472,,,,,,measured_performance,Aboubakar; Choupo-Moting; Emaná; Enoh; Idrissou; Webó
before-runtime-data-2.3.0,current,2010,France,72,6,36.705872,39.882344,3.176472,,,,,,measured_performance,Anelka; Gignac; Gourcuff; Govou; Henry; Toulalan
before-runtime-data-2.3.0,career,2010,Nigeria,72,6,36.705872,39.882344,3.176472,,,,,,measured_performance,Haruna; Kaita; Martins; Obasi; Obinna; Odemwingie
before-runtime-data-2.3.0,current,2010,Nigeria,72,6,36.705872,39.882344,3.176472,,,,,,measured_performance,Haruna; Kaita; Martins; Obasi; Obinna; Odemwingie
before-runtime-data-2.3.0,career,1998,Belgium,72,6,36.398269,39.540524,3.142255,,,,,,measured_performance,Boffin; Clement; Mpenza; Oliveira; Scifo; Vidović
before-runtime-data-2.3.0,current,1998,Belgium,72,6,36.398269,39.540524,3.142255,,,,,,measured_performance,Boffin; Clement; Mpenza; Oliveira; Scifo; Vidović
before-runtime-data-2.3.0,career,1982,Cameroon,71,6,31.81538,34.953848,3.138468,,,,,,measured_performance,Bahoken; Bell; Ebongué; Eyobo; N'Guea; Tchobang
before-runtime-data-2.3.0,current,1982,Cameroon,71,6,31.81538,34.953848,3.138468,,,,,,measured_performance,Bahoken; Bell; Ebongué; Eyobo; N'Guea; Tchobang
before-runtime-data-2.3.0,current,1982,England,71,6,31.81538,34.953848,3.138468,,,,,,measured_performance,Clemence; Corrigan; Foster; Keegan; Withe; Woodcock
before-runtime-data-2.3.0,career,1982,Hungary,71,6,31.81538,34.953848,3.138468,,,,,,measured_performance,Bodonyi; Katzirz; Kerekes; Kiss; Rab; Törőcsik
before-runtime-data-2.3.0,current,1982,Hungary,71,6,31.81538,34.953848,3.138468,,,,,,measured_performance,Bodonyi; Katzirz; Kerekes; Kiss; Rab; Törőcsik
before-runtime-data-2.3.0,career,2018,Saudi Arabia,72,6,36.556964,39.670892,3.113928,,,,,,measured_performance,Al-Jassim; Al-Mogahwi; Al-Muwallad; Al-Sahlawi; Al-Shehri; Assiri
before-runtime-data-2.3.0,current,2018,Saudi Arabia,72,6,36.556964,39.670892,3.113928,,,,,,measured_performance,Al-Jassim; Al-Mogahwi; Al-Muwallad; Al-Sahlawi; Al-Shehri; Assiri
before-runtime-data-2.3.0,career,1962,Argentina,71,6,31.47896,34.574528,3.095568,,,,,,measured_performance,González; Pando; Rattín; Roma; Rossi; Sosa
before-runtime-data-2.3.0,current,1962,Argentina,71,6,31.47896,34.574528,3.095568,,,,,,measured_performance,González; Pando; Rattín; Roma; Rossi; Sosa
before-runtime-data-2.3.0,current,1962,Italy,71,6,31.47896,34.574528,3.095568,,,,,,measured_performance,Buffon; Maschio; Pascutti; Rivera; Sormani; Tumburus
before-runtime-data-2.3.0,career,2002,Cameroon,71,6,32.201696,35.294096,3.0924,,,,,,measured_performance,Job; Kameni; Ndiefi; Njanka; Songo'o; Suffo
before-runtime-data-2.3.0,current,2002,Cameroon,71,6,32.201696,35.294096,3.0924,,,,,,measured_performance,Job; Kameni; Ndiefi; Njanka; Songo'o; Suffo
before-runtime-data-2.3.0,career,2002,Portugal,71,6,32.201696,35.294096,3.0924,,,,,,measured_performance,Capucho; Frechaut; Gomes; Pereira; Ricardo; Xavier
before-runtime-data-2.3.0,current,2002,Portugal,71,6,32.201696,35.294096,3.0924,,,,,,measured_performance,Capucho; Frechaut; Gomes; Pereira; Ricardo; Xavier
before-runtime-data-2.3.0,career,2002,Spain,71,6,32.201696,35.294096,3.0924,,,,,,measured_performance,Contreras; Luque; Ricardo; Sergio; Torres; Tristán
before-runtime-data-2.3.0,current,2002,Spain,71,6,32.201696,35.294096,3.0924,,,,,,measured_performance,Contreras; Luque; Ricardo; Sergio; Torres; Tristán
before-runtime-data-2.3.0,career,2002,Denmark,71,6,31.999988,35.05543,3.055442,,,,,,measured_performance,Christiansen; Jensen; Kjær; Løvenkrands; Madsen; Steen Nielsen
before-runtime-data-2.3.0,current,2002,Denmark,71,6,31.999988,35.05543,3.055442,,,,,,measured_performance,Christiansen; Jensen; Kjær; Løvenkrands; Madsen; Steen Nielsen
before-runtime-data-2.3.0,career,2026,Bosnia and Herzegovina,72,6,35.5493,38.6007,3.0514,9,19,0,4,AUT|GER|NED|SUI,measured_performance,Burnic (19 caps/0g); Gigovic (19 caps/1g); Katic (16 caps/1g); Bajraktarevic (15 caps/1g); Tabakovic (10 caps/4g); Alajbegovic (9 caps/1g)
before-runtime-data-2.3.0,current,2026,Bosnia and Herzegovina,72,6,35.5493,38.6007,3.0514,9,19,0,4,AUT|GER|NED|SUI,measured_performance,Burnic (19 caps/0g); Gigovic (19 caps/1g); Katic (16 caps/1g); Bajraktarevic (15 caps/1g); Tabakovic (10 caps/4g); Alajbegovic (9 caps/1g)
before-runtime-data-2.3.0,career,2022,Uruguay,71,6,32.160416,35.208548,3.048132,,,,,,measured_performance,Cáceres; Canobbio; Gómez; Muslera; Sosa; Torres
before-runtime-data-2.3.0,current,2022,Uruguay,71,6,32.160416,35.208548,3.048132,,,,,,measured_performance,Cáceres; Canobbio; Gómez; Muslera; Sosa; Torres
before-runtime-data-2.3.0,career,2026,Sweden,71,6,32.1604,35.1795,3.0191,7,24,0,3,BEL|GER|ITA|POR|SWE,measured_performance,Karlstrom (24 caps/0g); Nordfeldt (20 caps/0g); Bernhardsson (10 caps/0g); Lagerbielke (10 caps/2g); Nilsson (9 caps/3g); Zeneli (7 caps/0g)
before-runtime-data-2.3.0,current,2026,Sweden,71,6,32.1604,35.1795,3.0191,7,24,0,3,BEL|GER|ITA|POR|SWE,measured_performance,Karlstrom (24 caps/0g); Nordfeldt (20 caps/0g); Bernhardsson (10 caps/0g); Lagerbielke (10 caps/2g); Nilsson (9 caps/3g); Zeneli (7 caps/0g)
before-runtime-data-2.3.0,career,2026,Senegal,71,6,32.2017,35.1795,2.9778,1,22,0,4,FRA|GER|ISR|ITA|TUR,measured_performance,Seck (22 caps/4g); Ndiaye (18 caps/4g); Diao (5 caps/0g); Diaw (5 caps/0g); Diouf (2 caps/0g); Sapoko Ndiaye (1 caps/0g)
before-runtime-data-2.3.0,current,2026,Senegal,71,6,32.2017,35.1795,2.9778,1,22,0,4,FRA|GER|ISR|ITA|TUR,measured_performance,Seck (22 caps/4g); Ndiaye (18 caps/4g); Diao (5 caps/0g); Diaw (5 caps/0g); Diouf (2 caps/0g); Sapoko Ndiaye (1 caps/0g)
before-runtime-data-2.3.0,career,2006,Japan,72,6,35.7875,38.75,2.9625,,,,,,measured_performance,Fukunishi; Inamoto; Ogasawara; Oguro; Takahara; Yanagisawa
before-runtime-data-2.3.0,current,2006,Japan,72,6,35.7875,38.75,2.9625,,,,,,measured_performance,Fukunishi; Inamoto; Ogasawara; Oguro; Takahara; Yanagisawa
before-runtime-data-2.3.0,career,1970,Italy,73,6,39.992,42.933344,2.941344,,,,,,measured_performance,Furino; Gori; Juliano; Niccolai; Poletti; Prati
before-runtime-data-2.3.0,current,1970,Italy,73,6,39.992,42.933344,2.941344,,,,,,measured_performance,Furino; Gori; Juliano; Niccolai; Poletti; Prati
before-runtime-data-2.3.0,career,1970,Uruguay,72,6,36.912,39.853344,2.941344,,,,,,measured_performance,Bareño; Corbo; Gómez; Rocha; Sandoval; Santos
before-runtime-data-2.3.0,current,1970,Uruguay,72,6,36.912,39.853344,2.941344,,,,,,measured_performance,Bareño; Corbo; Gómez; Rocha; Sandoval; Santos
before-runtime-data-2.3.0,career,2026,Morocco,71,6,32.2791,35.2085,2.9294,1,18,0,0,EGY|ENG|FRA|GER,measured_performance,Belammari (18 caps/0g); Yassine (5 caps/0g); Bouaddi (3 caps/0g); Diop (3 caps/0g); Mourabet (3 caps/0g); Amaimouni (1 caps/0g)
before-runtime-data-2.3.0,current,2026,Morocco,71,6,32.2791,35.2085,2.9294,1,18,0,0,EGY|ENG|FRA|GER,measured_performance,Belammari (18 caps/0g); Yassine (5 caps/0g); Bouaddi (3 caps/0g); Diop (3 caps/0g); Mourabet (3 caps/0g); Amaimouni (1 caps/0g)
before-runtime-data-2.3.0,career,2022,Ghana,71,6,32.355536,35.208548,2.853012,,,,,,measured_performance,Danlad; Issahaku; Manaf Nurudeen; Mensah; Odoi; Semenyo
before-runtime-data-2.3.0,current,2022,Ghana,71,6,32.355536,35.208548,2.853012,,,,,,measured_performance,Danlad; Issahaku; Manaf Nurudeen; Mensah; Odoi; Semenyo
before-runtime-data-2.3.0,career,2022,United States,71,6,32.355536,35.208548,2.853012,,,,,,measured_performance,Carter-Vickers; Ferreira; Horvath; Johnson; Morris; Reyna
before-runtime-data-2.3.0,current,2022,United States,71,6,32.355536,35.208548,2.853012,,,,,,measured_performance,Carter-Vickers; Ferreira; Horvath; Johnson; Morris; Reyna
before-runtime-data-2.3.0,career,1962,Spain,72,6,35.887328,38.67896,2.791632,,,,,,measured_performance,del Sol; Gràcia; Pachín; Rodri; Santamaría; Vergés
before-runtime-data-2.3.0,career,2022,South Korea,71,6,32.355536,35.080726,2.72519,,,,,,measured_performance,Bum-keun; Chang-hoon; Hong; Jo; Woo-yeong; Yu-min
before-runtime-data-2.3.0,current,2022,South Korea,71,6,32.355536,35.080726,2.72519,,,,,,measured_performance,Bum-keun; Chang-hoon; Hong; Jo; Woo-yeong; Yu-min
before-runtime-data-2.3.0,career,2022,Switzerland,71,6,32.355536,35.080726,2.72519,,,,,,measured_performance,Aebischer; Fassnacht; Jashari; Köhn; Omlin; Steffen
before-runtime-data-2.3.0,current,2022,Switzerland,71,6,32.355536,35.080726,2.72519,,,,,,measured_performance,Aebischer; Fassnacht; Jashari; Köhn; Omlin; Steffen
before-runtime-data-2.3.0,career,1998,Cameroon,71,6,32.104352,34.808528,2.704176,,,,,,measured_performance,Andem; Boukar; Lauren; Mahouvé; Pensée; Simo
before-runtime-data-2.3.0,career,1998,Colombia,71,6,32.104352,34.808528,2.704176,,,,,,measured_performance,Asprilla; Bolaño; Calero; Córdoba; Moreno; Ricard
before-runtime-data-2.3.0,current,1998,Colombia,71,6,32.104352,34.808528,2.704176,,,,,,measured_performance,Asprilla; Bolaño; Calero; Córdoba; Moreno; Ricard
before-runtime-data-2.3.0,career,1998,Iran,71,6,32.104352,34.808528,2.704176,,,,,,measured_performance,Boroumand; Dinmohammadi; Latifi; Peyrovani; Saadavi; Seraj
before-runtime-data-2.3.0,current,1998,Iran,71,6,32.104352,34.808528,2.704176,,,,,,measured_performance,Boroumand; Dinmohammadi; Latifi; Peyrovani; Saadavi; Seraj
before-runtime-data-2.3.0,career,1998,Japan,71,6,32.104352,34.808528,2.704176,,,,,,measured_performance,Kojima; Morishima; Narazaki; Okano; Omura; Ono
before-runtime-data-2.3.0,current,1998,Japan,71,6,32.104352,34.808528,2.704176,,,,,,measured_performance,Kojima; Morishima; Narazaki; Okano; Omura; Ono
before-runtime-data-2.3.0,career,1998,Morocco,71,6,32.104352,34.808528,2.704176,,,,,,measured_performance,Chadili; El Brazi; Ouakili; Rokki; Sellami; Triki
before-runtime-data-2.3.0,current,1998,Morocco,71,6,32.104352,34.808528,2.704176,,,,,,measured_performance,Chadili; El Brazi; Ouakili; Rokki; Sellami; Triki
before-runtime-data-2.3.0,career,1998,Norway,71,6,32.104352,34.808528,2.704176,,,,,,measured_performance,Baardsen; Flo; Halle; Jakobsen; Myhre; Østenstad
before-runtime-data-2.3.0,current,1998,Norway,71,6,32.104352,34.808528,2.704176,,,,,,measured_performance,Baardsen; Flo; Halle; Jakobsen; Myhre; Østenstad
before-runtime-data-2.3.0,career,1998,Romania,71,6,32.104352,34.808528,2.704176,,,,,,measured_performance,Craioveanu; Doboș; Dulca; Dumitrescu; Prunea; Stângaciu
before-runtime-data-2.3.0,current,1998,Romania,71,6,32.104352,34.808528,2.704176,,,,,,measured_performance,Craioveanu; Doboș; Dulca; Dumitrescu; Prunea; Stângaciu
before-runtime-data-2.3.0,career,1998,Saudi Arabia,71,6,32.104352,34.808528,2.704176,,,,,,measured_performance,Al-Antaif; Al-Dokhi; Al-Dosari; Al-Mehallel; Al-Sadiq; Al-Temyat
before-runtime-data-2.3.0,current,1998,Saudi Arabia,71,6,32.104352,34.808528,2.704176,,,,,,measured_performance,Al-Antaif; Al-Dokhi; Al-Dosari; Al-Mehallel; Al-Sadiq; Al-Temyat
before-runtime-data-2.3.0,career,2026,Belgium,71,6,32.1044,34.8085,2.7041,0,12,0,1,BEL|FRA|SCO,measured_performance,Raskin (12 caps/1g); Seys (5 caps/0g); Ngoy (3 caps/0g); Moreira (2 caps/0g); Fernandez-Pardo (1 caps/0g); Penders (0 caps/0g)
before-runtime-data-2.3.0,current,2026,Belgium,71,6,32.1044,34.8085,2.7041,0,12,0,1,BEL|FRA|SCO,measured_performance,Raskin (12 caps/1g); Seys (5 caps/0g); Ngoy (3 caps/0g); Moreira (2 caps/0g); Fernandez-Pardo (1 caps/0g); Penders (0 caps/0g)
before-runtime-data-2.3.0,career,1998,England,71,6,32.13391,34.808528,2.674618,,,,,,measured_performance,Ferdinand; Flowers; Lee; Martyn; McManaman; Merson
before-runtime-data-2.3.0,current,1998,England,71,6,32.13391,34.808528,2.674618,,,,,,measured_performance,Ferdinand; Flowers; Lee; Martyn; McManaman; Merson
before-runtime-data-2.3.0,career,1998,South Africa,71,6,32.13391,34.808528,2.674618,,,,,,measured_performance,Baloyi; Evans; Gopane; Khumalo; Phiri; Sikhosana
before-runtime-data-2.3.0,current,1998,South Africa,71,6,32.13391,34.808528,2.674618,,,,,,measured_performance,Baloyi; Evans; Gopane; Khumalo; Phiri; Sikhosana
before-runtime-data-2.3.0,career,1998,Mexico,72,6,36.398269,38.991296,2.593027,,,,,,measured_performance,Bernal; Carmona; Luna; Ordiales; Palencia; Sánchez
before-runtime-data-2.3.0,current,1998,Mexico,72,6,36.398269,38.991296,2.593027,,,,,,measured_performance,Bernal; Carmona; Luna; Ordiales; Palencia; Sánchez
before-runtime-data-2.3.0,career,2026,Bosnia and Herzegovina,71,6,32.3555,34.8085,2.453,1,16,0,1,CRO|CZE|FRA|KAZ|POL|TUR,measured_performance,Basic (16 caps/0g); Bazdar (12 caps/1g); Memic (12 caps/1g); Mujakic (11 caps/1g); Zlomislic (3 caps/0g); Celik (1 caps/0g)
before-runtime-data-2.3.0,current,2026,Bosnia and Herzegovina,71,6,32.3555,34.8085,2.453,1,16,0,1,CRO|CZE|FRA|KAZ|POL|TUR,measured_performance,Basic (16 caps/0g); Bazdar (12 caps/1g); Memic (12 caps/1g); Mujakic (11 caps/1g); Zlomislic (3 caps/0g); Celik (1 caps/0g)
before-runtime-data-2.3.0,career,1970,El Salvador,72,6,36.333344,38.666684,2.33334,,,,,,measured_performance,Martínez; Méndez; Monge; Portillo; Quintanilla; Sarmeno
before-runtime-data-2.3.0,current,1970,El Salvador,72,6,36.333344,38.666684,2.33334,,,,,,measured_performance,Martínez; Méndez; Monge; Portillo; Quintanilla; Sarmeno
before-runtime-data-2.3.0,career,2010,Spain,88,6,62.4988,64.787328,2.288528,,,,,,career_stature_estimate|measured_performance,Alonso; Busquets; Capdevila; Fàbregas; Marchena; Piqué
before-runtime-data-2.3.0,career,1994,Colombia,71,6,31.578956,33.84212,2.263164,,,,,,measured_performance,Aristizábal; Gómez; Mendoza; Mondragón; Pazo; Valenciano
before-runtime-data-2.3.0,current,1994,Colombia,71,6,31.578956,33.84212,2.263164,,,,,,measured_performance,Aristizábal; Gómez; Mendoza; Mondragón; Pazo; Valenciano
before-runtime-data-2.3.0,career,1986,Iraq,72,6,37.200008,39.450008,2.25,,,,,,measured_performance,Gorgis; Hameed; Mohammed; Qasim; Saddam; Shaker
before-runtime-data-2.3.0,current,1986,Iraq,72,6,37.200008,39.450008,2.25,,,,,,measured_performance,Gorgis; Hameed; Mohammed; Qasim; Saddam; Shaker
before-runtime-data-2.3.0,career,1966,Brazil,72,6,37.38776,39.611878,2.224118,,,,,,measured_performance,Alcindo; Altair; Bellini; Denílson; Edu; Gilmar
before-runtime-data-2.3.0,career,1966,France,72,6,37.38776,39.611878,2.224118,,,,,,measured_performance,Baraffe; Couécou; Herbet; Herbin; Robuschi; Simon
before-runtime-data-2.3.0,current,1966,France,72,6,37.38776,39.611878,2.224118,,,,,,measured_performance,Baraffe; Couécou; Herbet; Herbin; Robuschi; Simon
before-runtime-data-2.3.0,career,1966,Hungary,72,6,37.38776,39.611878,2.224118,,,,,,measured_performance,Fenyvesi; Mathesz; Molnár; Nagy; Puskás; Tichy
before-runtime-data-2.3.0,current,1966,Hungary,72,6,37.38776,39.611878,2.224118,,,,,,measured_performance,Fenyvesi; Mathesz; Molnár; Nagy; Puskás; Tichy
before-runtime-data-2.3.0,career,1982,Honduras,71,6,31.81538,34.000016,2.184636,,,,,,measured_performance,Bailey; Cruz; Drummond; Güity; Nazar; Steward
before-runtime-data-2.3.0,current,1982,Honduras,71,6,31.81538,34.000016,2.184636,,,,,,measured_performance,Bailey; Cruz; Drummond; Güity; Nazar; Steward
before-runtime-data-2.3.0,career,2018,South Korea,72,6,37.504678,39.670892,2.166214,,,,,,measured_performance,Hwang; Ju; Ki; Koo; Lee; Moon
before-runtime-data-2.3.0,current,2018,South Korea,72,6,37.504678,39.670892,2.166214,,,,,,measured_performance,Hwang; Ju; Ki; Koo; Lee; Moon
before-runtime-data-2.3.0,career,1970,El Salvador,71,6,32.108096,34.26668,2.158584,,,,,,measured_performance,Acevedo; Cabrera; Castro; Fernández; Manzano; Pineda
before-runtime-data-2.3.0,current,1970,El Salvador,71,6,32.108096,34.26668,2.158584,,,,,,measured_performance,Acevedo; Cabrera; Castro; Fernández; Manzano; Pineda
before-runtime-data-2.3.0,career,1970,Israel,71,6,32.108096,34.26668,2.158584,,,,,,measured_performance,Bello; Ben Rimoz; Chazom; Hameiri; Nossovsky; Shuruk
before-runtime-data-2.3.0,current,1970,Israel,71,6,32.108096,34.26668,2.158584,,,,,,measured_performance,Bello; Ben Rimoz; Chazom; Hameiri; Nossovsky; Shuruk
before-runtime-data-2.3.0,career,1954,Yugoslavia,73,6,40.184708,42.325568,2.14086,,,,,,measured_performance,Bobek; Mantula; Mitić; Papec; Spajić; Vukas
before-runtime-data-2.3.0,current,1954,Yugoslavia,73,6,40.184708,42.325568,2.14086,,,,,,measured_performance,Bobek; Mantula; Mitić; Papec; Spajić; Vukas
before-runtime-data-2.3.0,career,1986,Northern Ireland,71,6,33.028592,35.150012,2.12142,,,,,,measured_performance,Armstrong; Campbell; Caughey; Hughes; Platt; Quinn
before-runtime-data-2.3.0,current,1986,Northern Ireland,71,6,33.028592,35.150012,2.12142,,,,,,measured_performance,Armstrong; Campbell; Caughey; Hughes; Platt; Quinn
before-runtime-data-2.3.0,career,1950,Uruguay,73,6,41.984604,44,2.015396,,,,,,baseline_anchor_estimate|measured_performance,González; González; Martínez; Morán; Paz; Vilches
before-runtime-data-2.3.0,current,1950,Uruguay,73,6,41.984604,44,2.015396,,,,,,baseline_anchor_estimate|measured_performance,González; González; Martínez; Morán; Paz; Vilches
before-runtime-data-2.3.0,career,2014,Croatia,71,6,32.382968,34.340408,1.95744,,,,,,measured_performance,Brozović; Eduardo; Jelavić; Sammir; Subašić; Zelenika
before-runtime-data-2.3.0,current,2014,Croatia,71,6,32.382968,34.340408,1.95744,,,,,,measured_performance,Brozović; Eduardo; Jelavić; Sammir; Subašić; Zelenika
before-runtime-data-2.3.0,career,1982,Austria,71,6,32.068592,34.000016,1.931424,,,,,,measured_performance,Feurer; Hagmayr; Jurtin; Lindenberger; Pichler; Pregesbauer
before-runtime-data-2.3.0,current,1982,Austria,71,6,32.068592,34.000016,1.931424,,,,,,measured_performance,Feurer; Hagmayr; Jurtin; Lindenberger; Pichler; Pregesbauer
before-runtime-data-2.3.0,career,2022,Germany,71,6,32.160416,34.060592,1.900176,,,,,,measured_performance,Adeyemi; Ginter; Kehrer; Moukoko; ter Stegen; Trapp
before-runtime-data-2.3.0,current,2022,Germany,71,6,32.160416,34.060592,1.900176,,,,,,measured_performance,Adeyemi; Ginter; Kehrer; Moukoko; ter Stegen; Trapp
before-runtime-data-2.3.0,career,1966,Argentina,73,6,40.970864,42.815012,1.844148,,,,,,measured_performance,González; Más; Pastoriza; Sarnari; Simeone; Varacka
before-runtime-data-2.3.0,current,1966,Argentina,73,6,40.970864,42.815012,1.844148,,,,,,measured_performance,González; Más; Pastoriza; Sarnari; Simeone; Varacka
before-runtime-data-2.3.0,career,2010,Australia,71,6,32.94608,34.750016,1.803936,,,,,,measured_performance,Beauchamp; Federici; Galekovic; Grella; Jedinak; Kewell
before-runtime-data-2.3.0,current,2010,Australia,71,6,32.94608,34.750016,1.803936,,,,,,measured_performance,Beauchamp; Federici; Galekovic; Grella; Jedinak; Kewell
before-runtime-data-2.3.0,career,2010,Chile,71,6,32.94608,34.750016,1.803936,,,,,,measured_performance,Estrada; Fuentes; Marín; Orellana; Pinto; Tello
before-runtime-data-2.3.0,current,2010,Chile,71,6,32.94608,34.750016,1.803936,,,,,,measured_performance,Estrada; Fuentes; Marín; Orellana; Pinto; Tello
before-runtime-data-2.3.0,career,2010,North Korea,71,6,32.94608,34.750016,1.803936,,,,,,measured_performance,An; Choe; Kim; Kim; Kim; Nam
before-runtime-data-2.3.0,current,2010,North Korea,71,6,32.94608,34.750016,1.803936,,,,,,measured_performance,An; Choe; Kim; Kim; Kim; Nam
before-runtime-data-2.3.0,career,2010,Portugal,71,6,32.94608,34.750016,1.803936,,,,,,measured_performance,Amorim; Beto; Deco; Fernandes; Ferreira; Miguel
before-runtime-data-2.3.0,current,2010,Portugal,71,6,32.94608,34.750016,1.803936,,,,,,measured_performance,Amorim; Beto; Deco; Fernandes; Ferreira; Miguel
before-runtime-data-2.3.0,career,2010,South Korea,71,6,32.94608,34.750016,1.803936,,,,,,measured_performance,Ahn; Kim; Kim; Lee; Lee; Oh
before-runtime-data-2.3.0,current,2010,South Korea,71,6,32.94608,34.750016,1.803936,,,,,,measured_performance,Ahn; Kim; Kim; Lee; Lee; Oh
before-runtime-data-2.3.0,career,1954,France,71,6,32.613949,34.4,1.786051,,,,,,measured_performance,Ben Tifour; Gianessi; Glovacki; Kaelbel; Mahjoub; Penverne
before-runtime-data-2.3.0,current,1954,France,71,6,32.613949,34.4,1.786051,,,,,,measured_performance,Ben Tifour; Gianessi; Glovacki; Kaelbel; Mahjoub; Penverne
before-runtime-data-2.3.0,career,1962,Hungary,72,6,37.225808,38.947376,1.721568,,,,,,measured_performance,Bödör; Farkas; Göröcs; Mencel; Monostori; Nagy
before-runtime-data-2.3.0,current,1962,Hungary,72,6,37.225808,38.947376,1.721568,,,,,,measured_performance,Bödör; Farkas; Göröcs; Mencel; Monostori; Nagy
before-runtime-data-2.3.0,career,2022,Portugal,71,6,32.355536,34.060592,1.705056,,,,,,measured_performance,Mendes; Patrício; Pereira; Sá; Silva; Silva
before-runtime-data-2.3.0,current,2022,Portugal,71,6,32.355536,34.060592,1.705056,,,,,,measured_performance,Mendes; Patrício; Pereira; Sá; Silva; Silva
before-runtime-data-2.3.0,career,1994,United States,71,6,31.578956,33.262429,1.683473,,,,,,measured_performance,Friedel; Klopas; Kooiman; Moore; Pérez; Sommer
before-runtime-data-2.3.0,current,1994,United States,71,6,31.578956,33.262429,1.683473,,,,,,measured_performance,Friedel; Klopas; Kooiman; Moore; Pérez; Sommer
before-runtime-data-2.3.0,career,2006,Paraguay,71,6,32.075,33.749984,1.674984,,,,,,measured_performance,Cabañas; da Silva; Gómez; López; Manzur; Toledo
before-runtime-data-2.3.0,current,2006,Paraguay,71,6,32.075,33.749984,1.674984,,,,,,measured_performance,Cabañas; da Silva; Gómez; López; Manzur; Toledo
before-runtime-data-2.3.0,career,2006,United States,71,6,32.075,33.749984,1.674984,,,,,,measured_performance,Ching; Hahnemann; Howard; O'Brien; Olsen; Wolff
before-runtime-data-2.3.0,current,2006,United States,71,6,32.075,33.749984,1.674984,,,,,,measured_performance,Ching; Hahnemann; Howard; O'Brien; Olsen; Wolff
before-runtime-data-2.3.0,current,1994,Mexico,71,6,32.173904,33.84212,1.668216,,,,,,measured_performance,Chávez; Chávez; Fernández; Salvador; Sánchez; Valdéz
before-runtime-data-2.3.0,career,1994,Switzerland,71,6,32.173904,33.84212,1.668216,,,,,,measured_performance,Brunner; Grassi; Lehmann; Studer; Sylvestre; Wyss
before-runtime-data-2.3.0,current,1994,Switzerland,71,6,32.173904,33.84212,1.668216,,,,,,measured_performance,Brunner; Grassi; Lehmann; Studer; Sylvestre; Wyss
before-runtime-data-2.3.0,career,1974,Bulgaria,71,6,33.428564,35.071424,1.64286,,,,,,measured_performance,Borisov; Grigorov; Milanov; Simeonov; Stoyanov; Vasilev
before-runtime-data-2.3.0,current,1974,Bulgaria,71,6,33.428564,35.071424,1.64286,,,,,,measured_performance,Borisov; Grigorov; Milanov; Simeonov; Stoyanov; Vasilev
before-runtime-data-2.3.0,career,2010,Nigeria,71,6,33.137252,34.750016,1.612764,,,,,,measured_performance,Aiyenugba; Ejide; Ideye; Kanu; Utaka; Yussuf
before-runtime-data-2.3.0,current,2010,Nigeria,71,6,33.137252,34.750016,1.612764,,,,,,measured_performance,Aiyenugba; Ejide; Ideye; Kanu; Utaka; Yussuf
before-runtime-data-2.3.0,career,1930,Paraguay,72,6,36.52832,38.088548,1.560228,,,,,,measured_performance,Benítez Cáceres; Carreras; Nessi; Ortega; Rivera; Villalba
before-runtime-data-2.3.0,current,1930,Paraguay,72,6,36.52832,38.088548,1.560228,,,,,,measured_performance,Benítez Cáceres; Carreras; Nessi; Ortega; Rivera; Villalba
before-runtime-data-2.3.0,career,2026,DR Congo,71,6,32.7659,34.3137,1.5478,1,30,0,5,ARM|BEL|ESP|GRE|SCO,measured_performance,Kakuta (30 caps/5g); Tshibola (16 caps/1g); Batubinsika (14 caps/1g); Cipenga (7 caps/0g); Fayulu (3 caps/0g); Epolo (1 caps/0g)
before-runtime-data-2.3.0,current,2026,DR Congo,71,6,32.7659,34.3137,1.5478,1,30,0,5,ARM|BEL|ESP|GRE|SCO,measured_performance,Kakuta (30 caps/5g); Tshibola (16 caps/1g); Batubinsika (14 caps/1g); Cipenga (7 caps/0g); Fayulu (3 caps/0g); Epolo (1 caps/0g)
before-runtime-data-2.3.0,career,2014,Spain,71,6,32.806736,34.340408,1.533672,,,,,,measured_performance,Albiol; Costa; de Gea; Juanfran; Martínez; Pedro
before-runtime-data-2.3.0,career,2006,Paraguay,72,6,37.299997,38.75,1.450003,,,,,,measured_performance,Barreto; Bonet; dos Santos; Riveros; Santa Cruz; Valdez
before-runtime-data-2.3.0,current,2006,Paraguay,72,6,37.299997,38.75,1.450003,,,,,,measured_performance,Barreto; Bonet; dos Santos; Riveros; Santa Cruz; Valdez
before-runtime-data-2.3.0,career,2006,Poland,72,6,37.299997,38.75,1.450003,,,,,,measured_performance,Brożek; Jeleń; Smolarek; Sobolewski; Szymkowiak; Żurawski
before-runtime-data-2.3.0,current,2006,Poland,72,6,37.299997,38.75,1.450003,,,,,,measured_performance,Brożek; Jeleń; Smolarek; Sobolewski; Szymkowiak; Żurawski
before-runtime-data-2.3.0,current,1966,Soviet Union,88,6,62.4846,63.896402,1.411802,,,,,,measured_performance,Banishevskiy; Chislenko; Danilov; Malofeyev; Porkujan; Yashin
before-runtime-data-2.3.0,career,2002,Poland,72,6,38.431352,39.797581,1.366229,,,,,,measured_performance,Hajto; Kałużny; Kłos; Świerczewski; Żewłakow; Żurawski
before-runtime-data-2.3.0,current,2002,Poland,72,6,38.431352,39.797581,1.366229,,,,,,measured_performance,Hajto; Kałużny; Kłos; Świerczewski; Żewłakow; Żurawski
before-runtime-data-2.3.0,career,1994,Russia,72,6,37.757216,39.116288,1.359072,,,,,,measured_performance,Borodyuk; Gorlukovich; Kuznetsov; Onopko; Ternavsky; Tsymbalar
before-runtime-data-2.3.0,current,1994,Russia,72,6,37.757216,39.116288,1.359072,,,,,,measured_performance,Borodyuk; Gorlukovich; Kuznetsov; Onopko; Ternavsky; Tsymbalar
before-runtime-data-2.3.0,career,1978,Iran,71,6,32.330288,33.648356,1.318068,,,,,,measured_performance,Allahverdi; Bishkar; Korbekandi; Majd Teymouri; Mavaddat; Nouraei
before-runtime-data-2.3.0,current,1978,Iran,71,6,32.330288,33.648356,1.318068,,,,,,measured_performance,Allahverdi; Bishkar; Korbekandi; Majd Teymouri; Mavaddat; Nouraei
before-runtime-data-2.3.0,career,1978,Peru,71,6,32.330288,33.648356,1.318068,,,,,,measured_performance,Cáceres; Gorriti; Leguía; Mosquera; Rojas; Sartor
before-runtime-data-2.3.0,current,1978,Peru,71,6,32.330288,33.648356,1.318068,,,,,,measured_performance,Cáceres; Gorriti; Leguía; Mosquera; Rojas; Sartor
before-runtime-data-2.3.0,career,1978,Spain,71,6,32.330288,33.648356,1.318068,,,,,,measured_performance,Arconada; de la Cruz; Guzmán; Marañón; Rexach; Urruti
before-runtime-data-2.3.0,current,1978,Spain,71,6,32.330288,33.648356,1.318068,,,,,,measured_performance,Arconada; de la Cruz; Guzmán; Marañón; Rexach; Urruti
before-runtime-data-2.3.0,career,2014,Mexico,71,6,32.382968,33.627584,1.244616,,,,,,measured_performance,Aquino; de Jesús Corona; Jiménez; Peña; Reyes; Talavera
before-runtime-data-2.3.0,current,2014,Mexico,71,6,32.382968,33.627584,1.244616,,,,,,measured_performance,Aquino; de Jesús Corona; Jiménez; Peña; Reyes; Talavera
before-runtime-data-2.3.0,career,2018,Serbia,71,6,33.117392,34.278488,1.161096,,,,,,measured_performance,Dmitrović; Jović; Prijović; Rajković; Veljković; Živković
before-runtime-data-2.3.0,current,2018,Serbia,71,6,33.117392,34.278488,1.161096,,,,,,measured_performance,Dmitrović; Jović; Prijović; Rajković; Veljković; Živković
before-runtime-data-2.3.0,career,2018,South Korea,71,6,33.117392,34.278488,1.161096,,,,,,measured_performance,Go; Kim; Kim; Kim; Park; Yun
before-runtime-data-2.3.0,current,2018,South Korea,71,6,33.117392,34.278488,1.161096,,,,,,measured_performance,Go; Kim; Kim; Kim; Park; Yun
before-runtime-data-2.3.0,career,1974,Australia,71,6,33.428564,34.499984,1.07142,,,,,,measured_performance,Campbell; Maher; Manuel; Milisavljevic; Warren; Williams
before-runtime-data-2.3.0,current,1974,Australia,71,6,33.428564,34.499984,1.07142,,,,,,measured_performance,Campbell; Maher; Manuel; Milisavljevic; Warren; Williams
before-runtime-data-2.3.0,career,1974,Chile,71,6,33.428564,34.499984,1.07142,,,,,,measured_performance,Castro; Lara; Nef; Olivares; Rodríguez; Socías
before-runtime-data-2.3.0,current,1974,Chile,71,6,33.428564,34.499984,1.07142,,,,,,measured_performance,Castro; Lara; Nef; Olivares; Rodríguez; Socías
before-runtime-data-2.3.0,career,1974,Uruguay,71,6,33.428564,34.499984,1.07142,,,,,,measured_performance,Cardaccio; Fernández; Gómez; Montero Castillo; Santos; Silva
before-runtime-data-2.3.0,current,1974,Uruguay,71,6,33.428564,34.499984,1.07142,,,,,,measured_performance,Cardaccio; Fernández; Gómez; Montero Castillo; Santos; Silva
before-runtime-data-2.3.0,career,2026,Sweden,79,6,49.9098,50.9761,1.0663,12,76,0,6,ENG|GER|ITA,measured_performance,Lindelöf (76 caps/3g); Svanberg (40 caps/2g); Elanga (29 caps/6g); Hien (28 caps/0g); Ayari (20 caps/3g); Johansson (12 caps/0g)
before-runtime-data-2.3.0,career,1938,Italy,86,6,59.111088,60.109908,0.99882,,,,,,measured_performance,Chizzo; Donati; Ferrari; Genta; Olmi; Perazzolo
before-runtime-data-2.3.0,current,1938,Italy,86,6,59.111088,60.109908,0.99882,,,,,,measured_performance,Chizzo; Donati; Ferrari; Genta; Olmi; Perazzolo
before-runtime-data-2.3.0,career,1986,Hungary,77,6,47.161664,48.114272,0.952608,,,,,,measured_performance,Garaba; Kardos; Nagy; Róth; Sallai; Szendrei
before-runtime-data-2.3.0,current,1986,Hungary,77,6,47.161664,48.114272,0.952608,,,,,,measured_performance,Garaba; Kardos; Nagy; Róth; Sallai; Szendrei
before-runtime-data-2.3.0,career,2018,Panama,72,6,36.556964,37.504678,0.947714,,,,,,measured_performance,Arroyo; Ávila; Cooper; Pérez; Tejada; Torres
before-runtime-data-2.3.0,current,2018,Panama,72,6,36.556964,37.504678,0.947714,,,,,,measured_performance,Arroyo; Ávila; Cooper; Pérez; Tejada; Torres
before-runtime-data-2.3.0,career,2018,Mexico,71,6,33.337866,34.278488,0.940622,,,,,,measured_performance,de Jesús Corona; dos Santos; dos Santos; Fabián; Peralta; Talavera
before-runtime-data-2.3.0,current,2018,Mexico,71,6,33.337866,34.278488,0.940622,,,,,,measured_performance,de Jesús Corona; dos Santos; dos Santos; Fabián; Peralta; Talavera
before-runtime-data-2.3.0,career,1986,Paraguay,84,6,56.646704,57.5802,0.933496,,,,,,measured_performance,Cabañas; Delgado; Fernández; Romero; Torales; Zabala
before-runtime-data-2.3.0,current,1986,Paraguay,84,6,56.646704,57.5802,0.933496,,,,,,measured_performance,Cabañas; Delgado; Fernández; Romero; Torales; Zabala
before-runtime-data-2.3.0,career,2014,Belgium,84,6,56.765948,57.645873,0.879925,,,,,,measured_performance,Alderweireld; Kompany; Mertens; Origi; Van Buyten; Vertonghen
before-runtime-data-2.3.0,current,2014,Belgium,84,6,56.765948,57.645873,0.879925,,,,,,measured_performance,Alderweireld; Kompany; Mertens; Origi; Van Buyten; Vertonghen
before-runtime-data-2.3.0,career,2014,France,84,6,56.765948,57.645873,0.879925,,,,,,measured_performance,Debuchy; Evra; Giroud; Koscielny; Sakho; Varane
before-runtime-data-2.3.0,current,2014,France,84,6,56.765948,57.645873,0.879925,,,,,,measured_performance,Debuchy; Evra; Giroud; Koscielny; Sakho; Varane
before-runtime-data-2.3.0,current,1978,Poland,87,6,60.733952,61.6092,0.875248,,,,,,measured_performance,Boniek; Deyna; Lato; Maculewicz; Szymanowski; Żmuda
before-runtime-data-2.3.0,career,2010,Brazil,71,6,33.912186,34.750016,0.83783,,,,,,measured_performance,Baptista; Doni; Gomes; Grafite; Josué; Kléberson
before-runtime-data-2.3.0,current,2010,Brazil,71,6,33.912186,34.750016,0.83783,,,,,,measured_performance,Baptista; Doni; Gomes; Grafite; Josué; Kléberson
before-runtime-data-2.3.0,career,2006,Ecuador,71,6,32.920006,33.749984,0.829978,,,,,,measured_performance,Ambrosi; Ayoví; Benítez; Borja; Lanza; Villafuerte
before-runtime-data-2.3.0,current,2006,Ecuador,71,6,32.920006,33.749984,0.829978,,,,,,measured_performance,Ambrosi; Ayoví; Benítez; Borja; Lanza; Villafuerte
before-runtime-data-2.3.0,career,2006,Poland,71,6,32.920006,33.749984,0.829978,,,,,,measured_performance,Dudka; Fabiański; Jop; Kosowski; Kuszczak; Rasiak
before-runtime-data-2.3.0,current,2006,Poland,71,6,32.920006,33.749984,0.829978,,,,,,measured_performance,Dudka; Fabiański; Jop; Kosowski; Kuszczak; Rasiak
before-runtime-data-2.3.0,career,2006,Spain,71,6,32.920006,33.749984,0.829978,,,,,,measured_performance,Juanito; López; Marchena; Reina; Reyes; Salgado
before-runtime-data-2.3.0,career,2014,Switzerland,71,6,32.806736,33.627584,0.820848,,,,,,measured_performance,Bürki; Fernandes; Lang; Senderos; Sommer; Stocker
before-runtime-data-2.3.0,current,2014,Switzerland,71,6,32.806736,33.627584,0.820848,,,,,,measured_performance,Bürki; Fernandes; Lang; Senderos; Sommer; Stocker
before-runtime-data-2.3.0,career,1990,Egypt,71,6,33.9266,34.742864,0.816264,,,,,,measured_performance,Abouzeid; El-Batal; Orabi; Shawky; Soliman; Taher
before-runtime-data-2.3.0,current,1990,Egypt,71,6,33.9266,34.742864,0.816264,,,,,,measured_performance,Abouzeid; El-Batal; Orabi; Shawky; Soliman; Taher
before-runtime-data-2.3.0,career,1990,Netherlands,71,6,33.9266,34.742864,0.816264,,,,,,measured_performance,Hiele; Koeman; Menzo; Roy; Vanenburg; Winter
before-runtime-data-2.3.0,current,1990,Netherlands,71,6,33.9266,34.742864,0.816264,,,,,,measured_performance,Hiele; Koeman; Menzo; Roy; Vanenburg; Winter
before-runtime-data-2.3.0,career,1978,France,71,6,32.330288,33.119994,0.789706,,,,,,measured_performance,Battiston; Bracci; Guillou; Papi; Petit; Rio
before-runtime-data-2.3.0,current,1978,France,71,6,32.330288,33.119994,0.789706,,,,,,measured_performance,Battiston; Bracci; Guillou; Papi; Petit; Rio
before-runtime-data-2.3.0,current,2026,Austria,84,6,56.366777,57.0972,0.730423,51,113,4,26,ESP|GER,measured_performance,Alaba (113 caps/15g); Sabitzer (98 caps/26g); Gregoritsch (75 caps/24g); Laimer (57 caps/7g); Posch (52 caps/5g); Schlager (51 caps/4g)
before-runtime-data-2.3.0,current,2006,Spain,80,6,51.100006,51.8,0.699994,,,,,,measured_performance,Fàbregas; Ibáñez; Pernía; Puyol; Ramos; Xavi
before-runtime-data-2.3.0,career,1934,Hungary,72,6,36.515684,37.142864,0.62718,,,,,,measured_performance,Avar; Kemény; Lázár; Szabó; Szalay; Tamássy
before-runtime-data-2.3.0,current,1934,Hungary,72,6,36.515684,37.142864,0.62718,,,,,,measured_performance,Avar; Kemény; Lázár; Szabó; Szalay; Tamássy
before-runtime-data-2.3.0,career,1934,Spain,72,6,36.515684,37.142864,0.62718,,,,,,measured_performance,Bosch; Chacho; Fede; I; Marín Sabater; Ventolrà
before-runtime-data-2.3.0,current,1934,Spain,72,6,36.515684,37.142864,0.62718,,,,,,measured_performance,Bosch; Chacho; Fede; I; Marín Sabater; Ventolrà
before-runtime-data-2.3.0,career,1934,Switzerland,72,6,36.515684,37.142864,0.62718,,,,,,measured_performance,Bossi; Büche; Bühler; Hochsträsser; Jäck; Passello
before-runtime-data-2.3.0,current,1934,Switzerland,72,6,36.515684,37.142864,0.62718,,,,,,measured_performance,Bossi; Büche; Bühler; Hochsträsser; Jäck; Passello
before-runtime-data-2.3.0,career,1934,United States,72,6,36.515684,37.142864,0.62718,,,,,,measured_performance,Dick; Florie; McLean; Nilsen; Pietras; Ryan
before-runtime-data-2.3.0,current,1934,United States,72,6,36.515684,37.142864,0.62718,,,,,,measured_performance,Dick; Florie; McLean; Nilsen; Pietras; Ryan
before-runtime-data-2.3.0,career,2002,Mexico,86,6,59.529392,60.0468,0.517408,,,,,,measured_performance,Borgetti; Carmona; Márquez; Pérez; Torrado; Vidrio
before-runtime-data-2.3.0,current,2002,Mexico,86,6,59.529392,60.0468,0.517408,,,,,,measured_performance,Borgetti; Carmona; Márquez; Pérez; Torrado; Vidrio
before-runtime-data-2.3.0,career,1994,South Korea,77,6,47.130416,47.627888,0.497472,,,,,,measured_performance,Choi; Hong; Kim; Lee; Park; Shin
before-runtime-data-2.3.0,current,1994,South Korea,77,6,47.130416,47.627888,0.497472,,,,,,measured_performance,Choi; Hong; Kim; Lee; Park; Shin
before-runtime-data-2.3.0,current,2026,Japan,86,6,59.5294,59.9843,0.4549,24,145,0,12,ENG|ESP|GER|ITA|JPN,measured_performance,Nagatomo (145 caps/4g); Dōan (65 caps/11g); Kamada (49 caps/12g); Kubo (49 caps/7g); Tanaka (38 caps/8g); Suzuki (24 caps/0g)
before-runtime-data-2.3.0,current,1966,Mexico,73,6,40.589204,40.970864,0.38166,,,,,,measured_performance,González; Muñoz; Padilla; Regueiro; Reyes; Ruvalcaba
before-runtime-data-2.3.0,career,2026,England,88,6,61.9836,62.3652,0.3816,46,87,0,18,ENG|ESP,measured_performance,Stones (87 caps/3g); Pickford (82 caps/0g); Rice (72 caps/6g); Rashford (70 caps/18g); Saka (48 caps/14g); Bellingham (46 caps/6g)
before-runtime-data-2.3.0,career,1966,Brazil,69,6,27.2,27.561632,0.361632,,,,,,measured_performance,Brito; Fidélis; Henrique; Manga; Orlando; Rildo
before-runtime-data-2.3.0,current,1966,Brazil,69,6,27.2,27.561632,0.361632,,,,,,measured_performance,Brito; Fidélis; Henrique; Manga; Orlando; Rildo
before-runtime-data-2.3.0,career,1954,Hungary,88,6,62.139514,62.5,0.360486,,,,,,measured_performance,Buzánszky; Czibor; Grosics; Lantos; Lóránt; Zakariás
before-runtime-data-2.3.0,career,1958,West Germany,88,6,61.923891,62.2637,0.339809,,,,,,measured_performance,Erhardt; Herkenrath; Juskowiak; Schäfer; Stollenwerk; Szymaniak
before-runtime-data-2.3.0,career,2022,Qatar,79,6,49.818176,50.1245,0.306324,,,,,,measured_performance,Ahmed; Al-Sheeb; Barsham; Khoukhi; Muntari; Ró-Ró
before-runtime-data-2.3.0,current,2022,Qatar,79,6,49.818176,50.1245,0.306324,,,,,,measured_performance,Ahmed; Al-Sheeb; Barsham; Khoukhi; Muntari; Ró-Ró
before-runtime-data-2.3.0,current,1962,England,82,6,53.8028,54.105248,0.302448,,,,,,measured_performance,Armfield; Hitchens; Moore; Norman; Springett; Wilson
before-runtime-data-2.3.0,career,1950,Italy,69,6,27.2,27.5,0.3,,,,,,measured_performance,Annovazzi; Blason; Fattori; Giovannini; Moro; Sentimenti
before-runtime-data-2.3.0,current,1950,Italy,69,6,27.2,27.5,0.3,,,,,,measured_performance,Annovazzi; Blason; Fattori; Giovannini; Moro; Sentimenti
before-runtime-data-2.3.0,career,2014,Netherlands,84,6,57.350628,57.645873,0.295245,,,,,,measured_performance,Blind; de Vrij; Huntelaar; Janmaat; Martins Indi; Vlaar
before-runtime-data-2.3.0,current,2014,Netherlands,84,6,57.350628,57.645873,0.295245,,,,,,measured_performance,Blind; de Vrij; Huntelaar; Janmaat; Martins Indi; Vlaar
before-runtime-data-2.3.0,career,2018,Egypt,79,6,49.750016,50.03,0.279984,,,,,,measured_performance,Abdel Shafy; El Hadary; El Shenawy; Fathy; Gabr; Hegazi
before-runtime-data-2.3.0,career,2002,Denmark,86,6,59.529392,59.8064,0.277008,,,,,,measured_performance,Helveg; Henriksen; Laursen; Rommedahl; Sørensen; Tomasson
before-runtime-data-2.3.0,current,2002,Denmark,86,6,59.529392,59.8064,0.277008,,,,,,measured_performance,Helveg; Henriksen; Laursen; Rommedahl; Sørensen; Tomasson
before-runtime-data-2.3.0,career,1994,Nigeria,84,6,56.837216,57.1123,0.275084,,,,,,measured_performance,Amokachi; Amunike; George; Nwanu; Okechukwu; Rufai
before-runtime-data-2.3.0,current,1994,Nigeria,84,6,56.837216,57.1123,0.275084,,,,,,measured_performance,Amokachi; Amunike; George; Nwanu; Okechukwu; Rufai
before-runtime-data-2.3.0,current,2010,Italy,79,6,50.500016,50.771792,0.271776,,,,,,measured_performance,Buffon; Cannavaro; Chiellini; Criscito; Quagliarella; Zambrotta
before-runtime-data-2.3.0,career,2022,Cameroon,79,6,49.818176,50.0584,0.240224,,,,,,measured_performance,Aboubakar; Choupo-Moting; Epassy; Fai; Onana; Tolo
before-runtime-data-2.3.0,current,2022,Cameroon,79,6,49.818176,50.0584,0.240224,,,,,,measured_performance,Aboubakar; Choupo-Moting; Epassy; Fai; Onana; Tolo
before-runtime-data-2.3.0,career,1958,Wales,83,6,55.840304,56.0587,0.218396,,,,,,measured_performance,Allchurch; Charles; Hopkins; Kelsey; Medwin; Williams
before-runtime-data-2.3.0,current,1958,Wales,83,6,55.840304,56.0587,0.218396,,,,,,measured_performance,Allchurch; Charles; Hopkins; Kelsey; Medwin; Williams
before-runtime-data-2.3.0,career,2006,Tunisia,80,6,51.8,52.0079,0.2079,,,,,,measured_performance,Boumnijel; Haggui; Jaïdi; Jaziri; Mnari; Trabelsi
before-runtime-data-2.3.0,current,2006,Tunisia,80,6,51.8,52.0079,0.2079,,,,,,measured_performance,Boumnijel; Haggui; Jaïdi; Jaziri; Mnari; Trabelsi
before-runtime-data-2.3.0,career,1986,Paraguay,71,6,33.028592,33.200012,0.17142,,,,,,measured_performance,Alcaraz; Alonso; Battaglia; Cabral; Coronel; Isasi
before-runtime-data-2.3.0,current,1986,Paraguay,71,6,33.028592,33.200012,0.17142,,,,,,measured_performance,Alcaraz; Alonso; Battaglia; Cabral; Coronel; Isasi
before-runtime-data-2.3.0,career,2006,Angola,79,6,49.8875,50,0.1125,,,,,,measured_performance,Delgado; Flávio; Jamba; Kali; Locó; Ricardo
before-runtime-data-2.3.0,current,2006,Angola,79,6,49.8875,50,0.1125,,,,,,measured_performance,Delgado; Flávio; Jamba; Kali; Locó; Ricardo
before-runtime-data-2.3.0,career,1930,Brazil,74,6,43.25,43.348784,0.098784,,,,,,measured_performance,Benvenuto; Fernando; Fortes; Mariz; Oscarino; Pamplona
before-runtime-data-2.3.0,current,1930,Brazil,74,6,43.25,43.348784,0.098784,,,,,,measured_performance,Benvenuto; Fernando; Fortes; Mariz; Oscarino; Pamplona
before-runtime-data-2.3.0,current,2026,Belgium,87,6,60.5267,60.5267,0,62,137,0,90,ENG|ESP|ITA,measured_performance,Witsel (137 caps/12g); Lukaku (125 caps/90g); De Bruyne (118 caps/36g); Courtois (108 caps/0g); Tielemans (84 caps/13g); Castagne (62 caps/2g)
before-runtime-data-2.3.0,current,2026,Canada,83,6,55.9058,55.9058,0,39,89,1,39,ENG|ESP|GER|ITA|SCO,measured_performance,Larin (89 caps/30g); David (76 caps/39g); Buchanan (59 caps/8g); Davies (58 caps/15g); Johnston (57 caps/1g); Koné (39 caps/4g)
before-runtime-data-2.3.0,current,2026,Germany,87,6,61.3898,61.3898,0,40,109,3,21,ENG|ESP|GER,measured_performance,Kimmich (109 caps/10g); Rüdiger (82 caps/3g); Goretzka (69 caps/15g); Havertz (57 caps/21g); Musiala (41 caps/9g); Wirtz (40 caps/11g)
before-runtime-data-2.3.0,current,2026,Haiti,79,6,50,50,0,15,80,0,44,FRA|IRN|TUR|USA,measured_performance,Placide (80 caps/0g); Nazon (77 caps/44g); Arcus (52 caps/1g); Pierrot (50 caps/34g); Deedson (31 caps/10g); Pierre (15 caps/0g)
before-runtime-data-2.3.0,current,2026,Morocco,85,6,58.5933,58.5933,0,25,95,2,13,ENG|ESP|FRA|GER,measured_performance,Hakimi (95 caps/11g); Aguerd (64 caps/2g); Ounahi (48 caps/9g); Mazraoui (44 caps/2g); Khannouss (36 caps/3g); Diaz (25 caps/13g)
before-runtime-data-2.3.0,career,2026,Senegal,85,6,58.5646,58.5646,0,32,102,2,19,ENG|ESP|FRA|KSA,measured_performance,Koulibaly (102 caps/2g); Sarr (82 caps/19g); Diatta (60 caps/2g); Gueye (41 caps/5g); Sarr (39 caps/4g); Camara (32 caps/7g)
before-runtime-data-2.3.0,career,2026,South Korea,82,6,54.2682,54.2682,0,47,105,0,17,ENG|FRA|GER|JPN|NED,measured_performance,Lee (105 caps/15g); Kim (87 caps/0g); Hwang (79 caps/17g); Min-jae (79 caps/4g); In-beom (73 caps/6g); Kang-in (47 caps/11g)
before-runtime-data-2.3.0,current,2026,Uzbekistan,79,6,50.4776,50.4776,0,26,91,0,44,ENG|IRN|TUR|UAE,measured_performance,Shomurodov (91 caps/44g); Shukurov (83 caps/9g); Masharipov (74 caps/12g); Urunov (41 caps/10g); Fayzullaev (31 caps/8g); Khusanov (26 caps/0g)
before-runtime-data-2.3.0,career,2022,Japan,83,6,56.273,56.273,0,,,,,,measured_performance,Asano; Dōan; Gonda; Nagatomo; Tanaka; Yoshida
before-runtime-data-2.3.0,current,2022,Japan,83,6,56.273,56.273,0,,,,,,measured_performance,Asano; Dōan; Gonda; Nagatomo; Tanaka; Yoshida
before-runtime-data-2.3.0,career,2022,Poland,84,6,57.4299,57.4299,0,,,,,,measured_performance,Bereszyński; Cash; Glik; Kiwior; Szczęsny; Zieliński
before-runtime-data-2.3.0,career,2022,Saudi Arabia,79,6,50,50,0,,,,,,measured_performance,Abdulhamid; Al-Amri; Al-Bulaihi; Al-Ghannam; Al-Owais; Al-Shehri
before-runtime-data-2.3.0,career,2022,Wales,79,6,50.666672,50.666672,0,,,,,,measured_performance,Ampadu; Davies; Mepham; Roberts; Rodon; Williams
before-runtime-data-2.3.0,current,2022,Wales,79,6,50.666672,50.666672,0,,,,,,measured_performance,Ampadu; Davies; Mepham; Roberts; Rodon; Williams
before-runtime-data-2.3.0,current,2018,Brazil,88,6,62.4988,62.4988,0,,,,,,measured_performance,Alisson; Coutinho; Miranda; Neymar; Paulinho; Silva
before-runtime-data-2.3.0,career,2018,Nigeria,79,6,50.3472,50.3472,0,,,,,,measured_performance,Balogun; Idowu; Moses; Musa; Troost-Ekong; Uzoho
before-runtime-data-2.3.0,current,2018,Nigeria,79,6,50.3472,50.3472,0,,,,,,measured_performance,Balogun; Idowu; Moses; Musa; Troost-Ekong; Uzoho
before-runtime-data-2.3.0,career,2014,Argentina,88,6,62.3395,62.3395,0,,,,,,measured_performance,Biglia; Di María; Gago; Higuaín; Mascherano; Romero
before-runtime-data-2.3.0,current,2014,Argentina,88,6,62.3395,62.3395,0,,,,,,measured_performance,Biglia; Di María; Gago; Higuaín; Mascherano; Romero
before-runtime-data-2.3.0,career,2014,Bosnia and Herzegovina,72,6,38.924134,38.924134,0,,,,,,measured_performance,Hajrović; Lulić; Medunjanin; Misimović; Salihović; Sušić
before-runtime-data-2.3.0,current,2014,Bosnia and Herzegovina,72,6,38.924134,38.924134,0,,,,,,measured_performance,Hajrović; Lulić; Medunjanin; Misimović; Salihović; Sušić
before-runtime-data-2.3.0,current,2014,Germany,84,6,57.645873,57.645873,0,,,,,,measured_performance,Boateng; Höwedes; Hummels; Lahm; Mertesacker; Mustafi
before-runtime-data-2.3.0,career,2010,Algeria,79,6,50.4525,50.4525,0,,,,,,measured_performance,Belhadj; Bougherra; Chaouchi; Halliche; M'Bolhi; Yahia
before-runtime-data-2.3.0,current,2010,Algeria,79,6,50.4525,50.4525,0,,,,,,measured_performance,Belhadj; Bougherra; Chaouchi; Halliche; M'Bolhi; Yahia
before-runtime-data-2.3.0,career,2010,North Korea,79,6,50,50,0,,,,,,measured_performance,Cha; Ji; Pak; Ri; Ri; Ri
before-runtime-data-2.3.0,current,2010,North Korea,79,6,50,50,0,,,,,,measured_performance,Cha; Ji; Pak; Ri; Ri; Ri
before-runtime-data-2.3.0,career,2010,Paraguay,83,6,55.7988,55.7988,0,,,,,,measured_performance,Alcaraz; da Silva; Morel; Riveros; Vera; Villar
before-runtime-data-2.3.0,current,2010,Paraguay,83,6,55.7988,55.7988,0,,,,,,measured_performance,Alcaraz; da Silva; Morel; Riveros; Vera; Villar
before-runtime-data-2.3.0,career,2010,South Korea,82,6,54.3853,54.3853,0,,,,,,measured_performance,Jung; Lee; Lee; Lee; Park; Park
before-runtime-data-2.3.0,current,2010,South Korea,82,6,54.3853,54.3853,0,,,,,,measured_performance,Jung; Lee; Lee; Lee; Park; Park
before-runtime-data-2.3.0,career,2010,United States,85,6,58.9188,58.9188,0,,,,,,measured_performance,Bocanegra; Bradley; Cherundolo; DeMerit; Dempsey; Howard
before-runtime-data-2.3.0,career,2006,Australia,82,6,54.6363,54.6363,0,,,,,,measured_performance,Aloisi; Cahill; Kewell; Moore; Neill; Schwarzer
before-runtime-data-2.3.0,current,2006,Australia,82,6,54.6363,54.6363,0,,,,,,measured_performance,Aloisi; Cahill; Kewell; Moore; Neill; Schwarzer
before-runtime-data-2.3.0,career,2006,France,88,6,62.2497,62.2497,0,,,,,,measured_performance,Abidal; Gallas; Makélélé; Malouda; Sagnol; Vieira
before-runtime-data-2.3.0,career,2006,Switzerland,83,6,55.9211,55.9211,0,,,,,,measured_performance,Barnetta; Degen; Frei; Müller; Wicky; Zuberbühler
before-runtime-data-2.3.0,current,2006,Switzerland,83,6,55.9211,55.9211,0,,,,,,measured_performance,Barnetta; Degen; Frei; Müller; Wicky; Zuberbühler
before-runtime-data-2.3.0,career,2002,Japan,85,6,58.4062,58.4062,0,,,,,,measured_performance,Inamoto; Matsuda; Miyamoto; Nakata; Nakata; Narazaki
before-runtime-data-2.3.0,current,2002,Japan,85,6,58.4062,58.4062,0,,,,,,measured_performance,Inamoto; Matsuda; Miyamoto; Nakata; Nakata; Narazaki
before-runtime-data-2.3.0,career,1998,Nigeria,80,6,51.3693,51.3693,0,,,,,,measured_performance,Adepoju; Babangida; Ikpeba; Oliseh; Rufai; West
before-runtime-data-2.3.0,current,1998,Nigeria,80,6,51.3693,51.3693,0,,,,,,measured_performance,Adepoju; Babangida; Ikpeba; Oliseh; Rufai; West
before-runtime-data-2.3.0,current,1994,Germany,88,6,62.5,62.5,0,,,,,,measured_performance,Berthold; Brehme; Illgner; Klinsmann; Kohler; Matthäus
before-runtime-data-2.3.0,current,1994,Romania,86,6,59.3451,59.3451,0,,,,,,measured_performance,Belodedici; Dumitrescu; Hagi; Petrescu; Prodan; Răducioiu
before-runtime-data-2.3.0,career,1990,Italy,88,6,62.3652,62.3652,0,,,,,,measured_performance,Bergomi; De Agostini; De Napoli; Ferri; Giannini; Zenga
before-runtime-data-2.3.0,career,1990,Yugoslavia,87,6,61.1506,61.1506,0,,,,,,measured_performance,Hadžibegić; Ivković; Jozić; Spasić; Stojković; Sušić
before-runtime-data-2.3.0,current,1990,Yugoslavia,87,6,61.1506,61.1506,0,,,,,,measured_performance,Hadžibegić; Ivković; Jozić; Spasić; Stojković; Sušić
before-runtime-data-2.3.0,career,1986,Morocco,80,6,51.607,51.607,0,,,,,,measured_performance,Bouyahyaoui; Khairi; Khalifa; Lamriss; Merry; Zaki
before-runtime-data-2.3.0,current,1986,Morocco,80,6,51.607,51.607,0,,,,,,measured_performance,Bouyahyaoui; Khairi; Khalifa; Lamriss; Merry; Zaki
before-runtime-data-2.3.0,current,1978,Peru,84,6,56.4413,56.4413,0,,,,,,measured_performance,Chumpitaz; Cueto; Duarte; Manzo; Quiroga; Velásquez
before-runtime-data-2.3.0,career,1966,North Korea,73,6,40.970864,40.970864,0,,,,,,measured_performance,An; Han; Im; Kang; Ke; Kim
before-runtime-data-2.3.0,current,1966,North Korea,73,6,40.970864,40.970864,0,,,,,,measured_performance,An; Han; Im; Kang; Ke; Kim
before-runtime-data-2.3.0,career,1966,Uruguay,66,6,20,20,0,,,,,,baseline_anchor_estimate,Álvarez; Álvarez; Díaz; Ramos; Sosa; Taibo
before-runtime-data-2.3.0,current,1966,Uruguay,66,6,20,20,0,,,,,,baseline_anchor_estimate,Álvarez; Álvarez; Díaz; Ramos; Sosa; Taibo
before-runtime-data-2.3.0,career,1962,Brazil,88,6,62.5,62.5,0,,,,,,measured_performance,Amarildo; Didi; Gilmar; Zagallo; Zito; Zózimo
before-runtime-data-2.3.0,career,1962,Bulgaria,66,6,20,20,0,,,,,,baseline_anchor_estimate,Dimitrov; Dimov; Ivanov; Naydenov; Parshanov; Zhechev
before-runtime-data-2.3.0,current,1962,Bulgaria,66,6,20,20,0,,,,,,baseline_anchor_estimate,Dimitrov; Dimov; Ivanov; Naydenov; Parshanov; Zhechev
before-runtime-data-2.3.0,career,1962,Uruguay,66,6,20,20,0,,,,,,baseline_anchor_estimate,Álvarez; Álvarez; González; Maidana; Martínez; Soria
before-runtime-data-2.3.0,current,1962,Uruguay,66,6,20,20,0,,,,,,baseline_anchor_estimate,Álvarez; Álvarez; González; Maidana; Martínez; Soria
before-runtime-data-2.3.0,career,1958,Brazil,88,6,62.3652,62.3652,0,,,,,,measured_performance,Altafini; Bellini; Didi; Gilmar; Orlando; Zagallo
before-runtime-data-2.3.0,career,1950,Bolivia,73,6,42.925376,42.925376,0,,,,,,measured_performance,Aparicio; Aráoz; Arricio; Cabrera; Saavedra; Sandoval
before-runtime-data-2.3.0,current,1950,Bolivia,73,6,42.925376,42.925376,0,,,,,,measured_performance,Aparicio; Aráoz; Arricio; Cabrera; Saavedra; Sandoval
before-runtime-data-2.3.0,career,1950,United States,80,6,51.1102,51.1102,0,,,,,,measured_performance,Borghi; Gaetjens; Keough; Maca; Pariani; Wallace
before-runtime-data-2.3.0,current,1950,United States,80,6,51.1102,51.1102,0,,,,,,measured_performance,Borghi; Gaetjens; Keough; Maca; Pariani; Wallace
before-runtime-data-2.3.0,current,1950,Uruguay,86,6,59.3721,59.3721,0,,,,,,measured_performance,Máspoli; Pérez; Schiaffino; Tejera; Varela; Vidal
before-runtime-data-2.3.0,career,1950,Yugoslavia,73,6,42.925376,42.925376,0,,,,,,measured_performance,Atanacković; Čajkovski; Đajić; Katnić; Palfi; Radovniković
before-runtime-data-2.3.0,current,1950,Yugoslavia,73,6,42.925376,42.925376,0,,,,,,measured_performance,Atanacković; Čajkovski; Đajić; Katnić; Palfi; Radovniković
before-runtime-data-2.3.0,career,1938,Brazil,88,6,61.8076,61.8076,0,,,,,,measured_performance,Machado; Perácio; Roberto; Romeu; Walter; Zezé Procópio
before-runtime-data-2.3.0,current,1938,Brazil,88,6,61.8076,61.8076,0,,,,,,measured_performance,Machado; Perácio; Roberto; Romeu; Walter; Zezé Procópio
before-runtime-data-2.3.0,current,1938,Hungary,88,6,62.1361,62.1361,0,,,,,,measured_performance,Kohut; Korányi; Lázár; Szabó; Titkos; Toldi
before-runtime-data-2.3.0,career,1938,Norway,66,6,20,20,0,,,,,,baseline_anchor_estimate,Amundsen; Andersen; Johannessen; Juve; Kihle; Nordby
before-runtime-data-2.3.0,current,1938,Norway,66,6,20,20,0,,,,,,baseline_anchor_estimate,Amundsen; Andersen; Johannessen; Juve; Kihle; Nordby
before-runtime-data-2.3.0,career,1934,Romania,66,6,20,20,0,,,,,,baseline_anchor_estimate,Bürger; Cuedan; Konrad; Püllöck; Sfera; Zombori
before-runtime-data-2.3.0,current,1934,Romania,66,6,20,20,0,,,,,,baseline_anchor_estimate,Bürger; Cuedan; Konrad; Püllöck; Sfera; Zombori
before-runtime-data-2.3.0,career,1934,Switzerland,66,6,20,20,0,,,,,,baseline_anchor_estimate,Bizzozero; Gobet; Huber; Ortelli; Weiler; Weiler
before-runtime-data-2.3.0,current,1934,Switzerland,66,6,20,20,0,,,,,,baseline_anchor_estimate,Bizzozero; Gobet; Huber; Ortelli; Weiler; Weiler
before-runtime-data-2.3.0,career,1934,United States,74,6,43.287152,43.287152,0,,,,,,measured_performance,Amrhein; Fiedler; Gallagher; Gonsalves; Lehman; Lynch
before-runtime-data-2.3.0,current,1934,United States,74,6,43.287152,43.287152,0,,,,,,measured_performance,Amrhein; Fiedler; Gallagher; Gonsalves; Lehman; Lynch
before-runtime-data-2.3.0,career,1930,United States,85,6,57.9526,57.9526,0,,,,,,measured_performance,Brown; Douglas; Florie; McGhee; Moorhouse; Wood
before-runtime-data-2.3.0,current,1930,United States,85,6,57.9526,57.9526,0,,,,,,measured_performance,Brown; Douglas; Florie; McGhee; Moorhouse; Wood
before-runtime-data-2.3.0,career,1986,Brazil,88,5,61.820336,68.674066,6.85373,,,,,,measured_performance,Branco; Careca; Carlos; César; Edinho
before-runtime-data-2.3.0,current,2006,Argentina,88,5,61.7542,68.336329,6.582129,,,,,,measured_performance,Abbondanzieri; Ayala; Cambiasso; Crespo; Rodríguez
before-runtime-data-2.3.0,career,1930,Uruguay,73,5,42.965472,48,5.034528,,,,,,baseline_anchor_estimate|measured_performance,Ballesteros; Capuccini; Petrone; Recoba; Urdinarán
before-runtime-data-2.3.0,current,1930,Uruguay,73,5,42.965472,48,5.034528,,,,,,baseline_anchor_estimate|measured_performance,Ballesteros; Capuccini; Petrone; Recoba; Urdinarán
before-runtime-data-2.3.0,career,1994,Netherlands,88,5,62.4846,67.362419,4.877819,,,,,,career_stature_estimate|measured_performance,Bergkamp; de Goey; Jonk; Koeman; Rijkaard
before-runtime-data-2.3.0,career,1978,Tunisia,72,5,35.890112,39.912092,4.02198,,,,,,measured_performance,Akid; Ben Aziza; Gasmi; Karoui; Lahzami
before-runtime-data-2.3.0,current,1978,Tunisia,72,5,35.890112,39.912092,4.02198,,,,,,measured_performance,Akid; Ben Aziza; Gasmi; Karoui; Lahzami
before-runtime-data-2.3.0,career,2026,South Africa,72,5,36.0183,39.8823,3.864,7,53,1,12,GER|POR|RSA,measured_performance,Zwane (53 caps/12g); Mudau (32 caps/1g); Sithole (27 caps/1g); Mbatha (14 caps/3g); Okon (7 caps/1g)
before-runtime-data-2.3.0,current,2026,South Africa,72,5,36.0183,39.8823,3.864,7,53,1,12,GER|POR|RSA,measured_performance,Zwane (53 caps/12g); Mudau (32 caps/1g); Sithole (27 caps/1g); Mbatha (14 caps/3g); Okon (7 caps/1g)
before-runtime-data-2.3.0,career,1982,Hungary,72,5,36.107379,39.779869,3.67249,,,,,,measured_performance,Bálint; Csongrádi; Müller; Tóth; Varga
before-runtime-data-2.3.0,current,1982,Hungary,72,5,36.107379,39.779869,3.67249,,,,,,measured_performance,Bálint; Csongrádi; Müller; Tóth; Varga
before-runtime-data-2.3.0,current,1982,Kuwait,72,5,36.107379,39.779869,3.67249,,,,,,measured_performance,Al-Anberi; Al-Shemmari; Al-Suwayed; Kameel; Karam
before-runtime-data-2.3.0,career,2026,Tunisia,72,5,36.1074,39.6709,3.5635,11,29,0,6,DEN|RUS|SCO|SUI|TUN,measured_performance,Achouri (29 caps/4g); Chaouat (29 caps/6g); Valery (22 caps/0g); Mastouri (18 caps/4g); Tounekti (11 caps/1g)
before-runtime-data-2.3.0,current,2026,Tunisia,72,5,36.1074,39.6709,3.5635,11,29,0,6,DEN|RUS|SCO|SUI|TUN,measured_performance,Achouri (29 caps/4g); Chaouat (29 caps/6g); Valery (22 caps/0g); Mastouri (18 caps/4g); Tounekti (11 caps/1g)
before-runtime-data-2.3.0,career,2026,France,72,5,35.5493,38.9474,3.3981,3,67,0,2,ENG|FRA|ITA|TUR,measured_performance,Kanté (67 caps/2g); Kone (12 caps/0g); Akliouche (7 caps/1g); Cherki (5 caps/1g); Mateta (3 caps/2g)
before-runtime-data-2.3.0,current,2026,France,72,5,35.5493,38.9474,3.3981,3,67,0,2,ENG|FRA|ITA|TUR,measured_performance,Kanté (67 caps/2g); Kone (12 caps/0g); Akliouche (7 caps/1g); Cherki (5 caps/1g); Mateta (3 caps/2g)
before-runtime-data-2.3.0,career,2002,Ecuador,71,5,31.999988,35.294096,3.294108,,,,,,measured_performance,Asencio; Fernández; Ibarra; Kaviedes; Viteri
before-runtime-data-2.3.0,current,2002,Ecuador,71,5,31.999988,35.294096,3.294108,,,,,,measured_performance,Asencio; Fernández; Ibarra; Kaviedes; Viteri
before-runtime-data-2.3.0,career,1994,Bolivia,72,5,35.894756,39.116288,3.221532,,,,,,measured_performance,Baldivieso; Cristaldo; Moreno; Quinteros; Ramallo
before-runtime-data-2.3.0,current,1994,Bolivia,72,5,35.894756,39.116288,3.221532,,,,,,measured_performance,Baldivieso; Cristaldo; Moreno; Quinteros; Ramallo
before-runtime-data-2.3.0,career,1994,Norway,72,5,35.894756,39.116288,3.221532,,,,,,measured_performance,Fjørtoft; Flo; Håland; Halle; Jakobsen
before-runtime-data-2.3.0,current,1994,Norway,72,5,35.894756,39.116288,3.221532,,,,,,measured_performance,Fjørtoft; Flo; Håland; Halle; Jakobsen
before-runtime-data-2.3.0,career,2026,New Zealand,71,5,31.5595,34.75,3.1905,10,75,0,10,AUS|NZL,measured_performance,Barbarouses (75 caps/10g); Rufer (25 caps/0g); De Vries (19 caps/1g); Elliot (10 caps/0g); Randall (10 caps/2g)
before-runtime-data-2.3.0,current,2026,New Zealand,71,5,31.5595,34.75,3.1905,10,75,0,10,AUS|NZL,measured_performance,Barbarouses (75 caps/10g); Rufer (25 caps/0g); De Vries (19 caps/1g); Elliot (10 caps/0g); Randall (10 caps/2g)
before-runtime-data-2.3.0,career,2010,France,72,5,36.705872,39.882344,3.176472,,,,,,measured_performance,Anelka; Gignac; Gourcuff; Govou; Toulalan
before-runtime-data-2.3.0,career,1998,Saudi Arabia,72,5,36.398269,39.540524,3.142255,,,,,,measured_performance,Al-Harbi; Al-Khilaiwi; Al-Muwallid; Al-Owairan; Al-Shahrani
before-runtime-data-2.3.0,current,1998,Saudi Arabia,72,5,36.398269,39.540524,3.142255,,,,,,measured_performance,Al-Harbi; Al-Khilaiwi; Al-Muwallid; Al-Owairan; Al-Shahrani
before-runtime-data-2.3.0,career,1998,South Korea,72,5,36.398269,39.540524,3.142255,,,,,,measured_performance,Choi; Jang; Kim; Lee; Seo
before-runtime-data-2.3.0,current,1998,South Korea,72,5,36.398269,39.540524,3.142255,,,,,,measured_performance,Choi; Jang; Kim; Lee; Seo
before-runtime-data-2.3.0,career,1998,Yugoslavia,72,5,36.398269,39.540524,3.142255,,,,,,measured_performance,Kovačević; Milošević; Mirković; Ognjenović; Savićević
before-runtime-data-2.3.0,current,1998,Yugoslavia,72,5,36.398269,39.540524,3.142255,,,,,,measured_performance,Kovačević; Milošević; Mirković; Ognjenović; Savićević
before-runtime-data-2.3.0,career,1982,Algeria,71,5,31.81538,34.953848,3.138468,,,,,,measured_performance,Amara; Bencheikh; Bentalaa; Bourebbou; Zidane
before-runtime-data-2.3.0,current,1982,Algeria,71,5,31.81538,34.953848,3.138468,,,,,,measured_performance,Amara; Bencheikh; Bentalaa; Bourebbou; Zidane
before-runtime-data-2.3.0,career,1982,England,71,5,31.81538,34.953848,3.138468,,,,,,measured_performance,Clemence; Corrigan; Foster; Withe; Woodcock
before-runtime-data-2.3.0,current,1982,Kuwait,71,5,31.81538,34.953848,3.138468,,,,,,measured_performance,Al-Buloushi; Al-Haddad; Bahman; Marjam; Yaqoub
before-runtime-data-2.3.0,career,1982,Northern Ireland,71,5,31.81538,34.953848,3.138468,,,,,,measured_performance,Brotherston; Campbell; Dunlop; Healy; O'Neill
before-runtime-data-2.3.0,current,1982,Northern Ireland,71,5,31.81538,34.953848,3.138468,,,,,,measured_performance,Brotherston; Campbell; Dunlop; Healy; O'Neill
before-runtime-data-2.3.0,career,2026,Uruguay,71,5,32.2001,35.334752,3.134652,5,19,0,3,BRA|ENG|MEX|USA,measured_performance,Piquerez (19 caps/0g); Aguirre (10 caps/3g); Martinez (10 caps/0g); Bueno (8 caps/0g); Sanabria (5 caps/1g)
before-runtime-data-2.3.0,current,2026,Uruguay,71,5,32.2001,35.334752,3.134652,5,19,0,3,BRA|ENG|MEX|USA,measured_performance,Piquerez (19 caps/0g); Aguirre (10 caps/3g); Martinez (10 caps/0g); Bueno (8 caps/0g); Sanabria (5 caps/1g)
before-runtime-data-2.3.0,career,2026,DR Congo,72,5,36.4093,39.5405,3.1312,11,37,0,6,BEL|EGY|ENG|FRA,measured_performance,Mayele (37 caps/6g); Kayembe (25 caps/0g); Mukau (13 caps/0g); Tuanzebe (13 caps/1g); Wan-Bissaka (11 caps/0g)
before-runtime-data-2.3.0,current,2026,DR Congo,72,5,36.4093,39.5405,3.1312,11,37,0,6,BEL|EGY|ENG|FRA,measured_performance,Mayele (37 caps/6g); Kayembe (25 caps/0g); Mukau (13 caps/0g); Tuanzebe (13 caps/1g); Wan-Bissaka (11 caps/0g)
before-runtime-data-2.3.0,career,2018,Australia,72,5,36.556964,39.670892,3.113928,,,,,,measured_performance,Arzani; Juric; Kruse; Leckie; Nabbout
before-runtime-data-2.3.0,current,2018,Australia,72,5,36.556964,39.670892,3.113928,,,,,,measured_performance,Arzani; Juric; Kruse; Leckie; Nabbout
before-runtime-data-2.3.0,current,2018,Poland,72,5,36.556964,39.670892,3.113928,,,,,,measured_performance,Góralski; Kownacki; Lewandowski; Rybus; Teodorczyk
before-runtime-data-2.3.0,career,2018,Senegal,72,5,36.556964,39.670892,3.113928,,,,,,measured_performance,Diouf; Konaté; N'Diaye; N'Doye; Sarr
before-runtime-data-2.3.0,current,2018,Senegal,72,5,36.556964,39.670892,3.113928,,,,,,measured_performance,Diouf; Konaté; N'Diaye; N'Doye; Sarr
before-runtime-data-2.3.0,career,2026,Austria,72,5,36.557,39.6709,3.1139,3,35,0,6,AUT|GER,measured_performance,Schopf (35 caps/6g); Wimmer (30 caps/1g); Kalajdzic (22 caps/4g); Prass (19 caps/0g); Chukwuemeka (3 caps/1g)
before-runtime-data-2.3.0,current,2026,Austria,72,5,36.557,39.6709,3.1139,3,35,0,6,AUT|GER,measured_performance,Schopf (35 caps/6g); Wimmer (30 caps/1g); Kalajdzic (22 caps/4g); Prass (19 caps/0g); Chukwuemeka (3 caps/1g)
before-runtime-data-2.3.0,career,1962,Italy,71,5,31.47896,34.574528,3.095568,,,,,,measured_performance,Buffon; Maschio; Pascutti; Sormani; Tumburus
before-runtime-data-2.3.0,career,2002,Belgium,71,5,32.201696,35.294096,3.0924,,,,,,measured_performance,Deflandre; Herpoel; Strupar; Vandendriessche; Vermant
before-runtime-data-2.3.0,current,2002,Belgium,71,5,32.201696,35.294096,3.0924,,,,,,measured_performance,Deflandre; Herpoel; Strupar; Vandendriessche; Vermant
before-runtime-data-2.3.0,career,2002,Russia,71,5,32.201696,35.294096,3.0924,,,,,,measured_performance,Cherchesov; Filimonov; Kerzhakov; Pimenov; Sennikov
before-runtime-data-2.3.0,current,2002,Russia,71,5,32.201696,35.294096,3.0924,,,,,,measured_performance,Cherchesov; Filimonov; Kerzhakov; Pimenov; Sennikov
before-runtime-data-2.3.0,current,1998,Cameroon,72,5,36.45944,39.540524,3.081084,,,,,,measured_performance,Ipoua; Job; Kalla; Omam-Biyik; Tchami
before-runtime-data-2.3.0,career,2002,Argentina,71,5,31.999988,35.05543,3.055442,,,,,,measured_performance,Almeyda; Bonano; Burgos; Caniggia; Chamot
before-runtime-data-2.3.0,current,2002,Argentina,71,5,31.999988,35.05543,3.055442,,,,,,measured_performance,Almeyda; Bonano; Burgos; Caniggia; Chamot
before-runtime-data-2.3.0,career,2002,Republic of Ireland,71,5,31.999988,35.05543,3.055442,,,,,,measured_performance,Carsley; Connolly; Kelly; Kiely; Morrison
before-runtime-data-2.3.0,current,2002,Republic of Ireland,71,5,31.999988,35.05543,3.055442,,,,,,measured_performance,Carsley; Connolly; Kelly; Kiely; Morrison
before-runtime-data-2.3.0,career,2026,Iran,71,5,32.1339,35.1795,3.0456,13,17,0,1,IRN|UAE,measured_performance,Hardani (17 caps/1g); Nemati (16 caps/0g); Ghorbani (15 caps/0g); Hosseini (13 caps/0g); Yousefi (13 caps/1g)
before-runtime-data-2.3.0,current,2026,Iran,71,5,32.1339,35.1795,3.0456,13,17,0,1,IRN|UAE,measured_performance,Hardani (17 caps/1g); Nemati (16 caps/0g); Ghorbani (15 caps/0g); Hosseini (13 caps/0g); Yousefi (13 caps/1g)
before-runtime-data-2.3.0,career,2026,New Zealand,72,5,36.1074,39.1163,3.0089,6,31,0,3,NED|NOR|NZL,measured_performance,Bell (31 caps/1g); Singh (27 caps/3g); Thomas (25 caps/3g); Pijnaker (24 caps/0g); Woud (6 caps/0g)
before-runtime-data-2.3.0,current,2026,New Zealand,72,5,36.1074,39.1163,3.0089,6,31,0,3,NED|NOR|NZL,measured_performance,Bell (31 caps/1g); Singh (27 caps/3g); Thomas (25 caps/3g); Pijnaker (24 caps/0g); Woud (6 caps/0g)
before-runtime-data-2.3.0,current,2026,Brazil,71,5,32.1339,35.114356,2.980456,3,32,0,2,BRA|ITA|KSA|RUS,measured_performance,Fabinho (32 caps/0g); Luiz Henrique (14 caps/2g); Weverton (10 caps/0g); Bremer (7 caps/1g); Santos (3 caps/2g)
before-runtime-data-2.3.0,career,2006,Serbia and Montenegro,72,5,35.7875,38.75,2.9625,,,,,,measured_performance,Ergić; Kežman; Koroman; Ljuboja; Milošević
before-runtime-data-2.3.0,current,2006,Serbia and Montenegro,72,5,35.7875,38.75,2.9625,,,,,,measured_performance,Ergić; Kežman; Koroman; Ljuboja; Milošević
before-runtime-data-2.3.0,career,2006,Trinidad and Tobago,72,5,35.7875,38.75,2.9625,,,,,,measured_performance,Glen; John; Jones; Wise; Yorke
before-runtime-data-2.3.0,current,2006,Trinidad and Tobago,72,5,35.7875,38.75,2.9625,,,,,,measured_performance,Glen; John; Jones; Wise; Yorke
before-runtime-data-2.3.0,current,2006,United States,72,5,35.7875,38.75,2.9625,,,,,,measured_performance,Donovan; Johnson; Lewis; Mastroeni; McBride
before-runtime-data-2.3.0,career,1950,Switzerland,72,5,36.559604,39.5,2.940396,,,,,,measured_performance,Bickel; Friedländer; Lusenti; Stuber; Tamini
before-runtime-data-2.3.0,current,1950,Switzerland,72,5,36.559604,39.5,2.940396,,,,,,measured_performance,Bickel; Friedländer; Lusenti; Stuber; Tamini
before-runtime-data-2.3.0,current,1958,England,72,5,35.549312,38.483036,2.933724,,,,,,measured_performance,A'Court; Charlton; Douglas; Robson; Smith
before-runtime-data-2.3.0,career,1958,Soviet Union,72,5,35.549312,38.483036,2.933724,,,,,,measured_performance,Apukhtin; Bubukin; Fedosov; Gusarov; Salnikov
before-runtime-data-2.3.0,current,1958,Soviet Union,72,5,35.549312,38.483036,2.933724,,,,,,measured_performance,Apukhtin; Bubukin; Fedosov; Gusarov; Salnikov
before-runtime-data-2.3.0,career,1982,Chile,71,5,32.068592,34.953848,2.885256,,,,,,measured_performance,Caszely; Cornez; Galindo; Gamboa; Wirth
before-runtime-data-2.3.0,current,1982,Chile,71,5,32.068592,34.953848,2.885256,,,,,,measured_performance,Caszely; Cornez; Galindo; Gamboa; Wirth
before-runtime-data-2.3.0,career,1982,Spain,71,5,32.068592,34.953848,2.885256,,,,,,measured_performance,Ángel; Maceda; Santillana; Uralde; Urruti
before-runtime-data-2.3.0,current,1982,Spain,71,5,32.068592,34.953848,2.885256,,,,,,measured_performance,Ángel; Maceda; Santillana; Uralde; Urruti
before-runtime-data-2.3.0,career,2026,Curaçao,71,5,31.8154,34.5683,2.7529,5,34,0,2,NED|TUR,measured_performance,Kuwas (34 caps/2g); Brenet (17 caps/1g); Sambo (7 caps/0g); Noslin (6 caps/1g); Obispo (5 caps/0g)
before-runtime-data-2.3.0,current,2026,Curaçao,71,5,31.8154,34.5683,2.7529,5,34,0,2,NED|TUR,measured_performance,Kuwas (34 caps/2g); Brenet (17 caps/1g); Sambo (7 caps/0g); Noslin (6 caps/1g); Obispo (5 caps/0g)
before-runtime-data-2.3.0,career,2026,Ivory Coast,71,5,32.0686,34.8085,2.7399,0,11,0,0,FRA|GRE|ITA|TUR,measured_performance,Operi (11 caps/0g); Inao Oulai (8 caps/0g); Lafont (4 caps/0g); Wahi (1 caps/0g); Bonny (0 caps/0g)
before-runtime-data-2.3.0,current,2026,Ivory Coast,71,5,32.0686,34.8085,2.7399,0,11,0,0,FRA|GRE|ITA|TUR,measured_performance,Operi (11 caps/0g); Inao Oulai (8 caps/0g); Lafont (4 caps/0g); Wahi (1 caps/0g); Bonny (0 caps/0g)
before-runtime-data-2.3.0,career,2026,Brazil,72,5,36.7059,39.411648,2.705748,2,44,0,2,BRA|ENG|ITA,measured_performance,Sandro (44 caps/2g); Cunha (22 caps/1g); Wesley (7 caps/0g); Igor Thiago (3 caps/2g); Rayan (2 caps/1g)
before-runtime-data-2.3.0,current,2026,Brazil,72,5,36.7059,39.411648,2.705748,2,44,0,2,BRA|ENG|ITA,measured_performance,Sandro (44 caps/2g); Cunha (22 caps/1g); Wesley (7 caps/0g); Igor Thiago (3 caps/2g); Rayan (2 caps/1g)
before-runtime-data-2.3.0,current,1998,Argentina,71,5,32.104352,34.808528,2.704176,,,,,,measured_performance,Burgos; Cavallero; Crespo; Delgado; Paz
before-runtime-data-2.3.0,career,2006,Portugal,72,5,37.2075,39.909984,2.702484,,,,,,measured_performance,Boa Morte; Caneira; Costa; Quim; Santos
before-runtime-data-2.3.0,current,2006,Portugal,72,5,37.2075,39.909984,2.702484,,,,,,measured_performance,Boa Morte; Caneira; Costa; Quim; Santos
before-runtime-data-2.3.0,career,1966,Bulgaria,71,5,32.200112,34.879532,2.67942,,,,,,measured_performance,Davidov; Kitov; Kostov; Kotkov; Zhekov
before-runtime-data-2.3.0,current,1966,Bulgaria,71,5,32.200112,34.879532,2.67942,,,,,,measured_performance,Davidov; Kitov; Kostov; Kotkov; Zhekov
before-runtime-data-2.3.0,career,1966,Spain,71,5,32.200112,34.879532,2.67942,,,,,,measured_performance,Adelardo; Glaría; Lapetra; Marcelino; Ufarte
before-runtime-data-2.3.0,current,1966,Spain,71,5,32.200112,34.879532,2.67942,,,,,,measured_performance,Adelardo; Glaría; Lapetra; Marcelino; Ufarte
before-runtime-data-2.3.0,career,1998,Scotland,71,5,32.13391,34.808528,2.674618,,,,,,measured_performance,Booth; Donnelly; Gould; McKinlay; Sullivan
before-runtime-data-2.3.0,current,1998,Scotland,71,5,32.13391,34.808528,2.674618,,,,,,measured_performance,Booth; Donnelly; Gould; McKinlay; Sullivan
before-runtime-data-2.3.0,career,1974,Uruguay,72,5,36.714284,39.35714,2.642856,,,,,,measured_performance,Corbo; Cubilla; Garisto; Milar; Morena
before-runtime-data-2.3.0,current,1974,Uruguay,72,5,36.714284,39.35714,2.642856,,,,,,measured_performance,Corbo; Cubilla; Garisto; Milar; Morena
before-runtime-data-2.3.0,career,1998,Morocco,72,5,36.398269,38.991296,2.593027,,,,,,measured_performance,Abrami; Azzouzi; Chiba; El Hadrioui; Elkhattabi
before-runtime-data-2.3.0,current,1998,Morocco,72,5,36.398269,38.991296,2.593027,,,,,,measured_performance,Abrami; Azzouzi; Chiba; El Hadrioui; Elkhattabi
before-runtime-data-2.3.0,career,2026,South Korea,71,5,32.2017,34.75,2.5483,3,9,0,2,DEN|JPN|KOR|SCO|WAL,measured_performance,Eom (9 caps/2g); Yang (9 caps/0g); Lee (8 caps/0g); Kim (7 caps/0g); Bum-keun (3 caps/0g)
before-runtime-data-2.3.0,current,2026,South Korea,71,5,32.2017,34.75,2.5483,3,9,0,2,DEN|JPN|KOR|SCO|WAL,measured_performance,Eom (9 caps/2g); Yang (9 caps/0g); Lee (8 caps/0g); Kim (7 caps/0g); Bum-keun (3 caps/0g)
before-runtime-data-2.3.0,current,1982,Brazil,88,5,62.4846,64.966425,2.481825,,,,,,measured_performance,Éder; Peres; Serginho; Sócrates; Zico
before-runtime-data-2.3.0,career,1982,Belgium,72,5,36.107379,38.514272,2.406893,,,,,,measured_performance,De Schrijver; Millecamps; Plessers; Renquin; Verheyen
before-runtime-data-2.3.0,current,1982,Belgium,72,5,36.107379,38.514272,2.406893,,,,,,measured_performance,De Schrijver; Millecamps; Plessers; Renquin; Verheyen
before-runtime-data-2.3.0,career,2026,Mexico,71,5,32.3555,34.75,2.3945,3,24,0,3,ESP|KSA|MEX,measured_performance,Lira (24 caps/0g); Quinones (21 caps/2g); Martinez (11 caps/3g); Gonzalez (7 caps/1g); Fidalgo (3 caps/0g)
before-runtime-data-2.3.0,current,2026,Mexico,71,5,32.3555,34.75,2.3945,3,24,0,3,ESP|KSA|MEX,measured_performance,Lira (24 caps/0g); Quinones (21 caps/2g); Martinez (11 caps/3g); Gonzalez (7 caps/1g); Fidalgo (3 caps/0g)
before-runtime-data-2.3.0,career,1962,Chile,71,5,33.006464,35.4,2.393536,,,,,,baseline_anchor_estimate|measured_performance,Astorga; Cruz; Godoy; Lepe; Valdés
before-runtime-data-2.3.0,current,1962,Chile,71,5,33.006464,35.4,2.393536,,,,,,baseline_anchor_estimate|measured_performance,Astorga; Cruz; Godoy; Lepe; Valdés
before-runtime-data-2.3.0,career,1970,Bulgaria,72,5,36.333344,38.666684,2.33334,,,,,,measured_performance,Marashliev; Mitkov; Popov; Yakimov; Zhekov
before-runtime-data-2.3.0,current,1970,Bulgaria,72,5,36.333344,38.666684,2.33334,,,,,,measured_performance,Marashliev; Mitkov; Popov; Yakimov; Zhekov
before-runtime-data-2.3.0,career,1970,Peru,72,5,36.333344,38.666684,2.33334,,,,,,measured_performance,Baylón; Cruzado; González; Ramírez; Reyes
before-runtime-data-2.3.0,current,1970,Peru,72,5,36.333344,38.666684,2.33334,,,,,,measured_performance,Baylón; Cruzado; González; Ramírez; Reyes
before-runtime-data-2.3.0,career,1978,Italy,72,5,36.639994,38.925936,2.285942,,,,,,measured_performance,Bordon; Conti; Maldera; Pulici; Sala
before-runtime-data-2.3.0,current,1978,Italy,72,5,36.639994,38.925936,2.285942,,,,,,measured_performance,Bordon; Conti; Maldera; Pulici; Sala
before-runtime-data-2.3.0,current,1994,Germany,71,5,31.578956,33.84212,2.263164,,,,,,measured_performance,Basler; Kahn; Kirsten; Köpke; Kuntz
before-runtime-data-2.3.0,career,1994,Republic of Ireland,71,5,31.578956,33.84212,2.263164,,,,,,measured_performance,Cascarino; Kelly; Kelly; McGoldrick; Whelan
before-runtime-data-2.3.0,current,1994,Republic of Ireland,71,5,31.578956,33.84212,2.263164,,,,,,measured_performance,Cascarino; Kelly; Kelly; McGoldrick; Whelan
before-runtime-data-2.3.0,career,2026,Switzerland,71,5,32.5,34.75,2.25,1,22,0,5,GER|ITA|SUI,measured_performance,Fassnacht (22 caps/5g); Muheim (9 caps/0g); Jashari (7 caps/0g); Jaquez (3 caps/0g); Keller (1 caps/0g)
before-runtime-data-2.3.0,current,2026,Switzerland,71,5,32.5,34.75,2.25,1,22,0,5,GER|ITA|SUI,measured_performance,Fassnacht (22 caps/5g); Muheim (9 caps/0g); Jashari (7 caps/0g); Jaquez (3 caps/0g); Keller (1 caps/0g)
before-runtime-data-2.3.0,career,1986,Canada,72,5,37.200008,39.450008,2.25,,,,,,measured_performance,Gray; Šegota; Sweeney; Valentine; Vrablic
before-runtime-data-2.3.0,current,1986,Canada,72,5,37.200008,39.450008,2.25,,,,,,measured_performance,Gray; Šegota; Sweeney; Valentine; Vrablic
before-runtime-data-2.3.0,career,1982,Brazil,71,5,31.81538,34.000016,2.184636,,,,,,measured_performance,Carlos; Dinamite; Edevaldo; Edinho; Sérgio
before-runtime-data-2.3.0,current,1982,Brazil,71,5,31.81538,34.000016,2.184636,,,,,,measured_performance,Carlos; Dinamite; Edevaldo; Edinho; Sérgio
before-runtime-data-2.3.0,career,1982,El Salvador,71,5,31.81538,34.000016,2.184636,,,,,,measured_performance,Castillo; Hernández; Hernández; Munguía; Ragazzone
before-runtime-data-2.3.0,current,1982,El Salvador,71,5,31.81538,34.000016,2.184636,,,,,,measured_performance,Castillo; Hernández; Hernández; Munguía; Ragazzone
before-runtime-data-2.3.0,career,1974,Haiti,72,5,36.714284,38.894557,2.180273,,,,,,measured_performance,Auguste; Barthélemy; François; Racine; Saint-Vil
before-runtime-data-2.3.0,current,1974,Haiti,72,5,36.714284,38.894557,2.180273,,,,,,measured_performance,Auguste; Barthélemy; François; Racine; Saint-Vil
before-runtime-data-2.3.0,career,1974,Sweden,72,5,36.714284,38.894557,2.180273,,,,,,measured_performance,Ejderstedt; Grip; Kindvall; Magnusson; Persson
before-runtime-data-2.3.0,current,1974,Sweden,72,5,36.714284,38.894557,2.180273,,,,,,measured_performance,Ejderstedt; Grip; Kindvall; Magnusson; Persson
before-runtime-data-2.3.0,career,2018,Germany,72,5,37.504678,39.670892,2.166214,,,,,,measured_performance,Draxler; Gómez; Khedira; Özil; Werner
before-runtime-data-2.3.0,current,2018,Germany,72,5,37.504678,39.670892,2.166214,,,,,,measured_performance,Draxler; Gómez; Khedira; Özil; Werner
before-runtime-data-2.3.0,career,2018,Iran,72,5,37.504678,39.670892,2.166214,,,,,,measured_performance,Azmoun; Ezatolahi; Ghoddos; Jahanbakhsh; Taremi
before-runtime-data-2.3.0,current,2018,Iran,72,5,37.504678,39.670892,2.166214,,,,,,measured_performance,Azmoun; Ezatolahi; Ghoddos; Jahanbakhsh; Taremi
before-runtime-data-2.3.0,career,1970,Bulgaria,71,5,32.108096,34.26668,2.158584,,,,,,measured_performance,Aladzhov; Davidov; Gaganelov; Grigorov; Kamenski
before-runtime-data-2.3.0,current,1970,Bulgaria,71,5,32.108096,34.26668,2.158584,,,,,,measured_performance,Aladzhov; Davidov; Gaganelov; Grigorov; Kamenski
before-runtime-data-2.3.0,career,1970,Peru,71,5,32.108096,34.26668,2.158584,,,,,,measured_performance,Correa; del Castillo; Fernández; González; Goyzueta
before-runtime-data-2.3.0,current,1970,Peru,71,5,32.108096,34.26668,2.158584,,,,,,measured_performance,Correa; del Castillo; Fernández; González; Goyzueta
before-runtime-data-2.3.0,current,1970,Romania,71,5,32.108096,34.26668,2.158584,,,,,,measured_performance,Dobrin; Domide; Gergely; Gornea; Tufan
before-runtime-data-2.3.0,career,1954,Switzerland,73,5,40.184708,42.325568,2.14086,,,,,,measured_performance,Antenen; Eschmann; Fesselet; Frosio; Vonlanthen
before-runtime-data-2.3.0,current,1954,Switzerland,73,5,40.184708,42.325568,2.14086,,,,,,measured_performance,Antenen; Eschmann; Fesselet; Frosio; Vonlanthen
before-runtime-data-2.3.0,career,1986,Bulgaria,71,5,33.028592,35.150012,2.12142,,,,,,measured_performance,Dragolov; Markov; Pashev; Valov; Velichkov
before-runtime-data-2.3.0,current,1986,Bulgaria,71,5,33.028592,35.150012,2.12142,,,,,,measured_performance,Dragolov; Markov; Pashev; Valov; Velichkov
before-runtime-data-2.3.0,career,1986,Poland,71,5,33.028592,35.150012,2.12142,,,,,,measured_performance,Furtok; Kazimierski; Tarasiewicz; Wandzik; Zgutczyński
before-runtime-data-2.3.0,current,1986,Poland,71,5,33.028592,35.150012,2.12142,,,,,,measured_performance,Furtok; Kazimierski; Tarasiewicz; Wandzik; Zgutczyński
before-runtime-data-2.3.0,career,1986,Scotland,71,5,33.028592,35.150012,2.12142,,,,,,measured_performance,Archibald; Goram; McStay; Rough; Sharp
before-runtime-data-2.3.0,current,1986,Scotland,71,5,33.028592,35.150012,2.12142,,,,,,measured_performance,Archibald; Goram; McStay; Rough; Sharp
before-runtime-data-2.3.0,career,2018,England,72,5,37.798488,39.909984,2.111496,,,,,,measured_performance,Alexander-Arnold; Butland; Cahill; Pope; Welbeck
before-runtime-data-2.3.0,current,2018,England,72,5,37.798488,39.909984,2.111496,,,,,,measured_performance,Alexander-Arnold; Butland; Cahill; Pope; Welbeck
before-runtime-data-2.3.0,career,1954,France,73,5,40.651165,42.736832,2.085667,,,,,,measured_performance,Bieganski; Cuissard; Louis; Marcel; Remetter
before-runtime-data-2.3.0,current,1954,France,73,5,40.651165,42.736832,2.085667,,,,,,measured_performance,Bieganski; Cuissard; Louis; Marcel; Remetter
before-runtime-data-2.3.0,career,2026,Australia,71,5,32.1044,34.1818,2.0774,0,7,0,3,AUS|DEN|ITA|USA,measured_performance,Velupillay (7 caps/3g); Izzo (4 caps/0g); Herrington (3 caps/0g); Beach (1 caps/0g); Volpato (0 caps/0g)
before-runtime-data-2.3.0,current,2026,Australia,71,5,32.1044,34.1818,2.0774,0,7,0,3,AUS|DEN|ITA|USA,measured_performance,Velupillay (7 caps/3g); Izzo (4 caps/0g); Herrington (3 caps/0g); Beach (1 caps/0g); Volpato (0 caps/0g)
before-runtime-data-2.3.0,career,1990,Scotland,72,5,36.018344,38.041376,2.023032,,,,,,measured_performance,Durie; Fleck; MacLeod; McInally; McKimmie
before-runtime-data-2.3.0,current,1990,Scotland,72,5,36.018344,38.041376,2.023032,,,,,,measured_performance,Durie; Fleck; MacLeod; McInally; McKimmie
before-runtime-data-2.3.0,career,1990,United Arab Emirates,72,5,36.018344,38.041376,2.023032,,,,,,measured_performance,Al-Haddad; Bakheet; Hussain; Khamees; Sultan
before-runtime-data-2.3.0,current,1990,United Arab Emirates,72,5,36.018344,38.041376,2.023032,,,,,,measured_performance,Al-Haddad; Bakheet; Hussain; Khamees; Sultan
before-runtime-data-2.3.0,career,1966,Chile,72,5,37.38776,39.39728,2.00952,,,,,,measured_performance,Fouilloux; Landa; Ramírez; Valdés; Valentini
before-runtime-data-2.3.0,current,1966,Chile,72,5,37.38776,39.39728,2.00952,,,,,,measured_performance,Fouilloux; Landa; Ramírez; Valdés; Valentini
before-runtime-data-2.3.0,career,2026,Iraq,71,5,32.8067,34.8085,2.0018,10,26,0,1,IDN|IRQ|ITA,measured_performance,Putros (26 caps/0g); Yahya (19 caps/0g); Saadoon (15 caps/0g); Hashim (12 caps/1g); Farji (10 caps/0g)
before-runtime-data-2.3.0,current,2026,Iraq,71,5,32.8067,34.8085,2.0018,10,26,0,1,IDN|IRQ|ITA,measured_performance,Putros (26 caps/0g); Yahya (19 caps/0g); Saadoon (15 caps/0g); Hashim (12 caps/1g); Farji (10 caps/0g)
before-runtime-data-2.3.0,career,1950,Mexico,71,5,33.184604,35.179472,1.994868,,,,,,measured_performance,Borbolla; Navarro; Prieto; Septién; Velázquez
before-runtime-data-2.3.0,current,1950,Mexico,71,5,33.184604,35.179472,1.994868,,,,,,measured_performance,Borbolla; Navarro; Prieto; Septién; Velázquez
before-runtime-data-2.3.0,career,1986,Bulgaria,72,5,37.487715,39.450008,1.962293,,,,,,measured_performance,Kostadinov; Markov; Mladenov; Yordanov; Zhelyazkov
before-runtime-data-2.3.0,current,1986,Bulgaria,72,5,37.487715,39.450008,1.962293,,,,,,measured_performance,Kostadinov; Markov; Mladenov; Yordanov; Zhelyazkov
before-runtime-data-2.3.0,career,1950,Paraguay,73,5,41,42.925376,1.925376,,,,,,measured_performance,Baez; Céspedes; Gavilán; González; Leguizamón
before-runtime-data-2.3.0,current,1950,Paraguay,73,5,41,42.925376,1.925376,,,,,,measured_performance,Baez; Céspedes; Gavilán; González; Leguizamón
before-runtime-data-2.3.0,career,2026,Japan,71,5,32.92,34.8085,1.8885,2,11,0,0,DEN|GER|JPN|NED,measured_performance,Watanabe (11 caps/0g); Suzuki (6 caps/0g); Suzuki (6 caps/0g); Hayakawa (4 caps/0g); Shiogai (2 caps/0g)
before-runtime-data-2.3.0,current,2026,Japan,71,5,32.92,34.8085,1.8885,2,11,0,0,DEN|GER|JPN|NED,measured_performance,Watanabe (11 caps/0g); Suzuki (6 caps/0g); Suzuki (6 caps/0g); Hayakawa (4 caps/0g); Shiogai (2 caps/0g)
before-runtime-data-2.3.0,career,2022,Ecuador,71,5,33.347588,35.208548,1.86096,,,,,,measured_performance,Domínguez; Gruezo; Ramírez; Reasco; Rodríguez
before-runtime-data-2.3.0,current,2022,Ecuador,71,5,33.347588,35.208548,1.86096,,,,,,measured_performance,Domínguez; Gruezo; Ramírez; Reasco; Rodríguez
before-runtime-data-2.3.0,career,1970,Sweden,72,5,36.333344,38.144,1.810656,,,,,,measured_performance,Ejderstedt; Eriksson; Nicklasson; Nordahl; Persson
before-runtime-data-2.3.0,current,1970,Sweden,72,5,36.333344,38.144,1.810656,,,,,,measured_performance,Ejderstedt; Eriksson; Nicklasson; Nordahl; Persson
before-runtime-data-2.3.0,current,1990,Brazil,72,5,36.018344,37.828592,1.810248,,,,,,measured_performance,Bebeto; Gaúcho; Mozer; Rocha; Romário
before-runtime-data-2.3.0,career,2010,Honduras,71,5,32.94608,34.750016,1.803936,,,,,,measured_performance,Bernárdez; Canales; Escober; Pavón; Sabillón
before-runtime-data-2.3.0,current,2010,Honduras,71,5,32.94608,34.750016,1.803936,,,,,,measured_performance,Bernárdez; Canales; Escober; Pavón; Sabillón
before-runtime-data-2.3.0,current,2010,Italy,71,5,32.94608,34.750016,1.803936,,,,,,measured_performance,De Sanctis; Gattuso; Maggio; Pazzini; Pirlo
before-runtime-data-2.3.0,career,2010,Mexico,71,5,32.94608,34.750016,1.803936,,,,,,measured_performance,Aguilar; Bautista; Castro; Michel; Ochoa
before-runtime-data-2.3.0,current,2010,Mexico,71,5,32.94608,34.750016,1.803936,,,,,,measured_performance,Aguilar; Bautista; Castro; Michel; Ochoa
before-runtime-data-2.3.0,career,2026,Tunisia,71,5,32.1739,33.9266,1.7527,2,17,0,0,FRA|GER|SWE|TUN|TUR,measured_performance,Ben Ouanes (17 caps/0g); Neffati (5 caps/0g); Ayari (3 caps/0g); Khedira (3 caps/0g); Chamakh (2 caps/0g)
before-runtime-data-2.3.0,current,2026,Tunisia,71,5,32.1739,33.9266,1.7527,2,17,0,0,FRA|GER|SWE|TUN|TUR,measured_performance,Ben Ouanes (17 caps/0g); Neffati (5 caps/0g); Ayari (3 caps/0g); Khedira (3 caps/0g); Chamakh (2 caps/0g)
before-runtime-data-2.3.0,career,2002,Saudi Arabia,71,5,33.33332,35.05543,1.72211,,,,,,measured_performance,Al-Dosari; Al-Jaber; Al-Khojali; Al-Shalhoub; Zaid
before-runtime-data-2.3.0,current,2002,Saudi Arabia,71,5,33.33332,35.05543,1.72211,,,,,,measured_performance,Al-Dosari; Al-Jaber; Al-Khojali; Al-Shalhoub; Zaid
before-runtime-data-2.3.0,career,1962,Uruguay,72,5,37.225808,38.947376,1.721568,,,,,,measured_performance,Cubilla; Escalada; González; Rocha; Silva
before-runtime-data-2.3.0,current,1962,Uruguay,72,5,37.225808,38.947376,1.721568,,,,,,measured_performance,Cubilla; Escalada; González; Rocha; Silva
before-runtime-data-2.3.0,career,2022,Senegal,71,5,32.355536,34.060592,1.705056,,,,,,measured_performance,Ballo-Touré; Dieng; Gomis; Jackson; Kouyaté
before-runtime-data-2.3.0,current,2022,Senegal,71,5,32.355536,34.060592,1.705056,,,,,,measured_performance,Ballo-Touré; Dieng; Gomis; Jackson; Kouyaté
before-runtime-data-2.3.0,career,2006,Angola,71,5,32.075,33.749984,1.674984,,,,,,measured_performance,Buengo; Hipólito; Lamá; Love; Nobre
before-runtime-data-2.3.0,current,2006,Angola,71,5,32.075,33.749984,1.674984,,,,,,measured_performance,Buengo; Hipólito; Lamá; Love; Nobre
before-runtime-data-2.3.0,career,2006,Croatia,71,5,32.075,33.749984,1.674984,,,,,,measured_performance,Balaban; Bošnjak; Butina; Didulica; Tomas
before-runtime-data-2.3.0,current,2006,Croatia,71,5,32.075,33.749984,1.674984,,,,,,measured_performance,Balaban; Bošnjak; Butina; Didulica; Tomas
before-runtime-data-2.3.0,career,2006,England,71,5,32.075,33.749984,1.674984,,,,,,measured_performance,Campbell; Carrick; Carson; James; Walcott
before-runtime-data-2.3.0,current,2006,England,71,5,32.075,33.749984,1.674984,,,,,,measured_performance,Campbell; Carrick; Carson; James; Walcott
before-runtime-data-2.3.0,career,2006,Iran,71,5,32.075,33.749984,1.674984,,,,,,measured_performance,Enayati; Kazemian; Roudbarian; Shojaei; Talebloo
before-runtime-data-2.3.0,current,2006,Iran,71,5,32.075,33.749984,1.674984,,,,,,measured_performance,Enayati; Kazemian; Roudbarian; Shojaei; Talebloo
before-runtime-data-2.3.0,career,2006,South Korea,71,5,32.075,33.749984,1.674984,,,,,,measured_performance,Chung; Kim; Kim; Park; Song
before-runtime-data-2.3.0,current,2006,South Korea,71,5,32.075,33.749984,1.674984,,,,,,measured_performance,Chung; Kim; Kim; Park; Song
before-runtime-data-2.3.0,career,2006,Sweden,71,5,32.075,33.749984,1.674984,,,,,,measured_performance,Alvbåge; Andersson; Hansson; Rosenberg; Svensson
before-runtime-data-2.3.0,current,2006,Sweden,71,5,32.075,33.749984,1.674984,,,,,,measured_performance,Alvbåge; Andersson; Hansson; Rosenberg; Svensson
before-runtime-data-2.3.0,career,1994,Cameroon,71,5,32.173904,33.84212,1.668216,,,,,,measured_performance,Kana-Biyik; Mouyémé; N'Dip; N'Kono; Tchami
before-runtime-data-2.3.0,current,1994,Cameroon,71,5,32.173904,33.84212,1.668216,,,,,,measured_performance,Kana-Biyik; Mouyémé; N'Dip; N'Kono; Tchami
before-runtime-data-2.3.0,career,1994,Mexico,71,5,32.173904,33.84212,1.668216,,,,,,measured_performance,Chávez; Chávez; Fernández; Salvador; Valdéz
before-runtime-data-2.3.0,career,1994,Morocco,71,5,32.173904,33.84212,1.668216,,,,,,measured_performance,Bouyboud; Dghay; El Haddaoui; Laghrissi; Neqrouz
before-runtime-data-2.3.0,current,1994,Morocco,71,5,32.173904,33.84212,1.668216,,,,,,measured_performance,Bouyboud; Dghay; El Haddaoui; Laghrissi; Neqrouz
before-runtime-data-2.3.0,career,1994,Norway,71,5,32.173904,33.84212,1.668216,,,,,,measured_performance,By Rise; Grodås; Johnsen; Rushfeldt; Sørloth
before-runtime-data-2.3.0,current,1994,Norway,71,5,32.173904,33.84212,1.668216,,,,,,measured_performance,By Rise; Grodås; Johnsen; Rushfeldt; Sørloth
before-runtime-data-2.3.0,career,1974,Zaire,71,5,33.428564,35.071424,1.64286,,,,,,measured_performance,Ekofa; Mafuila; N'Tumba; Otepa; Tshinabu
before-runtime-data-2.3.0,current,1974,Zaire,71,5,33.428564,35.071424,1.64286,,,,,,measured_performance,Ekofa; Mafuila; N'Tumba; Otepa; Tshinabu
before-runtime-data-2.3.0,career,2026,Egypt,71,5,33.1174,34.75,1.6326,1,28,0,1,EGY|ESP,measured_performance,Ashour (28 caps/0g); Saber (15 caps/1g); Abdelmaguid (13 caps/0g); Hassan (3 caps/0g); Abdelkarim (1 caps/0g)
before-runtime-data-2.3.0,current,2026,Egypt,71,5,33.1174,34.75,1.6326,1,28,0,1,EGY|ESP,measured_performance,Ashour (28 caps/0g); Saber (15 caps/1g); Abdelmaguid (13 caps/0g); Hassan (3 caps/0g); Abdelkarim (1 caps/0g)
before-runtime-data-2.3.0,career,2014,Cameroon,72,5,37.319132,38.924134,1.605002,,,,,,measured_performance,Choupo-Moting; Moukandjo; Salli; Song; Webó
before-runtime-data-2.3.0,current,2014,Cameroon,72,5,37.319132,38.924134,1.605002,,,,,,measured_performance,Choupo-Moting; Moukandjo; Salli; Song; Webó
before-runtime-data-2.3.0,career,2014,Honduras,72,5,37.319132,38.924134,1.605002,,,,,,measured_performance,Bengtson; Chávez; Garrido; Najar; Palacios
before-runtime-data-2.3.0,current,2014,Honduras,72,5,37.319132,38.924134,1.605002,,,,,,measured_performance,Bengtson; Chávez; Garrido; Najar; Palacios
before-runtime-data-2.3.0,career,1966,Soviet Union,70,5,29.6,31.2,1.6,,,,,,baseline_anchor_estimate,Bannikov; Kavazashvili; Ostrovskiy; Ponomaryov; Shesternyov
before-runtime-data-2.3.0,current,1966,Soviet Union,70,5,29.6,31.2,1.6,,,,,,baseline_anchor_estimate,Bannikov; Kavazashvili; Ostrovskiy; Ponomaryov; Shesternyov
before-runtime-data-2.3.0,career,1962,Yugoslavia,70,5,29.6,31.2,1.6,,,,,,baseline_anchor_estimate|measured_performance,Krivokuća; Nikolić; Šijaković; Stojanović; Svinjarević
before-runtime-data-2.3.0,current,1962,Yugoslavia,70,5,29.6,31.2,1.6,,,,,,baseline_anchor_estimate|measured_performance,Krivokuća; Nikolić; Šijaković; Stojanović; Svinjarević
before-runtime-data-2.3.0,career,2026,Iraq,73,5,40.736,42.3256,1.5896,14,54,0,2,IRQ|KSA|THA,measured_performance,Sulaka (54 caps/1g); Jasim (35 caps/2g); Younis (32 caps/1g); Talib (21 caps/0g); Basil (14 caps/0g)
before-runtime-data-2.3.0,current,2026,Iraq,73,5,40.736,42.3256,1.5896,14,54,0,2,IRQ|KSA|THA,measured_performance,Sulaka (54 caps/1g); Jasim (35 caps/2g); Younis (32 caps/1g); Talib (21 caps/0g); Basil (14 caps/0g)
before-runtime-data-2.3.0,career,1958,Sweden,72,5,38,39.588296,1.588296,,,,,,baseline_anchor_estimate|measured_performance,Berndtsson; Johansson; Källgren; Löfgren; Öberg
before-runtime-data-2.3.0,current,1958,Sweden,72,5,38,39.588296,1.588296,,,,,,baseline_anchor_estimate|measured_performance,Berndtsson; Johansson; Källgren; Löfgren; Öberg
before-runtime-data-2.3.0,career,1930,Belgium,72,5,36.52832,38.088548,1.560228,,,,,,measured_performance,Adams; Diddens; Moeschal; Saeys; Versyp
before-runtime-data-2.3.0,current,1930,Belgium,72,5,36.52832,38.088548,1.560228,,,,,,measured_performance,Adams; Diddens; Moeschal; Saeys; Versyp
before-runtime-data-2.3.0,career,1930,Bolivia,72,5,36.52832,38.088548,1.560228,,,,,,measured_performance,Alborta; Bustamante; Fernández; Méndez; Reyes Ortiz
before-runtime-data-2.3.0,current,1930,Bolivia,72,5,36.52832,38.088548,1.560228,,,,,,measured_performance,Alborta; Bustamante; Fernández; Méndez; Reyes Ortiz
before-runtime-data-2.3.0,current,1966,Spain,72,5,38.07308,39.611878,1.538798,,,,,,measured_performance,del Sol; Gento; Peiró; Reija; Suárez
before-runtime-data-2.3.0,career,2014,Australia,71,5,32.806736,34.340408,1.533672,,,,,,measured_performance,Franjic; Galekovic; Langerak; Milligan; Taggart
before-runtime-data-2.3.0,current,2014,Australia,71,5,32.806736,34.340408,1.533672,,,,,,measured_performance,Franjic; Galekovic; Langerak; Milligan; Taggart
before-runtime-data-2.3.0,career,2014,South Korea,71,5,32.806736,34.340408,1.533672,,,,,,measured_performance,Hwang; Ji; Kim; Lee; Park
before-runtime-data-2.3.0,current,2014,South Korea,71,5,32.806736,34.340408,1.533672,,,,,,measured_performance,Hwang; Ji; Kim; Lee; Park
before-runtime-data-2.3.0,career,2006,Costa Rica,72,5,35.7875,37.299997,1.512497,,,,,,measured_performance,Bolaños; Fonseca; Hernández; Saborío; Sequeira
before-runtime-data-2.3.0,current,2006,Costa Rica,72,5,35.7875,37.299997,1.512497,,,,,,measured_performance,Bolaños; Fonseca; Hernández; Saborío; Sequeira
before-runtime-data-2.3.0,career,1954,Belgium,71,5,32.88926,34.4,1.51074,,,,,,measured_performance,Dries; Houf; Huysmans; Van Brandt; Van Den Bosch
before-runtime-data-2.3.0,current,1954,Belgium,71,5,32.88926,34.4,1.51074,,,,,,measured_performance,Dries; Houf; Huysmans; Van Brandt; Van Den Bosch
before-runtime-data-2.3.0,career,1990,Scotland,70,5,29.765523,31.245728,1.480205,,,,,,measured_performance,Collins; Gillespie; Gough; Levein; McAllister
before-runtime-data-2.3.0,current,1990,Scotland,70,5,29.765523,31.245728,1.480205,,,,,,measured_performance,Collins; Gillespie; Gough; Levein; McAllister
before-runtime-data-2.3.0,current,2006,Croatia,72,5,37.299997,38.75,1.450003,,,,,,measured_performance,Klasnić; Leko; Modrić; Olić; Pršo
before-runtime-data-2.3.0,career,2006,Togo,72,5,37.299997,38.75,1.450003,,,,,,measured_performance,Adebayor; Aziawonou; Dossevi; Romao; Salifou
before-runtime-data-2.3.0,current,2006,Togo,72,5,37.299997,38.75,1.450003,,,,,,measured_performance,Adebayor; Aziawonou; Dossevi; Romao; Salifou
before-runtime-data-2.3.0,career,1966,Soviet Union,88,5,62.4846,63.896402,1.411802,,,,,,measured_performance,Banishevskiy; Chislenko; Danilov; Malofeyev; Porkujan
before-runtime-data-2.3.0,career,2018,Australia,71,5,32.9114,34.278488,1.367088,,,,,,measured_performance,Cahill; Jones; Maclaren; Petratos; Vukovic
before-runtime-data-2.3.0,current,2018,Australia,71,5,32.9114,34.278488,1.367088,,,,,,measured_performance,Cahill; Jones; Maclaren; Petratos; Vukovic
before-runtime-data-2.3.0,career,2002,Croatia,72,5,38.431352,39.797581,1.366229,,,,,,measured_performance,Bokšić; Šimić; Soldo; Stanić; Vranješ
before-runtime-data-2.3.0,current,2002,Croatia,72,5,38.431352,39.797581,1.366229,,,,,,measured_performance,Bokšić; Šimić; Soldo; Stanić; Vranješ
before-runtime-data-2.3.0,career,2002,Slovenia,72,5,38.431352,39.797581,1.366229,,,,,,measured_performance,Bulajič; Čeh; Knavs; Osterc; Rudonja
before-runtime-data-2.3.0,current,2002,Slovenia,72,5,38.431352,39.797581,1.366229,,,,,,measured_performance,Bulajič; Čeh; Knavs; Osterc; Rudonja
before-runtime-data-2.3.0,career,2002,Tunisia,72,5,38.431352,39.797581,1.366229,,,,,,measured_performance,Gabsi; Ghodhbane; Jaziri; Melki; Zitouni
before-runtime-data-2.3.0,current,2002,Tunisia,72,5,38.431352,39.797581,1.366229,,,,,,measured_performance,Gabsi; Ghodhbane; Jaziri; Melki; Zitouni
before-runtime-data-2.3.0,career,1994,Morocco,72,5,37.757216,39.116288,1.359072,,,,,,measured_performance,Abdellah; Bahja; El Khalej; Naybet; Samadi
before-runtime-data-2.3.0,current,1994,Morocco,72,5,37.757216,39.116288,1.359072,,,,,,measured_performance,Abdellah; Bahja; El Khalej; Naybet; Samadi
before-runtime-data-2.3.0,career,1938,Czechoslovakia,72,5,36.348008,37.702112,1.354104,,,,,,measured_performance,Bradáč; Horák; Kreuz; Rulc; Senecký
before-runtime-data-2.3.0,current,1938,Czechoslovakia,72,5,36.348008,37.702112,1.354104,,,,,,measured_performance,Bradáč; Horák; Kreuz; Rulc; Senecký
before-runtime-data-2.3.0,career,2014,Brazil,72,5,38.086736,39.410016,1.32328,,,,,,measured_performance,Dante; Henrique; Jefferson; Maxwell; Victor
before-runtime-data-2.3.0,current,2014,Brazil,72,5,38.086736,39.410016,1.32328,,,,,,measured_performance,Dante; Henrique; Jefferson; Maxwell; Victor
before-runtime-data-2.3.0,career,1978,Hungary,71,5,32.330288,33.648356,1.318068,,,,,,measured_performance,Bálint; Halász; Kovács; Török; Várady
before-runtime-data-2.3.0,current,1978,Hungary,71,5,32.330288,33.648356,1.318068,,,,,,measured_performance,Bálint; Halász; Kovács; Török; Várady
before-runtime-data-2.3.0,current,1986,Mexico,71,5,33.028592,34.287718,1.259126,,,,,,measured_performance,Domínguez; Heredia; Hermosillo; Ortega; Rodríguez
before-runtime-data-2.3.0,career,1986,Uruguay,71,5,33.028592,34.287718,1.259126,,,,,,measured_performance,Aguilera; Otero; Paz; Rodríguez; Zalazar
before-runtime-data-2.3.0,current,1986,Uruguay,71,5,33.028592,34.287718,1.259126,,,,,,measured_performance,Aguilera; Otero; Paz; Rodríguez; Zalazar
before-runtime-data-2.3.0,career,2014,Colombia,71,5,32.382968,33.627584,1.244616,,,,,,measured_performance,Álvarez Balanta; Bacca; Carbonero; Valdés; Vargas
before-runtime-data-2.3.0,current,2014,Colombia,71,5,32.382968,33.627584,1.244616,,,,,,measured_performance,Álvarez Balanta; Bacca; Carbonero; Valdés; Vargas
before-runtime-data-2.3.0,career,2014,Honduras,71,5,32.382968,33.627584,1.244616,,,,,,measured_performance,Chávez; Escober; López; Martínez; Palacios
before-runtime-data-2.3.0,current,2014,Honduras,71,5,32.382968,33.627584,1.244616,,,,,,measured_performance,Chávez; Escober; López; Martínez; Palacios
before-runtime-data-2.3.0,career,2014,Portugal,71,5,32.382968,33.627584,1.244616,,,,,,measured_performance,Almeida; Amorim; Coentrão; Postiga; Vieirinha
before-runtime-data-2.3.0,current,2014,Portugal,71,5,32.382968,33.627584,1.244616,,,,,,measured_performance,Almeida; Amorim; Coentrão; Postiga; Vieirinha
before-runtime-data-2.3.0,career,2026,Scotland,73,5,41.6986,42.9254,1.2268,13,84,0,3,ENG|ITA|KSA|SCO,measured_performance,Gordon (84 caps/0g); Hendry (37 caps/3g); Ralston (26 caps/1g); Ferguson (23 caps/1g); Gannon-Doak (13 caps/1g)
before-runtime-data-2.3.0,current,2026,Scotland,73,5,41.6986,42.9254,1.2268,13,84,0,3,ENG|ITA|KSA|SCO,measured_performance,Gordon (84 caps/0g); Hendry (37 caps/3g); Ralston (26 caps/1g); Ferguson (23 caps/1g); Gannon-Doak (13 caps/1g)
before-runtime-data-2.3.0,career,2018,Argentina,71,5,33.117392,34.278488,1.161096,,,,,,measured_performance,Acuña; Biglia; Dybala; Fazio; Guzmán
before-runtime-data-2.3.0,current,2018,Argentina,71,5,33.117392,34.278488,1.161096,,,,,,measured_performance,Acuña; Biglia; Dybala; Fazio; Guzmán
before-runtime-data-2.3.0,career,2018,Japan,71,5,33.117392,34.278488,1.161096,,,,,,measured_performance,Higashiguchi; Makino; Muto; Nakamura; Sakai
before-runtime-data-2.3.0,current,2018,Japan,71,5,33.117392,34.278488,1.161096,,,,,,measured_performance,Higashiguchi; Makino; Muto; Nakamura; Sakai
before-runtime-data-2.3.0,career,2018,Portugal,71,5,33.117392,34.278488,1.161096,,,,,,measured_performance,Beto; Fernandes; Lopes; Martins; Pereira
before-runtime-data-2.3.0,current,2018,Portugal,71,5,33.117392,34.278488,1.161096,,,,,,measured_performance,Beto; Fernandes; Lopes; Martins; Pereira
before-runtime-data-2.3.0,current,1954,England,72,5,35.549312,36.707444,1.158132,,,,,,measured_performance,Haynes; Hooper; Jezzard; Matthews; Taylor
before-runtime-data-2.3.0,career,1974,Netherlands,72,5,35.790896,36.854557,1.063661,,,,,,measured_performance,Geels; Strik; van de Kerkhof; van Ierssel; Vos
before-runtime-data-2.3.0,current,1974,Netherlands,72,5,35.790896,36.854557,1.063661,,,,,,measured_performance,Geels; Strik; van de Kerkhof; van Ierssel; Vos
before-runtime-data-2.3.0,current,2026,Argentina,87,5,60.6181,61.675,1.0569,40,198,1,116,ENG|FRA|POR|USA,measured_performance,Messi (198 caps/116g); Otamendi (130 caps/8g); Tagliafico (75 caps/1g); Romero (49 caps/3g); Fernández (40 caps/6g)
before-runtime-data-2.3.0,career,2026,Cape Verde,71,5,33.6875,34.7429,1.0554,10,37,0,2,BUL|CYP|ISR|POR|USA,measured_performance,Semedo (37 caps/2g); Duarte (30 caps/0g); Varela (20 caps/0g); Moreira (19 caps/0g); Semedo (10 caps/1g)
before-runtime-data-2.3.0,current,2026,Cape Verde,71,5,33.6875,34.7429,1.0554,10,37,0,2,BUL|CYP|ISR|POR|USA,measured_performance,Semedo (37 caps/2g); Duarte (30 caps/0g); Varela (20 caps/0g); Moreira (19 caps/0g); Semedo (10 caps/1g)
before-runtime-data-2.3.0,career,2022,Japan,81,5,52.570189,53.593592,1.023403,,,,,,measured_performance,Endo; Ito; Kamada; Maeda; Mitoma
before-runtime-data-2.3.0,current,2022,Japan,81,5,52.570189,53.593592,1.023403,,,,,,measured_performance,Endo; Ito; Kamada; Maeda; Mitoma
before-runtime-data-2.3.0,career,1990,Spain,83,5,55.108592,56.110088,1.001496,,,,,,measured_performance,Andrinúa; Chendo; Górriz; Salinas; Sanchís
before-runtime-data-2.3.0,current,1990,Spain,83,5,55.108592,56.110088,1.001496,,,,,,measured_performance,Andrinúa; Chendo; Górriz; Salinas; Sanchís
before-runtime-data-2.3.0,career,2014,Honduras,79,5,49.848752,50.8169,0.968148,,,,,,measured_performance,Beckeles; Bernárdez; Costly; Figueroa; Valladares
before-runtime-data-2.3.0,current,2014,Honduras,79,5,49.848752,50.8169,0.968148,,,,,,measured_performance,Beckeles; Bernárdez; Costly; Figueroa; Valladares
before-runtime-data-2.3.0,career,1986,Canada,77,5,47.161664,48.114272,0.952608,,,,,,measured_performance,Bridge; Dolan; Lenarduzzi; Samuel; Wilson
before-runtime-data-2.3.0,current,1986,Canada,77,5,47.161664,48.114272,0.952608,,,,,,measured_performance,Bridge; Dolan; Lenarduzzi; Samuel; Wilson
before-runtime-data-2.3.0,career,1986,Portugal,77,5,47.161664,48.114272,0.952608,,,,,,measured_performance,Álvaro; Bento; Frederico; Inácio; Oliveira
before-runtime-data-2.3.0,current,1986,Portugal,77,5,47.161664,48.114272,0.952608,,,,,,measured_performance,Álvaro; Bento; Frederico; Inácio; Oliveira
before-runtime-data-2.3.0,career,2018,Costa Rica,72,5,36.556964,37.504678,0.947714,,,,,,measured_performance,Bolaños; Campbell; Colindres; Ureña; Venegas
before-runtime-data-2.3.0,current,2018,Costa Rica,72,5,36.556964,37.504678,0.947714,,,,,,measured_performance,Bolaños; Campbell; Colindres; Ureña; Venegas
before-runtime-data-2.3.0,career,2018,Iceland,71,5,33.337866,34.278488,0.940622,,,,,,measured_performance,Böðvarsson; Guðmundsson; Rúnarsson; Schram; Traustason
before-runtime-data-2.3.0,current,2018,Iceland,71,5,33.337866,34.278488,0.940622,,,,,,measured_performance,Böðvarsson; Guðmundsson; Rúnarsson; Schram; Traustason
before-runtime-data-2.3.0,current,1974,Italy,77,5,47.054528,47.970915,0.916387,,,,,,measured_performance,Burgnich; Facchetti; Morini; Rivera; Spinosi
before-runtime-data-2.3.0,career,1974,Yugoslavia,71,5,34.18184,35.071424,0.889584,,,,,,measured_performance,Mešković; Pavlović; Peruzović; Petrović; Popivoda
before-runtime-data-2.3.0,current,1974,Yugoslavia,71,5,34.18184,35.071424,0.889584,,,,,,measured_performance,Mešković; Pavlović; Peruzović; Petrović; Popivoda
before-runtime-data-2.3.0,career,2018,Brazil,71,5,32.9114,33.749984,0.838584,,,,,,measured_performance,Cássio; Danilo; Ederson; Marquinhos; Taison
before-runtime-data-2.3.0,current,2018,Brazil,71,5,32.9114,33.749984,0.838584,,,,,,measured_performance,Cássio; Danilo; Ederson; Marquinhos; Taison
before-runtime-data-2.3.0,career,2018,Iran,71,5,32.9114,33.749984,0.838584,,,,,,measured_performance,Abedzadeh; Cheshmi; Ghoochannejhad; Mazaheri; Shojaei
before-runtime-data-2.3.0,current,2018,Iran,71,5,32.9114,33.749984,0.838584,,,,,,measured_performance,Abedzadeh; Cheshmi; Ghoochannejhad; Mazaheri; Shojaei
before-runtime-data-2.3.0,career,2010,United States,71,5,33.912186,34.750016,0.83783,,,,,,measured_performance,Beasley; Guzan; Hahnemann; Holden; Torres
before-runtime-data-2.3.0,current,2010,United States,71,5,33.912186,34.750016,0.83783,,,,,,measured_performance,Beasley; Guzan; Hahnemann; Holden; Torres
before-runtime-data-2.3.0,career,2006,Ivory Coast,71,5,32.920006,33.749984,0.829978,,,,,,measured_performance,Domoraud; Gnanhouan; Kouassi; Romaric; Yapi Yapo
before-runtime-data-2.3.0,current,2006,Ivory Coast,71,5,32.920006,33.749984,0.829978,,,,,,measured_performance,Domoraud; Gnanhouan; Kouassi; Romaric; Yapi Yapo
before-runtime-data-2.3.0,career,2006,Mexico,71,5,32.920006,33.749984,0.829978,,,,,,measured_performance,Arellano; de Jesús Corona; Guardado; Ochoa; Rodríguez
before-runtime-data-2.3.0,current,2006,Mexico,71,5,32.920006,33.749984,0.829978,,,,,,measured_performance,Arellano; de Jesús Corona; Guardado; Ochoa; Rodríguez
before-runtime-data-2.3.0,career,2006,Switzerland,71,5,32.920006,33.749984,0.829978,,,,,,measured_performance,Behrami; Benaglio; Coltorti; Grichting; Spycher
before-runtime-data-2.3.0,current,2006,Switzerland,71,5,32.920006,33.749984,0.829978,,,,,,measured_performance,Behrami; Benaglio; Coltorti; Grichting; Spycher
before-runtime-data-2.3.0,career,2002,Belgium,72,5,38.431352,39.260528,0.829176,,,,,,measured_performance,De Boeck; Mpenza; Van der Heyden; Van Kerckhoven; Van Meir
before-runtime-data-2.3.0,current,2002,Belgium,72,5,38.431352,39.260528,0.829176,,,,,,measured_performance,De Boeck; Mpenza; Van der Heyden; Van Kerckhoven; Van Meir
before-runtime-data-2.3.0,career,1990,South Korea,71,5,33.9266,34.742864,0.816264,,,,,,measured_performance,Jeong; Kim; Lee; Lee; Lee
before-runtime-data-2.3.0,current,1990,South Korea,71,5,33.9266,34.742864,0.816264,,,,,,measured_performance,Jeong; Kim; Lee; Lee; Lee
before-runtime-data-2.3.0,current,1990,Yugoslavia,71,5,33.9266,34.742864,0.816264,,,,,,measured_performance,Bokšić; Jarni; Leković; Omerović; Šuker
before-runtime-data-2.3.0,career,1986,South Korea,70,5,30.414032,31.209584,0.795552,,,,,,measured_performance,Cho; Chung; Kang; Kim; Kim
before-runtime-data-2.3.0,current,1986,South Korea,70,5,30.414032,31.209584,0.795552,,,,,,measured_performance,Cho; Chung; Kang; Kim; Kim
before-runtime-data-2.3.0,career,1986,Spain,70,5,30.414032,31.209584,0.795552,,,,,,measured_performance,Carrasco; Chendo; Gordillo; Maceda; Setién
before-runtime-data-2.3.0,current,1986,Spain,70,5,30.414032,31.209584,0.795552,,,,,,measured_performance,Carrasco; Chendo; Gordillo; Maceda; Setién
before-runtime-data-2.3.0,career,2026,Austria,84,5,56.366777,57.0972,0.730423,51,98,4,26,GER,measured_performance,Sabitzer (98 caps/26g); Gregoritsch (75 caps/24g); Laimer (57 caps/7g); Posch (52 caps/5g); Schlager (51 caps/4g)
before-runtime-data-2.3.0,current,2026,Spain,88,5,61.765394,62.4846,0.719206,25,57,0,24,ESP,measured_performance,Simón (57 caps/0g); Torres (55 caps/23g); Oyarzabal (52 caps/24g); Pedri (40 caps/5g); Yamal (25 caps/6g)
before-runtime-data-2.3.0,current,1994,Netherlands,71,5,31.578956,32.279072,0.700116,,,,,,measured_performance,Bosman; Numan; Snelders; van der Sar; van Gobbel
before-runtime-data-2.3.0,career,2006,Australia,80,5,51.100006,51.8,0.699994,,,,,,measured_performance,Bresciano; Chipperfield; Culina; Emerton; Grella
before-runtime-data-2.3.0,current,2006,Australia,80,5,51.100006,51.8,0.699994,,,,,,measured_performance,Bresciano; Chipperfield; Culina; Emerton; Grella
before-runtime-data-2.3.0,current,2006,Netherlands,80,5,51.100006,51.8,0.699994,,,,,,measured_performance,Cocu; Heitinga; Mathijsen; Sneijder; van Bronckhorst
before-runtime-data-2.3.0,career,2006,Switzerland,80,5,51.100006,51.8,0.699994,,,,,,measured_performance,Cabanas; Djourou; Magnin; Senderos; Vogel
before-runtime-data-2.3.0,current,2006,Switzerland,80,5,51.100006,51.8,0.699994,,,,,,measured_performance,Cabanas; Djourou; Magnin; Senderos; Vogel
before-runtime-data-2.3.0,career,2018,Colombia,86,5,59.643728,60.31999,0.676262,,,,,,measured_performance,Arias; Cuadrado; Mojica; Quintero; Sánchez
before-runtime-data-2.3.0,current,2018,Colombia,86,5,59.643728,60.31999,0.676262,,,,,,measured_performance,Arias; Cuadrado; Mojica; Quintero; Sánchez
before-runtime-data-2.3.0,career,2018,Switzerland,86,5,59.643728,60.31999,0.676262,,,,,,measured_performance,Akanji; Džemaili; Rodríguez; Shaqiri; Xhaka
before-runtime-data-2.3.0,current,2018,Switzerland,86,5,59.643728,60.31999,0.676262,,,,,,measured_performance,Akanji; Džemaili; Rodríguez; Shaqiri; Xhaka
before-runtime-data-2.3.0,career,1958,Soviet Union,83,5,55.32392,56,0.67608,,,,,,measured_performance,Ivanov; Kesarev; Kuznetsov; Simonyan; Voinov
before-runtime-data-2.3.0,current,1958,Soviet Union,83,5,55.32392,56,0.67608,,,,,,measured_performance,Ivanov; Kesarev; Kuznetsov; Simonyan; Voinov
before-runtime-data-2.3.0,career,2018,Russia,71,5,33.117392,33.749984,0.632592,,,,,,measured_performance,Gabulov; Granat; Lunyov; Miranchuk; Smolnikov
before-runtime-data-2.3.0,current,2018,Russia,71,5,33.117392,33.749984,0.632592,,,,,,measured_performance,Gabulov; Granat; Lunyov; Miranchuk; Smolnikov
before-runtime-data-2.3.0,career,2022,France,73,5,41.680726,42.255536,0.57481,,,,,,measured_performance,Guendouzi; Hernandez; Pavard; Saliba; Veretout
before-runtime-data-2.3.0,current,2022,France,73,5,41.680726,42.255536,0.57481,,,,,,measured_performance,Guendouzi; Hernandez; Pavard; Saliba; Veretout
before-runtime-data-2.3.0,current,2002,France,71,5,34.750016,35.294096,0.54408,,,,,,measured_performance,Coupet; Henry; Makélélé; Ramé; Zidane
before-runtime-data-2.3.0,career,2002,Mexico,71,5,34.750016,35.294096,0.54408,,,,,,measured_performance,Campos; García; García Aspe; Palencia; Sánchez
before-runtime-data-2.3.0,current,2002,Mexico,71,5,34.750016,35.294096,0.54408,,,,,,measured_performance,Campos; García; García Aspe; Palencia; Sánchez
before-runtime-data-2.3.0,career,1950,Chile,80,5,51.636548,52.1727,0.536152,,,,,,measured_performance,Cremaschi; Farías; Livingstone; Prieto; Robledo
before-runtime-data-2.3.0,current,1950,Chile,80,5,51.636548,52.1727,0.536152,,,,,,measured_performance,Cremaschi; Farías; Livingstone; Prieto; Robledo
before-runtime-data-2.3.0,career,2002,Portugal,78,5,49.166259,49.647056,0.480797,,,,,,measured_performance,Beto; Costa; Costa; Couto; Jorge
before-runtime-data-2.3.0,current,2002,Portugal,78,5,49.166259,49.647056,0.480797,,,,,,measured_performance,Beto; Costa; Costa; Couto; Jorge
before-runtime-data-2.3.0,current,2022,Brazil,88,5,62.030547,62.5,0.469453,,,,,,measured_performance,Alisson; Casemiro; Marquinhos; Paquetá; Richarlison
before-runtime-data-2.3.0,career,1974,East Germany,72,5,38.894557,39.35714,0.462583,,,,,,measured_performance,Ducke; Hamann; Kreische; Schnuphase; Vogel
before-runtime-data-2.3.0,current,1974,East Germany,72,5,38.894557,39.35714,0.462583,,,,,,measured_performance,Ducke; Hamann; Kreische; Schnuphase; Vogel
before-runtime-data-2.3.0,career,2026,Japan,86,5,59.5294,59.9843,0.4549,24,65,0,12,ENG|ESP|GER|ITA,measured_performance,Dōan (65 caps/11g); Kamada (49 caps/12g); Kubo (49 caps/7g); Tanaka (38 caps/8g); Suzuki (24 caps/0g)
before-runtime-data-2.3.0,career,2018,Denmark,86,5,59.643728,60.0593,0.415572,,,,,,measured_performance,Christensen; Dalsgaard; Eriksen; Kjær; Schmeichel
before-runtime-data-2.3.0,current,2018,Denmark,86,5,59.643728,60.0593,0.415572,,,,,,measured_performance,Christensen; Dalsgaard; Eriksen; Kjær; Schmeichel
before-runtime-data-2.3.0,career,2018,Morocco,71,5,33.337866,33.749984,0.412118,,,,,,measured_performance,Amrabat; Bounou; Carcela; Harit; Tagnaouti
before-runtime-data-2.3.0,current,2018,Morocco,71,5,33.337866,33.749984,0.412118,,,,,,measured_performance,Amrabat; Bounou; Carcela; Harit; Tagnaouti
before-runtime-data-2.3.0,career,1998,Germany,88,5,62.4846,62.893383,0.408783,,,,,,measured_performance,Bierhoff; Heinrich; Klinsmann; Köpke; Wörns
before-runtime-data-2.3.0,career,2010,Italy,79,5,50.368695,50.771792,0.403097,,,,,,career_stature_estimate|measured_performance,Chiellini; Criscito; Pirlo; Quagliarella; Zambrotta
before-runtime-data-2.3.0,career,1934,Germany,73,5,41.260016,41.642861,0.382845,,,,,,measured_performance,Gramlich; Heidemann; Jakob; Münzenberg; Schwartz
before-runtime-data-2.3.0,current,1934,Germany,73,5,41.260016,41.642861,0.382845,,,,,,measured_performance,Gramlich; Heidemann; Jakob; Münzenberg; Schwartz
before-runtime-data-2.3.0,career,1966,Mexico,73,5,40.589204,40.970864,0.38166,,,,,,measured_performance,González; Muñoz; Padilla; Regueiro; Ruvalcaba
before-runtime-data-2.3.0,career,2014,Ecuador,71,5,33.250016,33.627584,0.377568,,,,,,measured_performance,Banguera; Bone; Ibarra; Méndez; Rojas
before-runtime-data-2.3.0,current,2014,Ecuador,71,5,33.250016,33.627584,0.377568,,,,,,measured_performance,Banguera; Bone; Ibarra; Méndez; Rojas
before-runtime-data-2.3.0,current,2026,Scotland,82,5,54,54.3706,0.3706,26,93,1,20,ENG|ITA,measured_performance,Robertson (93 caps/4g); Mcginn (85 caps/20g); Mctominay (69 caps/14g); Christie (67 caps/10g); Patterson (26 caps/1g)
before-runtime-data-2.3.0,career,2006,Argentina,71,5,33.400016,33.749984,0.349968,,,,,,measured_performance,Cufré; Milito; Palacio; Scaloni; Ustari
before-runtime-data-2.3.0,current,2006,Argentina,71,5,33.400016,33.749984,0.349968,,,,,,measured_performance,Cufré; Milito; Palacio; Scaloni; Ustari
before-runtime-data-2.3.0,career,1962,Czechoslovakia,78,5,48.91936,49.225808,0.306448,,,,,,measured_performance,Adamec; Borovička; Kos; Molnár; Pospíchal
before-runtime-data-2.3.0,current,1962,Czechoslovakia,78,5,48.91936,49.225808,0.306448,,,,,,measured_performance,Adamec; Borovička; Kos; Molnár; Pospíchal
before-runtime-data-2.3.0,career,1962,England,82,5,53.8028,54.105248,0.302448,,,,,,measured_performance,Armfield; Hitchens; Norman; Springett; Wilson
before-runtime-data-2.3.0,career,1962,West Germany,82,5,53.8028,54.105248,0.302448,,,,,,measured_performance,Erhardt; Fahrian; Nowak; Schnellinger; Schulz
before-runtime-data-2.3.0,current,1962,West Germany,82,5,53.8028,54.105248,0.302448,,,,,,measured_performance,Erhardt; Fahrian; Nowak; Schnellinger; Schulz
before-runtime-data-2.3.0,career,2022,Ecuador,73,5,40.444448,40.73601,0.291562,,,,,,measured_performance,Cifuentes; Franco; Ibarra; Méndez; Porozo
before-runtime-data-2.3.0,current,2022,Ecuador,73,5,40.444448,40.73601,0.291562,,,,,,measured_performance,Cifuentes; Franco; Ibarra; Méndez; Porozo
before-runtime-data-2.3.0,career,2022,Germany,73,5,40.444448,40.73601,0.291562,,,,,,measured_performance,Götze; Hofmann; Klostermann; Sané; Schlotterbeck
before-runtime-data-2.3.0,current,2022,Germany,73,5,40.444448,40.73601,0.291562,,,,,,measured_performance,Götze; Hofmann; Klostermann; Sané; Schlotterbeck
before-runtime-data-2.3.0,career,2022,Mexico,73,5,40.444448,40.73601,0.291562,,,,,,measured_performance,Álvarez; Álvarez; Herrera; Rodríguez; Sánchez
before-runtime-data-2.3.0,current,2022,Mexico,73,5,40.444448,40.73601,0.291562,,,,,,measured_performance,Álvarez; Álvarez; Herrera; Rodríguez; Sánchez
before-runtime-data-2.3.0,career,1938,Brazil,73,5,40.974272,41.188008,0.213736,,,,,,measured_performance,Argemiro; Britto; Jaú; Nariz; Tim
before-runtime-data-2.3.0,current,1938,Brazil,73,5,40.974272,41.188008,0.213736,,,,,,measured_performance,Argemiro; Britto; Jaú; Nariz; Tim
before-runtime-data-2.3.0,career,1990,Austria,72,5,37.828592,38.041376,0.212784,,,,,,measured_performance,Artner; Hörtnagl; Pfeffer; Russ; Schöttel
before-runtime-data-2.3.0,current,1990,Austria,72,5,37.828592,38.041376,0.212784,,,,,,measured_performance,Artner; Hörtnagl; Pfeffer; Russ; Schöttel
before-runtime-data-2.3.0,career,1990,United States,72,5,37.828592,38.041376,0.212784,,,,,,measured_performance,Banks; Doyle; Stollmeyer; Sullivan; Wynalda
before-runtime-data-2.3.0,current,1990,United States,72,5,37.828592,38.041376,0.212784,,,,,,measured_performance,Banks; Doyle; Stollmeyer; Sullivan; Wynalda
before-runtime-data-2.3.0,career,2006,Paraguay,80,5,51.8,51.9875,0.1875,,,,,,measured_performance,Cáceres; Caniza; Cuevas; Gamarra; Núñez
before-runtime-data-2.3.0,current,2006,Paraguay,80,5,51.8,51.9875,0.1875,,,,,,measured_performance,Cáceres; Caniza; Cuevas; Gamarra; Núñez
before-runtime-data-2.3.0,career,1954,Austria,80,5,51.125568,51.280168,0.1546,,,,,,measured_performance,Giesser; Körner; Riegler; Stotz; Teinitzer
before-runtime-data-2.3.0,current,1954,Austria,80,5,51.125568,51.280168,0.1546,,,,,,measured_performance,Giesser; Körner; Riegler; Stotz; Teinitzer
before-runtime-data-2.3.0,career,1970,Soviet Union,79,5,50.816,50.918912,0.102912,,,,,,measured_performance,Afonin; Dzodzuashvili; Kaplichny; Khurtsilava; Muntyan
before-runtime-data-2.3.0,current,1970,Soviet Union,79,5,50.816,50.918912,0.102912,,,,,,measured_performance,Afonin; Dzodzuashvili; Kaplichny; Khurtsilava; Muntyan
before-runtime-data-2.3.0,career,1930,Peru,74,5,43.25,43.348784,0.098784,,,,,,measured_performance,Cillóniz; Denegri; Galindo; Quintana; Valle
before-runtime-data-2.3.0,current,1930,Peru,74,5,43.25,43.348784,0.098784,,,,,,measured_performance,Cillóniz; Denegri; Galindo; Quintana; Valle
before-runtime-data-2.3.0,career,2022,Tunisia,79,5,50.609636,50.666672,0.057036,,,,,,measured_performance,Abdi; Kechrida; Khazri; Meriah; Talbi
before-runtime-data-2.3.0,current,2022,Tunisia,79,5,50.609636,50.666672,0.057036,,,,,,measured_performance,Abdi; Kechrida; Khazri; Meriah; Talbi
before-runtime-data-2.3.0,career,1958,Northern Ireland,72,5,35.51462,35.549312,0.034692,,,,,,measured_performance,Casey; McCrory; Scott; Simpson; Trainor
before-runtime-data-2.3.0,current,1958,Northern Ireland,72,5,35.51462,35.549312,0.034692,,,,,,measured_performance,Casey; McCrory; Scott; Simpson; Trainor
before-runtime-data-2.3.0,career,2018,Mexico,79,5,50.8988,50.92424,0.02544,,,,,,measured_performance,Gallardo; Guardado; Layún; Márquez; Moreno
before-runtime-data-2.3.0,current,2018,Mexico,79,5,50.8988,50.92424,0.02544,,,,,,measured_performance,Gallardo; Guardado; Layún; Márquez; Moreno
before-runtime-data-2.3.0,career,1982,Spain,86,5,60.32,60.3273,0.0073,,,,,,measured_performance,Alexanko; Arconada; Camacho; Gordillo; Tendillo
before-runtime-data-2.3.0,current,1982,Spain,86,5,60.32,60.3273,0.0073,,,,,,measured_performance,Alexanko; Arconada; Camacho; Gordillo; Tendillo
before-runtime-data-2.3.0,current,1962,Mexico,75,5,44.67608,44.67895,0.00287,,,,,,measured_performance,Cárdenas; del Muro; Nájera; Reyes; Sepúlveda
before-runtime-data-2.3.0,career,1962,Switzerland,75,5,44.67608,44.67895,0.00287,,,,,,measured_performance,Allemann; Grobéty; Schneiter; Tacchella; Weber
before-runtime-data-2.3.0,current,1962,Switzerland,75,5,44.67608,44.67895,0.00287,,,,,,measured_performance,Allemann; Grobéty; Schneiter; Tacchella; Weber
before-runtime-data-2.3.0,current,2026,Algeria,83,5,55.025,55.025,0,28,117,0,19,ENG|FRA|GER,measured_performance,Mandi (117 caps/7g); Bensebaini (81 caps/7g); Amoura (45 caps/19g); Chaibi (29 caps/3g); Ait-Nouri (28 caps/0g)
before-runtime-data-2.3.0,career,2026,Bosnia and Herzegovina,79,5,50,50,0,25,148,0,73,GER|ITA|POR,measured_performance,Džeko (148 caps/73g); Kolašinac (64 caps/0g); Hadzikadunic (31 caps/0g); Dedic (27 caps/1g); Vasilj (25 caps/0g)
before-runtime-data-2.3.0,current,2026,Bosnia and Herzegovina,79,5,50,50,0,25,148,0,73,GER|ITA|POR,measured_performance,Džeko (148 caps/73g); Kolašinac (64 caps/0g); Hadzikadunic (31 caps/0g); Dedic (27 caps/1g); Vasilj (25 caps/0g)
before-runtime-data-2.3.0,current,2026,Croatia,87,5,60.9669,60.9669,0,47,197,4,28,ENG|ITA,measured_performance,Modrić (197 caps/28g); Kovačić (112 caps/5g); Pašalić (84 caps/11g); Vlašić (62 caps/10g); Gvardiol (47 caps/4g)
before-runtime-data-2.3.0,career,2026,Czech Republic,81,5,52.3543,52.3543,0,19,89,0,25,ENG|GER|NED,measured_performance,Soucek (89 caps/17g); Coufal (61 caps/2g); Schick (52 caps/25g); Hlozek (42 caps/5g); Kovar (19 caps/0g)
before-runtime-data-2.3.0,current,2026,Czech Republic,81,5,52.3543,52.3543,0,19,89,0,25,ENG|GER|NED,measured_performance,Soucek (89 caps/17g); Coufal (61 caps/2g); Schick (52 caps/25g); Hlozek (42 caps/5g); Kovar (19 caps/0g)
before-runtime-data-2.3.0,current,2026,Iraq,79,5,50,50,0,18,100,0,33,ENG|IRQ|UAE,measured_performance,Hassan (100 caps/0g); Hussein (93 caps/33g); Bayesh (74 caps/8g); Ali (71 caps/27g); Hamadi (18 caps/5g)
before-runtime-data-2.3.0,current,2026,Mexico,86,5,59.4124,59.4124,0,45,123,2,44,ENG|GRE|ITA|MEX|TUR,measured_performance,Jiménez (123 caps/44g); Gallardo (120 caps/3g); Álvarez (97 caps/7g); Pineda (91 caps/12g); Vásquez (45 caps/2g)
before-runtime-data-2.3.0,career,2026,Morocco,85,5,58.5933,58.5933,0,25,64,2,13,ENG|ESP|FRA|GER,measured_performance,Aguerd (64 caps/2g); Ounahi (48 caps/9g); Mazraoui (44 caps/2g); Khannouss (36 caps/3g); Diaz (25 caps/13g)
before-runtime-data-2.3.0,current,2026,Norway,86,5,59.5058,59.5058,0,23,71,2,55,ENG|ESP|GER,measured_performance,Sorloth (71 caps/26g); Odegaard (67 caps/4g); Ajer (51 caps/2g); Haaland (49 caps/55g); Nusa (23 caps/8g)
before-runtime-data-2.3.0,career,2026,Uzbekistan,79,5,50.4776,50.4776,0,26,83,0,12,ENG|IRN|TUR|UAE,measured_performance,Shukurov (83 caps/9g); Masharipov (74 caps/12g); Urunov (41 caps/10g); Fayzullaev (31 caps/8g); Khusanov (26 caps/0g)
before-runtime-data-2.3.0,current,2022,Belgium,76,5,46.967264,46.967264,0,,,,,,measured_performance,Castagne; De Bruyne; Meunier; Tielemans; Witsel
before-runtime-data-2.3.0,career,2022,Canada,79,5,50.666672,50.666672,0,,,,,,measured_performance,Adekugbe; Johnston; Laryea; Miller; Vitória
before-runtime-data-2.3.0,current,2022,Canada,79,5,50.666672,50.666672,0,,,,,,measured_performance,Adekugbe; Johnston; Laryea; Miller; Vitória
before-runtime-data-2.3.0,career,2022,Iran,76,5,46.967264,46.967264,0,,,,,,measured_performance,Ezatolahi; Gholizadeh; Karimi; Nourollahi; Torabi
before-runtime-data-2.3.0,current,2022,Iran,76,5,46.967264,46.967264,0,,,,,,measured_performance,Ezatolahi; Gholizadeh; Karimi; Nourollahi; Torabi
before-runtime-data-2.3.0,career,2022,South Korea,83,5,55.5701,55.5701,0,,,,,,measured_performance,Gue-sung; Jin-su; Kim; Kim; Moon-hwan
before-runtime-data-2.3.0,current,2022,South Korea,83,5,55.5701,55.5701,0,,,,,,measured_performance,Gue-sung; Jin-su; Kim; Kim; Moon-hwan
before-runtime-data-2.3.0,career,2018,Morocco,74,5,44.306374,44.306374,0,,,,,,measured_performance,Amrabat; Belhanda; Boussoufa; El Ahmadi; Ziyech
before-runtime-data-2.3.0,current,2018,Morocco,74,5,44.306374,44.306374,0,,,,,,measured_performance,Amrabat; Belhanda; Boussoufa; El Ahmadi; Ziyech
before-runtime-data-2.3.0,career,2018,Serbia,74,5,44.306374,44.306374,0,,,,,,measured_performance,Kostić; Ljajić; Matić; Milinković-Savić; Tadić
before-runtime-data-2.3.0,current,2018,Serbia,74,5,44.306374,44.306374,0,,,,,,measured_performance,Kostić; Ljajić; Matić; Milinković-Savić; Tadić
before-runtime-data-2.3.0,current,2018,South Korea,79,5,50.7303,50.7303,0,,,,,,measured_performance,Jang; Jo; Kim; Lee; Son
before-runtime-data-2.3.0,career,2018,Uruguay,82,5,54.294474,54.294474,0,,,,,,measured_performance,Bentancur; Nández; Rodríguez; Torreira; Vecino
before-runtime-data-2.3.0,current,2018,Uruguay,87,5,60.7411,60.7411,0,,,,,,measured_performance,Cáceres; Cavani; Godín; Muslera; Suárez
before-runtime-data-2.3.0,current,2018,Uruguay,82,5,54.294474,54.294474,0,,,,,,measured_performance,Bentancur; Nández; Rodríguez; Torreira; Vecino
before-runtime-data-2.3.0,career,2014,Argentina,84,5,57.645873,57.645873,0,,,,,,measured_performance,Demichelis; Fernández; Garay; Rojo; Zabaleta
before-runtime-data-2.3.0,current,2014,Argentina,84,5,57.645873,57.645873,0,,,,,,measured_performance,Demichelis; Fernández; Garay; Rojo; Zabaleta
before-runtime-data-2.3.0,current,2014,France,87,5,60.7079,60.7079,0,,,,,,measured_performance,Benzema; Lloris; Matuidi; Sissoko; Valbuena
before-runtime-data-2.3.0,career,2014,Germany,84,5,57.645873,57.645873,0,,,,,,measured_performance,Boateng; Höwedes; Hummels; Mertesacker; Mustafi
before-runtime-data-2.3.0,career,2014,Iran,76,5,45.93103,45.93103,0,,,,,,measured_performance,Dejagah; Hajsafi; Nekounam; Shojaei; Teymourian
before-runtime-data-2.3.0,career,2014,Iran,79,5,49.848752,49.848752,0,,,,,,measured_performance,Heydari; Hosseini; Montazeri; Pooladi; Sadeghi
before-runtime-data-2.3.0,current,2014,Iran,76,5,45.93103,45.93103,0,,,,,,measured_performance,Dejagah; Hajsafi; Nekounam; Shojaei; Teymourian
before-runtime-data-2.3.0,current,2014,Iran,79,5,49.848752,49.848752,0,,,,,,measured_performance,Heydari; Hosseini; Montazeri; Pooladi; Sadeghi
before-runtime-data-2.3.0,career,2014,Mexico,84,5,57.645873,57.645873,0,,,,,,measured_performance,Aguilar; Layún; Márquez; Moreno; Rodríguez
before-runtime-data-2.3.0,current,2014,Mexico,84,5,57.645873,57.645873,0,,,,,,measured_performance,Aguilar; Layún; Márquez; Moreno; Rodríguez
before-runtime-data-2.3.0,career,2014,Netherlands,88,5,61.8446,61.8446,0,,,,,,measured_performance,Cillessen; de Jong; Depay; van Persie; Wijnaldum
before-runtime-data-2.3.0,career,2010,Algeria,76,5,45.795123,45.795123,0,,,,,,measured_performance,Guedioura; Kadir; Lacen; Yebda; Ziani
before-runtime-data-2.3.0,current,2010,Algeria,76,5,45.795123,45.795123,0,,,,,,measured_performance,Guedioura; Kadir; Lacen; Yebda; Ziani
before-runtime-data-2.3.0,career,2010,Argentina,88,5,61.9836,61.9836,0,,,,,,measured_performance,Burdisso; Demichelis; Higuaín; Romero; Tevez
before-runtime-data-2.3.0,current,2010,Argentina,88,5,61.9836,61.9836,0,,,,,,measured_performance,Burdisso; Demichelis; Higuaín; Romero; Tevez
before-runtime-data-2.3.0,current,2010,Ivory Coast,82,5,54.5918,54.5918,0,,,,,,measured_performance,Barry; Drogba; Kalou; Romaric; Touré
before-runtime-data-2.3.0,career,2006,Brazil,88,5,62.5,62.5,0,,,,,,measured_performance,Adriano; Dida; Juan; Lúcio; Zé Roberto
before-runtime-data-2.3.0,career,2006,England,88,5,62.2683,62.2683,0,,,,,,measured_performance,Cole; Cole; Ferdinand; Robinson; Terry
before-runtime-data-2.3.0,career,2006,Sweden,80,5,51.100006,51.100006,0,,,,,,measured_performance,Alexandersson; Jonson; Källström; Linderoth; Wilhelmsson
before-runtime-data-2.3.0,current,2006,Sweden,80,5,51.100006,51.100006,0,,,,,,measured_performance,Alexandersson; Jonson; Källström; Linderoth; Wilhelmsson
before-runtime-data-2.3.0,career,2006,Togo,79,5,50,50,0,,,,,,measured_performance,Agassa; Forson; Kader; Nibombé; Tchangai
before-runtime-data-2.3.0,current,2006,Togo,79,5,50,50,0,,,,,,measured_performance,Agassa; Forson; Kader; Nibombé; Tchangai
before-runtime-data-2.3.0,career,2006,Tunisia,75,5,44.620006,44.620006,0,,,,,,measured_performance,Bouazizi; Chedli; Ghodhbane; Nafti; Namouchi
before-runtime-data-2.3.0,current,2006,Tunisia,75,5,44.620006,44.620006,0,,,,,,measured_performance,Bouazizi; Chedli; Ghodhbane; Nafti; Namouchi
before-runtime-data-2.3.0,career,2002,Cameroon,78,5,49.647056,49.647056,0,,,,,,measured_performance,Geremi; Kalla; Song; Tchato; Womé
before-runtime-data-2.3.0,current,2002,Cameroon,78,5,49.647056,49.647056,0,,,,,,measured_performance,Geremi; Kalla; Song; Tchato; Womé
before-runtime-data-2.3.0,career,2002,Costa Rica,78,5,49.647056,49.647056,0,,,,,,measured_performance,Castro; Marín; Martínez; Wallace; Wright
before-runtime-data-2.3.0,current,2002,Costa Rica,78,5,49.647056,49.647056,0,,,,,,measured_performance,Castro; Marín; Martínez; Wallace; Wright
before-runtime-data-2.3.0,career,2002,Croatia,78,5,49.647056,49.647056,0,,,,,,measured_performance,Jarni; Kovač; Šarić; Šimunić; Tomas
before-runtime-data-2.3.0,current,2002,Croatia,78,5,49.647056,49.647056,0,,,,,,measured_performance,Jarni; Kovač; Šarić; Šimunić; Tomas
before-runtime-data-2.3.0,career,2002,Ecuador,78,5,49.647056,49.647056,0,,,,,,measured_performance,Ayoví; de la Cruz; Guerrón; Hurtado; Porozo
before-runtime-data-2.3.0,current,2002,Ecuador,78,5,49.647056,49.647056,0,,,,,,measured_performance,Ayoví; de la Cruz; Guerrón; Hurtado; Porozo
before-runtime-data-2.3.0,career,2002,England,88,5,61.7308,61.7308,0,,,,,,measured_performance,Campbell; Cole; Ferdinand; Mills; Seaman
before-runtime-data-2.3.0,career,2002,Republic of Ireland,86,5,59.529392,59.529392,0,,,,,,measured_performance,Breen; Finnan; Harte; Kelly; Staunton
before-runtime-data-2.3.0,current,2002,Republic of Ireland,86,5,59.529392,59.529392,0,,,,,,measured_performance,Breen; Finnan; Harte; Kelly; Staunton
before-runtime-data-2.3.0,career,2002,South Africa,79,5,50.1967,50.1967,0,,,,,,measured_performance,Arendse; Fortune; McCarthy; Mokoena; Nomvethe
before-runtime-data-2.3.0,current,2002,South Africa,79,5,50.1967,50.1967,0,,,,,,measured_performance,Arendse; Fortune; McCarthy; Mokoena; Nomvethe
before-runtime-data-2.3.0,career,2002,United States,85,5,58.5072,58.5072,0,,,,,,measured_performance,Friedel; McBride; O'Brien; Pope; Sanneh
before-runtime-data-2.3.0,current,2002,United States,85,5,58.5072,58.5072,0,,,,,,measured_performance,Friedel; McBride; O'Brien; Pope; Sanneh
before-runtime-data-2.3.0,current,1998,Germany,88,5,62.4846,62.4846,0,,,,,,measured_performance,Bierhoff; Heinrich; Klinsmann; Köpke; Wörns
before-runtime-data-2.3.0,career,1998,Norway,85,5,59.026064,59.026064,0,,,,,,measured_performance,Berg; Bjørnebye; Eggen; Johnsen; Riseth
before-runtime-data-2.3.0,current,1998,Norway,85,5,59.026064,59.026064,0,,,,,,measured_performance,Berg; Bjørnebye; Eggen; Johnsen; Riseth
before-runtime-data-2.3.0,career,1998,United States,74,5,43.814586,43.814586,0,,,,,,measured_performance,Dooley; Jones; Maisonneuve; Reyna; Stewart
before-runtime-data-2.3.0,current,1998,United States,74,5,43.814586,43.814586,0,,,,,,measured_performance,Dooley; Jones; Maisonneuve; Reyna; Stewart
before-runtime-data-2.3.0,career,1994,Romania,86,5,59.3451,59.3451,0,,,,,,measured_performance,Belodedici; Dumitrescu; Petrescu; Prodan; Răducioiu
before-runtime-data-2.3.0,career,1990,Colombia,68,5,23.977136,23.977136,0,,,,,,measured_performance,Cabrera; Cassiani; Hoyos; Mendoza; Pérez
before-runtime-data-2.3.0,current,1990,Colombia,68,5,23.977136,23.977136,0,,,,,,measured_performance,Cabrera; Cassiani; Hoyos; Mendoza; Pérez
before-runtime-data-2.3.0,career,1986,Mexico,86,5,59.3721,59.3721,0,,,,,,measured_performance,Cruz; Larios; Negrete; Quirarte; Servín
before-runtime-data-2.3.0,current,1986,Mexico,86,5,59.3721,59.3721,0,,,,,,measured_performance,Cruz; Larios; Negrete; Quirarte; Servín
before-runtime-data-2.3.0,career,1986,Poland,84,5,56.4413,56.4413,0,,,,,,measured_performance,Majewski; Młynarczyk; Ostrowski; Smolarek; Wójcicki
before-runtime-data-2.3.0,current,1986,Poland,84,5,56.4413,56.4413,0,,,,,,measured_performance,Majewski; Młynarczyk; Ostrowski; Smolarek; Wójcicki
before-runtime-data-2.3.0,current,1986,South Korea,79,5,50.1348,50.1348,0,,,,,,measured_performance,Choi; Huh; Kim; Oh; Park
before-runtime-data-2.3.0,career,1982,Cameroon,77,5,48.114272,48.114272,0,,,,,,measured_performance,Aoudou; Kaham; Kundé; N'Djeya; Onana
before-runtime-data-2.3.0,current,1982,Cameroon,77,5,48.114272,48.114272,0,,,,,,measured_performance,Aoudou; Kaham; Kundé; N'Djeya; Onana
before-runtime-data-2.3.0,current,1982,Peru,75,5,44.612077,44.612077,0,,,,,,measured_performance,Cubillas; Cueto; Leguía; Uribe; Velásquez
before-runtime-data-2.3.0,current,1978,Austria,86,5,60.0219,60.0219,0,,,,,,measured_performance,Koncilia; Krankl; Obermayer; Pezzey; Sara
before-runtime-data-2.3.0,career,1978,Peru,84,5,56.4413,56.4413,0,,,,,,measured_performance,Cueto; Duarte; Manzo; Quiroga; Velásquez
before-runtime-data-2.3.0,career,1978,Spain,73,5,40.036688,40.036688,0,,,,,,measured_performance,Biosca; Migueli; Olmo; Pirri; Uría
before-runtime-data-2.3.0,current,1978,Spain,73,5,40.036688,40.036688,0,,,,,,measured_performance,Biosca; Migueli; Olmo; Pirri; Uría
before-runtime-data-2.3.0,current,1970,Peru,81,5,52.797,52.797,0,,,,,,measured_performance,Challe; Chumpitaz; Fuentes; Gallardo; Rubiños
before-runtime-data-2.3.0,career,1966,France,66,5,20,20,0,,,,,,baseline_anchor_estimate,Budzynski; Carnus; Chorda; Piumi; Schuth
before-runtime-data-2.3.0,current,1966,France,66,5,20,20,0,,,,,,baseline_anchor_estimate,Budzynski; Carnus; Chorda; Piumi; Schuth
before-runtime-data-2.3.0,career,1962,Soviet Union,66,5,20,20,0,,,,,,baseline_anchor_estimate,Chokheli; Kotrikadze; Maslachenko; Maslyonkin; Ostrovskiy
before-runtime-data-2.3.0,current,1962,Soviet Union,66,5,20,20,0,,,,,,baseline_anchor_estimate,Chokheli; Kotrikadze; Maslachenko; Maslyonkin; Ostrovskiy
before-runtime-data-2.3.0,career,1962,West Germany,66,5,20,20,0,,,,,,baseline_anchor_estimate,Kurbjuhn; Sawitzki; Tilkowski; Werner; Wilden
before-runtime-data-2.3.0,current,1962,West Germany,66,5,20,20,0,,,,,,baseline_anchor_estimate,Kurbjuhn; Sawitzki; Tilkowski; Werner; Wilden
before-runtime-data-2.3.0,career,1958,Argentina,66,5,20,20,0,,,,,,baseline_anchor_estimate,Acevedo; Delgado; Edwards; Musimessi; Pérez
before-runtime-data-2.3.0,current,1958,Argentina,66,5,20,20,0,,,,,,baseline_anchor_estimate,Acevedo; Delgado; Edwards; Musimessi; Pérez
before-runtime-data-2.3.0,career,1958,Soviet Union,66,5,20,20,0,,,,,,baseline_anchor_estimate,Belyayev; Maslachenko; Maslyonkin; Ostrovskiy; Yerokhin
before-runtime-data-2.3.0,current,1958,Soviet Union,66,5,20,20,0,,,,,,baseline_anchor_estimate,Belyayev; Maslachenko; Maslyonkin; Ostrovskiy; Yerokhin
before-runtime-data-2.3.0,career,1954,Austria,87,5,61.1506,61.1506,0,,,,,,measured_performance,Barschandt; Körner; Schmied; Stojaspal; Wagner
before-runtime-data-2.3.0,career,1954,Brazil,66,5,20,20,0,,,,,,baseline_anchor_estimate,Alfredo; Cabeção; Paulinho; Ramos; Veludo
before-runtime-data-2.3.0,current,1954,Brazil,66,5,20,20,0,,,,,,baseline_anchor_estimate,Alfredo; Cabeção; Paulinho; Ramos; Veludo
before-runtime-data-2.3.0,career,1954,South Korea,73,5,42.325568,42.325568,0,,,,,,measured_performance,Chu; Chung; Kang; Kim; Lee
before-runtime-data-2.3.0,current,1954,South Korea,73,5,42.325568,42.325568,0,,,,,,measured_performance,Chu; Chung; Kang; Kim; Lee
before-runtime-data-2.3.0,career,1954,Switzerland,83,5,55.6767,55.6767,0,,,,,,measured_performance,Ballaman; Fatton; Kernen; Neury; Parlier
before-runtime-data-2.3.0,current,1954,Switzerland,83,5,55.6767,55.6767,0,,,,,,measured_performance,Ballaman; Fatton; Kernen; Neury; Parlier
before-runtime-data-2.3.0,career,1950,Spain,87,5,61.6092,61.6092,0,,,,,,measured_performance,Gonzalvo; Igoa; Parra; Puchades; Ramallets
before-runtime-data-2.3.0,current,1950,Spain,87,5,61.6092,61.6092,0,,,,,,measured_performance,Gonzalvo; Igoa; Parra; Puchades; Ramallets
before-runtime-data-2.3.0,career,1950,Switzerland,66,5,20,20,0,,,,,,baseline_anchor_estimate,Corrodi; Gyger; Kernen; Rey; Steffen
before-runtime-data-2.3.0,current,1950,Switzerland,66,5,20,20,0,,,,,,baseline_anchor_estimate,Corrodi; Gyger; Kernen; Rey; Steffen
before-runtime-data-2.3.0,career,1950,Uruguay,86,5,59.3721,59.3721,0,,,,,,measured_performance,Máspoli; Pérez; Tejera; Varela; Vidal
before-runtime-data-2.3.0,career,1938,Belgium,66,5,20,20,0,,,,,,baseline_anchor_estimate,Braet; Gommers; Petit; Smellinckx; Vandewyer
before-runtime-data-2.3.0,current,1938,Belgium,66,5,20,20,0,,,,,,baseline_anchor_estimate,Braet; Gommers; Petit; Smellinckx; Vandewyer
before-runtime-data-2.3.0,career,1938,Dutch East Indies,66,5,20,20,0,,,,,,baseline_anchor_estimate,Dorst; Harting; Hu Kon; Tan; van Beuzekom
before-runtime-data-2.3.0,current,1938,Dutch East Indies,66,5,20,20,0,,,,,,baseline_anchor_estimate,Dorst; Harting; Hu Kon; Tan; van Beuzekom
before-runtime-data-2.3.0,career,1938,France,66,5,20,20,0,,,,,,baseline_anchor_estimate,Ben Bouali; Darui; Llense; Povolny; Vandooren
before-runtime-data-2.3.0,current,1938,France,66,5,20,20,0,,,,,,baseline_anchor_estimate,Ben Bouali; Darui; Llense; Povolny; Vandooren
before-runtime-data-2.3.0,career,1938,Switzerland,84,5,56.4413,56.4413,0,,,,,,measured_performance,Abegglen; Bickel; Huber; Lehmann; Walaschek
before-runtime-data-2.3.0,current,1938,Switzerland,84,5,56.4413,56.4413,0,,,,,,measured_performance,Abegglen; Bickel; Huber; Lehmann; Walaschek
before-runtime-data-2.3.0,career,1934,Belgium,74,5,43.287152,43.287152,0,,,,,,measured_performance,Bourgeois; Hellemans; Putmans; Simons; Van Ingelgem
before-runtime-data-2.3.0,current,1934,Belgium,74,5,43.287152,43.287152,0,,,,,,measured_performance,Bourgeois; Hellemans; Putmans; Simons; Van Ingelgem
before-runtime-data-2.3.0,career,1934,Egypt,74,5,43.287152,43.287152,0,,,,,,measured_performance,Bakhati; Halim Ibrahim; Kasseb; Raghab; Youssef
before-runtime-data-2.3.0,current,1934,Egypt,74,5,43.287152,43.287152,0,,,,,,measured_performance,Bakhati; Halim Ibrahim; Kasseb; Raghab; Youssef
before-runtime-data-2.3.0,career,1930,Brazil,72,5,36.52832,36.52832,0,,,,,,measured_performance,Benedicto; Doca; Leite; Manoelzinho; Teóphilo
before-runtime-data-2.3.0,current,1930,Brazil,72,5,36.52832,36.52832,0,,,,,,measured_performance,Benedicto; Doca; Leite; Manoelzinho; Teóphilo
after-runtime-data-2.4.0,current,1930,Uruguay,88,13,59.25,62.3652,3.1152,10,49,,,URUGUAY,measured_performance,Scarone (49 caps); Andrade (30 caps); Nasazzi (28 caps); Fernández (20 caps); Castro (17 caps); Gestido (10 caps); Anselmo; Dorado
after-runtime-data-2.4.0,career,1954,Turkey,66,11,22.835301,25.601991,2.76669,0,11,,,TURKEY,baseline_anchor_estimate,Şeren (11 caps); Ertan (4 caps); Dirimlili (3 caps); Ersoy (3 caps); Beratlıgil (2 caps); Bolatlı (2 caps); Akgün (1 caps); Berman (0 caps)
after-runtime-data-2.4.0,current,1954,Turkey,66,11,22.835301,25.601991,2.76669,0,11,,,TURKEY,baseline_anchor_estimate,Şeren (11 caps); Ertan (4 caps); Dirimlili (3 caps); Ersoy (3 caps); Beratlıgil (2 caps); Bolatlı (2 caps); Akgün (1 caps); Berman (0 caps)
after-runtime-data-2.4.0,career,1954,Scotland,69,11,31.995395,33.11273,1.117335,0,5,,,ENGLAND|SCOTLAND,baseline_anchor_estimate|measured_performance,Hamilton (5 caps); Mackenzie (4 caps); Combe (3 caps); McMillan (3 caps); Ormond (3 caps); Anderson (1 caps); Fernie (1 caps); Mochan (1 caps)
after-runtime-data-2.4.0,current,1954,Scotland,69,11,31.995395,33.11273,1.117335,0,5,,,ENGLAND|SCOTLAND,baseline_anchor_estimate|measured_performance,Hamilton (5 caps); Mackenzie (4 caps); Combe (3 caps); McMillan (3 caps); Ormond (3 caps); Anderson (1 caps); Fernie (1 caps); Mochan (1 caps)
after-runtime-data-2.4.0,career,1930,Uruguay,88,10,59.25,62.3652,3.1152,10,20,,,URUGUAY,measured_performance,Fernández (20 caps); Castro (17 caps); Gestido (10 caps); Anselmo; Dorado; Iriarte; Mascheroni; Melogno
after-runtime-data-2.4.0,current,2010,Spain,88,10,60.058202,62.4988,2.440598,16,87,,,ENG|ESP,measured_performance,Xavi (87 caps); Puyol (83 caps); Torres (73 caps); Alonso (69 caps); Ramos (60 caps); Marchena (59 caps); Fàbregas (49 caps); Capdevila (46 caps)
after-runtime-data-2.4.0,career,1934,Argentina,69,10,31.390213,33.433065,2.042852,0,3,,,ARG,measured_performance,Devincenzi (3 caps); López (2 caps); Belis (0 caps); Irañeta (0 caps); Izzeta (0 caps); Nehin (0 caps); Pedevilla (0 caps); Pérez (0 caps)
after-runtime-data-2.4.0,current,1934,Argentina,69,10,31.390213,33.433065,2.042852,0,3,,,ARG,measured_performance,Devincenzi (3 caps); López (2 caps); Belis (0 caps); Irañeta (0 caps); Izzeta (0 caps); Nehin (0 caps); Pedevilla (0 caps); Pérez (0 caps)
after-runtime-data-2.4.0,current,2006,Brazil,88,9,58.703373,65.213393,6.51002,32,138,,,ESP|GER|ITA,measured_performance,Cafu (138 caps); Carlos (121 caps); Ronaldo (92 caps); Dida (86 caps); Zé Roberto (79 caps); Lúcio (50 caps); Juan (38 caps); Kaká (38 caps)
after-runtime-data-2.4.0,current,2010,Netherlands,88,9,59.883817,62.4213,2.537483,40,97,,,ENG|ESP|GER|NED,measured_performance,van Bronckhorst (97 caps); van der Vaart (75 caps); Kuyt (60 caps); van Bommel (54 caps); Mathijsen (53 caps); Heitinga (51 caps); Robben (46 caps); van Persie (41 caps)
after-runtime-data-2.4.0,career,1938,Norway,71,9,35.787307,38.074485,2.287178,0,44,,,NORWAY,measured_performance,Johansen (44 caps); Eriksen (34 caps); Kvammen (29 caps); Holmsen (22 caps); Holmberg (18 caps); Martinsen (17 caps); Andreassen (0 caps); Berglie (0 caps)
after-runtime-data-2.4.0,current,1938,Norway,71,9,35.787307,38.074485,2.287178,0,44,,,NORWAY,measured_performance,Johansen (44 caps); Eriksen (34 caps); Kvammen (29 caps); Holmsen (22 caps); Holmberg (18 caps); Martinsen (17 caps); Andreassen (0 caps); Berglie (0 caps)
after-runtime-data-2.4.0,career,1934,Egypt,71,9,36.515684,37.142864,0.62718,0,5,,,EGYPT,measured_performance,Mokhtar (5 caps); El-Far (2 caps); Latif (2 caps); El-Nigero (0 caps); Mahmoud (0 caps); Rafaat (0 caps); Hassan; Mosaoud
after-runtime-data-2.4.0,current,1934,Egypt,71,9,36.515684,37.142864,0.62718,0,5,,,EGYPT,measured_performance,Mokhtar (5 caps); El-Far (2 caps); Latif (2 caps); El-Nigero (0 caps); Mahmoud (0 caps); Rafaat (0 caps); Hassan; Mosaoud
after-runtime-data-2.4.0,career,1950,Paraguay,70,9,35.179472,35.179472,0,,,,,PARAGUAY,measured_performance,Avalos; Avalos; Berni; Calonga; Cañete; Jara Saguier; Osorio; Sosa
after-runtime-data-2.4.0,current,1950,Paraguay,70,9,35.179472,35.179472,0,,,,,PARAGUAY,measured_performance,Avalos; Avalos; Berni; Calonga; Cañete; Jara Saguier; Osorio; Sosa
after-runtime-data-2.4.0,career,1966,North Korea,66,9,20,20,0,0,0,,,NORTH KOREA,baseline_anchor_estimate,Ha (0 caps); Lee (0 caps); Lim (0 caps); Oh (0 caps); Pak (0 caps); Shin (0 caps); Kim; Lee
after-runtime-data-2.4.0,current,1966,North Korea,66,9,20,20,0,0,0,,,NORTH KOREA,baseline_anchor_estimate,Ha (0 caps); Lee (0 caps); Lim (0 caps); Oh (0 caps); Pak (0 caps); Shin (0 caps); Kim; Lee
after-runtime-data-2.4.0,current,2018,Belgium,88,8,59.064027,65.904643,6.840616,45,102,3,36,ENG|ITA,measured_performance,Vertonghen (102 caps/8g); Fellaini (82 caps/17g); Alderweireld (77 caps/3g); Kompany (77 caps/4g); Lukaku (69 caps/36g); Mertens (69 caps/14g); De Bruyne (62 caps/14g); Chadli (45 caps/5g)
after-runtime-data-2.4.0,current,1990,Italy,88,8,58.764982,62.3652,3.600218,8,65,,,ITA,measured_performance,Bergomi (65 caps); Baresi (39 caps); De Napoli (38 caps); Zenga (35 caps); Giannini (34 caps); Ferri (29 caps); Maldini (19 caps); Baggio (8 caps)
after-runtime-data-2.4.0,current,1986,France,88,8,59.011253,62.5,3.488747,1,69,,,BELGIUM|FRANCE|ITA,measured_performance,Bossis (69 caps); Platini (63 caps); Rocheteau (45 caps); Battiston (42 caps); Giresse (41 caps); Tigana (40 caps); Amoros (32 caps); Papin (1 caps)
after-runtime-data-2.4.0,current,2006,France,88,8,59.263446,62.2497,2.986254,3,114,,,ENG|FRA|GER|ITA,measured_performance,Thuram (114 caps); Vieira (87 caps); Barthez (80 caps); Henry (78 caps); Makélélé (43 caps); Gallas (40 caps); Sagnol (38 caps); Ribéry (3 caps)
after-runtime-data-2.4.0,current,2010,Germany,88,8,59.491075,62.2306,2.739525,4,96,,,GER,measured_performance,Klose (96 caps); Schweinsteiger (74 caps); Podolski (73 caps); Friedrich (72 caps); Lahm (65 caps); Mertesacker (62 caps); Neuer (5 caps); Kroos (4 caps)
after-runtime-data-2.4.0,career,1962,Argentina,70,8,33.607747,35.395132,1.787385,1,16,,,ARGENTINA,measured_performance,Sosa (16 caps); Rossi (14 caps); Pando (12 caps); Abeledo (6 caps); Pagani (4 caps); Oleniak (3 caps); Sainz (3 caps); Páez (1 caps)
after-runtime-data-2.4.0,current,1962,Argentina,70,8,33.607747,35.395132,1.787385,1,16,,,ARGENTINA,measured_performance,Sosa (16 caps); Rossi (14 caps); Pando (12 caps); Abeledo (6 caps); Pagani (4 caps); Oleniak (3 caps); Sainz (3 caps); Páez (1 caps)
after-runtime-data-2.4.0,career,2010,Netherlands,88,8,59.883817,61.288749,1.404932,40,97,,,ENG|ESP|GER|NED,measured_performance,van Bronckhorst (97 caps); van der Vaart (75 caps); Kuyt (60 caps); van Bommel (54 caps); Mathijsen (53 caps); Heitinga (51 caps); van Persie (41 caps); de Jong (40 caps)
after-runtime-data-2.4.0,career,1930,Paraguay,68,8,29.469393,30.743408,1.274015,0,0,,,PAR,measured_performance,Aguirre (0 caps); Benítez (0 caps); Etcheverry (0 caps); Garcete (0 caps); Ortega (0 caps); Rivera (0 caps); Carreras; Villalba
after-runtime-data-2.4.0,current,1930,Paraguay,68,8,29.469393,30.743408,1.274015,0,0,,,PAR,measured_performance,Aguirre (0 caps); Benítez (0 caps); Etcheverry (0 caps); Garcete (0 caps); Ortega (0 caps); Rivera (0 caps); Carreras; Villalba
after-runtime-data-2.4.0,career,1930,Peru,68,8,29.469393,30.743408,1.274015,0,3,,,MEX|PERU,measured_performance,Astengo (3 caps); Neyra (2 caps); Sarmiento (2 caps); García (0 caps); Lores (0 caps); Pacheco (0 caps); Rodríguez Nue (0 caps); Góngora
after-runtime-data-2.4.0,current,1930,Peru,68,8,29.469393,30.743408,1.274015,0,3,,,MEX|PERU,measured_performance,Astengo (3 caps); Neyra (2 caps); Sarmiento (2 caps); García (0 caps); Lores (0 caps); Pacheco (0 caps); Rodríguez Nue (0 caps); Góngora
after-runtime-data-2.4.0,career,1938,Poland,69,8,32.261213,33.288577,1.027364,0,16,,,POL,measured_performance,Gałecki (16 caps); Góra (8 caps); Nyc (4 caps); Habowski (1 caps); Korbas (1 caps); Łyko (1 caps); Baran (0 caps); Cebula (0 caps)
after-runtime-data-2.4.0,current,1938,Poland,69,8,32.261213,33.288577,1.027364,0,16,,,POL,measured_performance,Gałecki (16 caps); Góra (8 caps); Nyc (4 caps); Habowski (1 caps); Korbas (1 caps); Łyko (1 caps); Baran (0 caps); Cebula (0 caps)
after-runtime-data-2.4.0,career,1938,Cuba,73,8,40.921817,41.818017,0.8962,0,6,,,CUB,measured_performance,Socorro (6 caps); Barquín (5 caps); Magriñá (3 caps); Arias (0 caps); Bergés (0 caps); Chorens (0 caps); Fernández (0 caps); Rodríguez (0 caps)
after-runtime-data-2.4.0,current,1938,Cuba,73,8,40.921817,41.818017,0.8962,0,6,,,CUB,measured_performance,Socorro (6 caps); Barquín (5 caps); Magriñá (3 caps); Arias (0 caps); Bergés (0 caps); Chorens (0 caps); Fernández (0 caps); Rodríguez (0 caps)
after-runtime-data-2.4.0,career,1986,Morocco,81,8,50.809817,51.607,0.797183,1,63,,,FRANCE|MOROCCO|SWITZERLAND,measured_performance,Dolmy (63 caps); Zaki (62 caps); Bouyahyaoui (44 caps); Bouderbala (42 caps); Lamriss (32 caps); Khairi (1 caps); Khalifa (1 caps); Merry (1 caps)
after-runtime-data-2.4.0,current,1986,Morocco,81,8,50.809817,51.607,0.797183,1,63,,,FRANCE|MOROCCO|SWITZERLAND,measured_performance,Dolmy (63 caps); Zaki (62 caps); Bouyahyaoui (44 caps); Bouderbala (42 caps); Lamriss (32 caps); Khairi (1 caps); Khalifa (1 caps); Merry (1 caps)
after-runtime-data-2.4.0,career,1974,Zaire,83,8,53.052284,53.593371,0.541087,0,0,,,ZAIRE,measured_performance,Boba (0 caps); Ilunga (0 caps); Kembo Uba-Kembo (0 caps); Mamuwene (0 caps); Mantantu (0 caps); Massamba (0 caps); Mukombo (0 caps); Tshimen (0 caps)
after-runtime-data-2.4.0,current,1974,Zaire,83,8,53.052284,53.593371,0.541087,0,0,,,ZAIRE,measured_performance,Boba (0 caps); Ilunga (0 caps); Kembo Uba-Kembo (0 caps); Mamuwene (0 caps); Mantantu (0 caps); Massamba (0 caps); Mukombo (0 caps); Tshimen (0 caps)
after-runtime-data-2.4.0,career,1930,United States,77,8,46.271121,46.714347,0.443226,0,5,,,UNITED STATES,measured_performance,Douglas (5 caps); Brown (3 caps); Florie (2 caps); Gallagher (2 caps); Auld (1 caps); Moorhouse (1 caps); McGhee (0 caps); Wood (0 caps)
after-runtime-data-2.4.0,current,1930,United States,77,8,46.271121,46.714347,0.443226,0,5,,,UNITED STATES,measured_performance,Douglas (5 caps); Brown (3 caps); Florie (2 caps); Gallagher (2 caps); Auld (1 caps); Moorhouse (1 caps); McGhee (0 caps); Wood (0 caps)
after-runtime-data-2.4.0,career,1954,South Korea,69,8,31.988781,31.988781,0,0,2,,,SOUTH KOREA,measured_performance,Chung (2 caps); Woo (2 caps); Choi (0 caps); Choi (0 caps); Lee (0 caps); Li (0 caps); Park (0 caps); Sung (0 caps)
after-runtime-data-2.4.0,current,1954,South Korea,69,8,31.988781,31.988781,0,0,2,,,SOUTH KOREA,measured_performance,Chung (2 caps); Woo (2 caps); Choi (0 caps); Choi (0 caps); Lee (0 caps); Li (0 caps); Park (0 caps); Sung (0 caps)
after-runtime-data-2.4.0,current,1998,France,88,7,58.807421,66.965357,8.157936,3,69,,,FRA|ITA,measured_performance,Deschamps (69 caps); Blanc (68 caps); Desailly (41 caps); Djorkaeff (37 caps); Zidane (33 caps); Thuram (32 caps); Henry (3 caps)
after-runtime-data-2.4.0,career,1994,Germany,88,7,60.067687,66.922093,6.854406,0,81,,,FRANCE|GERMANY|ITA,career_stature_estimate|measured_performance,Brehme (81 caps); Kohler (65 caps); Klinsmann (60 caps); Berthold (54 caps); Illgner (49 caps); Sammer (24 caps); Kahn (0 caps)
after-runtime-data-2.4.0,current,1986,West Germany,88,7,58.692584,62.4392,3.746616,31,88,,,ITA|WEST GERMANY,measured_performance,Rummenigge (88 caps); Förster (74 caps); Briegel (66 caps); Matthäus (41 caps); Allofs (40 caps); Magath (37 caps); Völler (31 caps)
after-runtime-data-2.4.0,current,2022,Brazil,88,7,58.791452,62.5,3.708548,35,121,0,75,ENG|FRA,measured_performance,Neymar (121 caps/75g); Silva (109 caps/7g); Marquinhos (71 caps/5g); Casemiro (65 caps/5g); Alisson (57 caps/0g); Richarlison (38 caps/17g); Paquetá (35 caps/7g)
after-runtime-data-2.4.0,current,2006,England,88,7,58.816609,62.2683,3.451691,21,89,,,ENG|ESP,measured_performance,Beckham (89 caps); Ferdinand (47 caps); Cole (46 caps); Gerrard (42 caps); Cole (32 caps); Terry (24 caps); Robinson (21 caps)
after-runtime-data-2.4.0,current,1974,West Germany,88,7,59.193211,62.4846,3.291389,19,78,,,WEST GERMANY,measured_performance,Beckenbauer (78 caps); Overath (74 caps); Müller (55 caps); Vogts (51 caps); Maier (50 caps); Grabowski (38 caps); Breitner (19 caps)
after-runtime-data-2.4.0,current,1998,Brazil,88,7,59.443249,62.5,3.056751,15,94,,,BRAZIL|ITA|SPAIN,measured_performance,Taffarel (94 caps); Bebeto (68 caps); Aldair (66 caps); Cafu (64 caps); Carlos (46 caps); Leonardo (45 caps); Rivaldo (15 caps)
after-runtime-data-2.4.0,career,1994,Brazil,88,7,58.626358,60.981578,2.35522,27,59,,,FRANCE|GERMANY|ITA|SPAIN,measured_performance,Taffarel (59 caps); Bebeto (53 caps); Jorginho (45 caps); Dunga (43 caps); Raí (43 caps); Silva (35 caps); Santos (27 caps)
after-runtime-data-2.4.0,current,1994,Brazil,88,7,58.626358,60.981578,2.35522,27,59,,,FRANCE|GERMANY|ITA|SPAIN,measured_performance,Taffarel (59 caps); Bebeto (53 caps); Jorginho (45 caps); Dunga (43 caps); Raí (43 caps); Silva (35 caps); Santos (27 caps)
after-runtime-data-2.4.0,career,2010,Brazil,88,7,59.255172,61.448075,2.192903,35,91,,,BRA|ESP|ITA,measured_performance,Lúcio (91 caps); Robinho (75 caps); Juan (74 caps); Maicon (58 caps); César (48 caps); Fabiano (38 caps); Alves (35 caps)
after-runtime-data-2.4.0,current,2010,Brazil,88,7,59.255172,61.448075,2.192903,35,91,,,BRA|ESP|ITA,measured_performance,Lúcio (91 caps); Robinho (75 caps); Juan (74 caps); Maicon (58 caps); César (48 caps); Fabiano (38 caps); Alves (35 caps)
after-runtime-data-2.4.0,current,1958,Hungary,72,7,38.367752,40.361296,1.993544,1,88,,,HUNGARY,measured_performance,Bozsik (88 caps); Szojka (23 caps); Fenyvesi (18 caps); Berendy (15 caps); Sipos (7 caps); Sárosi (5 caps); Bencsics (1 caps)
after-runtime-data-2.4.0,career,2022,Saudi Arabia,69,7,31.429566,33.389058,1.959492,3,45,0,2,KSA,measured_performance,Otayf (45 caps/1g); Al-Najei (17 caps/2g); Madu (15 caps/0g); Al-Hassan (13 caps/1g); Al-Dawsari (10 caps/0g); Sharahili (5 caps/0g); Al-Aboud (3 caps/0g)
after-runtime-data-2.4.0,current,2022,Saudi Arabia,69,7,31.429566,33.389058,1.959492,3,45,0,2,KSA,measured_performance,Otayf (45 caps/1g); Al-Najei (17 caps/2g); Madu (15 caps/0g); Al-Hassan (13 caps/1g); Al-Dawsari (10 caps/0g); Sharahili (5 caps/0g); Al-Aboud (3 caps/0g)
after-runtime-data-2.4.0,career,1986,Scotland,71,7,36.159381,38.068318,1.908937,6,53,,,ENGLAND|SCOTLAND,measured_performance,Rough (53 caps); McLeish (43 caps); Sturrock (17 caps); Cooper (14 caps); Malpas (10 caps); Bannon (9 caps); Sharp (6 caps)
after-runtime-data-2.4.0,current,1986,Scotland,71,7,36.159381,38.068318,1.908937,6,53,,,ENGLAND|SCOTLAND,measured_performance,Rough (53 caps); McLeish (43 caps); Sturrock (17 caps); Cooper (14 caps); Malpas (10 caps); Bannon (9 caps); Sharp (6 caps)
after-runtime-data-2.4.0,career,2026,Curaçao,71,7,36.180194,38.028407,1.848213,4,28,0,9,ENG|GRE|MAS|NED|SUI,measured_performance,Kastaneer (28 caps/9g); Antonisse (26 caps/3g); Comenencia (19 caps/1g); Felida (19 caps/1g); Doornbusch (7 caps/0g); Chong (5 caps/3g); Bodak (4 caps/0g)
after-runtime-data-2.4.0,current,2026,Curaçao,71,7,36.180194,38.028407,1.848213,4,28,0,9,ENG|GRE|MAS|NED|SUI,measured_performance,Kastaneer (28 caps/9g); Antonisse (26 caps/3g); Comenencia (19 caps/1g); Felida (19 caps/1g); Doornbusch (7 caps/0g); Chong (5 caps/3g); Bodak (4 caps/0g)
after-runtime-data-2.4.0,career,1934,Romania,71,7,35.781255,37.400132,1.618877,6,20,,,ROMANIA,measured_performance,Albu (20 caps); Bodola (20 caps); Kovács (19 caps); Sepi (18 caps); Ciolac (14 caps); Moravetz (8 caps); Kotormány (6 caps)
after-runtime-data-2.4.0,current,1934,Romania,71,7,35.781255,37.400132,1.618877,6,20,,,ROMANIA,measured_performance,Albu (20 caps); Bodola (20 caps); Kovács (19 caps); Sepi (18 caps); Ciolac (14 caps); Moravetz (8 caps); Kotormány (6 caps)
after-runtime-data-2.4.0,career,1950,Bolivia,69,7,31.363117,32.935534,1.572417,9,31,,,BOLIVIA,baseline_anchor_estimate|measured_performance,Bustamante (31 caps); Achá (23 caps); Ugarte (16 caps); Gutiérrez (15 caps); Godoy Véizaga (9 caps); Guerra (9 caps); Mena (9 caps)
after-runtime-data-2.4.0,current,1950,Bolivia,69,7,31.363117,32.935534,1.572417,9,31,,,BOLIVIA,baseline_anchor_estimate|measured_performance,Bustamante (31 caps); Achá (23 caps); Ugarte (16 caps); Gutiérrez (15 caps); Godoy Véizaga (9 caps); Guerra (9 caps); Mena (9 caps)
after-runtime-data-2.4.0,career,1974,Haiti,68,7,29.42499,30.937951,1.512961,0,1,,,HAITI,measured_performance,Jean-Joseph (1 caps); Saint-Vil (1 caps); André (0 caps); Ducosté (0 caps); Piquant (0 caps); Joseph; Louis
after-runtime-data-2.4.0,current,1974,Haiti,68,7,29.42499,30.937951,1.512961,0,1,,,HAITI,measured_performance,Jean-Joseph (1 caps); Saint-Vil (1 caps); André (0 caps); Ducosté (0 caps); Piquant (0 caps); Joseph; Louis
after-runtime-data-2.4.0,career,1978,Mexico,68,7,29.544306,31.023866,1.47956,2,18,,,MEXICO,measured_performance,Nájera (18 caps); Gómez (5 caps); Medina (5 caps); Zarza (5 caps); Flores Ocaranza (4 caps); Cisneros (3 caps); Rodríguez (2 caps)
after-runtime-data-2.4.0,current,1978,Mexico,68,7,29.544306,31.023866,1.47956,2,18,,,MEXICO,measured_performance,Nájera (18 caps); Gómez (5 caps); Medina (5 caps); Zarza (5 caps); Flores Ocaranza (4 caps); Cisneros (3 caps); Rodríguez (2 caps)
after-runtime-data-2.4.0,career,1950,Italy,70,7,33.706202,35.072703,1.366501,0,7,,,ITA,measured_performance,Sentimenti (7 caps); Lorenzi (5 caps); Giovannini (4 caps); Fattori (3 caps); Caprile (2 caps); Moro (2 caps); Blason (0 caps)
after-runtime-data-2.4.0,current,1950,Italy,70,7,33.706202,35.072703,1.366501,0,7,,,ITA,measured_performance,Sentimenti (7 caps); Lorenzi (5 caps); Giovannini (4 caps); Fattori (3 caps); Caprile (2 caps); Moro (2 caps); Blason (0 caps)
after-runtime-data-2.4.0,career,1962,Spain,72,7,38.761421,40.079909,1.318488,0,28,,,SPAIN,measured_performance,Garay (28 caps); Segarra (24 caps); Collar (10 caps); Martínez (7 caps); Pachín (4 caps); Adelardo (0 caps); Rodri (0 caps)
after-runtime-data-2.4.0,current,1962,Spain,72,7,38.761421,40.079909,1.318488,0,28,,,SPAIN,measured_performance,Garay (28 caps); Segarra (24 caps); Collar (10 caps); Martínez (7 caps); Pachín (4 caps); Adelardo (0 caps); Rodri (0 caps)
after-runtime-data-2.4.0,career,1950,Mexico,71,7,35.853606,37.105101,1.251495,0,5,,,MEXICO,measured_performance,Roca (5 caps); Gómez (3 caps); Hernández (3 caps); Ruiz (3 caps); Guevara (2 caps); Cuburu (1 caps); Gutiérrez (0 caps)
after-runtime-data-2.4.0,current,1950,Mexico,71,7,35.853606,37.105101,1.251495,0,5,,,MEXICO,measured_performance,Roca (5 caps); Gómez (3 caps); Hernández (3 caps); Ruiz (3 caps); Guevara (2 caps); Cuburu (1 caps); Gutiérrez (0 caps)
after-runtime-data-2.4.0,career,1978,Tunisia,67,7,28.297858,29.21817,0.920312,1,2,,,BELGIUM|TUNISIA,measured_performance,Labidi (2 caps); Hasni (1 caps); Limam (1 caps); Sassi (1 caps); Ben Aziza; Ben Mouza; Chehaibi
after-runtime-data-2.4.0,current,1978,Tunisia,67,7,28.297858,29.21817,0.920312,1,2,,,BELGIUM|TUNISIA,measured_performance,Labidi (2 caps); Hasni (1 caps); Limam (1 caps); Sassi (1 caps); Ben Aziza; Ben Mouza; Chehaibi
after-runtime-data-2.4.0,career,2002,Senegal,78,7,47.114647,48.015362,0.900715,12,25,,,FRANCE,measured_performance,Fadiga (25 caps); Cissé (20 caps); Diao (20 caps); Diatta (19 caps); Coly (16 caps); Sylva (15 caps); Diop (12 caps)
after-runtime-data-2.4.0,current,2002,Senegal,78,7,47.114647,48.015362,0.900715,12,25,,,FRANCE,measured_performance,Fadiga (25 caps); Cissé (20 caps); Diao (20 caps); Diatta (19 caps); Coly (16 caps); Sylva (15 caps); Diop (12 caps)
after-runtime-data-2.4.0,career,2018,Sweden,72,7,39.711794,40.437134,0.72534,13,45,0,5,BEL|ESP|FRA|ITA|USA|WAL,measured_performance,Durmaz (45 caps/3g); Olsson (43 caps/5g); Hiljemark (22 caps/2g); Guidetti (20 caps/1g); Kiese Thelin (20 caps/2g); Krafth (13 caps/0g); Svensson (13 caps/0g)
after-runtime-data-2.4.0,current,2018,Sweden,72,7,39.711794,40.437134,0.72534,13,45,0,5,BEL|ESP|FRA|ITA|USA|WAL,measured_performance,Durmaz (45 caps/3g); Olsson (43 caps/5g); Hiljemark (22 caps/2g); Guidetti (20 caps/1g); Kiese Thelin (20 caps/2g); Krafth (13 caps/0g); Svensson (13 caps/0g)
after-runtime-data-2.4.0,career,2014,England,76,7,45.052676,45.46822,0.415544,4,47,,,ENG,measured_performance,Milner (47 caps); Jagielka (26 caps); Baines (24 caps); Wilshere (18 caps); Barkley (6 caps); Lallana (6 caps); Sterling (4 caps)
after-runtime-data-2.4.0,current,2014,England,76,7,45.052676,45.46822,0.415544,4,47,,,ENG,measured_performance,Milner (47 caps); Jagielka (26 caps); Baines (24 caps); Wilshere (18 caps); Barkley (6 caps); Lallana (6 caps); Sterling (4 caps)
after-runtime-data-2.4.0,career,1934,Brazil,70,7,34.898815,35.306482,0.407667,0,4,,,BRA|BRAZIL,measured_performance,Leite (4 caps); Canalli (1 caps); Armandinho (0 caps); Áttila (0 caps); de Brito (0 caps); Luisinho (0 caps); Tinoco (0 caps)
after-runtime-data-2.4.0,current,1934,Brazil,70,7,34.898815,35.306482,0.407667,0,4,,,BRA|BRAZIL,measured_performance,Leite (4 caps); Canalli (1 caps); Armandinho (0 caps); Áttila (0 caps); de Brito (0 caps); Luisinho (0 caps); Tinoco (0 caps)
after-runtime-data-2.4.0,career,1934,Netherlands,70,7,34.943074,35.33518,0.392106,0,7,,,NETHERLANDS,measured_performance,Bakhuys (7 caps); Mol (5 caps); Mijnders (3 caps); Schoemaker (1 caps); Graafland (0 caps); Langendaal (0 caps); Vrauwdeunt (0 caps)
after-runtime-data-2.4.0,current,1934,Netherlands,70,7,34.943074,35.33518,0.392106,0,7,,,NETHERLANDS,measured_performance,Bakhuys (7 caps); Mol (5 caps); Mijnders (3 caps); Schoemaker (1 caps); Graafland (0 caps); Langendaal (0 caps); Vrauwdeunt (0 caps)
after-runtime-data-2.4.0,career,1938,Sweden,74,7,42.942855,42.942855,0,0,5,,,SWEDEN,measured_performance,Almgren (5 caps); Svanström (4 caps); Wetterström (4 caps); Nyberg (2 caps); Eriksson (1 caps); Abrahamsson (0 caps); Andersson (0 caps)
after-runtime-data-2.4.0,current,1938,Sweden,74,7,42.942855,42.942855,0,0,5,,,SWEDEN,measured_performance,Almgren (5 caps); Svanström (4 caps); Wetterström (4 caps); Nyberg (2 caps); Eriksson (1 caps); Abrahamsson (0 caps); Andersson (0 caps)
after-runtime-data-2.4.0,career,1954,South Korea,66,7,23.225819,23.225819,0,0,3,,,SOUTH KOREA,baseline_anchor_estimate,Ham (3 caps); Hong (2 caps); Min (2 caps); Park (2 caps); Han (0 caps); Li (0 caps); Park (0 caps)
after-runtime-data-2.4.0,current,1954,South Korea,66,7,23.225819,23.225819,0,0,3,,,SOUTH KOREA,baseline_anchor_estimate,Ham (3 caps); Hong (2 caps); Min (2 caps); Park (2 caps); Han (0 caps); Li (0 caps); Park (0 caps)
after-runtime-data-2.4.0,career,1966,England,73,6,40.753097,51.68876,10.935663,1,43,,,ENGLAND,baseline_anchor_estimate|measured_performance,Armfield (43 caps); Springett (33 caps); Hunter (4 caps); Byrne (2 caps); Bonetti (1 caps); Callaghan (1 caps)
after-runtime-data-2.4.0,current,1966,England,73,6,40.753097,51.68876,10.935663,1,43,,,ENGLAND,baseline_anchor_estimate|measured_performance,Armfield (43 caps); Springett (33 caps); Hunter (4 caps); Byrne (2 caps); Bonetti (1 caps); Callaghan (1 caps)
after-runtime-data-2.4.0,current,2006,Italy,88,6,58.719827,66.817857,8.09803,24,74,,,ITA,measured_performance,Del Piero (74 caps); Nesta (74 caps); Zambrotta (52 caps); Totti (51 caps); Gattuso (43 caps); Pirlo (24 caps)
after-runtime-data-2.4.0,current,1966,England,88,6,58.700911,66.296343,7.595432,5,68,,,ENGLAND,measured_performance,Charlton (68 caps); Wilson (45 caps); Moore (41 caps); Banks (27 caps); Cohen (24 caps); Hurst (5 caps)
after-runtime-data-2.4.0,career,1962,Uruguay,66,6,20,27.461324,7.461324,0,10,,,URUGUAY,baseline_anchor_estimate|measured_performance,González (10 caps); Maidana (9 caps); Álvarez (5 caps); Soria (3 caps); Cortés (1 caps); Álvarez (0 caps)
after-runtime-data-2.4.0,current,1962,Uruguay,66,6,20,27.461324,7.461324,0,10,,,URUGUAY,baseline_anchor_estimate|measured_performance,González (10 caps); Maidana (9 caps); Álvarez (5 caps); Soria (3 caps); Cortés (1 caps); Álvarez (0 caps)
after-runtime-data-2.4.0,career,1958,Yugoslavia,66,6,20,27.296775,7.296775,0,3,,,YUGOSLAVIA,baseline_anchor_estimate|measured_performance,Radović (3 caps); Šijaković (3 caps); Popović (1 caps); Irović (0 caps); Milutinović (0 caps); Tomić (0 caps)
after-runtime-data-2.4.0,current,1958,Yugoslavia,66,6,20,27.296775,7.296775,0,3,,,YUGOSLAVIA,baseline_anchor_estimate|measured_performance,Radović (3 caps); Šijaković (3 caps); Popović (1 caps); Irović (0 caps); Milutinović (0 caps); Tomić (0 caps)
after-runtime-data-2.4.0,career,2010,Germany,88,6,60.338871,65.7649,5.426029,4,74,,,GER,career_stature_estimate|measured_performance,Schweinsteiger (74 caps); Podolski (73 caps); Friedrich (72 caps); Lahm (65 caps); Mertesacker (62 caps); Kroos (4 caps)
after-runtime-data-2.4.0,career,2010,Spain,88,6,60.058202,64.787328,4.729126,16,73,,,ENG|ESP,career_stature_estimate|measured_performance,Torres (73 caps); Alonso (69 caps); Marchena (59 caps); Fàbregas (49 caps); Capdevila (46 caps); Piqué (16 caps)
after-runtime-data-2.4.0,career,1934,Switzerland,66,6,20,24.333386,4.333386,0,7,,,SWITZERLAND,baseline_anchor_estimate,Weiler (7 caps); Huber (2 caps); Gobet (1 caps); Bizzozero (0 caps); Ortelli (0 caps); Weiler
after-runtime-data-2.4.0,current,1934,Switzerland,66,6,20,24.333386,4.333386,0,7,,,SWITZERLAND,baseline_anchor_estimate,Weiler (7 caps); Huber (2 caps); Gobet (1 caps); Bizzozero (0 caps); Ortelli (0 caps); Weiler
after-runtime-data-2.4.0,current,1982,West Germany,88,6,58.72778,62.5,3.77222,23,59,,,SPAIN|WEST GERMANY,measured_performance,Kaltz (59 caps); Breitner (41 caps); Fischer (39 caps); Förster (35 caps); Briegel (27 caps); Stielike (23 caps)
after-runtime-data-2.4.0,current,1970,West Germany,88,6,58.7566,62.3652,3.6086,19,65,,,ITA|WEST GERMANY,measured_performance,Seeler (65 caps); Overath (49 caps); Schnellinger (41 caps); Höttges (39 caps); Beckenbauer (38 caps); Maier (19 caps)
after-runtime-data-2.4.0,current,2014,Germany,88,6,59.704737,62.4549,2.750163,33,132,,,ENG|ESP|GER|ITA,measured_performance,Klose (132 caps); Schweinsteiger (102 caps); Özil (55 caps); Khedira (46 caps); Kroos (44 caps); Schürrle (33 caps)
after-runtime-data-2.4.0,career,2006,Brazil,88,6,58.703373,61.329479,2.626106,32,138,,,GER|ITA,measured_performance,Cafu (138 caps); Dida (86 caps); Zé Roberto (79 caps); Lúcio (50 caps); Juan (38 caps); Adriano (32 caps)
after-runtime-data-2.4.0,current,1994,Germany,88,6,60.067687,62.5,2.432313,49,112,,,FRANCE|GERMANY|ITA,measured_performance,Matthäus (112 caps); Brehme (81 caps); Kohler (65 caps); Klinsmann (60 caps); Berthold (54 caps); Illgner (49 caps)
after-runtime-data-2.4.0,career,1966,France,71,6,35.77227,38.072614,2.300344,0,6,,,FRANCE|ITA,measured_performance,Combin (6 caps); Simon (5 caps); Herbet (4 caps); Robuschi (4 caps); Baraffe (3 caps); Couécou (0 caps)
after-runtime-data-2.4.0,current,1966,France,71,6,35.77227,38.072614,2.300344,0,6,,,FRANCE|ITA,measured_performance,Combin (6 caps); Simon (5 caps); Herbet (4 caps); Robuschi (4 caps); Baraffe (3 caps); Couécou (0 caps)
after-runtime-data-2.4.0,career,1986,West Germany,88,6,58.692584,60.934337,2.241753,23,74,,,ITA|WEST GERMANY,measured_performance,Förster (74 caps); Briegel (66 caps); Allofs (40 caps); Magath (37 caps); Völler (31 caps); Brehme (23 caps)
after-runtime-data-2.4.0,current,1974,Brazil,71,6,35.750761,37.963632,2.212871,0,27,,,BRAZIL,measured_performance,Antônio (27 caps); César (8 caps); da Guia (8 caps); Renato (2 caps); Alfredo (1 caps); Peres (0 caps)
after-runtime-data-2.4.0,career,1934,France,71,6,35.765077,37.946153,2.181076,1,11,,,FRANCE,measured_performance,Veinante (11 caps); Rio (10 caps); Alcazar (9 caps); Laurent (9 caps); Liétaer (5 caps); Courtois (1 caps)
after-runtime-data-2.4.0,current,1934,France,71,6,35.765077,37.946153,2.181076,1,11,,,FRANCE,measured_performance,Veinante (11 caps); Rio (10 caps); Alcazar (9 caps); Laurent (9 caps); Liétaer (5 caps); Courtois (1 caps)
after-runtime-data-2.4.0,career,2006,Trinidad and Tobago,72,6,38.104656,40.173242,2.068586,16,63,,,AUS|ENG|GER|TRI|USA,measured_performance,Ince (63 caps); Yorke (54 caps); Gray (39 caps); Glen (35 caps); Jones (29 caps); Wise (16 caps)
after-runtime-data-2.4.0,current,2006,Trinidad and Tobago,72,6,38.104656,40.173242,2.068586,16,63,,,AUS|ENG|GER|TRI|USA,measured_performance,Ince (63 caps); Yorke (54 caps); Gray (39 caps); Glen (35 caps); Jones (29 caps); Wise (16 caps)
after-runtime-data-2.4.0,career,1998,Saudi Arabia,71,6,36.063874,38.080147,2.016273,19,85,,,SAUDI ARABIA,measured_performance,Al-Mehallel (85 caps); Al-Sadiq (64 caps); Al-Dosari (61 caps); Al-Owairan (55 caps); Al-Harbi (47 caps); Al-Shahrani (19 caps)
after-runtime-data-2.4.0,current,1998,Saudi Arabia,71,6,36.063874,38.080147,2.016273,19,85,,,SAUDI ARABIA,measured_performance,Al-Mehallel (85 caps); Al-Sadiq (64 caps); Al-Dosari (61 caps); Al-Owairan (55 caps); Al-Harbi (47 caps); Al-Shahrani (19 caps)
after-runtime-data-2.4.0,career,1958,Hungary,72,6,38.367752,40.361296,1.993544,1,23,,,HUNGARY,measured_performance,Szojka (23 caps); Fenyvesi (18 caps); Berendy (15 caps); Sipos (7 caps); Sárosi (5 caps); Bencsics (1 caps)
after-runtime-data-2.4.0,career,1938,Norway,70,6,33.483578,35.451713,1.968135,0,45,,,NORWAY,baseline_anchor_estimate|measured_performance,Juve (45 caps); Frantzen (14 caps); Henriksen (12 caps); Isaksen (12 caps); Andresen (0 caps); Ileby (0 caps)
after-runtime-data-2.4.0,current,1938,Norway,70,6,33.483578,35.451713,1.968135,0,45,,,NORWAY,baseline_anchor_estimate|measured_performance,Juve (45 caps); Frantzen (14 caps); Henriksen (12 caps); Isaksen (12 caps); Andresen (0 caps); Ileby (0 caps)
after-runtime-data-2.4.0,current,1966,Italy,71,6,36.125212,38.07308,1.947868,1,23,,,ITA,measured_performance,Rivera (23 caps); Guarneri (12 caps); Fogli (11 caps); Meroni (5 caps); Rizzo (2 caps); Juliano (1 caps)
after-runtime-data-2.4.0,career,2014,Cameroon,72,6,38.317469,40.260388,1.942919,17,66,,,FRA|GER|TUR,measured_performance,Makoun (66 caps); Webó (56 caps); N'Guémo (40 caps); Chedjou (31 caps); Choupo-Moting (26 caps); Moukandjo (17 caps)
after-runtime-data-2.4.0,current,2014,Cameroon,72,6,38.317469,40.260388,1.942919,17,66,,,FRA|GER|TUR,measured_performance,Makoun (66 caps); Webó (56 caps); N'Guémo (40 caps); Chedjou (31 caps); Choupo-Moting (26 caps); Moukandjo (17 caps)
after-runtime-data-2.4.0,career,2022,Ecuador,72,6,38.356367,40.232076,1.875709,5,46,0,8,ARG|FRA|GER|MEX|USA,measured_performance,Gruezo (46 caps/1g); Estrada (36 caps/8g); Méndez (32 caps/0g); Franco (25 caps/1g); Ibarra (25 caps/3g); Porozo (5 caps/0g)
after-runtime-data-2.4.0,current,2022,Ecuador,72,6,38.356367,40.232076,1.875709,5,46,0,8,ARG|FRA|GER|MEX|USA,measured_performance,Gruezo (46 caps/1g); Estrada (36 caps/8g); Méndez (32 caps/0g); Franco (25 caps/1g); Ibarra (25 caps/3g); Porozo (5 caps/0g)
after-runtime-data-2.4.0,career,2018,Belgium,88,6,59.064027,60.90926,1.845233,45,102,3,17,ENG|ITA,measured_performance,Vertonghen (102 caps/8g); Fellaini (82 caps/17g); Alderweireld (77 caps/3g); Kompany (77 caps/4g); Mertens (69 caps/14g); Chadli (45 caps/5g)
after-runtime-data-2.4.0,career,2002,Uruguay,72,6,38.597496,40.38451,1.787014,13,44,,,ITA|MEXICO|SPAIN|URUGUAY,measured_performance,Méndez (44 caps); de los Santos (29 caps); Magallanes (24 caps); Romero (21 caps); Regueiro (14 caps); Abreu (13 caps)
after-runtime-data-2.4.0,current,2002,Uruguay,72,6,38.597496,40.38451,1.787014,13,44,,,ITA|MEXICO|SPAIN|URUGUAY,measured_performance,Méndez (44 caps); de los Santos (29 caps); Magallanes (24 caps); Romero (21 caps); Regueiro (14 caps); Abreu (13 caps)
after-runtime-data-2.4.0,career,1994,Russia,72,6,38.770536,40.51126,1.740724,11,26,,,FRANCE|PORTUGAL|RUSSIA|SPAIN,measured_performance,Yuran (26 caps); Onopko (21 caps); Mostovoi (20 caps); Galiamin (18 caps); Korneev (13 caps); Popov (11 caps)
after-runtime-data-2.4.0,current,1994,Russia,72,6,38.770536,40.51126,1.740724,11,26,,,FRANCE|PORTUGAL|RUSSIA|SPAIN,measured_performance,Yuran (26 caps); Onopko (21 caps); Mostovoi (20 caps); Galiamin (18 caps); Korneev (13 caps); Popov (11 caps)
after-runtime-data-2.4.0,career,1962,Colombia,68,6,29.473443,31.196775,1.723332,0,12,,,COLOMBIA,measured_performance,Silva (12 caps); Alzate (4 caps); Arias (4 caps); Pérez (4 caps); Escobar (2 caps); Paz (0 caps)
after-runtime-data-2.4.0,current,1962,Colombia,68,6,29.473443,31.196775,1.723332,0,12,,,COLOMBIA,measured_performance,Silva (12 caps); Alzate (4 caps); Arias (4 caps); Pérez (4 caps); Escobar (2 caps); Paz (0 caps)
after-runtime-data-2.4.0,career,2018,Panama,70,6,33.644758,35.282168,1.63741,5,102,0,5,BEL|CRC|ESP|GUA|USA,measured_performance,Baloy (102 caps/3g); Machado (76 caps/1g); Cummings (52 caps/0g); Arroyo (33 caps/5g); Díaz (11 caps/2g); Ávila (5 caps/0g)
after-runtime-data-2.4.0,current,2018,Panama,70,6,33.644758,35.282168,1.63741,5,102,0,5,BEL|CRC|ESP|GUA|USA,measured_performance,Baloy (102 caps/3g); Machado (76 caps/1g); Cummings (52 caps/0g); Arroyo (33 caps/5g); Díaz (11 caps/2g); Ávila (5 caps/0g)
after-runtime-data-2.4.0,career,1954,Scotland,71,6,36.18381,37.755395,1.571585,1,6,,,ENGLAND|SCOTLAND,measured_performance,Cowie (6 caps); Docherty (5 caps); Cunningham (3 caps); Aird (2 caps); Martin (2 caps); Mathers (1 caps)
after-runtime-data-2.4.0,current,1954,Scotland,71,6,36.18381,37.755395,1.571585,1,6,,,ENGLAND|SCOTLAND,measured_performance,Cowie (6 caps); Docherty (5 caps); Cunningham (3 caps); Aird (2 caps); Martin (2 caps); Mathers (1 caps)
after-runtime-data-2.4.0,career,1934,United States,69,6,31.76282,33.315984,1.553164,0,6,,,UNITED STATES,measured_performance,Moorhouse (6 caps); Ryan (2 caps); McLean (1 caps); Nilsen (1 caps); Pietras (1 caps); Dick (0 caps)
after-runtime-data-2.4.0,current,1934,United States,69,6,31.76282,33.315984,1.553164,0,6,,,UNITED STATES,measured_performance,Moorhouse (6 caps); Ryan (2 caps); McLean (1 caps); Nilsen (1 caps); Pietras (1 caps); Dick (0 caps)
after-runtime-data-2.4.0,career,2002,England,72,6,38.425446,39.953916,1.52847,5,48,,,ENGLAND|GERMANY,measured_performance,Southgate (48 caps); Keown (42 caps); James (9 caps); Hargreaves (6 caps); Bridge (5 caps); Vassell (5 caps)
after-runtime-data-2.4.0,current,2002,England,72,6,38.425446,39.953916,1.52847,5,48,,,ENGLAND|GERMANY,measured_performance,Southgate (48 caps); Keown (42 caps); James (9 caps); Hargreaves (6 caps); Bridge (5 caps); Vassell (5 caps)
after-runtime-data-2.4.0,career,1934,Spain,72,6,38.695922,40.222702,1.52678,0,7,,,SPAIN,measured_performance,Bosch (7 caps); Ventolrà (5 caps); Chacho (2 caps); Fede (2 caps); I (0 caps); Marín Sabater (0 caps)
after-runtime-data-2.4.0,current,1934,Spain,72,6,38.695922,40.222702,1.52678,0,7,,,SPAIN,measured_performance,Bosch (7 caps); Ventolrà (5 caps); Chacho (2 caps); Fede (2 caps); I (0 caps); Marín Sabater (0 caps)
after-runtime-data-2.4.0,career,1982,Honduras,67,6,27.679997,29.189555,1.509558,0,0,,,HON,measured_performance,Cruz (0 caps); Drummond (0 caps); Bailey; Güity; Nazar; Steward
after-runtime-data-2.4.0,current,1982,Honduras,67,6,27.679997,29.189555,1.509558,0,0,,,HON,measured_performance,Cruz (0 caps); Drummond (0 caps); Bailey; Güity; Nazar; Steward
after-runtime-data-2.4.0,career,2014,Ecuador,72,6,38.251272,39.728108,1.476836,3,110,,,COL|ECU|GER|MEX|UAE|USA,measured_performance,Méndez (110 caps); Caicedo (50 caps); Achilier (23 caps); Arroyo (21 caps); Minda (18 caps); Gruezo (3 caps)
after-runtime-data-2.4.0,current,2014,Ecuador,72,6,38.251272,39.728108,1.476836,3,110,,,COL|ECU|GER|MEX|UAE|USA,measured_performance,Méndez (110 caps); Caicedo (50 caps); Achilier (23 caps); Arroyo (21 caps); Minda (18 caps); Gruezo (3 caps)
after-runtime-data-2.4.0,career,1978,Spain,73,6,40.749021,42.219716,1.470695,1,14,,,SPAIN,measured_performance,Rexach (14 caps); Santillana (9 caps); Juanito (6 caps); Uría (5 caps); Olmo (4 caps); Biosca (1 caps)
after-runtime-data-2.4.0,current,1978,Spain,73,6,40.749021,42.219716,1.470695,1,14,,,SPAIN,measured_performance,Rexach (14 caps); Santillana (9 caps); Juanito (6 caps); Uría (5 caps); Olmo (4 caps); Biosca (1 caps)
after-runtime-data-2.4.0,career,2026,Germany,70,6,34.145404,35.601694,1.45629,3,8,0,1,GER,measured_performance,Beier (8 caps/0g); Stiller (7 caps/0g); Brown (4 caps/0g); Leweling (4 caps/1g); Karl (3 caps/0g); Nubel (3 caps/0g)
after-runtime-data-2.4.0,current,2026,Germany,70,6,34.145404,35.601694,1.45629,3,8,0,1,GER,measured_performance,Beier (8 caps/0g); Stiller (7 caps/0g); Brown (4 caps/0g); Leweling (4 caps/1g); Karl (3 caps/0g); Nubel (3 caps/0g)
after-runtime-data-2.4.0,career,1966,Mexico,70,6,33.532422,34.986701,1.454279,4,28,,,MEXICO,measured_performance,Jáuregui (28 caps); Cisneros (14 caps); Fragoso (13 caps); Jara (6 caps); Mercado (4 caps); Navarro (4 caps)
after-runtime-data-2.4.0,current,1966,Mexico,70,6,33.532422,34.986701,1.454279,4,28,,,MEXICO,measured_performance,Jáuregui (28 caps); Cisneros (14 caps); Fragoso (13 caps); Jara (6 caps); Mercado (4 caps); Navarro (4 caps)
after-runtime-data-2.4.0,career,1958,Austria,70,6,34.266865,35.6808,1.413935,2,24,,,AUSTRIA,measured_performance,Schmied (24 caps); Stotz (22 caps); Schleger (20 caps); Kozlicek (9 caps); Senekowitsch (4 caps); Szanwald (2 caps)
after-runtime-data-2.4.0,current,1958,Austria,70,6,34.266865,35.6808,1.413935,2,24,,,AUSTRIA,measured_performance,Schmied (24 caps); Stotz (22 caps); Schleger (20 caps); Kozlicek (9 caps); Senekowitsch (4 caps); Szanwald (2 caps)
after-runtime-data-2.4.0,career,2026,Cape Verde,69,6,31.919982,33.262313,1.342331,10,37,0,2,BUL|CYP|ISR|POR|USA,measured_performance,Semedo (37 caps/2g); Duarte (30 caps/0g); Varela (20 caps/0g); Moreira (19 caps/0g); Rosa (10 caps/0g); Semedo (10 caps/1g)
after-runtime-data-2.4.0,current,2026,Cape Verde,69,6,31.919982,33.262313,1.342331,10,37,0,2,BUL|CYP|ISR|POR|USA,measured_performance,Semedo (37 caps/2g); Duarte (30 caps/0g); Varela (20 caps/0g); Moreira (19 caps/0g); Rosa (10 caps/0g); Semedo (10 caps/1g)
after-runtime-data-2.4.0,career,1970,El Salvador,70,6,33.858885,35.135558,1.276673,0,3,,,EL SALVADOR,measured_performance,Martínez (3 caps); Méndez (3 caps); Quintanilla (3 caps); Cortés (0 caps); Monge (0 caps); Sarmeno (0 caps)
after-runtime-data-2.4.0,current,1970,El Salvador,70,6,33.858885,35.135558,1.276673,0,3,,,EL SALVADOR,measured_performance,Martínez (3 caps); Méndez (3 caps); Quintanilla (3 caps); Cortés (0 caps); Monge (0 caps); Sarmeno (0 caps)
after-runtime-data-2.4.0,current,1938,Germany,71,6,36.453423,37.702112,1.248689,0,30,,,GERMANY,measured_performance,Szepan (30 caps); Pesser (1 caps); Mock (0 caps); Neumer (0 caps); Skoumal (0 caps); Stroh (0 caps)
after-runtime-data-2.4.0,career,1970,El Salvador,67,6,28.12501,29.273342,1.148332,0,3,,,EL SALVADOR,measured_performance,Fernández (3 caps); Castro (2 caps); Acevedo (1 caps); Manzano (0 caps); Cabrera; Pineda
after-runtime-data-2.4.0,current,1970,El Salvador,67,6,28.12501,29.273342,1.148332,0,3,,,EL SALVADOR,measured_performance,Fernández (3 caps); Castro (2 caps); Acevedo (1 caps); Manzano (0 caps); Cabrera; Pineda
after-runtime-data-2.4.0,current,1982,Italy,87,6,57.443955,58.541537,1.097582,33,60,,,ITALY,measured_performance,Antognoni (60 caps); Gentile (56 caps); Tardelli (55 caps); Graziani (53 caps); Scirea (49 caps); Cabrini (33 caps)
after-runtime-data-2.4.0,career,1938,Belgium,69,6,32.138318,33.150814,1.012496,0,29,,,BELGIUM,measured_performance,Badjou (29 caps); Vanden Wouwer (5 caps); Ceuleers (4 caps); Fievez (4 caps); Van Alphen (4 caps); Nelis (0 caps)
after-runtime-data-2.4.0,current,1938,Belgium,69,6,32.138318,33.150814,1.012496,0,29,,,BELGIUM,measured_performance,Badjou (29 caps); Vanden Wouwer (5 caps); Ceuleers (4 caps); Fievez (4 caps); Van Alphen (4 caps); Nelis (0 caps)
after-runtime-data-2.4.0,career,1966,Switzerland,70,6,34.467592,35.467811,1.000219,0,39,,,SWITZERLAND,measured_performance,Grobéty (39 caps); Vuilleumier (5 caps); Armbruster (3 caps); Brodmann (3 caps); Künzli (2 caps); Gottardi (0 caps)
after-runtime-data-2.4.0,current,1966,Switzerland,70,6,34.467592,35.467811,1.000219,0,39,,,SWITZERLAND,measured_performance,Grobéty (39 caps); Vuilleumier (5 caps); Armbruster (3 caps); Brodmann (3 caps); Künzli (2 caps); Gottardi (0 caps)
after-runtime-data-2.4.0,career,1958,Mexico,69,6,32.187734,33.085241,0.897507,3,7,,,MEXICO,measured_performance,Calderón de la Barca (7 caps); López (7 caps); Blanco (6 caps); Gutiérrez (4 caps); Gutiérrez (4 caps); González (3 caps)
after-runtime-data-2.4.0,current,1958,Mexico,69,6,32.187734,33.085241,0.897507,3,7,,,MEXICO,measured_performance,Calderón de la Barca (7 caps); López (7 caps); Blanco (6 caps); Gutiérrez (4 caps); Gutiérrez (4 caps); González (3 caps)
after-runtime-data-2.4.0,career,1938,Netherlands,70,6,34.426418,35.306585,0.880167,0,1,,,NETHERLANDS,measured_performance,de Boer (1 caps); de Harder (1 caps); Punt (1 caps); van der Veen (1 caps); de Winter (0 caps); Ooms (0 caps)
after-runtime-data-2.4.0,current,1938,Netherlands,70,6,34.426418,35.306585,0.880167,0,1,,,NETHERLANDS,measured_performance,de Boer (1 caps); de Harder (1 caps); Punt (1 caps); van der Veen (1 caps); de Winter (0 caps); Ooms (0 caps)
after-runtime-data-2.4.0,career,2014,Iran,75,6,43.648836,44.516426,0.86759,17,140,,,IRN|KUW|QAT,measured_performance,Nekounam (140 caps); Teymourian (79 caps); Hajsafi (62 caps); Montazeri (22 caps); Pooladi (20 caps); Sadeghi (17 caps)
after-runtime-data-2.4.0,current,2014,Iran,75,6,43.648836,44.516426,0.86759,17,140,,,IRN|KUW|QAT,measured_performance,Nekounam (140 caps); Teymourian (79 caps); Hajsafi (62 caps); Montazeri (22 caps); Pooladi (20 caps); Sadeghi (17 caps)
after-runtime-data-2.4.0,career,1930,Belgium,71,6,36.488352,37.320981,0.832629,0,21,,,BELGIUM,measured_performance,Adams (21 caps); Diddens (21 caps); Moeschal (15 caps); De Clercq (5 caps); Hellemans (4 caps); Chantraine (0 caps)
after-runtime-data-2.4.0,current,1930,Belgium,71,6,36.488352,37.320981,0.832629,0,21,,,BELGIUM,measured_performance,Adams (21 caps); Diddens (21 caps); Moeschal (15 caps); De Clercq (5 caps); Hellemans (4 caps); Chantraine (0 caps)
after-runtime-data-2.4.0,career,1982,El Salvador,70,6,34.135112,34.95775,0.822638,0,0,,,EL SALVADOR,measured_performance,Díaz (0 caps); Fagoaga (0 caps); González (0 caps); Osorto (0 caps); Rivas (0 caps); Rugamas (0 caps)
after-runtime-data-2.4.0,current,1982,El Salvador,70,6,34.135112,34.95775,0.822638,0,0,,,EL SALVADOR,measured_performance,Díaz (0 caps); Fagoaga (0 caps); González (0 caps); Osorto (0 caps); Rivas (0 caps); Rugamas (0 caps)
after-runtime-data-2.4.0,career,1954,Mexico,69,6,32.091355,32.844141,0.752786,0,4,,,MEXICO,measured_performance,Blanco (4 caps); Torres (3 caps); Jinich (1 caps); Arellano (0 caps); Carus (0 caps); Cortés (0 caps)
after-runtime-data-2.4.0,current,1954,Mexico,69,6,32.091355,32.844141,0.752786,0,4,,,MEXICO,measured_performance,Blanco (4 caps); Torres (3 caps); Jinich (1 caps); Arellano (0 caps); Carus (0 caps); Cortés (0 caps)
after-runtime-data-2.4.0,career,2018,Japan,78,6,47.058024,47.780958,0.722934,27,105,0,36,ESP|FRA|GER|MEX|TUR,measured_performance,Nagatomo (105 caps/3g); Honda (95 caps/36g); Sakai (43 caps/0g); Haraguchi (33 caps/6g); Osako (29 caps/7g); Inui (27 caps/4g)
after-runtime-data-2.4.0,current,2018,Japan,78,6,47.058024,47.780958,0.722934,27,105,0,36,ESP|FRA|GER|MEX|TUR,measured_performance,Nagatomo (105 caps/3g); Honda (95 caps/36g); Sakai (43 caps/0g); Haraguchi (33 caps/6g); Osako (29 caps/7g); Inui (27 caps/4g)
after-runtime-data-2.4.0,career,2002,China,71,6,37.315412,38.038065,0.722653,13,43,,,CHINA|GERMANY,measured_performance,Su (43 caps); Qi (36 caps); Yang (26 caps); Qu (16 caps); Yang (14 caps); Zhao (13 caps)
after-runtime-data-2.4.0,current,2002,China,71,6,37.315412,38.038065,0.722653,13,43,,,CHINA|GERMANY,measured_performance,Su (43 caps); Qi (36 caps); Yang (26 caps); Qu (16 caps); Yang (14 caps); Zhao (13 caps)
after-runtime-data-2.4.0,career,2006,Ecuador,77,6,46.040949,46.705552,0.664603,44,130,,,ARG|ECU|QAT,measured_performance,Hurtado (130 caps); Delgado (68 caps); Tenorio (68 caps); Méndez (64 caps); Espinoza (56 caps); Kaviedes (44 caps)
after-runtime-data-2.4.0,current,2006,Ecuador,77,6,46.040949,46.705552,0.664603,44,130,,,ARG|ECU|QAT,measured_performance,Hurtado (130 caps); Delgado (68 caps); Tenorio (68 caps); Méndez (64 caps); Espinoza (56 caps); Kaviedes (44 caps)
after-runtime-data-2.4.0,career,2022,Australia,78,6,47.265589,47.838874,0.573285,10,75,0,13,AUS|DEN|ENG|SCO,measured_performance,Ryan (75 caps/0g); Leckie (73 caps/13g); Behich (53 caps/2g); Mooy (53 caps/7g); McGree (11 caps/1g); Souttar (10 caps/6g)
after-runtime-data-2.4.0,current,2022,Australia,78,6,47.265589,47.838874,0.573285,10,75,0,13,AUS|DEN|ENG|SCO,measured_performance,Ryan (75 caps/0g); Leckie (73 caps/13g); Behich (53 caps/2g); Mooy (53 caps/7g); McGree (11 caps/1g); Souttar (10 caps/6g)
after-runtime-data-2.4.0,career,1950,Italy,71,6,36.188381,36.759718,0.571337,0,10,,,ITA,measured_performance,Annovazzi (10 caps); Amadei (6 caps); Campatelli (6 caps); Mari (3 caps); Magli (0 caps); Remondini (0 caps)
after-runtime-data-2.4.0,current,1950,Italy,71,6,36.188381,36.759718,0.571337,0,10,,,ITA,measured_performance,Annovazzi (10 caps); Amadei (6 caps); Campatelli (6 caps); Mari (3 caps); Magli (0 caps); Remondini (0 caps)
after-runtime-data-2.4.0,career,1950,Brazil,82,6,51.662804,52.138309,0.475505,2,6,,,BRAZIL,measured_performance,Bauer (6 caps); Friaça (6 caps); Bigode (5 caps); Baltazar (4 caps); Juvenal (4 caps); Maneca (2 caps)
after-runtime-data-2.4.0,current,1950,Brazil,82,6,51.662804,52.138309,0.475505,2,6,,,BRAZIL,measured_performance,Bauer (6 caps); Friaça (6 caps); Bigode (5 caps); Baltazar (4 caps); Juvenal (4 caps); Maneca (2 caps)
after-runtime-data-2.4.0,career,1950,Spain,84,6,54.010088,54.447412,0.437324,0,8,,,SPAIN,measured_performance,Gonzalvo (8 caps); Puchades (6 caps); Igoa (5 caps); Gonzalvo (3 caps); Parra (1 caps); Ramallets (0 caps)
after-runtime-data-2.4.0,current,1950,Spain,84,6,54.010088,54.447412,0.437324,0,8,,,SPAIN,measured_performance,Gonzalvo (8 caps); Puchades (6 caps); Igoa (5 caps); Gonzalvo (3 caps); Parra (1 caps); Ramallets (0 caps)
after-runtime-data-2.4.0,career,1934,Belgium,69,6,32.399811,32.807478,0.407667,0,6,,,BELGIUM,measured_performance,Heremans (6 caps); Ledent (3 caps); Welkenhuysen (3 caps); Peeraer (2 caps); Lamoot (1 caps); Devries (0 caps)
after-runtime-data-2.4.0,current,1934,Belgium,69,6,32.399811,32.807478,0.407667,0,6,,,BELGIUM,measured_performance,Heremans (6 caps); Ledent (3 caps); Welkenhuysen (3 caps); Peeraer (2 caps); Lamoot (1 caps); Devries (0 caps)
after-runtime-data-2.4.0,career,1938,Dutch East Indies,68,6,30.493877,30.626205,0.132328,0,2,,,DUTCH EAST INDIES,measured_performance,Meeng (2 caps); Anwar (0 caps); Nawir (0 caps); Pattiwael (0 caps); Soedarmadji (0 caps); Zomers (0 caps)
after-runtime-data-2.4.0,current,1938,Dutch East Indies,68,6,30.493877,30.626205,0.132328,0,2,,,DUTCH EAST INDIES,measured_performance,Meeng (2 caps); Anwar (0 caps); Nawir (0 caps); Pattiwael (0 caps); Soedarmadji (0 caps); Zomers (0 caps)
after-runtime-data-2.4.0,career,1950,United States,73,6,41.898069,41.898069,0,0,4,,,UNITED STATES,measured_performance,Borghi (4 caps); Wallace (4 caps); Keough (3 caps); Pariani (2 caps); Gaetjens (0 caps); Maca (0 caps)
after-runtime-data-2.4.0,current,1950,United States,73,6,41.898069,41.898069,0,0,4,,,UNITED STATES,measured_performance,Borghi (4 caps); Wallace (4 caps); Keough (3 caps); Pariani (2 caps); Gaetjens (0 caps); Maca (0 caps)
after-runtime-data-2.4.0,career,1958,Paraguay,70,6,35.549312,35.549312,0,0,0,,,PARAGUAY,measured_performance,Insfrán (0 caps); Lezcano (0 caps); Penayo (0 caps); Aguilera; Aveiro; Insfrán
after-runtime-data-2.4.0,current,1958,Paraguay,70,6,35.549312,35.549312,0,0,0,,,PARAGUAY,measured_performance,Insfrán (0 caps); Lezcano (0 caps); Penayo (0 caps); Aguilera; Aveiro; Insfrán
after-runtime-data-2.4.0,career,1966,North Korea,73,6,40.970864,40.970864,0,0,0,,,NORTH KOREA,measured_performance,An (0 caps); Han (0 caps); Im (0 caps); Kang (0 caps); Kim (0 caps); Ke
after-runtime-data-2.4.0,current,1966,North Korea,73,6,40.970864,40.970864,0,0,0,,,NORTH KOREA,measured_performance,An (0 caps); Han (0 caps); Im (0 caps); Kang (0 caps); Kim (0 caps); Ke
after-runtime-data-2.4.0,career,2006,Germany,88,5,58.668686,67.180671,8.511985,18,65,,,GER,measured_performance,Ballack (65 caps); Schneider (64 caps); Neuville (55 caps); Podolski (25 caps); Lahm (18 caps)
after-runtime-data-2.4.0,current,1978,Netherlands,88,5,58.582867,66.341743,7.758876,34,56,,,BELGIUM|NETHERLANDS|SPAIN|WEST GERMANY,measured_performance,Suurbier (56 caps); Krol (52 caps); Jansen (50 caps); Neeskens (38 caps); Rensenbrink (34 caps)
after-runtime-data-2.4.0,current,1990,England,88,5,58.702086,65.993243,7.291157,24,118,,,ENGLAND|FRANCE,measured_performance,Shilton (118 caps); Waddle (52 caps); Lineker (51 caps); Pearce (24 caps); Wright (24 caps)
after-runtime-data-2.4.0,career,1930,Paraguay,66,5,20,26.825,6.825,0,0,,,PAR,baseline_anchor_estimate|measured_performance,Benítez (0 caps); Denis (0 caps); Flores (0 caps); Miracca (0 caps); Chamorro
after-runtime-data-2.4.0,current,1930,Paraguay,66,5,20,26.825,6.825,0,0,,,PAR,baseline_anchor_estimate|measured_performance,Benítez (0 caps); Denis (0 caps); Flores (0 caps); Miracca (0 caps); Chamorro
after-runtime-data-2.4.0,career,1962,Colombia,66,5,20,26.29691,6.29691,0,9,,,COLOMBIA,baseline_anchor_estimate|measured_performance,Zuluaga (9 caps); Calle (8 caps); Echeverry (5 caps); Aponte (1 caps); Vivas (0 caps)
after-runtime-data-2.4.0,current,1962,Colombia,66,5,20,26.29691,6.29691,0,9,,,COLOMBIA,baseline_anchor_estimate|measured_performance,Zuluaga (9 caps); Calle (8 caps); Echeverry (5 caps); Aponte (1 caps); Vivas (0 caps)
after-runtime-data-2.4.0,career,1938,Belgium,66,5,22.819042,27.475332,4.65629,1,19,,,BELGIUM,baseline_anchor_estimate,Smellinckx (19 caps); Braet (14 caps); Vandewyer (5 caps); Petit (4 caps); Gommers (1 caps)
after-runtime-data-2.4.0,current,1938,Belgium,66,5,22.819042,27.475332,4.65629,1,19,,,BELGIUM,baseline_anchor_estimate,Smellinckx (19 caps); Braet (14 caps); Vandewyer (5 caps); Petit (4 caps); Gommers (1 caps)
after-runtime-data-2.4.0,career,1958,Soviet Union,66,5,20,24.501624,4.501624,0,8,,,USSR,baseline_anchor_estimate,Maslyonkin (8 caps); Belyayev (2 caps); Maslachenko (0 caps); Ostrovskiy (0 caps); Yerokhin (0 caps)
after-runtime-data-2.4.0,current,1958,Soviet Union,66,5,20,24.501624,4.501624,0,8,,,USSR,baseline_anchor_estimate,Maslyonkin (8 caps); Belyayev (2 caps); Maslachenko (0 caps); Ostrovskiy (0 caps); Yerokhin (0 caps)
after-runtime-data-2.4.0,current,1998,Germany,88,5,58.629022,62.4846,3.855578,26,125,,,ENGLAND|FRA|GERMANY|ITA,measured_performance,Matthäus (125 caps); Klinsmann (103 caps); Kohler (101 caps); Köpke (54 caps); Bierhoff (26 caps)
after-runtime-data-2.4.0,current,1962,Brazil,88,5,58.646665,62.5,3.853335,30,71,,,BRAZIL,measured_performance,Santos (71 caps); Santos (69 caps); Gilmar (63 caps); Didi (62 caps); Pelé (30 caps)
after-runtime-data-2.4.0,career,1958,Mexico,66,5,23.605539,27.249846,3.644307,1,10,,,MEXICO,baseline_anchor_estimate|measured_performance,Roca (10 caps); Portugal (8 caps); Villegas (8 caps); Gómez (5 caps); Camacho (1 caps)
after-runtime-data-2.4.0,current,1958,Mexico,66,5,23.605539,27.249846,3.644307,1,10,,,MEXICO,baseline_anchor_estimate|measured_performance,Roca (10 caps); Portugal (8 caps); Villegas (8 caps); Gómez (5 caps); Camacho (1 caps)
after-runtime-data-2.4.0,career,1938,Norway,66,5,23.637113,27.186214,3.549101,0,11,,,NORWAY,baseline_anchor_estimate,Johannessen (11 caps); Nordby (2 caps); Andersen (1 caps); Amundsen (0 caps); Kihle (0 caps)
after-runtime-data-2.4.0,current,1938,Norway,66,5,23.637113,27.186214,3.549101,0,11,,,NORWAY,baseline_anchor_estimate,Johannessen (11 caps); Nordby (2 caps); Andersen (1 caps); Amundsen (0 caps); Kihle (0 caps)
after-runtime-data-2.4.0,current,2018,France,88,5,58.877102,62.2817,3.404598,42,98,0,31,ENG|ESP|ITA,measured_performance,Lloris (98 caps/0g); Giroud (74 caps/31g); Matuidi (67 caps/9g); Pogba (54 caps/9g); Varane (42 caps/2g)
after-runtime-data-2.4.0,career,1962,Switzerland,66,5,23.366372,26.651283,3.284911,0,11,,,SWITZERLAND,baseline_anchor_estimate|measured_performance,Permunian (11 caps); Morf (6 caps); Rösch (5 caps); Stettler (1 caps); Kehl (0 caps)
after-runtime-data-2.4.0,current,1962,Switzerland,66,5,23.366372,26.651283,3.284911,0,11,,,SWITZERLAND,baseline_anchor_estimate|measured_performance,Permunian (11 caps); Morf (6 caps); Rösch (5 caps); Stettler (1 caps); Kehl (0 caps)
after-runtime-data-2.4.0,current,2002,Spain,88,5,58.860926,62.0537,3.192774,8,85,,,SPAIN,measured_performance,Hierro (85 caps); Nadal (59 caps); Raúl (51 caps); Casillas (13 caps); Puyol (8 caps)
after-runtime-data-2.4.0,current,2006,Portugal,88,5,58.584135,61.723,3.138865,28,120,,,ENG|ESP|FRA|ITA,measured_performance,Figo (120 caps); Pauleta (82 caps); Deco (35 caps); Ronaldo (32 caps); Miguel (28 caps)
after-runtime-data-2.4.0,current,2018,Brazil,88,5,59.805253,62.4988,2.693547,26,85,0,55,ESP|FRA|ITA,measured_performance,Neymar (85 caps/55g); Silva (71 caps/5g); Paulinho (50 caps/12g); Coutinho (37 caps/10g); Alisson (26 caps/0g)
after-runtime-data-2.4.0,career,1986,France,88,5,59.011253,61.518805,2.507552,32,69,,,FRANCE,measured_performance,Bossis (69 caps); Rocheteau (45 caps); Battiston (42 caps); Giresse (41 caps); Amoros (32 caps)
after-runtime-data-2.4.0,career,2002,Italy,72,5,38.189318,40.543761,2.354443,3,22,,,ITALY,measured_performance,Toldo (22 caps); Delvecchio (16 caps); Iuliano (16 caps); Montella (14 caps); Doni (3 caps)
after-runtime-data-2.4.0,current,2002,Italy,72,5,38.189318,40.543761,2.354443,3,22,,,ITALY,measured_performance,Toldo (22 caps); Delvecchio (16 caps); Iuliano (16 caps); Montella (14 caps); Doni (3 caps)
after-runtime-data-2.4.0,current,2022,Uruguay,72,5,38.192504,40.453403,2.260899,7,134,0,68,ARG|ENG|TUR|URU|USA,measured_performance,Suárez (134 caps/68g); Muslera (133 caps/0g); Cáceres (115 caps/4g); de la Cruz (17 caps/2g); Pellistri (7 caps/0g)
after-runtime-data-2.4.0,career,2006,South Korea,72,5,38.229841,40.478621,2.24878,12,47,,,JPN|KOR|TUR,measured_performance,Lee (47 caps); Kim (34 caps); Kim (23 caps); Cho (21 caps); Kim (12 caps)
after-runtime-data-2.4.0,current,2006,South Korea,72,5,38.229841,40.478621,2.24878,12,47,,,JPN|KOR|TUR,measured_performance,Lee (47 caps); Kim (34 caps); Kim (23 caps); Cho (21 caps); Kim (12 caps)
after-runtime-data-2.4.0,career,1954,Italy,72,5,38.235862,40.407397,2.171535,1,10,,,ITA,measured_performance,Cappello (10 caps); Muccinelli (9 caps); Neri (6 caps); Ferrario (1 caps); Gratton (1 caps)
after-runtime-data-2.4.0,current,1954,Italy,72,5,38.235862,40.407397,2.171535,1,10,,,ITA,measured_performance,Cappello (10 caps); Muccinelli (9 caps); Neri (6 caps); Ferrario (1 caps); Gratton (1 caps)
after-runtime-data-2.4.0,career,2022,Cameroon,71,5,35.747131,37.914628,2.167497,3,42,0,4,BEL|ENG|GER|RUS|TUR,measured_performance,Ngamaleu (42 caps/4g); Gouet (22 caps/0g); Mbeumo (4 caps/0g); Ondoua (4 caps/0g); Nkoudou (3 caps/0g)
after-runtime-data-2.4.0,current,2022,Cameroon,71,5,35.747131,37.914628,2.167497,3,42,0,4,BEL|ENG|GER|RUS|TUR,measured_performance,Ngamaleu (42 caps/4g); Gouet (22 caps/0g); Mbeumo (4 caps/0g); Ondoua (4 caps/0g); Nkoudou (3 caps/0g)
after-runtime-data-2.4.0,career,1954,England,72,5,38.375106,40.513896,2.13879,0,3,,,ENGLAND,measured_performance,Taylor (3 caps); Jezzard (1 caps); Haynes (0 caps); Hooper (0 caps); McGarry (0 caps)
after-runtime-data-2.4.0,current,1954,England,72,5,38.375106,40.513896,2.13879,0,3,,,ENGLAND,measured_performance,Taylor (3 caps); Jezzard (1 caps); Haynes (0 caps); Hooper (0 caps); McGarry (0 caps)
after-runtime-data-2.4.0,career,1954,France,71,5,35.941211,38.029569,2.088358,0,37,,,FRANCE,measured_performance,Marche (37 caps); Penverne (11 caps); Dereuddre (1 caps); Leblond (1 caps); Schultz (0 caps)
after-runtime-data-2.4.0,current,1954,France,71,5,35.941211,38.029569,2.088358,0,37,,,FRANCE,measured_performance,Marche (37 caps); Penverne (11 caps); Dereuddre (1 caps); Leblond (1 caps); Schultz (0 caps)
after-runtime-data-2.4.0,career,2026,Algeria,72,5,38.369235,40.456181,2.086946,7,29,0,6,ESP|ITA|KSA|SUI|TUN,measured_performance,Tougai (29 caps/2g); Aouar (20 caps/6g); Hadjam (17 caps/3g); Belghali (12 caps/1g); Zidane (7 caps/0g)
after-runtime-data-2.4.0,current,2026,Algeria,72,5,38.369235,40.456181,2.086946,7,29,0,6,ESP|ITA|KSA|SUI|TUN,measured_performance,Tougai (29 caps/2g); Aouar (20 caps/6g); Hadjam (17 caps/3g); Belghali (12 caps/1g); Zidane (7 caps/0g)
after-runtime-data-2.4.0,career,2014,Germany,88,5,59.704737,61.760917,2.05618,33,106,,,ENG|ESP|GER,measured_performance,Lahm (106 caps); Schweinsteiger (102 caps); Özil (55 caps); Khedira (46 caps); Schürrle (33 caps)
after-runtime-data-2.4.0,career,2026,Czech Republic,71,5,35.910596,37.947003,2.036407,13,21,0,6,CZE|GER,measured_performance,Chory (21 caps/6g); Jurasek (17 caps/1g); Cerv (16 caps/2g); Stanek (14 caps/0g); Hranac (13 caps/1g)
after-runtime-data-2.4.0,current,2026,Czech Republic,71,5,35.910596,37.947003,2.036407,13,21,0,6,CZE|GER,measured_performance,Chory (21 caps/6g); Jurasek (17 caps/1g); Cerv (16 caps/2g); Stanek (14 caps/0g); Hranac (13 caps/1g)
after-runtime-data-2.4.0,career,1990,Scotland,71,5,35.909679,37.923038,2.013359,1,49,,,ENGLAND|SCOTLAND|WEST GERMANY,measured_performance,Gough (49 caps); Gillespie (11 caps); McInally (7 caps); Durie (6 caps); Fleck (1 caps)
after-runtime-data-2.4.0,current,1990,Scotland,71,5,35.909679,37.923038,2.013359,1,49,,,ENGLAND|SCOTLAND|WEST GERMANY,measured_performance,Gough (49 caps); Gillespie (11 caps); McInally (7 caps); Durie (6 caps); Fleck (1 caps)
after-runtime-data-2.4.0,career,2002,Spain,71,5,36.089643,38.064568,1.974925,0,5,,,SPAIN,measured_performance,Sergio (5 caps); Torres (4 caps); Ricardo (1 caps); Contreras (0 caps); Luque (0 caps)
after-runtime-data-2.4.0,current,2002,Spain,71,5,36.089643,38.064568,1.974925,0,5,,,SPAIN,measured_performance,Sergio (5 caps); Torres (4 caps); Ricardo (1 caps); Contreras (0 caps); Luque (0 caps)
after-runtime-data-2.4.0,career,1990,West Germany,88,5,59.095432,61.047219,1.951787,32,67,,,ITA|WEST GERMANY,measured_performance,Littbarski (67 caps); Völler (63 caps); Brehme (51 caps); Berthold (35 caps); Buchwald (32 caps)
after-runtime-data-2.4.0,career,1958,Northern Ireland,71,5,35.977792,37.9286,1.950808,0,15,,,ENGLAND,measured_performance,Uprichard (15 caps); Coyle (3 caps); McCrory (1 caps); Dougan (0 caps); Scott (0 caps)
after-runtime-data-2.4.0,current,1958,Northern Ireland,71,5,35.977792,37.9286,1.950808,0,15,,,ENGLAND,measured_performance,Uprichard (15 caps); Coyle (3 caps); McCrory (1 caps); Dougan (0 caps); Scott (0 caps)
after-runtime-data-2.4.0,career,2022,Netherlands,69,5,31.484549,33.430272,1.945723,0,6,0,0,ENG|NED,measured_performance,Bijlow (6 caps/0g); Malacia (6 caps/0g); Pasveer (2 caps/0g); Taylor (2 caps/0g); Simons (0 caps/0g)
after-runtime-data-2.4.0,current,2022,Netherlands,69,5,31.484549,33.430272,1.945723,0,6,0,0,ENG|NED,measured_performance,Bijlow (6 caps/0g); Malacia (6 caps/0g); Pasveer (2 caps/0g); Taylor (2 caps/0g); Simons (0 caps/0g)
after-runtime-data-2.4.0,career,1970,Italy,72,5,38.583622,40.495496,1.911874,0,6,,,ITA,measured_performance,Prati (6 caps); Poletti (4 caps); Niccolai (1 caps); Furino (0 caps); Gori (0 caps)
after-runtime-data-2.4.0,current,1970,Italy,72,5,38.583622,40.495496,1.911874,0,6,,,ITA,measured_performance,Prati (6 caps); Poletti (4 caps); Niccolai (1 caps); Furino (0 caps); Gori (0 caps)
after-runtime-data-2.4.0,career,1990,Spain,71,5,35.825674,37.73472,1.909046,1,4,,,SPAIN,measured_performance,Pardeza (4 caps); Ablanedo (2 caps); Fernando (2 caps); Alkorta (1 caps); Ochotorena (1 caps)
after-runtime-data-2.4.0,current,1990,Spain,71,5,35.825674,37.73472,1.909046,1,4,,,SPAIN,measured_performance,Pardeza (4 caps); Ablanedo (2 caps); Fernando (2 caps); Alkorta (1 caps); Ochotorena (1 caps)
after-runtime-data-2.4.0,career,2006,Paraguay,70,5,33.66286,35.569935,1.907075,7,39,,,ARG|BRA|ITA|MEX|PAR,measured_performance,Gavilán (39 caps); da Silva (33 caps); Manzur (13 caps); Riveros (9 caps); López (7 caps)
after-runtime-data-2.4.0,current,2006,Paraguay,70,5,33.66286,35.569935,1.907075,7,39,,,ARG|BRA|ITA|MEX|PAR,measured_performance,Gavilán (39 caps); da Silva (33 caps); Manzur (13 caps); Riveros (9 caps); López (7 caps)
after-runtime-data-2.4.0,career,2026,Egypt,69,5,31.369316,33.269158,1.899842,1,28,0,1,EGY|ESP,measured_performance,Ashour (28 caps/0g); Saber (15 caps/1g); Abdelmaguid (13 caps/0g); Hassan (3 caps/0g); Abdelkarim (1 caps/0g)
after-runtime-data-2.4.0,current,2026,Egypt,69,5,31.369316,33.269158,1.899842,1,28,0,1,EGY|ESP,measured_performance,Ashour (28 caps/0g); Saber (15 caps/1g); Abdelmaguid (13 caps/0g); Hassan (3 caps/0g); Abdelkarim (1 caps/0g)
after-runtime-data-2.4.0,career,2026,Japan,72,5,38.171054,40.069377,1.898323,11,38,0,4,BEL|FRA|GER|JPN|SCO,measured_performance,Taniguchi (38 caps/1g); Maeda (27 caps/4g); Seko (14 caps/0g); Sano (13 caps/0g); Osako (11 caps/0g)
after-runtime-data-2.4.0,current,2026,Japan,72,5,38.171054,40.069377,1.898323,11,38,0,4,BEL|FRA|GER|JPN|SCO,measured_performance,Taniguchi (38 caps/1g); Maeda (27 caps/4g); Seko (14 caps/0g); Sano (13 caps/0g); Osako (11 caps/0g)
after-runtime-data-2.4.0,career,2022,Brazil,88,5,58.802068,60.697916,1.895848,35,109,5,17,ENG|FRA,measured_performance,Silva (109 caps/7g); Marquinhos (71 caps/5g); Casemiro (65 caps/5g); Richarlison (38 caps/17g); Paquetá (35 caps/7g)
after-runtime-data-2.4.0,career,1974,Chile,71,5,35.915701,37.808946,1.893245,10,32,,,CHILE|MEXICO,measured_performance,Olivares (32 caps); Lara (27 caps); Nef (26 caps); Rodríguez (24 caps); Farías (10 caps)
after-runtime-data-2.4.0,current,1974,Chile,71,5,35.915701,37.808946,1.893245,10,32,,,CHILE|MEXICO,measured_performance,Olivares (32 caps); Lara (27 caps); Nef (26 caps); Rodríguez (24 caps); Farías (10 caps)
after-runtime-data-2.4.0,current,2026,Belgium,88,5,58.648833,60.5267,1.877867,84,137,0,90,ENG|ESP|ITA,measured_performance,Witsel (137 caps/12g); Lukaku (125 caps/90g); De Bruyne (118 caps/36g); Courtois (108 caps/0g); Tielemans (84 caps/13g)
after-runtime-data-2.4.0,career,1966,Italy,71,5,36.125212,37.995281,1.870069,1,12,,,ITA,measured_performance,Guarneri (12 caps); Fogli (11 caps); Meroni (5 caps); Rizzo (2 caps); Juliano (1 caps)
after-runtime-data-2.4.0,career,1998,South Korea,71,5,36.083615,37.952974,1.869359,7,78,,,NETHERLANDS|SOUTH KOREA,measured_performance,Hwang (78 caps); Choi (54 caps); Noh (36 caps); Lee (28 caps); Jang (7 caps)
after-runtime-data-2.4.0,current,1998,South Korea,71,5,36.083615,37.952974,1.869359,7,78,,,NETHERLANDS|SOUTH KOREA,measured_performance,Hwang (78 caps); Choi (54 caps); Noh (36 caps); Lee (28 caps); Jang (7 caps)
after-runtime-data-2.4.0,career,1958,Scotland,71,5,36.019655,37.859953,1.840298,2,18,,,ENGLAND|SCOTLAND,measured_performance,Cowie (18 caps); Parker (14 caps); Caldow (10 caps); Turnbull (6 caps); Imlach (2 caps)
after-runtime-data-2.4.0,current,1958,Scotland,71,5,36.019655,37.859953,1.840298,2,18,,,ENGLAND|SCOTLAND,measured_performance,Cowie (18 caps); Parker (14 caps); Caldow (10 caps); Turnbull (6 caps); Imlach (2 caps)
after-runtime-data-2.4.0,career,1990,Italy,88,5,58.764982,60.573131,1.808149,29,65,,,ITA,measured_performance,Bergomi (65 caps); De Napoli (38 caps); Zenga (35 caps); Giannini (34 caps); Ferri (29 caps)
after-runtime-data-2.4.0,career,2006,England,88,5,58.816609,60.599037,1.782428,21,47,,,ENG,measured_performance,Ferdinand (47 caps); Cole (46 caps); Cole (32 caps); Terry (24 caps); Robinson (21 caps)
after-runtime-data-2.4.0,career,1982,West Germany,88,5,58.72778,60.484876,1.757096,23,59,,,SPAIN|WEST GERMANY,measured_performance,Kaltz (59 caps); Fischer (39 caps); Förster (35 caps); Briegel (27 caps); Stielike (23 caps)
after-runtime-data-2.4.0,career,1974,Brazil,71,5,35.750761,37.499722,1.748961,0,27,,,BRAZIL,measured_performance,Antônio (27 caps); César (8 caps); Renato (2 caps); Alfredo (1 caps); Peres (0 caps)
after-runtime-data-2.4.0,career,1934,France,72,5,38.261341,39.979866,1.718525,0,27,,,FRANCE,measured_performance,Thépot (27 caps); Mattler (21 caps); Korb (12 caps); Beaucourt (0 caps); Gabrillargues (0 caps)
after-runtime-data-2.4.0,current,1934,France,72,5,38.261341,39.979866,1.718525,0,27,,,FRANCE,measured_performance,Thépot (27 caps); Mattler (21 caps); Korb (12 caps); Beaucourt (0 caps); Gabrillargues (0 caps)
after-runtime-data-2.4.0,career,1998,Scotland,70,5,33.987797,35.703854,1.716057,3,16,,,ENGLAND|NETHERLANDS|SCOTLAND,measured_performance,Booth (16 caps); Gemmill (13 caps); McNamara (6 caps); Weir (5 caps); Sullivan (3 caps)
after-runtime-data-2.4.0,current,1998,Scotland,70,5,33.987797,35.703854,1.716057,3,16,,,ENGLAND|NETHERLANDS|SCOTLAND,measured_performance,Booth (16 caps); Gemmill (13 caps); McNamara (6 caps); Weir (5 caps); Sullivan (3 caps)
after-runtime-data-2.4.0,career,2002,Saudi Arabia,72,5,38.625767,40.340105,1.714338,0,73,,,SAUDI ARABIA,measured_performance,Al-Jahani (73 caps); Al-Dokhi (47 caps); Al-Waked (45 caps); Noor (29 caps); Al-Khathran (0 caps)
after-runtime-data-2.4.0,current,2002,Saudi Arabia,72,5,38.625767,40.340105,1.714338,0,73,,,SAUDI ARABIA,measured_performance,Al-Jahani (73 caps); Al-Dokhi (47 caps); Al-Waked (45 caps); Noor (29 caps); Al-Khathran (0 caps)
after-runtime-data-2.4.0,career,1994,Morocco,72,5,38.483929,40.156817,1.672888,5,46,,,FRANCE|GERMANY|MOROCCO,measured_performance,El Haddaoui (46 caps); Naybet (20 caps); Hababi (9 caps); Azzouzi (6 caps); Hadji (5 caps)
after-runtime-data-2.4.0,current,1994,Morocco,72,5,38.483929,40.156817,1.672888,5,46,,,FRANCE|GERMANY|MOROCCO,measured_performance,El Haddaoui (46 caps); Naybet (20 caps); Hababi (9 caps); Azzouzi (6 caps); Hadji (5 caps)
after-runtime-data-2.4.0,career,2026,New Zealand,71,5,35.919578,37.576952,1.657374,7,75,0,10,AUS|NED|NOR|NZL|POL,measured_performance,Barbarouses (75 caps/10g); Bell (31 caps/1g); Singh (27 caps/3g); Thomas (25 caps/3g); Paulsen (7 caps/0g)
after-runtime-data-2.4.0,current,2026,New Zealand,71,5,35.919578,37.576952,1.657374,7,75,0,10,AUS|NED|NOR|NZL|POL,measured_performance,Barbarouses (75 caps/10g); Bell (31 caps/1g); Singh (27 caps/3g); Thomas (25 caps/3g); Paulsen (7 caps/0g)
after-runtime-data-2.4.0,career,2026,England,71,5,35.988071,37.632637,1.644566,1,5,0,0,ENG,measured_performance,Livramento (5 caps/0g); Henderson (4 caps/0g); Spence (4 caps/0g); O'Reilly (3 caps/0g); Trafford (1 caps/0g)
after-runtime-data-2.4.0,current,2026,England,71,5,35.988071,37.632637,1.644566,1,5,0,0,ENG,measured_performance,Livramento (5 caps/0g); Henderson (4 caps/0g); Spence (4 caps/0g); O'Reilly (3 caps/0g); Trafford (1 caps/0g)
after-runtime-data-2.4.0,career,2018,Poland,71,5,36.30297,37.908608,1.605638,2,43,0,4,BEL|ITA|POL,measured_performance,Peszko (43 caps/2g); Jędrzejczyk (36 caps/3g); Cionek (19 caps/0g); Teodorczyk (17 caps/4g); Kownacki (2 caps/1g)
after-runtime-data-2.4.0,current,2018,Poland,71,5,36.30297,37.908608,1.605638,2,43,0,4,BEL|ITA|POL,measured_performance,Peszko (43 caps/2g); Jędrzejczyk (36 caps/3g); Cionek (19 caps/0g); Teodorczyk (17 caps/4g); Kownacki (2 caps/1g)
after-runtime-data-2.4.0,career,1982,Czechoslovakia,72,5,38.909856,40.515261,1.605405,13,54,,,CZECHOSLOVAKIA,measured_performance,Kozák (54 caps); Štambachr (24 caps); Janečka (15 caps); Radimec (15 caps); Berger (13 caps)
after-runtime-data-2.4.0,current,1982,Czechoslovakia,72,5,38.909856,40.515261,1.605405,13,54,,,CZECHOSLOVAKIA,measured_performance,Kozák (54 caps); Štambachr (24 caps); Janečka (15 caps); Radimec (15 caps); Berger (13 caps)
after-runtime-data-2.4.0,career,1934,Hungary,70,5,33.532631,35.136649,1.604018,0,10,,,HUNGARY,measured_performance,Szabó (10 caps); Szalay (8 caps); Polgár (5 caps); Dudás (0 caps); Somlai (0 caps)
after-runtime-data-2.4.0,current,1934,Hungary,70,5,33.532631,35.136649,1.604018,0,10,,,HUNGARY,measured_performance,Szabó (10 caps); Szalay (8 caps); Polgár (5 caps); Dudás (0 caps); Somlai (0 caps)
after-runtime-data-2.4.0,career,2026,Czech Republic,72,5,38.265193,39.86668,1.601487,22,40,1,6,CZE,measured_performance,Holes (40 caps/2g); Provod (37 caps/3g); Sadilek (34 caps/1g); Zima (24 caps/1g); Chytil (22 caps/6g)
after-runtime-data-2.4.0,current,2026,Czech Republic,72,5,38.265193,39.86668,1.601487,22,40,1,6,CZE,measured_performance,Holes (40 caps/2g); Provod (37 caps/3g); Sadilek (34 caps/1g); Zima (24 caps/1g); Chytil (22 caps/6g)
after-runtime-data-2.4.0,career,2006,Poland,73,5,40.608107,42.161619,1.553512,13,50,,,ENG|GER|SCO|UKR,measured_performance,Żurawski (50 caps); Kosowski (45 caps); Rasiak (30 caps); Lewandowski (25 caps); Smolarek (13 caps)
after-runtime-data-2.4.0,current,2006,Poland,73,5,40.608107,42.161619,1.553512,13,50,,,ENG|GER|SCO|UKR,measured_performance,Żurawski (50 caps); Kosowski (45 caps); Rasiak (30 caps); Lewandowski (25 caps); Smolarek (13 caps)
after-runtime-data-2.4.0,career,1958,Wales,70,5,34.104116,35.647951,1.543835,0,17,,,ENGLAND|WALES,measured_performance,Jones (17 caps); Allchurch (6 caps); Baker (0 caps); Crowe (0 caps); Elsworthy (0 caps)
after-runtime-data-2.4.0,current,1958,Wales,70,5,34.104116,35.647951,1.543835,0,17,,,ENGLAND|WALES,measured_performance,Jones (17 caps); Allchurch (6 caps); Baker (0 caps); Crowe (0 caps); Elsworthy (0 caps)
after-runtime-data-2.4.0,career,1982,Yugoslavia,67,5,27.559375,29.10001,1.540635,0,11,,,BELGIUM|SFR YUGOSLAVIA,measured_performance,Vujović (11 caps); Svilar (3 caps); Deverić (0 caps); Pudar (0 caps); Živković (0 caps)
after-runtime-data-2.4.0,current,1982,Yugoslavia,67,5,27.559375,29.10001,1.540635,0,11,,,BELGIUM|SFR YUGOSLAVIA,measured_performance,Vujović (11 caps); Svilar (3 caps); Deverić (0 caps); Pudar (0 caps); Živković (0 caps)
after-runtime-data-2.4.0,career,1938,Germany,70,5,34,35.481361,1.481361,0,39,,,GERMANY,baseline_anchor_estimate|measured_performance,Münzenberg (39 caps); Jakob (35 caps); Buchloh (17 caps); Schmaus (0 caps); Streitle (0 caps)
after-runtime-data-2.4.0,current,1938,Germany,70,5,34,35.481361,1.481361,0,39,,,GERMANY,baseline_anchor_estimate|measured_performance,Münzenberg (39 caps); Jakob (35 caps); Buchloh (17 caps); Schmaus (0 caps); Streitle (0 caps)
after-runtime-data-2.4.0,career,1966,Chile,72,5,38.22465,39.687342,1.462692,17,38,,,CHILE,measured_performance,Eyzaguirre (38 caps); Tobar (29 caps); Landa (23 caps); Araya (20 caps); Valentini (17 caps)
after-runtime-data-2.4.0,current,1966,Chile,72,5,38.22465,39.687342,1.462692,17,38,,,CHILE,measured_performance,Eyzaguirre (38 caps); Tobar (29 caps); Landa (23 caps); Araya (20 caps); Valentini (17 caps)
after-runtime-data-2.4.0,career,1994,Greece,72,5,39.026615,40.487271,1.460656,4,60,,,GREECE,measured_performance,Apostolakis (60 caps); Tsalouchidis (60 caps); Tsiantakis (45 caps); Karkamanis (5 caps); Atmatsidis (4 caps)
after-runtime-data-2.4.0,current,1994,Greece,72,5,39.026615,40.487271,1.460656,4,60,,,GREECE,measured_performance,Apostolakis (60 caps); Tsalouchidis (60 caps); Tsiantakis (45 caps); Karkamanis (5 caps); Atmatsidis (4 caps)
after-runtime-data-2.4.0,career,1994,Greece,71,5,36.523073,37.956833,1.43376,12,76,,,GREECE,measured_performance,Saravakos (76 caps); Manolas (70 caps); Dimitriadis (26 caps); Marangos (21 caps); Machlas (12 caps)
after-runtime-data-2.4.0,current,1994,Greece,71,5,36.523073,37.956833,1.43376,12,76,,,GREECE,measured_performance,Saravakos (76 caps); Manolas (70 caps); Dimitriadis (26 caps); Marangos (21 caps); Machlas (12 caps)
after-runtime-data-2.4.0,career,1978,Scotland,71,5,36.605791,38.03819,1.432399,2,33,,,ENGLAND|SCOTLAND,measured_performance,Jardine (33 caps); McQueen (20 caps); Souness (6 caps); Kennedy (3 caps); Robertson (2 caps)
after-runtime-data-2.4.0,current,1978,Scotland,71,5,36.605791,38.03819,1.432399,2,33,,,ENGLAND|SCOTLAND,measured_performance,Jardine (33 caps); McQueen (20 caps); Souness (6 caps); Kennedy (3 caps); Robertson (2 caps)
after-runtime-data-2.4.0,career,2014,Japan,69,5,31.51663,32.933821,1.417191,6,18,,,GER|JPN,measured_performance,Sakai (18 caps); Nishikawa (13 caps); Sakai (12 caps); Morishige (10 caps); Aoyama (6 caps)
after-runtime-data-2.4.0,current,2014,Japan,69,5,31.51663,32.933821,1.417191,6,18,,,GER|JPN,measured_performance,Sakai (18 caps); Nishikawa (13 caps); Sakai (12 caps); Morishige (10 caps); Aoyama (6 caps)
after-runtime-data-2.4.0,career,1990,Austria,71,5,36.30292,37.698702,1.395782,10,21,,,AUSTRIA,measured_performance,Artner (21 caps); Pfeffer (21 caps); Russ (20 caps); Schöttel (11 caps); Hörtnagl (10 caps)
after-runtime-data-2.4.0,current,1990,Austria,71,5,36.30292,37.698702,1.395782,10,21,,,AUSTRIA,measured_performance,Artner (21 caps); Pfeffer (21 caps); Russ (20 caps); Schöttel (11 caps); Hörtnagl (10 caps)
after-runtime-data-2.4.0,career,2026,Colombia,72,5,38.660848,40.04611,1.385262,8,41,0,5,BRA|ESP|FRA|MEX|POR,measured_performance,Vargas (41 caps/0g); Carrascal (23 caps/2g); Machado (15 caps/0g); Suarez (11 caps/5g); Hernandez (8 caps/2g)
after-runtime-data-2.4.0,current,2026,Colombia,72,5,38.660848,40.04611,1.385262,8,41,0,5,BRA|ESP|FRA|MEX|POR,measured_performance,Vargas (41 caps/0g); Carrascal (23 caps/2g); Machado (15 caps/0g); Suarez (11 caps/5g); Hernandez (8 caps/2g)
after-runtime-data-2.4.0,current,1990,West Germany,88,5,59.095432,60.470938,1.375506,32,67,,,ITA|WEST GERMANY,measured_performance,Littbarski (67 caps); Völler (63 caps); Brehme (51 caps); Berthold (35 caps); Buchwald (32 caps)
after-runtime-data-2.4.0,career,2026,Canada,73,5,41.033684,42.408158,1.374474,20,31,0,2,ENG|ESP|FRA|USA,measured_performance,Crepeau (31 caps/0g); Ahmed (24 caps/1g); Oluwaseyi (23 caps/2g); Bombito (20 caps/0g); St. Clair (20 caps/0g)
after-runtime-data-2.4.0,current,2026,Canada,73,5,41.033684,42.408158,1.374474,20,31,0,2,ENG|ESP|FRA|USA,measured_performance,Crepeau (31 caps/0g); Ahmed (24 caps/1g); Oluwaseyi (23 caps/2g); Bombito (20 caps/0g); St. Clair (20 caps/0g)
after-runtime-data-2.4.0,career,1986,Canada,71,5,36.009223,37.374752,1.365529,3,27,,,BELGIUM|USA,measured_performance,Vrablic (27 caps); Sweeney (26 caps); Gray (22 caps); Šegota (11 caps); Valentine (3 caps)
after-runtime-data-2.4.0,current,1986,Canada,71,5,36.009223,37.374752,1.365529,3,27,,,BELGIUM|USA,measured_performance,Vrablic (27 caps); Sweeney (26 caps); Gray (22 caps); Šegota (11 caps); Valentine (3 caps)
after-runtime-data-2.4.0,career,2006,Iran,72,5,38.999405,40.36257,1.363165,6,71,,,GER|IRN|UAE,measured_performance,Nekounam (71 caps); Bakhtiarizadeh (31 caps); Zandi (10 caps); Teymourian (7 caps); Madanchi (6 caps)
after-runtime-data-2.4.0,current,2006,Iran,72,5,38.999405,40.36257,1.363165,6,71,,,GER|IRN|UAE,measured_performance,Nekounam (71 caps); Bakhtiarizadeh (31 caps); Zandi (10 caps); Teymourian (7 caps); Madanchi (6 caps)
after-runtime-data-2.4.0,career,2026,Qatar,68,5,29.43613,30.792708,1.356578,4,25,0,1,QAT,measured_performance,Mendes (25 caps/1g); Brake (16 caps/0g); Ganehi (13 caps/1g); Hussain (7 caps/0g); Abunada (4 caps/0g)
after-runtime-data-2.4.0,current,2026,Qatar,68,5,29.43613,30.792708,1.356578,4,25,0,1,QAT,measured_performance,Mendes (25 caps/1g); Brake (16 caps/0g); Ganehi (13 caps/1g); Hussain (7 caps/0g); Abunada (4 caps/0g)
after-runtime-data-2.4.0,career,1950,Bolivia,70,5,33.544974,34.901494,1.35652,0,18,,,BOLIVIA,measured_performance,Ferrel (18 caps); Aparicio (0 caps); Saavedra (0 caps); Arricio; Sandoval
after-runtime-data-2.4.0,current,1950,Bolivia,70,5,33.544974,34.901494,1.35652,0,18,,,BOLIVIA,measured_performance,Ferrel (18 caps); Aparicio (0 caps); Saavedra (0 caps); Arricio; Sandoval
after-runtime-data-2.4.0,career,2014,Australia,68,5,29.424784,30.77223,1.347446,0,14,,,AUS|AUT|ENG,measured_performance,Holland (14 caps); Franjic (9 caps); Galekovic (8 caps); Taggart (5 caps); Wright (0 caps)
after-runtime-data-2.4.0,current,2014,Australia,68,5,29.424784,30.77223,1.347446,0,14,,,AUS|AUT|ENG,measured_performance,Holland (14 caps); Franjic (9 caps); Galekovic (8 caps); Taggart (5 caps); Wright (0 caps)
after-runtime-data-2.4.0,career,1954,France,72,5,39.113039,40.449808,1.336769,0,12,,,FRANCE,measured_performance,Gianessi (12 caps); Marcel (8 caps); Remetter (4 caps); Bieganski (1 caps); Louis (0 caps)
after-runtime-data-2.4.0,current,1954,France,72,5,39.113039,40.449808,1.336769,0,12,,,FRANCE,measured_performance,Gianessi (12 caps); Marcel (8 caps); Remetter (4 caps); Bieganski (1 caps); Louis (0 caps)
after-runtime-data-2.4.0,career,1962,Italy,72,5,38.498998,39.830396,1.331398,1,13,,,ITA,measured_performance,Buffon (13 caps); Losi (9 caps); Sívori (7 caps); Radice (2 caps); Ferrini (1 caps)
after-runtime-data-2.4.0,current,1962,Italy,72,5,38.498998,39.830396,1.331398,1,13,,,ITA,measured_performance,Buffon (13 caps); Losi (9 caps); Sívori (7 caps); Radice (2 caps); Ferrini (1 caps)
after-runtime-data-2.4.0,career,2022,Australia,67,5,27.90427,29.223036,1.318766,1,5,0,1,AUS|SCO,measured_performance,Tilio (5 caps/0g); Redmayne (4 caps/0g); Vukovic (4 caps/0g); Cummings (1 caps/1g); Devlin (1 caps/0g)
after-runtime-data-2.4.0,current,2022,Australia,67,5,27.90427,29.223036,1.318766,1,5,0,1,AUS|SCO,measured_performance,Tilio (5 caps/0g); Redmayne (4 caps/0g); Vukovic (4 caps/0g); Cummings (1 caps/1g); Devlin (1 caps/0g)
after-runtime-data-2.4.0,career,1994,Bolivia,70,5,34.408388,35.674131,1.265743,3,25,,,ARGENTINA|BOLIVIA|CHILE|COLOMBIA,measured_performance,Castillo (25 caps); Etcheverry (23 caps); Peña (21 caps); Quinteros (5 caps); Ramallo (3 caps)
after-runtime-data-2.4.0,current,1994,Bolivia,70,5,34.408388,35.674131,1.265743,3,25,,,ARGENTINA|BOLIVIA|CHILE|COLOMBIA,measured_performance,Castillo (25 caps); Etcheverry (23 caps); Peña (21 caps); Quinteros (5 caps); Ramallo (3 caps)
after-runtime-data-2.4.0,current,1962,Italy,70,5,34.298867,35.537095,1.238228,0,1,,,ITA,measured_performance,Maschio (1 caps); Pascutti (1 caps); Rivera (1 caps); Sormani (0 caps); Tumburus (0 caps)
after-runtime-data-2.4.0,career,1950,Bolivia,68,5,29.866657,31.045898,1.179241,0,26,,,BOLIVIA,baseline_anchor_estimate|measured_performance,Arraya (26 caps); Valencia (9 caps); Algarañaz (8 caps); Brown (2 caps); Capparelli (0 caps)
after-runtime-data-2.4.0,current,1950,Bolivia,68,5,29.866657,31.045898,1.179241,0,26,,,BOLIVIA,baseline_anchor_estimate|measured_performance,Arraya (26 caps); Valencia (9 caps); Algarañaz (8 caps); Brown (2 caps); Capparelli (0 caps)
after-runtime-data-2.4.0,career,1954,Belgium,71,5,36.684742,37.856096,1.171354,0,7,,,BELGIUM,measured_performance,Gernaey (7 caps); Van Kerkhoven (5 caps); Van Steen (5 caps); Backaert (0 caps); Vliers (0 caps)
after-runtime-data-2.4.0,current,1954,Belgium,71,5,36.684742,37.856096,1.171354,0,7,,,BELGIUM,measured_performance,Gernaey (7 caps); Van Kerkhoven (5 caps); Van Steen (5 caps); Backaert (0 caps); Vliers (0 caps)
after-runtime-data-2.4.0,career,2026,Morocco,70,5,34.115438,35.28611,1.170672,3,9,0,0,ENG|FRA|NED,measured_performance,Salah-Eddine (9 caps/0g); Yassine (5 caps/0g); Bouaddi (3 caps/0g); Diop (3 caps/0g); Mourabet (3 caps/0g)
after-runtime-data-2.4.0,current,2026,Morocco,70,5,34.115438,35.28611,1.170672,3,9,0,0,ENG|FRA|NED,measured_performance,Salah-Eddine (9 caps/0g); Yassine (5 caps/0g); Bouaddi (3 caps/0g); Diop (3 caps/0g); Mourabet (3 caps/0g)
after-runtime-data-2.4.0,career,2018,Iran,72,5,38.484918,39.6477,1.162782,19,74,0,17,ENG|GRE|NED|QAT|RUS,measured_performance,Shojaei (74 caps/8g); Dejagah (46 caps/9g); Ghoochannejhad (43 caps/17g); Taremi (26 caps/11g); Mohammadi (19 caps/0g)
after-runtime-data-2.4.0,current,2018,Iran,72,5,38.484918,39.6477,1.162782,19,74,0,17,ENG|GRE|NED|QAT|RUS,measured_performance,Shojaei (74 caps/8g); Dejagah (46 caps/9g); Ghoochannejhad (43 caps/17g); Taremi (26 caps/11g); Mohammadi (19 caps/0g)
after-runtime-data-2.4.0,career,1950,Spain,71,5,35.77847,36.93047,1.152,0,5,,,SPAIN,baseline_anchor_estimate|measured_performance,Asensi (5 caps); Alonso (4 caps); Antúnez (2 caps); Acuña (1 caps); Lesmes (0 caps)
after-runtime-data-2.4.0,current,1950,Spain,71,5,35.77847,36.93047,1.152,0,5,,,SPAIN,baseline_anchor_estimate|measured_performance,Asensi (5 caps); Alonso (4 caps); Antúnez (2 caps); Acuña (1 caps); Lesmes (0 caps)
after-runtime-data-2.4.0,career,1970,Israel,67,5,28.12501,29.273342,1.148332,1,10,,,ISRAEL,measured_performance,Borba (10 caps); Chazom (4 caps); Nossovsky (3 caps); Ben Rimoz (2 caps); Hameiri (1 caps)
after-runtime-data-2.4.0,current,1970,Israel,67,5,28.12501,29.273342,1.148332,1,10,,,ISRAEL,measured_performance,Borba (10 caps); Chazom (4 caps); Nossovsky (3 caps); Ben Rimoz (2 caps); Hameiri (1 caps)
after-runtime-data-2.4.0,career,1986,South Korea,67,5,28.177438,29.287618,1.11018,0,0,,,SOUTH KOREA,measured_performance,Cho (0 caps); Chung (0 caps); Kang (0 caps); Kim (0 caps); Kim (0 caps)
after-runtime-data-2.4.0,current,1986,South Korea,67,5,28.177438,29.287618,1.11018,0,0,,,SOUTH KOREA,measured_performance,Cho (0 caps); Chung (0 caps); Kang (0 caps); Kim (0 caps); Kim (0 caps)
after-runtime-data-2.4.0,career,1982,Italy,87,5,57.443955,58.541537,1.097582,33,60,,,ITALY,measured_performance,Antognoni (60 caps); Gentile (56 caps); Tardelli (55 caps); Graziani (53 caps); Cabrini (33 caps)
after-runtime-data-2.4.0,current,1986,Mexico,69,5,32.104083,33.200012,1.095929,11,35,,,MEXICO,measured_performance,Manzo (35 caps); Hernández (19 caps); Hermosillo (18 caps); Heredia (17 caps); Rodríguez (11 caps)
after-runtime-data-2.4.0,career,2010,Honduras,72,5,38.496524,39.589894,1.09337,34,133,,,HON,measured_performance,Guevara (133 caps); Turcios (82 caps); Mendoza (46 caps); Izaguirre (39 caps); Martínez (34 caps)
after-runtime-data-2.4.0,current,2010,Honduras,72,5,38.496524,39.589894,1.09337,34,133,,,HON,measured_performance,Guevara (133 caps); Turcios (82 caps); Mendoza (46 caps); Izaguirre (39 caps); Martínez (34 caps)
after-runtime-data-2.4.0,career,2018,Nigeria,69,5,31.653278,32.740187,1.086909,7,52,0,1,ITA|NED|NGA|TUR,measured_performance,Onazi (52 caps/1g); Abdullahi (25 caps/0g); Ezenwa (24 caps/0g); Obi (17 caps/0g); Ebuehi (7 caps/0g)
after-runtime-data-2.4.0,current,2018,Nigeria,69,5,31.653278,32.740187,1.086909,7,52,0,1,ITA|NED|NGA|TUR,measured_performance,Onazi (52 caps/1g); Abdullahi (25 caps/0g); Ezenwa (24 caps/0g); Obi (17 caps/0g); Ebuehi (7 caps/0g)
after-runtime-data-2.4.0,career,2026,Uruguay,72,5,39.378136,40.441557,1.063421,11,39,0,4,BRA|ESP|GRE|MEX,measured_performance,Pellistri (39 caps/2g); Rodriguez (32 caps/4g); Varela (28 caps/0g); Caceres (24 caps/0g); Vinas (11 caps/2g)
after-runtime-data-2.4.0,current,2026,Uruguay,72,5,39.378136,40.441557,1.063421,11,39,0,4,BRA|ESP|GRE|MEX,measured_performance,Pellistri (39 caps/2g); Rodriguez (32 caps/4g); Varela (28 caps/0g); Caceres (24 caps/0g); Vinas (11 caps/2g)
after-runtime-data-2.4.0,current,1970,Morocco,72,5,38.666684,39.717605,1.050921,0,2,,,MOROCCO,measured_performance,Bamous (2 caps); Faras (0 caps); Ghandi (0 caps); Hazzaz (0 caps); Mahroufi (0 caps)
after-runtime-data-2.4.0,career,2018,Iran,73,5,41.143527,42.191579,1.048052,1,38,0,23,IRN|NED|RUS,measured_performance,Jahanbakhsh (38 caps/4g); Amiri (36 caps/1g); Azmoun (33 caps/23g); Ebrahimi (30 caps/0g); Hosseini (1 caps/0g)
after-runtime-data-2.4.0,current,2018,Iran,73,5,41.143527,42.191579,1.048052,1,38,0,23,IRN|NED|RUS,measured_performance,Jahanbakhsh (38 caps/4g); Amiri (36 caps/1g); Azmoun (33 caps/23g); Ebrahimi (30 caps/0g); Hosseini (1 caps/0g)
after-runtime-data-2.4.0,current,1998,Cameroon,70,5,33.801848,34.821655,1.019807,6,16,,,AUSTRIA|FRA|PORTUGAL|SPAIN,measured_performance,Andem (16 caps); Simo (14 caps); Mahouvé (12 caps); Ipoua (7 caps); Eto'o (6 caps)
after-runtime-data-2.4.0,career,1982,Austria,68,5,30.117373,31.132465,1.015092,1,8,,,AUSTRIA,measured_performance,Dihanich (8 caps); Jurtin (5 caps); Pichler (5 caps); Pregesbauer (4 caps); Lindenberger (1 caps)
after-runtime-data-2.4.0,current,1982,Austria,68,5,30.117373,31.132465,1.015092,1,8,,,AUSTRIA,measured_performance,Dihanich (8 caps); Jurtin (5 caps); Pichler (5 caps); Pregesbauer (4 caps); Lindenberger (1 caps)
after-runtime-data-2.4.0,career,2018,Mexico,73,5,40.768791,41.78377,1.014979,36,105,1,26,GER|MEX|POR|USA,measured_performance,dos Santos (105 caps/19g); Peralta (67 caps/26g); Ayala (43 caps/1g); Fabián (39 caps/9g); Corona (36 caps/7g)
after-runtime-data-2.4.0,current,2018,Mexico,73,5,40.768791,41.78377,1.014979,36,105,1,26,GER|MEX|POR|USA,measured_performance,dos Santos (105 caps/19g); Peralta (67 caps/26g); Ayala (43 caps/1g); Fabián (39 caps/9g); Corona (36 caps/7g)
after-runtime-data-2.4.0,career,2022,Japan,69,5,31.998693,33.011283,1.01259,6,15,0,4,BEL|GER|JPN,measured_performance,Yamane (15 caps/2g); Schmidt (11 caps/0g); Ueda (11 caps/0g); Soma (8 caps/4g); Ito (6 caps/0g)
after-runtime-data-2.4.0,current,2022,Japan,69,5,31.998693,33.011283,1.01259,6,15,0,4,BEL|GER|JPN,measured_performance,Yamane (15 caps/2g); Schmidt (11 caps/0g); Ueda (11 caps/0g); Soma (8 caps/4g); Ito (6 caps/0g)
after-runtime-data-2.4.0,career,1998,Brazil,88,5,59.443249,60.451778,1.008529,45,94,,,BRAZIL|ITA,measured_performance,Taffarel (94 caps); Bebeto (68 caps); Aldair (66 caps); Cafu (64 caps); Leonardo (45 caps)
after-runtime-data-2.4.0,career,1958,Hungary,68,5,30.107053,31.112425,1.005372,0,17,,,HUNGARY,baseline_anchor_estimate|measured_performance,Kárpáti (17 caps); Monostori (1 caps); Vasas (1 caps); Friedmanszky (0 caps); Lachos (0 caps)
after-runtime-data-2.4.0,current,1958,Hungary,68,5,30.107053,31.112425,1.005372,0,17,,,HUNGARY,baseline_anchor_estimate|measured_performance,Kárpáti (17 caps); Monostori (1 caps); Vasas (1 caps); Friedmanszky (0 caps); Lachos (0 caps)
after-runtime-data-2.4.0,career,1970,Uruguay,85,5,55.209958,56.197473,0.987515,16,24,,,URUGUAY,measured_performance,Cortés (24 caps); Cubilla (23 caps); Montero Castillo (22 caps); Ubiña (19 caps); Mujica (16 caps)
after-runtime-data-2.4.0,current,1970,Uruguay,85,5,55.209958,56.197473,0.987515,16,24,,,URUGUAY,measured_performance,Cortés (24 caps); Cubilla (23 caps); Montero Castillo (22 caps); Ubiña (19 caps); Mujica (16 caps)
after-runtime-data-2.4.0,career,1978,Peru,67,5,28.297858,29.268691,0.970833,0,1,,,PERU,measured_performance,Cáceres (1 caps); Gorriti (1 caps); Mosquera (1 caps); Leguía (0 caps); Rojas (0 caps)
after-runtime-data-2.4.0,current,1978,Peru,67,5,28.297858,29.268691,0.970833,0,1,,,PERU,measured_performance,Cáceres (1 caps); Gorriti (1 caps); Mosquera (1 caps); Leguía (0 caps); Rojas (0 caps)
after-runtime-data-2.4.0,career,1994,United States,77,5,46.024524,46.962597,0.938073,16,50,,,NETHERLANDS|USA,measured_performance,Jones (50 caps); Lalas (47 caps); Sorber (39 caps); Dooley (38 caps); Stewart (16 caps)
after-runtime-data-2.4.0,current,1994,United States,77,5,46.024524,46.962597,0.938073,16,50,,,NETHERLANDS|USA,measured_performance,Jones (50 caps); Lalas (47 caps); Sorber (39 caps); Dooley (38 caps); Stewart (16 caps)
after-runtime-data-2.4.0,career,2010,Algeria,73,5,41.148847,42.084883,0.936036,1,62,,,ALG|BUL|FRA|GER,measured_performance,Saïfi (62 caps); Matmour (23 caps); Chaouchi (10 caps); Kadir (2 caps); M'Bolhi (1 caps)
after-runtime-data-2.4.0,current,2010,Algeria,73,5,41.148847,42.084883,0.936036,1,62,,,ALG|BUL|FRA|GER,measured_performance,Saïfi (62 caps); Matmour (23 caps); Chaouchi (10 caps); Kadir (2 caps); M'Bolhi (1 caps)
after-runtime-data-2.4.0,career,2006,Italy,88,5,58.719827,59.639554,0.919727,43,74,,,ITA,measured_performance,Del Piero (74 caps); Nesta (74 caps); Zambrotta (52 caps); Totti (51 caps); Gattuso (43 caps)
after-runtime-data-2.4.0,career,2002,Republic of Ireland,87,5,57.48359,58.394087,0.910497,19,46,,,ENGLAND,measured_performance,Kelly (46 caps); Breen (43 caps); Harte (40 caps); Duff (26 caps); Holland (19 caps)
after-runtime-data-2.4.0,current,2002,Republic of Ireland,87,5,57.48359,58.394087,0.910497,19,46,,,ENGLAND,measured_performance,Kelly (46 caps); Breen (43 caps); Harte (40 caps); Duff (26 caps); Holland (19 caps)
after-runtime-data-2.4.0,career,1978,Hungary,76,5,44.941098,45.832246,0.891148,5,71,,,HUNGARY,measured_performance,Fazekas (71 caps); Tóth (25 caps); Tóth (14 caps); Martos (11 caps); Csapó (5 caps)
after-runtime-data-2.4.0,current,1978,Hungary,76,5,44.941098,45.832246,0.891148,5,71,,,HUNGARY,measured_performance,Fazekas (71 caps); Tóth (25 caps); Tóth (14 caps); Martos (11 caps); Csapó (5 caps)
after-runtime-data-2.4.0,career,2026,Bosnia and Herzegovina,71,5,36.075821,36.94142,0.865599,10,19,0,4,GER|NED|SUI,measured_performance,Burnic (19 caps/0g); Gigovic (19 caps/1g); Katic (16 caps/1g); Bajraktarevic (15 caps/1g); Tabakovic (10 caps/4g)
after-runtime-data-2.4.0,current,2026,Bosnia and Herzegovina,71,5,36.075821,36.94142,0.865599,10,19,0,4,GER|NED|SUI,measured_performance,Burnic (19 caps/0g); Gigovic (19 caps/1g); Katic (16 caps/1g); Bajraktarevic (15 caps/1g); Tabakovic (10 caps/4g)
after-runtime-data-2.4.0,career,2026,England,87,5,57.640078,58.502843,0.862765,46,87,0,18,ENG|ESP,measured_performance,Stones (87 caps/3g); Pickford (82 caps/0g); Rashford (70 caps/18g); Saka (48 caps/14g); Bellingham (46 caps/6g)
after-runtime-data-2.4.0,current,2026,England,87,5,57.640078,58.502843,0.862765,46,87,0,18,ENG|ESP,measured_performance,Stones (87 caps/3g); Pickford (82 caps/0g); Rashford (70 caps/18g); Saka (48 caps/14g); Bellingham (46 caps/6g)
after-runtime-data-2.4.0,career,1958,France,76,5,44.766318,45.618413,0.852095,0,55,,,FRANCE,measured_performance,Marche (55 caps); Oliver (5 caps); Chiarelli (1 caps); Bellot (0 caps); Hnatow (0 caps)
after-runtime-data-2.4.0,current,1958,France,76,5,44.766318,45.618413,0.852095,0,55,,,FRANCE,measured_performance,Marche (55 caps); Oliver (5 caps); Chiarelli (1 caps); Bellot (0 caps); Hnatow (0 caps)
after-runtime-data-2.4.0,current,2026,Panama,78,5,47.190409,48.040738,0.850329,56,159,4,17,CRC|MEX|PAN|USA,measured_performance,Godoy (159 caps/4g); Davis (106 caps/9g); Escobar (98 caps/4g); Rodríguez (69 caps/8g); Díaz (56 caps/17g)
after-runtime-data-2.4.0,career,2010,Paraguay,77,5,46.140855,46.985768,0.844913,5,60,,,BEL|GER|ITA|PAR,measured_performance,Bonet (60 caps); Barreto (47 caps); Valdez (38 caps); Cáceres (25 caps); Alcaraz (5 caps)
after-runtime-data-2.4.0,current,2010,Paraguay,77,5,46.140855,46.985768,0.844913,5,60,,,BEL|GER|ITA|PAR,measured_performance,Bonet (60 caps); Barreto (47 caps); Valdez (38 caps); Cáceres (25 caps); Alcaraz (5 caps)
after-runtime-data-2.4.0,career,1930,Mexico,69,5,31.55177,32.39296,0.84119,0,1,,,MEXICO,measured_performance,Mejía (1 caps); Amézcua (0 caps); Castro (0 caps); Olivares (0 caps); Rodríguez (0 caps)
after-runtime-data-2.4.0,current,1930,Mexico,69,5,31.55177,32.39296,0.84119,0,1,,,MEXICO,measured_performance,Mejía (1 caps); Amézcua (0 caps); Castro (0 caps); Olivares (0 caps); Rodríguez (0 caps)
after-runtime-data-2.4.0,career,1982,Honduras,70,5,34.509527,35.332165,0.822638,0,0,,,HON,measured_performance,Betancourt (0 caps); Bulnes (0 caps); Figueroa (0 caps); Gutiérrez (0 caps); Norales (0 caps)
after-runtime-data-2.4.0,current,1982,Honduras,70,5,34.509527,35.332165,0.822638,0,0,,,HON,measured_performance,Betancourt (0 caps); Bulnes (0 caps); Figueroa (0 caps); Gutiérrez (0 caps); Norales (0 caps)
after-runtime-data-2.4.0,career,2014,Costa Rica,79,5,48.554201,49.334031,0.77983,25,83,,,CRC|GRE|NOR|SWE|USA,measured_performance,Umaña (83 caps); Borges (63 caps); González (35 caps); Campbell (33 caps); Gamboa (25 caps)
after-runtime-data-2.4.0,current,2014,Costa Rica,79,5,48.554201,49.334031,0.77983,25,83,,,CRC|GRE|NOR|SWE|USA,measured_performance,Umaña (83 caps); Borges (63 caps); González (35 caps); Campbell (33 caps); Gamboa (25 caps)
after-runtime-data-2.4.0,career,2022,Qatar,75,5,43.970313,44.678988,0.708675,29,130,0,15,QAT,measured_performance,Hassan (130 caps/15g); Boudiaf (115 caps/6g); Hatem (107 caps/11g); Al-Sheeb (76 caps/0g); Ahmed (29 caps/2g)
after-runtime-data-2.4.0,current,2022,Qatar,75,5,43.970313,44.678988,0.708675,29,130,0,15,QAT,measured_performance,Hassan (130 caps/15g); Boudiaf (115 caps/6g); Hatem (107 caps/11g); Al-Sheeb (76 caps/0g); Ahmed (29 caps/2g)
after-runtime-data-2.4.0,career,1962,England,72,5,38.936216,39.624843,0.688627,0,2,,,ENGLAND,measured_performance,Anderson (2 caps); Hunt (1 caps); Adamson (0 caps); Eastham (0 caps); Peacock (0 caps)
after-runtime-data-2.4.0,current,1962,England,72,5,38.936216,39.624843,0.688627,0,2,,,ENGLAND,measured_performance,Anderson (2 caps); Hunt (1 caps); Adamson (0 caps); Eastham (0 caps); Peacock (0 caps)
after-runtime-data-2.4.0,current,1998,Netherlands,85,5,55.299971,55.969082,0.669111,19,72,,,ITA|NETHERLANDS|SPAIN,measured_performance,Winter (72 caps); Seedorf (31 caps); Numan (29 caps); van der Sar (25 caps); Kluivert (19 caps)
after-runtime-data-2.4.0,career,2010,North Korea,75,5,44.048259,44.710083,0.661824,23,34,,,PRK,measured_performance,Pak (34 caps); Cha (31 caps); Ri (28 caps); Ri (26 caps); Ji (23 caps)
after-runtime-data-2.4.0,current,2010,North Korea,75,5,44.048259,44.710083,0.661824,23,34,,,PRK,measured_performance,Pak (34 caps); Cha (31 caps); Ri (28 caps); Ri (26 caps); Ji (23 caps)
after-runtime-data-2.4.0,career,2006,Portugal,87,5,57.695671,58.322653,0.626982,23,49,,,ENG|GER|POR,measured_performance,Ricardo (49 caps); Simão (43 caps); Meira (30 caps); Carvalho (24 caps); Valente (23 caps)
after-runtime-data-2.4.0,current,2006,Portugal,87,5,57.695671,58.322653,0.626982,23,49,,,ENG|GER|POR,measured_performance,Ricardo (49 caps); Simão (43 caps); Meira (30 caps); Carvalho (24 caps); Valente (23 caps)
after-runtime-data-2.4.0,career,1978,Iran,67,5,28.297858,28.871431,0.573573,0,0,,,IRAN,measured_performance,Bishkar (0 caps); Korbekandi; Majd Teymouri; Mavaddat; Nouraei
after-runtime-data-2.4.0,current,1978,Iran,67,5,28.297858,28.871431,0.573573,0,0,,,IRAN,measured_performance,Bishkar (0 caps); Korbekandi; Majd Teymouri; Mavaddat; Nouraei
after-runtime-data-2.4.0,career,1930,Brazil,68,5,30.743408,31.307713,0.564305,0,0,,,BRAZIL,measured_performance,Brilhante (0 caps); Joel (0 caps); Velloso (0 caps); Zé Luiz (0 caps); Doca
after-runtime-data-2.4.0,current,1930,Brazil,68,5,30.743408,31.307713,0.564305,0,0,,,BRAZIL,measured_performance,Brilhante (0 caps); Joel (0 caps); Velloso (0 caps); Zé Luiz (0 caps); Doca
after-runtime-data-2.4.0,career,1962,Mexico,70,5,34.47246,35.034098,0.561638,0,13,,,MEXICO,measured_performance,Jáuregui (13 caps); Ortiz Camargo (8 caps); Farfán (2 caps); Romero (0 caps); Velarde (0 caps)
after-runtime-data-2.4.0,current,1962,Mexico,70,5,34.47246,35.034098,0.561638,0,13,,,MEXICO,measured_performance,Jáuregui (13 caps); Ortiz Camargo (8 caps); Farfán (2 caps); Romero (0 caps); Velarde (0 caps)
after-runtime-data-2.4.0,career,2006,Mexico,84,5,54.255531,54.786017,0.530486,30,33,,,MEX,measured_performance,Bravo (33 caps); Méndez (32 caps); Salcido (32 caps); Sinha (32 caps); Pineda (30 caps)
after-runtime-data-2.4.0,current,2006,Mexico,84,5,54.255531,54.786017,0.530486,30,33,,,MEX,measured_performance,Bravo (33 caps); Méndez (32 caps); Salcido (32 caps); Sinha (32 caps); Pineda (30 caps)
after-runtime-data-2.4.0,career,2018,Croatia,85,5,55.274131,55.804027,0.529896,31,41,0,9,ENG|ESP|GER|ITA,measured_performance,Kovačić (41 caps/1g); Lovren (39 caps/2g); Brozović (35 caps/6g); Vrsaljko (35 caps/0g); Kramarić (31 caps/9g)
after-runtime-data-2.4.0,current,2018,Croatia,85,5,55.274131,55.804027,0.529896,31,41,0,9,ENG|ESP|GER|ITA,measured_performance,Kovačić (41 caps/1g); Lovren (39 caps/2g); Brozović (35 caps/6g); Vrsaljko (35 caps/0g); Kramarić (31 caps/9g)
after-runtime-data-2.4.0,career,1958,Yugoslavia,81,5,50.659706,51.12809,0.468384,11,53,,,YUGOSLAVIA,measured_performance,Beara (53 caps); Boškov (53 caps); Zebec (48 caps); Rajkov (24 caps); Petaković (11 caps)
after-runtime-data-2.4.0,current,1958,Yugoslavia,81,5,50.659706,51.12809,0.468384,11,53,,,YUGOSLAVIA,measured_performance,Beara (53 caps); Boškov (53 caps); Zebec (48 caps); Rajkov (24 caps); Petaković (11 caps)
after-runtime-data-2.4.0,career,2018,Panama,72,5,38.288863,38.733654,0.444791,2,118,0,43,BEL|GUA|PER|SVK|USA,measured_performance,Pérez (118 caps/43g); Tejada (105 caps/43g); Davis (38 caps/0g); Murillo (22 caps/2g); Rodríguez (2 caps/0g)
after-runtime-data-2.4.0,current,2018,Panama,72,5,38.288863,38.733654,0.444791,2,118,0,43,BEL|GUA|PER|SVK|USA,measured_performance,Pérez (118 caps/43g); Tejada (105 caps/43g); Davis (38 caps/0g); Murillo (22 caps/2g); Rodríguez (2 caps/0g)
after-runtime-data-2.4.0,career,2026,Argentina,84,5,54.570557,54.95117,0.380613,44,75,1,6,ENG|ESP|FRA,measured_performance,Tagliafico (75 caps/1g); Lo Celso (65 caps/4g); Gonzalez (50 caps/6g); Romero (49 caps/3g); Mac Allister (44 caps/6g)
after-runtime-data-2.4.0,current,2026,Argentina,84,5,54.570557,54.95117,0.380613,44,75,1,6,ENG|ESP|FRA,measured_performance,Tagliafico (75 caps/1g); Lo Celso (65 caps/4g); Gonzalez (50 caps/6g); Romero (49 caps/3g); Mac Allister (44 caps/6g)
after-runtime-data-2.4.0,career,1938,Netherlands,72,5,38.709067,39.027042,0.317975,0,25,,,NETHERLANDS,measured_performance,Weber (25 caps); Paauwe (21 caps); Smit (21 caps); Hogenbirk (0 caps); Pijpers (0 caps)
after-runtime-data-2.4.0,current,1938,Netherlands,72,5,38.709067,39.027042,0.317975,0,25,,,NETHERLANDS,measured_performance,Weber (25 caps); Paauwe (21 caps); Smit (21 caps); Hogenbirk (0 caps); Pijpers (0 caps)
after-runtime-data-2.4.0,career,1978,Brazil,83,5,53.199805,53.517213,0.317408,4,12,,,BRAZIL,measured_performance,Reinaldo (12 caps); Neto (7 caps); Batista (4 caps); Oscar (4 caps); Toninho (4 caps)
after-runtime-data-2.4.0,current,1978,Brazil,83,5,53.199805,53.517213,0.317408,4,12,,,BRAZIL,measured_performance,Reinaldo (12 caps); Neto (7 caps); Batista (4 caps); Oscar (4 caps); Toninho (4 caps)
after-runtime-data-2.4.0,career,1970,Morocco,74,5,42.918075,43.2332,0.315125,0,2,,,MOROCCO,measured_performance,Ben Kassou (2 caps); Benkhrif (0 caps); Jarir (0 caps); Khanousi (0 caps); Slimani (0 caps)
after-runtime-data-2.4.0,current,1970,Morocco,74,5,42.918075,43.2332,0.315125,0,2,,,MOROCCO,measured_performance,Ben Kassou (2 caps); Benkhrif (0 caps); Jarir (0 caps); Khanousi (0 caps); Slimani (0 caps)
after-runtime-data-2.4.0,career,2018,Tunisia,69,5,32.988305,33.280474,0.292169,4,26,0,1,ENG|FRA|KSA,measured_performance,Ben Amor (26 caps/1g); Haddadi (9 caps/0g); Khaoui (5 caps/0g); Srarfi (5 caps/0g); Benalouane (4 caps/0g)
after-runtime-data-2.4.0,current,2018,Tunisia,69,5,32.988305,33.280474,0.292169,4,26,0,1,ENG|FRA|KSA,measured_performance,Ben Amor (26 caps/1g); Haddadi (9 caps/0g); Khaoui (5 caps/0g); Srarfi (5 caps/0g); Benalouane (4 caps/0g)
after-runtime-data-2.4.0,career,1930,Brazil,70,5,34.889574,35.1125,0.222926,0,0,,,BRAZIL,measured_performance,Benedicto (0 caps); Leite (0 caps); Manoelzinho (0 caps); Teóphilo (0 caps); Benvenuto
after-runtime-data-2.4.0,current,1930,Brazil,70,5,34.889574,35.1125,0.222926,0,0,,,BRAZIL,measured_performance,Benedicto (0 caps); Leite (0 caps); Manoelzinho (0 caps); Teóphilo (0 caps); Benvenuto
after-runtime-data-2.4.0,career,1986,Paraguay,67,5,28.468585,28.580008,0.111423,0,0,,,PARAGUAY,measured_performance,Battaglia (0 caps); Coronel (0 caps); Alcaraz; Alonso; Cabral
after-runtime-data-2.4.0,current,1986,Paraguay,67,5,28.468585,28.580008,0.111423,0,0,,,PARAGUAY,measured_performance,Battaglia (0 caps); Coronel (0 caps); Alcaraz; Alonso; Cabral
after-runtime-data-2.4.0,career,1990,United Arab Emirates,72,5,39.709665,39.817012,0.107347,0,4,,,UNITED ARAB EMIRATES,measured_performance,Ghanim (4 caps); Meer (4 caps); Ismaïl (3 caps); Meer (2 caps); Mohamed (0 caps)
after-runtime-data-2.4.0,current,1990,United Arab Emirates,72,5,39.709665,39.817012,0.107347,0,4,,,UNITED ARAB EMIRATES,measured_performance,Ghanim (4 caps); Meer (4 caps); Ismaïl (3 caps); Meer (2 caps); Mohamed (0 caps)
after-runtime-data-2.4.0,career,1958,Austria,69,5,32.266025,32.359944,0.093919,0,21,,,AUSTRIA,measured_performance,Halla (21 caps); Kozlicek (5 caps); Hamerl (2 caps); Horak (2 caps); Ninaus (0 caps)
after-runtime-data-2.4.0,current,1958,Austria,69,5,32.266025,32.359944,0.093919,0,21,,,AUSTRIA,measured_performance,Halla (21 caps); Kozlicek (5 caps); Hamerl (2 caps); Horak (2 caps); Ninaus (0 caps)
after-runtime-data-2.4.0,career,1938,Germany,71,5,36.453423,36.534856,0.081433,0,1,,,GERMANY,measured_performance,Pesser (1 caps); Mock (0 caps); Neumer (0 caps); Skoumal (0 caps); Stroh (0 caps)
after-runtime-data-2.4.0,career,1930,Peru,70,5,35.1125,35.17671,0.06421,0,3,,,PERU,measured_performance,Denegri (3 caps); Galindo (1 caps); Cillóniz (0 caps); Quintana (0 caps); Valle
after-runtime-data-2.4.0,current,1930,Peru,70,5,35.1125,35.17671,0.06421,0,3,,,PERU,measured_performance,Denegri (3 caps); Galindo (1 caps); Cillóniz (0 caps); Quintana (0 caps); Valle
after-runtime-data-2.4.0,career,1934,Austria,71,5,37.546542,37.592235,0.045693,0,11,,,AUSTRIA,measured_performance,Braun (11 caps); Walzhofer (4 caps); Kaburek (2 caps); Hassmann (0 caps); Stroh (0 caps)
after-runtime-data-2.4.0,current,1934,Austria,71,5,37.546542,37.592235,0.045693,0,11,,,AUSTRIA,measured_performance,Braun (11 caps); Walzhofer (4 caps); Kaburek (2 caps); Hassmann (0 caps); Stroh (0 caps)
after-runtime-data-2.4.0,career,1930,Yugoslavia,74,5,42.45581,42.45581,0,1,5,,,FRANCE|KINGDOM OF YUGOSLAVIA,measured_performance,Tirnanić (5 caps); Vujadinović (4 caps); Bek (2 caps); Jakšić (2 caps); Mihajlović (1 caps)
after-runtime-data-2.4.0,current,1930,Yugoslavia,74,5,42.45581,42.45581,0,1,5,,,FRANCE|KINGDOM OF YUGOSLAVIA,measured_performance,Tirnanić (5 caps); Vujadinović (4 caps); Bek (2 caps); Jakšić (2 caps); Mihajlović (1 caps)
after-runtime-data-2.4.0,career,1934,Egypt,74,5,43.287152,43.287152,0,0,2,,,EGYPT,measured_performance,Raghab (2 caps); Bakhati (1 caps); Kasseb (0 caps); Youssef (0 caps); Halim Ibrahim
after-runtime-data-2.4.0,current,1934,Egypt,74,5,43.287152,43.287152,0,0,2,,,EGYPT,measured_performance,Raghab (2 caps); Bakhati (1 caps); Kasseb (0 caps); Youssef (0 caps); Halim Ibrahim
after-runtime-data-2.4.0,career,1934,Germany,82,5,52.15711,52.15711,0,0,5,,,GERMANY,measured_performance,Janes (5 caps); Lehner (3 caps); Busch (2 caps); Siffling (0 caps); Zielinski (0 caps)
after-runtime-data-2.4.0,current,1934,Germany,82,5,52.15711,52.15711,0,0,5,,,GERMANY,measured_performance,Janes (5 caps); Lehner (3 caps); Busch (2 caps); Siffling (0 caps); Zielinski (0 caps)
after-runtime-data-2.4.0,career,1934,Romania,66,5,20,20,0,0,5,,,ROMANIA,baseline_anchor_estimate,Püllöck (5 caps); Zombori (3 caps); Sfera (2 caps); Cuedan (0 caps); Konrad (0 caps)
after-runtime-data-2.4.0,current,1934,Romania,66,5,20,20,0,0,5,,,ROMANIA,baseline_anchor_estimate,Püllöck (5 caps); Zombori (3 caps); Sfera (2 caps); Cuedan (0 caps); Konrad (0 caps)
after-runtime-data-2.4.0,career,1934,United States,71,5,37.309771,37.309771,0,0,5,,,UNITED STATES,measured_performance,Gonsalves (5 caps); Lehman (1 caps); Amrhein (0 caps); Fiedler (0 caps); Lynch (0 caps)
after-runtime-data-2.4.0,current,1934,United States,71,5,37.309771,37.309771,0,0,5,,,UNITED STATES,measured_performance,Gonsalves (5 caps); Lehman (1 caps); Amrhein (0 caps); Fiedler (0 caps); Lynch (0 caps)
after-runtime-data-2.4.0,career,1938,Dutch East Indies,69,5,31.506373,31.506373,0,0,3,,,DUTCH EAST INDIES,measured_performance,The (3 caps); Taihuttu (0 caps); Tan (0 caps); Telwe (0 caps); Teilherber
after-runtime-data-2.4.0,career,1938,Dutch East Indies,66,5,20,20,0,0,0,,,DUTCH EAST INDIES,baseline_anchor_estimate,Harting (0 caps); Hu Kon (0 caps); Tan (0 caps); van Beuzekom (0 caps); Dorst
after-runtime-data-2.4.0,current,1938,Dutch East Indies,69,5,31.506373,31.506373,0,0,3,,,DUTCH EAST INDIES,measured_performance,The (3 caps); Taihuttu (0 caps); Tan (0 caps); Telwe (0 caps); Teilherber
after-runtime-data-2.4.0,current,1938,Dutch East Indies,66,5,20,20,0,0,0,,,DUTCH EAST INDIES,baseline_anchor_estimate,Harting (0 caps); Hu Kon (0 caps); Tan (0 caps); van Beuzekom (0 caps); Dorst
after-runtime-data-2.4.0,career,1938,Italy,81,5,51.442024,51.442024,0,0,2,,,ITALY,measured_performance,Perazzolo (2 caps); Chizzo (0 caps); Donati (0 caps); Genta (0 caps); Olmi (0 caps)
after-runtime-data-2.4.0,current,1938,Italy,81,5,51.442024,51.442024,0,0,2,,,ITALY,measured_performance,Perazzolo (2 caps); Chizzo (0 caps); Donati (0 caps); Genta (0 caps); Olmi (0 caps)
after-runtime-data-2.4.0,career,1954,South Korea,71,5,36.393347,36.393347,0,0,2,,,SOUTH KOREA,measured_performance,Chung (2 caps); Chu (0 caps); Kang (0 caps); Kim (0 caps); Lee
after-runtime-data-2.4.0,current,1954,South Korea,71,5,36.393347,36.393347,0,0,2,,,SOUTH KOREA,measured_performance,Chung (2 caps); Chu (0 caps); Kang (0 caps); Kim (0 caps); Lee
