card_id,era,old_overall,new_overall,display_delta,old_current_overall,new_current_overall,current_delta,overall_basis,legend
P-00232:WC-2026,2026,75,76,1,75,76,1,measured_performance,False
P-00809:WC-2026,2026,83,83,0,83,83,0,measured_performance,False
P-01196:WC-2026,2026,71,71,0,71,71,0,measured_performance,False
P-01505:WC-2026,2026,77,78,1,77,78,1,measured_performance,False
P-01729:WC-2026,2026,73,74,1,73,74,1,measured_performance,False
P-01925:WC-2026,2026,88,88,0,88,88,0,measured_performance,False
P-01930:WC-2026,2026,82,82,0,82,82,0,measured_performance,False
P-02305:WC-2026,2026,88,88,0,88,88,0,measured_performance,False
P-02839:WC-2026,2026,71,71,0,71,71,0,measured_performance,False
P-03484:WC-2026,2026,88,88,0,88,88,0,measured_performance,False
P-03945:WC-2026,2026,84,84,0,84,84,0,measured_performance,False
P-04157:WC-2026,2026,73,73,0,73,73,0,measured_performance,False
P-04541:WC-2026,2026,72,73,1,72,73,1,measured_performance,False
P-05164:WC-2026,2026,87,87,0,87,87,0,measured_performance,False
P-05174:WC-2026,2026,88,88,0,88,88,0,career_stature_estimate,False
P-06076:WC-2026,2026,82,82,0,82,82,0,measured_performance,False
P-07089:WC-2026,2026,87,87,0,87,87,0,measured_performance,False
P-07233:WC-2026,2026,73,73,0,73,73,0,measured_performance,False
P-07670:WC-2026,2026,88,88,0,88,88,0,measured_performance,False
P-07796:WC-2026,2026,79,79,0,79,79,0,measured_performance,False
P-07875:WC-2026,2026,88,88,0,88,88,0,measured_performance,False
P-08125:WC-2026,2026,88,88,0,88,88,0,measured_performance,False
P-08169:WC-2026,2026,84,85,1,84,85,1,measured_performance,False
P-08714:WC-2026,2026,71,71,0,71,71,0,measured_performance,False
P-09292:WC-2026,2026,88,88,0,88,88,0,measured_performance,False
P-09614:WC-2026,2026,88,88,0,88,88,0,measured_performance,False
P-09658:WC-2026,2026,89,89,0,88,88,0,career_stature_estimate,False
P-09867:WC-2026,2026,77,77,0,77,77,0,measured_performance,False
P-09877:WC-2026,2026,87,87,0,87,87,0,measured_performance,False
P-09945:WC-2026,2026,80,81,1,80,81,1,measured_performance,False
P-10014:WC-2026,2026,83,83,0,83,83,0,measured_performance,False
P-10244:WC-2026,2026,88,88,0,88,88,0,measured_performance,False
P-10712:WC-2026,2026,88,88,0,88,88,0,measured_performance,False
P-10739:WC-2026,2026,88,88,0,88,88,0,measured_performance,False
P-10907:WC-2026,2026,72,72,0,72,72,0,measured_performance,False
P-11737:WC-2026,2026,88,88,0,88,88,0,measured_performance,False
P-11878:WC-2026,2026,78,79,1,78,79,1,measured_performance,False
P-11879:WC-2026,2026,77,78,1,77,78,1,measured_performance,False
P-12335:WC-2026,2026,75,76,1,75,76,1,measured_performance,False
P-12635:WC-2026,2026,82,83,1,82,83,1,measured_performance,False
P-12810:WC-2026,2026,80,81,1,80,81,1,measured_performance,False
P-13162:WC-2026,2026,86,87,1,86,87,1,measured_performance,False
P-13613:WC-2026,2026,73,73,0,73,73,0,measured_performance,False
P-13973:WC-2026,2026,82,82,0,82,82,0,measured_performance,False
P-14060:WC-2026,2026,71,71,0,71,71,0,measured_performance,False
P-14151:WC-2026,2026,87,87,0,87,87,0,measured_performance,False
P-14179:WC-2026,2026,86,86,0,86,86,0,measured_performance,False
P-14360:WC-2026,2026,88,88,0,88,88,0,measured_performance,False
P-14499:WC-2026,2026,72,73,1,72,73,1,measured_performance,False
P-14758:WC-2026,2026,98,98,0,85,85,0,career_stature_estimate,True
P-15566:WC-2026,2026,71,72,1,71,72,1,measured_performance,False
P-15674:WC-2026,2026,88,88,0,88,88,0,measured_performance,False
P-16352:WC-2026,2026,88,88,0,88,88,0,measured_performance,False
P-16736:WC-2026,2026,88,88,0,88,88,0,measured_performance,False
P-17048:WC-2026,2026,73,73,0,73,73,0,measured_performance,False
P-17136:WC-2026,2026,88,88,0,88,88,0,measured_performance,False
P-17496:WC-2026,2026,72,72,0,72,72,0,measured_performance,False
P-17688:WC-2026,2026,87,87,0,87,87,0,measured_performance,False
P-17784:WC-2026,2026,72,72,0,72,72,0,measured_performance,False
P-17931:WC-2026,2026,80,80,0,80,80,0,measured_performance,False
P-18564:WC-2026,2026,77,77,0,77,77,0,measured_performance,False
P-18885:WC-2026,2026,79,79,0,79,79,0,measured_performance,False
P-19075:WC-2026,2026,88,88,0,88,88,0,measured_performance,False
P-19193:WC-2026,2026,88,88,0,88,88,0,measured_performance,False
P-19408:WC-2026,2026,91,91,0,87,87,0,career_stature_estimate,True
P-19776:WC-2026,2026,88,88,0,88,88,0,measured_performance,False
P-20804:WC-2026,2026,82,83,1,82,83,1,measured_performance,False
P-20998:WC-2026,2026,78,79,1,78,79,1,measured_performance,False
P-21052:WC-2026,2026,77,77,0,77,77,0,measured_performance,False
P-21099:WC-2026,2026,77,77,0,77,77,0,measured_performance,False
P-21531:WC-2026,2026,89,89,0,88,88,0,career_stature_estimate,False
P-21652:WC-2026,2026,81,82,1,81,82,1,measured_performance,False
P-22110:WC-2026,2026,74,75,1,74,75,1,measured_performance,False
P-22160:WC-2026,2026,88,88,0,88,88,0,measured_performance,False
P-22930:WC-2026,2026,88,88,0,88,88,0,measured_performance,False
P-22983:WC-2026,2026,73,74,1,73,74,1,measured_performance,False
P-23070:WC-2026,2026,79,79,0,79,79,0,measured_performance,False
P-23925:WC-2026,2026,88,88,0,88,88,0,measured_performance,False
P-24062:WC-2026,2026,82,82,0,82,82,0,measured_performance,False
P-24667:WC-2026,2026,72,72,0,72,72,0,measured_performance,False
P-24760:WC-2026,2026,78,79,1,78,79,1,measured_performance,False
P-24897:WC-2026,2026,88,88,0,88,88,0,measured_performance,False
P-25593:WC-2026,2026,78,79,1,78,79,1,measured_performance,False
P-26303:WC-2026,2026,86,86,0,86,86,0,measured_performance,False
P-26367:WC-2026,2026,75,76,1,75,76,1,measured_performance,False
P-26412:WC-2026,2026,74,75,1,74,75,1,measured_performance,False
P-26546:WC-2026,2026,86,86,0,86,86,0,measured_performance,False
P-27327:WC-2026,2026,72,72,0,72,72,0,measured_performance,False
P-27349:WC-2026,2026,78,79,1,78,79,1,measured_performance,False
P-27540:WC-2026,2026,88,88,0,88,88,0,measured_performance,False
P-27541:WC-2026,2026,77,78,1,77,78,1,measured_performance,False
P-27582:WC-2026,2026,79,79,0,79,79,0,measured_performance,False
P-28364:WC-2026,2026,78,79,1,78,79,1,measured_performance,False
P-28492:WC-2026,2026,71,71,0,71,71,0,measured_performance,False
P-28517:WC-2026,2026,86,86,0,86,86,0,measured_performance,False
P-28794:WC-2026,2026,76,77,1,76,77,1,measured_performance,False
P-28811:WC-2026,2026,78,79,1,78,79,1,measured_performance,False
P-28911:WC-2026,2026,88,88,0,88,88,0,measured_performance,False
P-29491:WC-2026,2026,97,97,0,88,88,0,career_stature_estimate,True
P-29578:WC-2026,2026,88,88,0,88,88,0,measured_performance,False
P-29713:WC-2026,2026,88,88,0,88,88,0,measured_performance,False
P-30206:WC-2026,2026,72,72,0,72,72,0,measured_performance,False
P-30252:WC-2026,2026,84,84,0,84,84,0,measured_performance,False
P-30316:WC-2026,2026,88,88,0,88,88,0,measured_performance,False
P-31301:WC-2026,2026,88,88,0,88,88,0,measured_performance,False
P-31431:WC-2026,2026,88,88,0,88,88,0,measured_performance,False
P-31765:WC-2026,2026,88,88,0,88,88,0,measured_performance,False
P-31839:WC-2026,2026,86,86,0,86,86,0,measured_performance,False
P-32222:WC-2026,2026,78,79,1,78,79,1,measured_performance,False
P-32599:WC-2026,2026,78,78,0,78,78,0,measured_performance,False
P-32803:WC-2026,2026,75,76,1,75,76,1,measured_performance,False
P-33325:WC-2026,2026,72,73,1,72,73,1,measured_performance,False
P-33433:WC-2026,2026,76,77,1,76,77,1,measured_performance,False
P-33804:WC-2026,2026,88,88,0,88,88,0,measured_performance,False
P-33958:WC-2026,2026,79,80,1,79,80,1,measured_performance,False
P-34205:WC-2026,2026,88,88,0,88,88,0,measured_performance,False
P-34448:WC-2026,2026,84,84,0,84,84,0,measured_performance,False
P-34822:WC-2026,2026,88,88,0,88,88,0,measured_performance,False
P-35173:WC-2026,2026,88,88,0,88,88,0,measured_performance,False
P-35225:WC-2026,2026,78,79,1,78,79,1,measured_performance,False
P-35320:WC-2026,2026,71,71,0,71,71,0,measured_performance,False
P-35705:WC-2026,2026,77,77,0,77,77,0,measured_performance,False
P-35837:WC-2026,2026,71,72,1,71,72,1,measured_performance,False
P-36105:WC-2026,2026,78,78,0,78,78,0,measured_performance,False
P-36188:WC-2026,2026,71,71,0,71,71,0,measured_performance,False
P-36212:WC-2026,2026,83,83,0,83,83,0,measured_performance,False
P-37308:WC-2026,2026,75,76,1,75,76,1,measured_performance,False
P-37314:WC-2026,2026,75,76,1,75,76,1,measured_performance,False
P-37420:WC-2026,2026,78,79,1,78,79,1,measured_performance,False
P-37935:WC-2026,2026,88,88,0,88,88,0,measured_performance,False
P-38594:WC-2026,2026,84,84,0,84,84,0,measured_performance,False
P-38732:WC-2026,2026,76,77,1,76,77,1,measured_performance,False
P-38927:WC-2026,2026,84,84,0,84,84,0,measured_performance,False
P-39347:WC-2026,2026,72,72,0,72,72,0,measured_performance,False
P-39464:WC-2026,2026,84,85,1,84,85,1,measured_performance,False
P-39584:WC-2026,2026,88,88,0,88,88,0,measured_performance,False
P-39942:WC-2026,2026,88,88,0,88,88,0,measured_performance,False
P-40007:WC-2026,2026,88,88,0,88,88,0,measured_performance,False
P-40137:WC-2026,2026,82,82,0,82,82,0,measured_performance,False
P-40147:WC-2026,2026,75,76,1,75,76,1,measured_performance,False
P-40619:WC-2026,2026,88,88,0,88,88,0,measured_performance,False
P-40621:WC-2026,2026,88,88,0,88,88,0,measured_performance,False
P-41603:WC-2026,2026,85,85,0,85,85,0,measured_performance,False
P-41647:WC-2026,2026,86,86,0,86,86,0,measured_performance,False
P-41902:WC-2026,2026,76,77,1,76,77,1,measured_performance,False
P-42390:WC-2026,2026,78,78,0,78,78,0,measured_performance,False
P-42523:WC-2026,2026,80,80,0,80,80,0,measured_performance,False
P-43196:WC-2026,2026,84,85,1,84,85,1,measured_performance,False
P-43367:WC-2026,2026,88,88,0,88,88,0,measured_performance,False
P-44505:WC-2026,2026,79,80,1,79,80,1,measured_performance,False
P-45280:WC-2026,2026,88,88,0,88,88,0,measured_performance,False
P-45288:WC-2026,2026,88,88,0,88,88,0,measured_performance,False
P-45399:WC-2026,2026,74,75,1,74,75,1,measured_performance,False
P-45680:WC-2026,2026,88,88,0,88,88,0,measured_performance,False
P-46107:WC-2026,2026,79,80,1,79,80,1,measured_performance,False
P-46358:WC-2026,2026,88,88,0,88,88,0,measured_performance,False
P-46898:WC-2026,2026,80,81,1,80,81,1,measured_performance,False
P-47137:WC-2026,2026,73,73,0,73,73,0,measured_performance,False
P-47182:WC-2026,2026,88,88,0,88,88,0,measured_performance,False
P-47319:WC-2026,2026,80,81,1,80,81,1,measured_performance,False
P-47321:WC-2026,2026,84,84,0,84,84,0,measured_performance,False
P-47490:WC-2026,2026,88,88,0,88,88,0,measured_performance,False
P-47815:WC-2026,2026,87,87,0,87,87,0,measured_performance,False
P-47906:WC-2026,2026,88,88,0,88,88,0,measured_performance,False
P-48340:WC-2026,2026,88,88,0,88,88,0,measured_performance,False
P-48887:WC-2026,2026,88,88,0,88,88,0,measured_performance,False
P-48903:WC-2026,2026,78,79,1,78,79,1,measured_performance,False
P-48955:WC-2026,2026,89,89,0,88,88,0,career_stature_estimate,False
P-49090:WC-2026,2026,71,71,0,71,71,0,measured_performance,False
P-49114:WC-2026,2026,88,88,0,88,88,0,measured_performance,False
P-49806:WC-2026,2026,73,73,0,73,73,0,measured_performance,False
P-49934:WC-2026,2026,87,87,0,87,87,0,measured_performance,False
P-50688:WC-2026,2026,81,82,1,81,82,1,measured_performance,False
P-51118:WC-2026,2026,76,77,1,76,77,1,measured_performance,False
P-51201:WC-2026,2026,88,88,0,88,88,0,measured_performance,False
P-51990:WC-2026,2026,77,77,0,77,77,0,measured_performance,False
P-52697:WC-2026,2026,88,88,0,88,88,0,measured_performance,False
P-53048:WC-2026,2026,88,88,0,88,88,0,measured_performance,False
P-53282:WC-2026,2026,86,86,0,86,86,0,measured_performance,False
P-53967:WC-2026,2026,72,72,0,72,72,0,measured_performance,False
P-54506:WC-2026,2026,74,75,1,74,75,1,measured_performance,False
P-54517:WC-2026,2026,88,88,0,88,88,0,measured_performance,False
P-54827:WC-2026,2026,87,87,0,87,87,0,measured_performance,False
P-55965:WC-2026,2026,72,72,0,72,72,0,measured_performance,False
P-56029:WC-2026,2026,90,90,0,88,88,0,career_stature_estimate,True
P-56069:WC-2026,2026,88,88,0,88,88,0,measured_performance,False
P-56347:WC-2026,2026,71,71,0,71,71,0,measured_performance,False
P-56659:WC-2026,2026,77,78,1,77,78,1,measured_performance,False
P-56669:WC-2026,2026,81,81,0,81,81,0,measured_performance,False
P-56868:WC-2026,2026,76,77,1,76,77,1,measured_performance,False
P-57100:WC-2026,2026,71,72,1,71,72,1,measured_performance,False
P-57401:WC-2026,2026,84,84,0,84,84,0,measured_performance,False
P-57417:WC-2026,2026,79,79,0,79,79,0,measured_performance,False
P-57586:WC-2026,2026,84,84,0,84,84,0,measured_performance,False
P-57759:WC-2026,2026,76,77,1,76,77,1,measured_performance,False
P-57865:WC-2026,2026,88,88,0,88,88,0,measured_performance,False
P-57903:WC-2026,2026,71,71,0,71,71,0,measured_performance,False
P-57922:WC-2026,2026,84,84,0,84,84,0,measured_performance,False
P-58383:WC-2026,2026,88,88,0,88,88,0,measured_performance,False
P-58420:WC-2026,2026,88,88,0,88,88,0,measured_performance,False
P-58692:WC-2026,2026,88,88,0,88,88,0,measured_performance,False
P-58791:WC-2026,2026,88,88,0,88,88,0,measured_performance,False
P-58907:WC-2026,2026,88,88,0,88,88,0,measured_performance,False
P-58924:WC-2026,2026,90,90,0,88,88,0,career_stature_estimate,False
P-59727:WC-2026,2026,73,73,0,73,73,0,measured_performance,False
P-59837:WC-2026,2026,88,88,0,88,88,0,measured_performance,False
P-61416:WC-2026,2026,72,72,0,72,72,0,measured_performance,False
P-61424:WC-2026,2026,87,87,0,87,87,0,measured_performance,False
P-61810:WC-2026,2026,79,80,1,79,80,1,measured_performance,False
P-61979:WC-2026,2026,83,83,0,83,83,0,measured_performance,False
P-62341:WC-2026,2026,91,91,0,88,88,0,career_stature_estimate,True
P-62543:WC-2026,2026,85,86,1,85,86,1,measured_performance,False
P-62594:WC-2026,2026,81,81,0,81,81,0,measured_performance,False
P-62952:WC-2026,2026,88,88,0,88,88,0,measured_performance,False
P-63532:WC-2026,2026,71,71,0,71,71,0,measured_performance,False
P-64077:WC-2026,2026,96,96,0,88,88,0,career_stature_estimate,True
P-64182:WC-2026,2026,74,75,1,74,75,1,measured_performance,False
P-64249:WC-2026,2026,69,69,0,69,69,0,measured_performance,False
P-64438:WC-2026,2026,88,88,0,88,88,0,measured_performance,False
P-64924:WC-2026,2026,79,80,1,79,80,1,measured_performance,False
P-65182:WC-2026,2026,87,87,0,87,87,0,measured_performance,False
P-65199:WC-2026,2026,81,82,1,81,82,1,measured_performance,False
P-65659:WC-2026,2026,88,88,0,88,88,0,measured_performance,False
P-66020:WC-2026,2026,71,71,0,71,71,0,measured_performance,False
P-67035:WC-2026,2026,79,79,0,79,79,0,measured_performance,False
P-67129:WC-2026,2026,86,87,1,86,87,1,measured_performance,False
P-67516:WC-2026,2026,86,86,0,86,86,0,measured_performance,False
P-67668:WC-2026,2026,79,80,1,79,80,1,measured_performance,False
P-68060:WC-2026,2026,88,88,0,88,88,0,measured_performance,False
P-68131:WC-2026,2026,80,80,0,80,80,0,measured_performance,False
P-68218:WC-2026,2026,87,87,0,87,87,0,measured_performance,False
P-68429:WC-2026,2026,82,83,1,82,83,1,measured_performance,False
P-68952:WC-2026,2026,88,88,0,88,88,0,measured_performance,False
P-70145:WC-2026,2026,72,72,0,72,72,0,measured_performance,False
P-70442:WC-2026,2026,95,95,0,86,86,0,career_stature_estimate,True
P-70483:WC-2026,2026,79,80,1,79,80,1,measured_performance,False
P-70583:WC-2026,2026,76,77,1,76,77,1,measured_performance,False
P-70618:WC-2026,2026,88,88,0,88,88,0,measured_performance,False
P-70867:WC-2026,2026,88,88,0,88,88,0,measured_performance,False
P-71023:WC-2026,2026,84,84,0,84,84,0,measured_performance,False
P-71343:WC-2026,2026,88,88,0,88,88,0,measured_performance,False
P-71727:WC-2026,2026,71,71,0,71,71,0,measured_performance,False
P-71859:WC-2026,2026,79,79,0,79,79,0,measured_performance,False
P-71875:WC-2026,2026,71,71,0,71,71,0,measured_performance,False
P-72637:WC-2026,2026,88,88,0,88,88,0,measured_performance,False
P-72819:WC-2026,2026,85,85,0,85,85,0,measured_performance,False
P-73455:WC-2026,2026,88,88,0,88,88,0,measured_performance,False
P-73491:WC-2026,2026,73,73,0,73,73,0,measured_performance,False
P-73694:WC-2026,2026,71,71,0,71,71,0,measured_performance,False
P-74098:WC-2026,2026,77,78,1,77,78,1,measured_performance,False
P-74111:WC-2026,2026,83,83,0,83,83,0,measured_performance,False
P-74612:WC-2026,2026,75,76,1,75,76,1,measured_performance,False
P-74688:WC-2026,2026,84,84,0,84,84,0,measured_performance,False
P-75785:WC-2026,2026,82,83,1,82,83,1,measured_performance,False
P-75820:WC-2026,2026,84,84,0,84,84,0,measured_performance,False
P-75890:WC-2026,2026,93,93,0,88,88,0,career_stature_estimate,True
P-75912:WC-2026,2026,79,79,0,79,79,0,measured_performance,False
P-76060:WC-2026,2026,88,88,0,88,88,0,measured_performance,False
P-76835:WC-2026,2026,88,88,0,88,88,0,measured_performance,False
P-76842:WC-2026,2026,88,88,0,88,88,0,measured_performance,False
P-77071:WC-2026,2026,71,71,0,71,71,0,measured_performance,False
P-77224:WC-2026,2026,88,88,0,88,88,0,measured_performance,False
P-77335:WC-2026,2026,85,85,0,85,85,0,measured_performance,False
P-77382:WC-2026,2026,71,72,1,71,72,1,measured_performance,False
P-77743:WC-2026,2026,88,88,0,88,88,0,measured_performance,False
P-78484:WC-2026,2026,88,88,0,88,88,0,measured_performance,False
P-78932:WC-2026,2026,72,72,0,72,72,0,measured_performance,False
P-79299:WC-2026,2026,91,91,0,83,83,0,career_stature_estimate,True
P-79409:WC-2026,2026,88,88,0,88,88,0,measured_performance,False
P-79650:WC-2026,2026,88,88,0,88,88,0,measured_performance,False
P-80088:WC-2026,2026,87,87,0,87,87,0,measured_performance,False
P-80826:WC-2026,2026,81,81,0,81,81,0,measured_performance,False
P-80838:WC-2026,2026,83,83,0,83,83,0,measured_performance,False
P-81505:WC-2026,2026,88,88,0,88,88,0,measured_performance,False
P-81997:WC-2026,2026,72,72,0,72,72,0,measured_performance,False
P-82216:WC-2026,2026,88,88,0,88,88,0,measured_performance,False
P-82223:WC-2026,2026,75,76,1,75,76,1,measured_performance,False
P-82447:WC-2026,2026,88,88,0,88,88,0,measured_performance,False
P-82537:WC-2026,2026,71,71,0,71,71,0,measured_performance,False
P-82945:WC-2026,2026,72,72,0,72,72,0,measured_performance,False
P-83169:WC-2026,2026,85,85,0,85,85,0,measured_performance,False
P-83560:WC-2026,2026,85,86,1,85,86,1,measured_performance,False
P-84424:WC-2026,2026,80,81,1,80,81,1,measured_performance,False
P-84430:WC-2026,2026,88,88,0,88,88,0,measured_performance,False
P-84524:WC-2026,2026,79,79,0,79,79,0,measured_performance,False
P-84787:WC-2026,2026,88,88,0,88,88,0,measured_performance,False
P-85204:WC-2026,2026,71,71,0,71,71,0,measured_performance,False
P-85438:WC-2026,2026,76,77,1,76,77,1,measured_performance,False
P-85577:WC-2026,2026,73,74,1,73,74,1,measured_performance,False
P-85670:WC-2026,2026,88,88,0,88,88,0,measured_performance,False
P-85823:WC-2026,2026,88,88,0,88,88,0,measured_performance,False
P-85860:WC-2026,2026,84,84,0,84,84,0,measured_performance,False
P-85878:WC-2026,2026,88,88,0,88,88,0,measured_performance,False
P-86080:WC-2026,2026,73,73,0,73,73,0,measured_performance,False
P-86466:WC-2026,2026,72,72,0,72,72,0,measured_performance,False
P-86871:WC-2026,2026,73,74,1,73,74,1,measured_performance,False
P-86878:WC-2026,2026,76,77,1,76,77,1,measured_performance,False
P-86909:WC-2026,2026,79,79,0,79,79,0,measured_performance,False
P-86920:WC-2026,2026,80,81,1,80,81,1,measured_performance,False
P-86937:WC-2026,2026,86,86,0,86,86,0,measured_performance,False
P-87003:WC-2026,2026,88,88,0,88,88,0,measured_performance,False
P-87008:WC-2026,2026,91,91,0,88,88,0,career_stature_estimate,True
P-87169:WC-2026,2026,77,78,1,77,78,1,measured_performance,False
P-87514:WC-2026,2026,88,88,0,88,88,0,measured_performance,False
P-87786:WC-2026,2026,72,72,0,72,72,0,measured_performance,False
P-88433:WC-2026,2026,88,88,0,88,88,0,measured_performance,False
P-88869:WC-2026,2026,68,68,0,68,68,0,measured_performance,False
P-88928:WC-2026,2026,72,73,1,72,73,1,measured_performance,False
P-89217:WC-2026,2026,87,87,0,87,87,0,measured_performance,False
P-89248:WC-2026,2026,73,74,1,73,74,1,measured_performance,False
P-89266:WC-2026,2026,75,76,1,75,76,1,measured_performance,False
P-89392:WC-2026,2026,89,89,0,87,87,0,career_stature_estimate,False
P-89452:WC-2026,2026,84,84,0,84,84,0,measured_performance,False
P-89845:WC-2026,2026,82,83,1,82,83,1,measured_performance,False
P-89869:WC-2026,2026,80,81,1,80,81,1,measured_performance,False
P-89948:WC-2026,2026,88,88,0,88,88,0,measured_performance,False
P-90796:WC-2026,2026,81,81,0,81,81,0,measured_performance,False
P-91268:WC-2026,2026,80,80,0,80,80,0,measured_performance,False
P-91350:WC-2026,2026,82,83,1,82,83,1,measured_performance,False
P-91431:WC-2026,2026,73,74,1,73,74,1,measured_performance,False
P-91455:WC-2026,2026,80,80,0,80,80,0,measured_performance,False
P-91590:WC-2026,2026,78,78,0,78,78,0,measured_performance,False
P-92628:WC-2026,2026,88,88,0,88,88,0,measured_performance,False
P-92812:WC-2026,2026,90,90,0,88,88,0,career_stature_estimate,False
P-93173:WC-2026,2026,80,81,1,80,81,1,measured_performance,False
P-93884:WC-2026,2026,79,80,1,79,80,1,measured_performance,False
P-93920:WC-2026,2026,88,88,0,88,88,0,measured_performance,False
P-94091:WC-2026,2026,83,83,0,83,83,0,measured_performance,False
P-94271:WC-2026,2026,88,88,0,88,88,0,measured_performance,False
P-94317:WC-2026,2026,74,74,0,74,74,0,measured_performance,False
P-94838:WC-2026,2026,79,80,1,79,80,1,measured_performance,False
P-95036:WC-2026,2026,75,76,1,75,76,1,measured_performance,False
P-95062:WC-2026,2026,72,72,0,72,72,0,measured_performance,False
P-95198:WC-2026,2026,86,86,0,86,86,0,measured_performance,False
P-95312:WC-2026,2026,83,83,0,83,83,0,measured_performance,False
P-95374:WC-2026,2026,73,73,0,73,73,0,measured_performance,False
P-95754:WC-2026,2026,74,75,1,74,75,1,measured_performance,False
P-96259:WC-2026,2026,87,87,0,87,87,0,measured_performance,False
P-96340:WC-2026,2026,84,84,0,84,84,0,measured_performance,False
P-96347:WC-2026,2026,81,81,0,81,81,0,measured_performance,False
P-96934:WC-2026,2026,87,87,0,87,87,0,measured_performance,False
P-97615:WC-2026,2026,88,88,0,88,88,0,measured_performance,False
P-97698:WC-2026,2026,72,72,0,72,72,0,measured_performance,False
P-97778:WC-2026,2026,81,81,0,81,81,0,measured_performance,True
P-97800:WC-2026,2026,76,77,1,76,77,1,measured_performance,False
P-97838:WC-2026,2026,71,71,0,71,71,0,measured_performance,False
P-98287:WC-2026,2026,72,72,0,72,72,0,measured_performance,False
P-98747:WC-2026,2026,71,71,0,71,71,0,measured_performance,False
P-98775:WC-2026,2026,86,86,0,86,86,0,measured_performance,False
P-99025:WC-2026,2026,80,81,1,80,81,1,measured_performance,False
P-99461:WC-2026,2026,73,73,0,73,73,0,measured_performance,False
P-99988:WC-2026,2026,81,82,1,81,82,1,measured_performance,False
P-W26-0001:WC-2026,2026,66,66,0,66,66,0,measured_performance,False
P-W26-0002:WC-2026,2026,88,88,0,88,88,0,measured_performance,False
P-W26-0003:WC-2026,2026,74,75,1,74,75,1,measured_performance,False
P-W26-0004:WC-2026,2026,79,80,1,79,80,1,measured_performance,False
P-W26-0005:WC-2026,2026,72,73,1,72,73,1,measured_performance,False
P-W26-0006:WC-2026,2026,71,71,0,71,71,0,measured_performance,False
P-W26-0007:WC-2026,2026,70,70,0,70,70,0,measured_performance,False
P-W26-0008:WC-2026,2026,68,68,0,68,68,0,measured_performance,False
P-W26-0009:WC-2026,2026,74,75,1,74,75,1,measured_performance,False
P-W26-0010:WC-2026,2026,72,73,1,72,73,1,measured_performance,False
P-W26-0011:WC-2026,2026,81,81,0,81,81,0,measured_performance,False
P-W26-0012:WC-2026,2026,68,68,0,68,68,0,measured_performance,False
P-W26-0013:WC-2026,2026,68,68,0,68,68,0,measured_performance,False
P-W26-0014:WC-2026,2026,88,88,0,88,88,0,measured_performance,False
P-W26-0015:WC-2026,2026,85,85,0,85,85,0,measured_performance,False
P-W26-0016:WC-2026,2026,71,71,0,71,71,0,measured_performance,False
P-W26-0017:WC-2026,2026,73,73,0,73,73,0,measured_performance,False
P-W26-0018:WC-2026,2026,71,72,1,71,72,1,measured_performance,False
P-W26-0019:WC-2026,2026,86,86,0,86,86,0,measured_performance,False
P-W26-0020:WC-2026,2026,72,72,0,72,72,0,measured_performance,False
P-W26-0021:WC-2026,2026,72,72,0,72,72,0,measured_performance,False
P-W26-0022:WC-2026,2026,70,70,0,70,70,0,measured_performance,False
P-W26-0023:WC-2026,2026,82,82,0,82,82,0,measured_performance,False
P-W26-0024:WC-2026,2026,71,71,0,71,71,0,measured_performance,False
P-W26-0025:WC-2026,2026,88,88,0,88,88,0,measured_performance,False
P-W26-0026:WC-2026,2026,72,72,0,72,72,0,measured_performance,False
P-W26-0027:WC-2026,2026,71,71,0,71,71,0,measured_performance,False
P-W26-0028:WC-2026,2026,70,70,0,70,70,0,measured_performance,False
P-W26-0029:WC-2026,2026,72,73,1,72,73,1,measured_performance,False
P-W26-0030:WC-2026,2026,72,72,0,72,72,0,measured_performance,False
P-W26-0031:WC-2026,2026,72,72,0,72,72,0,measured_performance,False
P-W26-0032:WC-2026,2026,70,70,0,70,70,0,measured_performance,False
P-W26-0033:WC-2026,2026,71,71,0,71,71,0,measured_performance,False
P-W26-0034:WC-2026,2026,71,71,0,71,71,0,measured_performance,False
P-W26-0035:WC-2026,2026,71,71,0,71,71,0,measured_performance,False
P-W26-0036:WC-2026,2026,78,79,1,78,79,1,measured_performance,False
P-W26-0037:WC-2026,2026,68,68,0,68,68,0,measured_performance,False
P-W26-0038:WC-2026,2026,71,71,0,71,71,0,measured_performance,False
P-W26-0039:WC-2026,2026,70,70,0,70,70,0,measured_performance,False
P-W26-0040:WC-2026,2026,70,70,0,70,70,0,measured_performance,False
P-W26-0041:WC-2026,2026,79,80,1,79,80,1,measured_performance,False
P-W26-0042:WC-2026,2026,70,70,0,70,70,0,measured_performance,False
P-W26-0043:WC-2026,2026,75,76,1,75,76,1,measured_performance,False
P-W26-0044:WC-2026,2026,71,71,0,71,71,0,measured_performance,False
P-W26-0045:WC-2026,2026,75,76,1,75,76,1,measured_performance,False
P-W26-0046:WC-2026,2026,68,68,0,68,68,0,measured_performance,False
P-W26-0047:WC-2026,2026,86,86,0,86,86,0,measured_performance,False
P-W26-0048:WC-2026,2026,71,71,0,71,71,0,measured_performance,False
P-W26-0049:WC-2026,2026,79,79,0,79,79,0,measured_performance,False
P-W26-0050:WC-2026,2026,92,92,0,88,88,0,career_stature_estimate,True
P-W26-0051:WC-2026,2026,73,74,1,73,74,1,measured_performance,False
P-W26-0052:WC-2026,2026,72,72,0,72,72,0,measured_performance,False
P-W26-0053:WC-2026,2026,88,88,0,88,88,0,measured_performance,False
P-W26-0054:WC-2026,2026,86,86,0,86,86,0,measured_performance,False
P-W26-0055:WC-2026,2026,75,76,1,75,76,1,measured_performance,False
P-W26-0056:WC-2026,2026,75,76,1,75,76,1,measured_performance,False
P-W26-0057:WC-2026,2026,82,83,1,82,83,1,measured_performance,False
P-W26-0058:WC-2026,2026,73,74,1,73,74,1,measured_performance,False
P-W26-0059:WC-2026,2026,87,87,0,87,87,0,measured_performance,False
P-W26-0060:WC-2026,2026,87,87,0,87,87,0,measured_performance,False
P-W26-0061:WC-2026,2026,71,72,1,71,72,1,measured_performance,False
P-W26-0062:WC-2026,2026,86,86,0,86,86,0,measured_performance,False
P-W26-0063:WC-2026,2026,72,72,0,72,72,0,measured_performance,False
P-W26-0064:WC-2026,2026,84,84,0,84,84,0,measured_performance,False
P-W26-0065:WC-2026,2026,71,71,0,71,71,0,measured_performance,False
P-W26-0066:WC-2026,2026,82,83,1,82,83,1,measured_performance,False
P-W26-0067:WC-2026,2026,71,71,0,71,71,0,measured_performance,False
P-W26-0068:WC-2026,2026,70,70,0,70,70,0,measured_performance,False
P-W26-0069:WC-2026,2026,83,84,1,83,84,1,measured_performance,False
P-W26-0070:WC-2026,2026,73,73,0,73,73,0,measured_performance,False
P-W26-0071:WC-2026,2026,72,72,0,72,72,0,measured_performance,False
P-W26-0072:WC-2026,2026,72,72,0,72,72,0,measured_performance,False
P-W26-0073:WC-2026,2026,71,71,0,71,71,0,measured_performance,False
P-W26-0074:WC-2026,2026,68,68,0,68,68,0,measured_performance,False
P-W26-0075:WC-2026,2026,73,73,0,73,73,0,measured_performance,False
P-W26-0076:WC-2026,2026,77,77,0,77,77,0,measured_performance,False
P-W26-0077:WC-2026,2026,77,78,1,77,78,1,measured_performance,False
P-W26-0078:WC-2026,2026,71,71,0,71,71,0,measured_performance,False
P-W26-0079:WC-2026,2026,72,73,1,72,73,1,measured_performance,False
P-W26-0080:WC-2026,2026,73,73,0,73,73,0,measured_performance,False
P-W26-0081:WC-2026,2026,71,71,0,71,71,0,measured_performance,False
P-W26-0082:WC-2026,2026,71,71,0,71,71,0,measured_performance,False
P-W26-0083:WC-2026,2026,71,71,0,71,71,0,measured_performance,False
P-W26-0084:WC-2026,2026,71,71,0,71,71,0,measured_performance,False
P-W26-0085:WC-2026,2026,71,71,0,71,71,0,measured_performance,False
P-W26-0086:WC-2026,2026,72,72,0,72,72,0,measured_performance,False
P-W26-0087:WC-2026,2026,81,81,0,81,81,0,measured_performance,False
P-W26-0088:WC-2026,2026,68,68,0,68,68,0,measured_performance,False
P-W26-0089:WC-2026,2026,72,72,0,72,72,0,measured_performance,False
P-W26-0090:WC-2026,2026,74,75,1,74,75,1,measured_performance,False
P-W26-0091:WC-2026,2026,69,69,0,69,69,0,measured_performance,False
P-W26-0092:WC-2026,2026,75,76,1,75,76,1,measured_performance,False
P-W26-0093:WC-2026,2026,71,71,0,71,71,0,measured_performance,False
P-W26-0094:WC-2026,2026,72,72,0,72,72,0,measured_performance,False
P-W26-0095:WC-2026,2026,81,81,0,81,81,0,measured_performance,False
P-W26-0096:WC-2026,2026,71,71,0,71,71,0,measured_performance,False
P-W26-0097:WC-2026,2026,66,66,0,66,66,0,measured_performance,False
P-W26-0098:WC-2026,2026,71,71,0,71,71,0,measured_performance,False
P-W26-0099:WC-2026,2026,72,72,0,72,72,0,measured_performance,False
P-W26-0100:WC-2026,2026,71,71,0,71,71,0,measured_performance,False
P-W26-0101:WC-2026,2026,80,81,1,80,81,1,measured_performance,False
P-W26-0102:WC-2026,2026,75,75,0,75,75,0,measured_performance,False
P-W26-0103:WC-2026,2026,74,75,1,74,75,1,measured_performance,False
P-W26-0104:WC-2026,2026,71,71,0,71,71,0,measured_performance,False
P-W26-0105:WC-2026,2026,72,72,0,72,72,0,measured_performance,False
P-W26-0106:WC-2026,2026,69,69,0,69,69,0,measured_performance,False
P-W26-0107:WC-2026,2026,71,71,0,71,71,0,measured_performance,False
P-W26-0108:WC-2026,2026,72,72,0,72,72,0,measured_performance,False
P-W26-0109:WC-2026,2026,68,68,0,68,68,0,measured_performance,False
P-W26-0110:WC-2026,2026,68,68,0,68,68,0,measured_performance,False
P-W26-0111:WC-2026,2026,70,70,0,70,70,0,measured_performance,False
P-W26-0112:WC-2026,2026,73,74,1,73,74,1,measured_performance,False
P-W26-0113:WC-2026,2026,70,70,0,70,70,0,measured_performance,False
P-W26-0114:WC-2026,2026,72,72,0,72,72,0,measured_performance,False
P-W26-0115:WC-2026,2026,88,88,0,71,71,0,career_stature_estimate,False
P-W26-0116:WC-2026,2026,71,72,1,71,72,1,measured_performance,False
P-W26-0117:WC-2026,2026,73,73,0,73,73,0,measured_performance,False
P-W26-0118:WC-2026,2026,72,73,1,72,73,1,measured_performance,False
P-W26-0119:WC-2026,2026,81,81,0,81,81,0,measured_performance,False
P-W26-0120:WC-2026,2026,73,73,0,73,73,0,measured_performance,False
P-W26-0121:WC-2026,2026,73,74,1,73,74,1,measured_performance,False
P-W26-0122:WC-2026,2026,71,71,0,71,71,0,measured_performance,False
P-W26-0123:WC-2026,2026,71,71,0,71,71,0,measured_performance,False
P-W26-0124:WC-2026,2026,75,76,1,75,76,1,measured_performance,False
P-W26-0125:WC-2026,2026,75,76,1,75,76,1,measured_performance,False
P-W26-0126:WC-2026,2026,73,74,1,73,74,1,measured_performance,False
P-W26-0127:WC-2026,2026,73,73,0,73,73,0,measured_performance,False
P-W26-0128:WC-2026,2026,71,72,1,71,72,1,measured_performance,False
P-W26-0129:WC-2026,2026,73,73,0,73,73,0,measured_performance,False
P-W26-0130:WC-2026,2026,71,71,0,71,71,0,measured_performance,False
P-W26-0131:WC-2026,2026,72,72,0,72,72,0,measured_performance,False
P-W26-0132:WC-2026,2026,73,73,0,73,73,0,measured_performance,False
P-W26-0133:WC-2026,2026,71,71,0,71,71,0,measured_performance,False
P-W26-0134:WC-2026,2026,71,71,0,71,71,0,measured_performance,False
P-W26-0135:WC-2026,2026,71,71,0,71,71,0,measured_performance,False
P-W26-0136:WC-2026,2026,86,86,0,86,86,0,measured_performance,False
P-W26-0137:WC-2026,2026,88,88,0,88,88,0,measured_performance,False
P-W26-0138:WC-2026,2026,78,78,0,78,78,0,measured_performance,False
P-W26-0139:WC-2026,2026,72,72,0,72,72,0,measured_performance,False
P-W26-0140:WC-2026,2026,68,68,0,68,68,0,measured_performance,False
P-W26-0141:WC-2026,2026,72,72,0,72,72,0,measured_performance,False
P-W26-0142:WC-2026,2026,84,84,0,84,84,0,measured_performance,False
P-W26-0143:WC-2026,2026,71,71,0,71,71,0,measured_performance,False
P-W26-0144:WC-2026,2026,72,72,0,72,72,0,measured_performance,False
P-W26-0145:WC-2026,2026,70,71,1,70,71,1,measured_performance,False
P-W26-0146:WC-2026,2026,75,76,1,75,76,1,measured_performance,False
P-W26-0147:WC-2026,2026,71,71,0,71,71,0,measured_performance,False
P-W26-0148:WC-2026,2026,72,72,0,72,72,0,measured_performance,False
P-W26-0149:WC-2026,2026,72,72,0,72,72,0,measured_performance,False
P-W26-0150:WC-2026,2026,73,73,0,73,73,0,measured_performance,False
P-W26-0151:WC-2026,2026,70,70,0,70,70,0,measured_performance,False
P-W26-0152:WC-2026,2026,71,71,0,71,71,0,measured_performance,False
P-W26-0153:WC-2026,2026,71,71,0,71,71,0,measured_performance,False
P-W26-0154:WC-2026,2026,71,71,0,71,71,0,measured_performance,False
P-W26-0155:WC-2026,2026,71,71,0,71,71,0,measured_performance,False
P-W26-0156:WC-2026,2026,71,71,0,71,71,0,measured_performance,False
P-W26-0157:WC-2026,2026,75,76,1,75,76,1,measured_performance,False
P-W26-0158:WC-2026,2026,73,73,0,73,73,0,measured_performance,False
P-W26-0159:WC-2026,2026,76,77,1,76,77,1,measured_performance,False
P-W26-0160:WC-2026,2026,72,72,0,72,72,0,measured_performance,False
P-W26-0161:WC-2026,2026,75,76,1,75,76,1,measured_performance,False
P-W26-0162:WC-2026,2026,71,71,0,71,71,0,measured_performance,False
P-W26-0163:WC-2026,2026,84,85,1,84,85,1,measured_performance,False
P-W26-0164:WC-2026,2026,72,72,0,72,72,0,measured_performance,False
P-W26-0165:WC-2026,2026,71,72,1,71,72,1,measured_performance,False
P-W26-0166:WC-2026,2026,88,88,0,88,88,0,measured_performance,False
P-W26-0167:WC-2026,2026,88,88,0,88,88,0,measured_performance,False
P-W26-0168:WC-2026,2026,72,72,0,72,72,0,measured_performance,False
P-W26-0169:WC-2026,2026,73,73,0,73,73,0,measured_performance,False
P-W26-0170:WC-2026,2026,71,71,0,71,71,0,measured_performance,False
P-W26-0171:WC-2026,2026,71,71,0,71,71,0,measured_performance,False
P-W26-0172:WC-2026,2026,79,80,1,79,80,1,measured_performance,False
P-W26-0173:WC-2026,2026,72,73,1,72,73,1,measured_performance,False
P-W26-0174:WC-2026,2026,72,72,0,72,72,0,measured_performance,False
P-W26-0175:WC-2026,2026,72,73,1,72,73,1,measured_performance,False
P-W26-0176:WC-2026,2026,80,80,0,80,80,0,measured_performance,False
P-W26-0177:WC-2026,2026,72,72,0,72,72,0,measured_performance,False
P-W26-0178:WC-2026,2026,73,73,0,73,73,0,measured_performance,False
P-W26-0179:WC-2026,2026,78,78,0,78,78,0,measured_performance,False
P-W26-0180:WC-2026,2026,72,72,0,72,72,0,measured_performance,False
P-W26-0181:WC-2026,2026,71,71,0,71,71,0,measured_performance,False
P-W26-0182:WC-2026,2026,84,84,0,84,84,0,measured_performance,False
P-W26-0183:WC-2026,2026,70,70,0,70,70,0,measured_performance,False
P-W26-0184:WC-2026,2026,68,68,0,68,68,0,measured_performance,False
P-W26-0185:WC-2026,2026,69,69,0,69,69,0,measured_performance,False
P-W26-0186:WC-2026,2026,70,70,0,70,70,0,measured_performance,False
P-W26-0187:WC-2026,2026,68,68,0,68,68,0,measured_performance,False
P-W26-0188:WC-2026,2026,71,71,0,71,71,0,measured_performance,False
P-W26-0189:WC-2026,2026,70,70,0,70,70,0,measured_performance,False
P-W26-0190:WC-2026,2026,74,75,1,74,75,1,measured_performance,False
P-W26-0191:WC-2026,2026,72,72,0,72,72,0,measured_performance,False
P-W26-0192:WC-2026,2026,75,76,1,75,76,1,measured_performance,False
P-W26-0193:WC-2026,2026,73,73,0,73,73,0,measured_performance,False
P-W26-0194:WC-2026,2026,71,71,0,71,71,0,measured_performance,False
P-W26-0195:WC-2026,2026,70,70,0,70,70,0,measured_performance,False
P-W26-0196:WC-2026,2026,72,73,1,72,73,1,measured_performance,False
P-W26-0197:WC-2026,2026,71,71,0,71,71,0,measured_performance,False
P-W26-0198:WC-2026,2026,71,71,0,71,71,0,measured_performance,False
P-W26-0199:WC-2026,2026,78,79,1,78,79,1,measured_performance,False
P-W26-0200:WC-2026,2026,66,66,0,66,66,0,measured_performance,False
P-W26-0201:WC-2026,2026,68,68,0,68,68,0,measured_performance,False
P-W26-0202:WC-2026,2026,72,72,0,72,72,0,measured_performance,False
P-W26-0203:WC-2026,2026,72,72,0,72,72,0,measured_performance,False
P-W26-0204:WC-2026,2026,71,72,1,71,72,1,measured_performance,False
P-W26-0205:WC-2026,2026,72,72,0,72,72,0,measured_performance,False
P-W26-0206:WC-2026,2026,68,68,0,68,68,0,measured_performance,False
P-W26-0207:WC-2026,2026,70,70,0,70,70,0,measured_performance,False
P-W26-0208:WC-2026,2026,69,69,0,69,69,0,measured_performance,False
P-W26-0209:WC-2026,2026,68,68,0,68,68,0,measured_performance,False
P-W26-0210:WC-2026,2026,71,71,0,71,71,0,measured_performance,False
P-W26-0211:WC-2026,2026,73,73,0,73,73,0,measured_performance,False
P-W26-0212:WC-2026,2026,71,71,0,71,71,0,measured_performance,False
P-W26-0213:WC-2026,2026,66,66,0,66,66,0,measured_performance,False
P-W26-0214:WC-2026,2026,83,83,0,83,83,0,measured_performance,False
P-W26-0215:WC-2026,2026,88,88,0,88,88,0,measured_performance,False
P-W26-0216:WC-2026,2026,72,72,0,72,72,0,measured_performance,False
P-W26-0217:WC-2026,2026,72,72,0,72,72,0,measured_performance,False
P-W26-0218:WC-2026,2026,71,71,0,71,71,0,measured_performance,False
P-W26-0219:WC-2026,2026,71,71,0,71,71,0,measured_performance,False
P-W26-0220:WC-2026,2026,66,66,0,66,66,0,measured_performance,False
P-W26-0221:WC-2026,2026,71,71,0,71,71,0,measured_performance,False
P-W26-0222:WC-2026,2026,71,71,0,71,71,0,measured_performance,False
P-W26-0223:WC-2026,2026,71,71,0,71,71,0,measured_performance,False
P-W26-0224:WC-2026,2026,76,77,1,76,77,1,measured_performance,False
P-W26-0225:WC-2026,2026,69,69,0,69,69,0,measured_performance,False
P-W26-0226:WC-2026,2026,72,72,0,72,72,0,measured_performance,False
P-W26-0227:WC-2026,2026,74,74,0,74,74,0,measured_performance,False
P-W26-0228:WC-2026,2026,77,77,0,77,77,0,measured_performance,False
P-W26-0229:WC-2026,2026,79,79,0,79,79,0,measured_performance,False
P-W26-0230:WC-2026,2026,84,84,0,84,84,0,measured_performance,False
P-W26-0231:WC-2026,2026,71,71,0,71,71,0,measured_performance,False
P-W26-0232:WC-2026,2026,73,74,1,73,74,1,measured_performance,False
P-W26-0233:WC-2026,2026,72,72,0,72,72,0,measured_performance,False
P-W26-0234:WC-2026,2026,76,77,1,76,77,1,measured_performance,False
P-W26-0235:WC-2026,2026,72,72,0,72,72,0,measured_performance,False
P-W26-0236:WC-2026,2026,72,72,0,72,72,0,measured_performance,False
P-W26-0237:WC-2026,2026,72,72,0,72,72,0,measured_performance,False
P-W26-0238:WC-2026,2026,71,71,0,71,71,0,measured_performance,False
P-W26-0239:WC-2026,2026,72,72,0,72,72,0,measured_performance,False
P-W26-0240:WC-2026,2026,74,74,0,74,74,0,measured_performance,False
P-W26-0241:WC-2026,2026,71,71,0,71,71,0,measured_performance,False
P-W26-0242:WC-2026,2026,85,86,1,85,86,1,measured_performance,False
P-W26-0243:WC-2026,2026,72,72,0,72,72,0,measured_performance,False
P-W26-0244:WC-2026,2026,71,71,0,71,71,0,measured_performance,False
P-W26-0245:WC-2026,2026,72,72,0,72,72,0,measured_performance,False
P-W26-0246:WC-2026,2026,76,77,1,76,77,1,measured_performance,False
P-W26-0247:WC-2026,2026,72,72,0,72,72,0,measured_performance,False
P-W26-0248:WC-2026,2026,76,76,0,76,76,0,measured_performance,False
P-W26-0249:WC-2026,2026,73,74,1,73,74,1,measured_performance,False
P-W26-0250:WC-2026,2026,73,73,0,73,73,0,measured_performance,False
P-W26-0251:WC-2026,2026,71,71,0,71,71,0,measured_performance,False
P-W26-0252:WC-2026,2026,73,74,1,73,74,1,measured_performance,False
P-W26-0253:WC-2026,2026,75,76,1,75,76,1,measured_performance,False
P-W26-0254:WC-2026,2026,72,72,0,72,72,0,measured_performance,False
P-W26-0255:WC-2026,2026,72,72,0,72,72,0,measured_performance,False
P-W26-0256:WC-2026,2026,83,84,1,83,84,1,measured_performance,False
P-W26-0257:WC-2026,2026,73,74,1,73,74,1,measured_performance,False
P-W26-0258:WC-2026,2026,72,72,0,72,72,0,measured_performance,False
P-W26-0259:WC-2026,2026,71,71,0,71,71,0,measured_performance,False
P-W26-0260:WC-2026,2026,72,72,0,72,72,0,measured_performance,False
P-W26-0261:WC-2026,2026,72,72,0,72,72,0,measured_performance,False
P-W26-0262:WC-2026,2026,72,72,0,72,72,0,measured_performance,False
P-W26-0263:WC-2026,2026,71,72,1,71,72,1,measured_performance,False
P-W26-0264:WC-2026,2026,72,72,0,72,72,0,measured_performance,False
P-W26-0265:WC-2026,2026,78,79,1,78,79,1,measured_performance,False
P-W26-0266:WC-2026,2026,71,71,0,71,71,0,measured_performance,False
P-W26-0267:WC-2026,2026,88,88,0,88,88,0,measured_performance,False
P-W26-0268:WC-2026,2026,71,71,0,71,71,0,measured_performance,False
P-W26-0269:WC-2026,2026,73,74,1,73,74,1,measured_performance,False
P-W26-0270:WC-2026,2026,72,72,0,72,72,0,measured_performance,False
P-W26-0271:WC-2026,2026,71,71,0,71,71,0,measured_performance,False
P-W26-0272:WC-2026,2026,75,76,1,75,76,1,measured_performance,False
P-W26-0273:WC-2026,2026,66,66,0,66,66,0,measured_performance,False
P-W26-0274:WC-2026,2026,71,71,0,71,71,0,measured_performance,False
P-W26-0275:WC-2026,2026,72,72,0,72,72,0,measured_performance,False
P-W26-0276:WC-2026,2026,71,71,0,71,71,0,measured_performance,False
P-W26-0277:WC-2026,2026,72,72,0,72,72,0,measured_performance,False
P-W26-0278:WC-2026,2026,66,66,0,66,66,0,measured_performance,False
P-W26-0279:WC-2026,2026,71,71,0,71,71,0,measured_performance,False
P-W26-0280:WC-2026,2026,71,71,0,71,71,0,measured_performance,False
P-W26-0281:WC-2026,2026,70,70,0,70,70,0,measured_performance,False
P-W26-0282:WC-2026,2026,79,80,1,79,80,1,measured_performance,False
P-W26-0283:WC-2026,2026,73,74,1,73,74,1,measured_performance,False
P-W26-0284:WC-2026,2026,81,82,1,81,82,1,measured_performance,False
P-W26-0285:WC-2026,2026,71,71,0,71,71,0,measured_performance,False
P-W26-0286:WC-2026,2026,70,70,0,70,70,0,measured_performance,False
P-W26-0287:WC-2026,2026,72,72,0,72,72,0,measured_performance,False
P-W26-0288:WC-2026,2026,82,83,1,82,83,1,measured_performance,False
P-W26-0289:WC-2026,2026,72,72,0,72,72,0,measured_performance,False
P-W26-0290:WC-2026,2026,70,70,0,70,70,0,measured_performance,False
P-W26-0291:WC-2026,2026,78,78,0,78,78,0,measured_performance,False
P-W26-0292:WC-2026,2026,79,80,1,79,80,1,measured_performance,False
P-W26-0293:WC-2026,2026,87,87,0,87,87,0,measured_performance,False
P-W26-0294:WC-2026,2026,72,72,0,72,72,0,measured_performance,False
P-W26-0295:WC-2026,2026,71,71,0,71,71,0,measured_performance,False
P-W26-0296:WC-2026,2026,72,72,0,72,72,0,measured_performance,False
P-W26-0297:WC-2026,2026,72,72,0,72,72,0,measured_performance,False
P-W26-0298:WC-2026,2026,70,70,0,70,70,0,measured_performance,False
P-W26-0299:WC-2026,2026,70,70,0,70,70,0,measured_performance,False
P-W26-0300:WC-2026,2026,74,75,1,74,75,1,measured_performance,False
P-W26-0301:WC-2026,2026,73,74,1,73,74,1,measured_performance,False
P-W26-0302:WC-2026,2026,75,76,1,75,76,1,measured_performance,False
P-W26-0303:WC-2026,2026,66,66,0,66,66,0,measured_performance,False
P-W26-0304:WC-2026,2026,72,72,0,72,72,0,measured_performance,False
P-W26-0305:WC-2026,2026,68,68,0,68,68,0,measured_performance,False
P-W26-0306:WC-2026,2026,78,78,0,78,78,0,measured_performance,False
P-W26-0307:WC-2026,2026,84,84,0,84,84,0,measured_performance,False
P-W26-0308:WC-2026,2026,72,73,1,72,73,1,measured_performance,False
P-W26-0309:WC-2026,2026,71,71,0,71,71,0,measured_performance,False
P-W26-0310:WC-2026,2026,71,71,0,71,71,0,measured_performance,False
P-W26-0311:WC-2026,2026,72,72,0,72,72,0,measured_performance,False
P-W26-0312:WC-2026,2026,66,66,0,66,66,0,measured_performance,False
P-W26-0313:WC-2026,2026,68,68,0,68,68,0,measured_performance,False
P-W26-0314:WC-2026,2026,68,68,0,68,68,0,measured_performance,False
P-W26-0315:WC-2026,2026,68,68,0,68,68,0,measured_performance,False
P-W26-0316:WC-2026,2026,70,70,0,70,70,0,measured_performance,False
P-W26-0317:WC-2026,2026,68,68,0,68,68,0,measured_performance,False
P-W26-0318:WC-2026,2026,73,73,0,73,73,0,measured_performance,False
P-W26-0319:WC-2026,2026,78,79,1,78,79,1,measured_performance,False
P-W26-0320:WC-2026,2026,71,71,0,71,71,0,measured_performance,False
P-W26-0321:WC-2026,2026,72,72,0,72,72,0,measured_performance,False
P-W26-0322:WC-2026,2026,70,71,1,70,71,1,measured_performance,False
P-W26-0323:WC-2026,2026,71,71,0,71,71,0,measured_performance,False
P-W26-0324:WC-2026,2026,66,66,0,66,66,0,measured_performance,False
P-W26-0325:WC-2026,2026,68,68,0,68,68,0,measured_performance,False
P-W26-0326:WC-2026,2026,78,79,1,78,79,1,measured_performance,False
P-W26-0327:WC-2026,2026,72,72,0,72,72,0,measured_performance,False
P-W26-0328:WC-2026,2026,71,71,0,71,71,0,measured_performance,False
P-W26-0329:WC-2026,2026,72,72,0,72,72,0,measured_performance,False
P-W26-0330:WC-2026,2026,71,71,0,71,71,0,measured_performance,False
P-W26-0331:WC-2026,2026,66,66,0,66,66,0,measured_performance,False
P-W26-0332:WC-2026,2026,78,79,1,78,79,1,measured_performance,False
P-W26-0333:WC-2026,2026,72,72,0,72,72,0,measured_performance,False
P-W26-0334:WC-2026,2026,72,72,0,72,72,0,measured_performance,False
P-W26-0335:WC-2026,2026,75,76,1,75,76,1,measured_performance,False
P-W26-0336:WC-2026,2026,70,70,0,70,70,0,measured_performance,False
P-W26-0337:WC-2026,2026,75,75,0,75,75,0,measured_performance,False
P-W26-0338:WC-2026,2026,80,80,0,80,80,0,measured_performance,False
P-W26-0339:WC-2026,2026,80,81,1,80,81,1,measured_performance,False
P-W26-0340:WC-2026,2026,70,70,0,70,70,0,measured_performance,False
P-W26-0341:WC-2026,2026,72,72,0,72,72,0,measured_performance,False
P-W26-0342:WC-2026,2026,71,71,0,71,71,0,measured_performance,False
P-W26-0343:WC-2026,2026,68,68,0,68,68,0,measured_performance,False
P-W26-0344:WC-2026,2026,81,81,0,81,81,0,measured_performance,False
P-W26-0345:WC-2026,2026,73,74,1,73,74,1,measured_performance,False
P-W26-0346:WC-2026,2026,70,71,1,70,71,1,measured_performance,False
P-W26-0347:WC-2026,2026,76,77,1,76,77,1,measured_performance,False
P-W26-0348:WC-2026,2026,68,68,0,68,68,0,measured_performance,False
P-W26-0349:WC-2026,2026,72,73,1,72,73,1,measured_performance,False
P-W26-0350:WC-2026,2026,72,72,0,72,72,0,measured_performance,False
P-W26-0351:WC-2026,2026,71,71,0,71,71,0,measured_performance,False
P-W26-0352:WC-2026,2026,72,72,0,72,72,0,measured_performance,False
P-W26-0353:WC-2026,2026,73,74,1,73,74,1,measured_performance,False
P-W26-0354:WC-2026,2026,85,85,0,85,85,0,measured_performance,False
P-W26-0355:WC-2026,2026,82,82,0,82,82,0,measured_performance,False
P-W26-0356:WC-2026,2026,87,87,0,87,87,0,measured_performance,False
P-W26-0357:WC-2026,2026,71,71,0,71,71,0,measured_performance,False
P-W26-0358:WC-2026,2026,71,71,0,71,71,0,measured_performance,False
P-W26-0359:WC-2026,2026,88,88,0,88,88,0,measured_performance,False
P-W26-0360:WC-2026,2026,71,71,0,71,71,0,measured_performance,False
P-W26-0361:WC-2026,2026,80,81,1,80,81,1,measured_performance,False
P-W26-0362:WC-2026,2026,82,83,1,82,83,1,measured_performance,False
P-W26-0363:WC-2026,2026,78,78,0,78,78,0,measured_performance,False
P-W26-0364:WC-2026,2026,86,87,1,86,87,1,measured_performance,False
P-W26-0365:WC-2026,2026,70,70,0,70,70,0,measured_performance,False
P-W26-0366:WC-2026,2026,79,80,1,79,80,1,measured_performance,False
P-W26-0367:WC-2026,2026,80,80,0,80,80,0,measured_performance,False
P-W26-0368:WC-2026,2026,66,66,0,66,66,0,measured_performance,False
P-W26-0369:WC-2026,2026,83,83,0,83,83,0,measured_performance,False
P-W26-0370:WC-2026,2026,79,79,0,79,79,0,measured_performance,False
P-W26-0371:WC-2026,2026,71,71,0,71,71,0,measured_performance,False
P-W26-0372:WC-2026,2026,71,71,0,71,71,0,measured_performance,False
P-W26-0373:WC-2026,2026,73,74,1,73,74,1,measured_performance,False
P-W26-0374:WC-2026,2026,77,78,1,77,78,1,measured_performance,False
P-W26-0375:WC-2026,2026,74,74,0,74,74,0,measured_performance,False
P-W26-0376:WC-2026,2026,71,71,0,71,71,0,measured_performance,False
P-W26-0377:WC-2026,2026,79,79,0,79,79,0,measured_performance,False
P-W26-0378:WC-2026,2026,71,71,0,71,71,0,measured_performance,False
P-W26-0379:WC-2026,2026,76,77,1,76,77,1,measured_performance,False
P-W26-0380:WC-2026,2026,71,71,0,71,71,0,measured_performance,False
P-W26-0381:WC-2026,2026,73,73,0,73,73,0,measured_performance,False
P-W26-0382:WC-2026,2026,72,73,1,72,73,1,measured_performance,False
P-W26-0383:WC-2026,2026,78,78,0,78,78,0,measured_performance,False
P-W26-0384:WC-2026,2026,84,85,1,84,85,1,measured_performance,False
P-W26-0385:WC-2026,2026,72,72,0,72,72,0,measured_performance,False
P-W26-0386:WC-2026,2026,71,72,1,71,72,1,measured_performance,False
P-W26-0387:WC-2026,2026,88,88,0,88,88,0,measured_performance,False
P-W26-0388:WC-2026,2026,71,71,0,71,71,0,measured_performance,False
P-W26-0389:WC-2026,2026,71,71,0,71,71,0,measured_performance,False
P-W26-0390:WC-2026,2026,70,70,0,70,70,0,measured_performance,False
P-W26-0391:WC-2026,2026,71,71,0,71,71,0,measured_performance,False
P-W26-0392:WC-2026,2026,71,71,0,71,71,0,measured_performance,False
P-W26-0393:WC-2026,2026,71,71,0,71,71,0,measured_performance,False
P-W26-0394:WC-2026,2026,71,71,0,71,71,0,measured_performance,False
P-W26-0395:WC-2026,2026,75,75,0,75,75,0,measured_performance,False
P-W26-0396:WC-2026,2026,71,71,0,71,71,0,measured_performance,False
P-W26-0397:WC-2026,2026,76,77,1,76,77,1,measured_performance,False
P-W26-0398:WC-2026,2026,72,72,0,72,72,0,measured_performance,False
P-W26-0399:WC-2026,2026,83,83,0,83,83,0,measured_performance,False
P-W26-0400:WC-2026,2026,71,71,0,71,71,0,measured_performance,False
P-W26-0401:WC-2026,2026,71,72,1,71,72,1,measured_performance,False
P-W26-0402:WC-2026,2026,72,72,0,72,72,0,measured_performance,False
P-W26-0403:WC-2026,2026,73,73,0,73,73,0,measured_performance,False
P-W26-0404:WC-2026,2026,71,71,0,71,71,0,measured_performance,False
P-W26-0405:WC-2026,2026,72,73,1,72,73,1,measured_performance,False
P-W26-0406:WC-2026,2026,71,71,0,71,71,0,measured_performance,False
P-W26-0407:WC-2026,2026,71,71,0,71,71,0,measured_performance,False
P-W26-0408:WC-2026,2026,88,88,0,88,88,0,measured_performance,False
P-W26-0409:WC-2026,2026,82,82,0,82,82,0,measured_performance,False
P-W26-0410:WC-2026,2026,76,77,1,76,77,1,measured_performance,False
P-W26-0411:WC-2026,2026,68,68,0,68,68,0,measured_performance,False
P-W26-0412:WC-2026,2026,71,72,1,71,72,1,measured_performance,False
P-W26-0413:WC-2026,2026,68,68,0,68,68,0,measured_performance,False
P-W26-0414:WC-2026,2026,72,72,0,72,72,0,measured_performance,False
P-W26-0415:WC-2026,2026,88,88,0,88,88,0,measured_performance,False
P-W26-0416:WC-2026,2026,71,71,0,71,71,0,measured_performance,False
P-W26-0417:WC-2026,2026,72,72,0,72,72,0,measured_performance,False
P-W26-0418:WC-2026,2026,71,72,1,71,72,1,measured_performance,False
P-W26-0419:WC-2026,2026,72,72,0,72,72,0,measured_performance,False
P-W26-0420:WC-2026,2026,72,72,0,72,72,0,measured_performance,False
P-W26-0421:WC-2026,2026,72,73,1,72,73,1,measured_performance,False
P-W26-0422:WC-2026,2026,71,71,0,71,71,0,measured_performance,False
P-W26-0423:WC-2026,2026,86,86,0,86,86,0,measured_performance,False
P-W26-0424:WC-2026,2026,88,88,0,88,88,0,measured_performance,False
P-W26-0425:WC-2026,2026,72,72,0,72,72,0,measured_performance,False
P-W26-0426:WC-2026,2026,73,74,1,73,74,1,measured_performance,False
P-W26-0427:WC-2026,2026,73,73,0,73,73,0,measured_performance,False
P-W26-0428:WC-2026,2026,79,79,0,79,79,0,measured_performance,False
P-W26-0429:WC-2026,2026,73,73,0,73,73,0,measured_performance,False
P-W26-0430:WC-2026,2026,71,71,0,71,71,0,measured_performance,False
P-W26-0431:WC-2026,2026,72,72,0,72,72,0,measured_performance,False
P-W26-0432:WC-2026,2026,80,80,0,80,80,0,measured_performance,False
P-W26-0433:WC-2026,2026,88,88,0,88,88,0,measured_performance,False
P-W26-0434:WC-2026,2026,72,72,0,72,72,0,measured_performance,False
P-W26-0435:WC-2026,2026,76,77,1,76,77,1,measured_performance,False
P-W26-0436:WC-2026,2026,73,73,0,73,73,0,measured_performance,False
P-W26-0437:WC-2026,2026,71,71,0,71,71,0,measured_performance,False
P-W26-0438:WC-2026,2026,79,79,0,79,79,0,measured_performance,False
P-W26-0439:WC-2026,2026,72,73,1,72,73,1,measured_performance,False
P-W26-0440:WC-2026,2026,71,71,0,71,71,0,measured_performance,False
P-W26-0441:WC-2026,2026,72,72,0,72,72,0,measured_performance,False
P-W26-0442:WC-2026,2026,70,70,0,70,70,0,measured_performance,False
P-W26-0443:WC-2026,2026,71,71,0,71,71,0,measured_performance,False
P-W26-0444:WC-2026,2026,72,72,0,72,72,0,measured_performance,False
P-W26-0445:WC-2026,2026,71,72,1,71,72,1,measured_performance,False
P-W26-0446:WC-2026,2026,72,72,0,72,72,0,measured_performance,False
P-W26-0447:WC-2026,2026,73,74,1,73,74,1,measured_performance,False
P-W26-0448:WC-2026,2026,70,70,0,70,70,0,measured_performance,False
P-W26-0449:WC-2026,2026,80,80,0,80,80,0,measured_performance,False
P-W26-0450:WC-2026,2026,75,76,1,75,76,1,measured_performance,False
P-W26-0451:WC-2026,2026,88,88,0,88,88,0,measured_performance,False
P-W26-0452:WC-2026,2026,74,75,1,74,75,1,measured_performance,False
P-W26-0453:WC-2026,2026,88,88,0,88,88,0,measured_performance,False
P-W26-0454:WC-2026,2026,73,73,0,73,73,0,measured_performance,False
P-W26-0455:WC-2026,2026,68,68,0,68,68,0,measured_performance,False
P-W26-0456:WC-2026,2026,80,80,0,80,80,0,measured_performance,False
P-W26-0457:WC-2026,2026,71,71,0,71,71,0,measured_performance,False
P-W26-0458:WC-2026,2026,73,73,0,73,73,0,measured_performance,False
P-W26-0459:WC-2026,2026,87,87,0,87,87,0,measured_performance,False
P-W26-0460:WC-2026,2026,86,86,0,86,86,0,measured_performance,False
P-W26-0461:WC-2026,2026,88,88,0,88,88,0,measured_performance,False
P-W26-0462:WC-2026,2026,71,72,1,71,72,1,measured_performance,False
P-W26-0463:WC-2026,2026,72,72,0,72,72,0,measured_performance,False
P-W26-0464:WC-2026,2026,73,74,1,73,74,1,measured_performance,False
P-W26-0465:WC-2026,2026,72,72,0,72,72,0,measured_performance,False
P-W26-0466:WC-2026,2026,72,72,0,72,72,0,measured_performance,False
P-W26-0467:WC-2026,2026,86,86,0,86,86,0,measured_performance,False
P-W26-0468:WC-2026,2026,88,88,0,88,88,0,measured_performance,False
P-W26-0469:WC-2026,2026,72,72,0,72,72,0,measured_performance,False
P-W26-0470:WC-2026,2026,88,88,0,88,88,0,measured_performance,False
P-W26-0471:WC-2026,2026,72,72,0,72,72,0,measured_performance,False
P-W26-0472:WC-2026,2026,83,83,0,83,83,0,measured_performance,False
P-W26-0473:WC-2026,2026,71,71,0,71,71,0,measured_performance,False
P-W26-0474:WC-2026,2026,86,86,0,86,86,0,measured_performance,False
P-W26-0475:WC-2026,2026,82,83,1,82,83,1,measured_performance,False
P-W26-0476:WC-2026,2026,85,85,0,85,85,0,measured_performance,False
P-W26-0477:WC-2026,2026,98,98,0,88,88,0,career_stature_estimate,True
P-W26-0478:WC-2026,2026,71,71,0,71,71,0,measured_performance,False
P-W26-0479:WC-2026,2026,81,81,0,81,81,0,measured_performance,False
P-W26-0480:WC-2026,2026,72,72,0,72,72,0,measured_performance,False
P-W26-0481:WC-2026,2026,71,71,0,71,71,0,measured_performance,False
P-W26-0482:WC-2026,2026,68,68,0,68,68,0,measured_performance,False
P-W26-0483:WC-2026,2026,83,84,1,83,84,1,measured_performance,False
P-W26-0484:WC-2026,2026,72,72,0,72,72,0,measured_performance,False
P-W26-0485:WC-2026,2026,88,88,0,88,88,0,measured_performance,False
P-W26-0486:WC-2026,2026,74,75,1,74,75,1,measured_performance,False
P-W26-0487:WC-2026,2026,72,72,0,72,72,0,measured_performance,False
P-W26-0488:WC-2026,2026,71,71,0,71,71,0,measured_performance,False
P-W26-0489:WC-2026,2026,72,72,0,72,72,0,measured_performance,False
P-W26-0490:WC-2026,2026,73,73,0,73,73,0,measured_performance,False
P-W26-0491:WC-2026,2026,83,84,1,83,84,1,measured_performance,False
P-W26-0492:WC-2026,2026,70,70,0,70,70,0,measured_performance,False
P-W26-0493:WC-2026,2026,78,78,0,78,78,0,measured_performance,False
P-W26-0494:WC-2026,2026,73,73,0,73,73,0,measured_performance,False
P-W26-0495:WC-2026,2026,71,71,0,71,71,0,measured_performance,False
P-W26-0496:WC-2026,2026,73,73,0,73,73,0,measured_performance,False
P-W26-0497:WC-2026,2026,73,73,0,73,73,0,measured_performance,False
P-W26-0498:WC-2026,2026,71,71,0,71,71,0,measured_performance,False
P-W26-0499:WC-2026,2026,80,80,0,80,80,0,measured_performance,False
P-W26-0500:WC-2026,2026,80,80,0,80,80,0,measured_performance,False
P-W26-0501:WC-2026,2026,71,71,0,71,71,0,measured_performance,False
P-W26-0502:WC-2026,2026,73,73,0,73,73,0,measured_performance,False
P-W26-0503:WC-2026,2026,87,87,0,87,87,0,measured_performance,False
P-W26-0504:WC-2026,2026,66,66,0,66,66,0,measured_performance,False
P-W26-0505:WC-2026,2026,72,72,0,72,72,0,measured_performance,False
P-W26-0506:WC-2026,2026,70,71,1,70,71,1,measured_performance,False
P-W26-0507:WC-2026,2026,70,70,0,70,70,0,measured_performance,False
P-W26-0508:WC-2026,2026,66,66,0,66,66,0,measured_performance,False
P-W26-0509:WC-2026,2026,73,74,1,73,74,1,measured_performance,False
P-W26-0510:WC-2026,2026,83,83,0,83,83,0,measured_performance,False
P-W26-0511:WC-2026,2026,66,66,0,66,66,0,measured_performance,False
P-W26-0512:WC-2026,2026,87,87,0,87,87,0,measured_performance,False
P-W26-0513:WC-2026,2026,79,80,1,79,80,1,measured_performance,False
P-W26-0514:WC-2026,2026,71,71,0,71,71,0,measured_performance,False
P-W26-0515:WC-2026,2026,70,70,0,70,70,0,measured_performance,False
P-W26-0516:WC-2026,2026,78,79,1,78,79,1,measured_performance,False
P-W26-0517:WC-2026,2026,71,71,0,71,71,0,measured_performance,False
P-W26-0518:WC-2026,2026,66,66,0,66,66,0,measured_performance,False
P-W26-0519:WC-2026,2026,82,83,1,82,83,1,measured_performance,False
P-W26-0520:WC-2026,2026,70,70,0,70,70,0,measured_performance,False
P-W26-0521:WC-2026,2026,73,73,0,73,73,0,measured_performance,False
P-W26-0522:WC-2026,2026,71,71,0,71,71,0,measured_performance,False
P-W26-0523:WC-2026,2026,72,72,0,72,72,0,measured_performance,False
P-W26-0524:WC-2026,2026,71,71,0,71,71,0,measured_performance,False
P-W26-0525:WC-2026,2026,71,71,0,71,71,0,measured_performance,False
P-W26-0526:WC-2026,2026,73,73,0,73,73,0,measured_performance,False
P-W26-0527:WC-2026,2026,72,72,0,72,72,0,measured_performance,False
P-W26-0528:WC-2026,2026,72,72,0,72,72,0,measured_performance,False
P-W26-0529:WC-2026,2026,86,86,0,86,86,0,measured_performance,False
P-W26-0530:WC-2026,2026,82,82,0,82,82,0,measured_performance,False
P-W26-0531:WC-2026,2026,68,68,0,68,68,0,measured_performance,False
P-W26-0532:WC-2026,2026,73,74,1,73,74,1,measured_performance,False
P-W26-0533:WC-2026,2026,69,69,0,69,69,0,measured_performance,False
P-W26-0534:WC-2026,2026,72,72,0,72,72,0,measured_performance,False
P-W26-0535:WC-2026,2026,73,74,1,73,74,1,measured_performance,False
P-W26-0536:WC-2026,2026,71,71,0,71,71,0,measured_performance,False
P-W26-0537:WC-2026,2026,75,75,0,75,75,0,measured_performance,False
P-W26-0538:WC-2026,2026,71,71,0,71,71,0,measured_performance,False
P-W26-0539:WC-2026,2026,75,76,1,75,76,1,measured_performance,False
P-W26-0540:WC-2026,2026,76,77,1,76,77,1,measured_performance,False
P-W26-0541:WC-2026,2026,85,86,1,85,86,1,measured_performance,False
P-W26-0542:WC-2026,2026,70,70,0,70,70,0,measured_performance,False
P-W26-0543:WC-2026,2026,78,79,1,78,79,1,measured_performance,False
P-W26-0544:WC-2026,2026,71,71,0,71,71,0,measured_performance,False
P-W26-0545:WC-2026,2026,66,66,0,66,66,0,measured_performance,False
P-W26-0546:WC-2026,2026,70,70,0,70,70,0,measured_performance,False
P-W26-0547:WC-2026,2026,66,66,0,66,66,0,measured_performance,False
P-W26-0548:WC-2026,2026,72,72,0,72,72,0,measured_performance,False
P-W26-0549:WC-2026,2026,71,71,0,71,71,0,measured_performance,False
P-W26-0550:WC-2026,2026,71,71,0,71,71,0,measured_performance,False
P-W26-0551:WC-2026,2026,71,71,0,71,71,0,measured_performance,False
P-W26-0552:WC-2026,2026,68,68,0,68,68,0,measured_performance,False
P-W26-0553:WC-2026,2026,71,71,0,71,71,0,measured_performance,False
P-W26-0554:WC-2026,2026,70,70,0,70,70,0,measured_performance,False
P-W26-0555:WC-2026,2026,66,66,0,66,66,0,measured_performance,False
P-W26-0556:WC-2026,2026,71,71,0,71,71,0,measured_performance,False
P-W26-0557:WC-2026,2026,71,71,0,71,71,0,measured_performance,False
P-W26-0558:WC-2026,2026,68,68,0,68,68,0,measured_performance,False
P-W26-0559:WC-2026,2026,68,68,0,68,68,0,measured_performance,False
P-W26-0560:WC-2026,2026,71,71,0,71,71,0,measured_performance,False
P-W26-0561:WC-2026,2026,79,79,0,79,79,0,measured_performance,False
P-W26-0562:WC-2026,2026,72,73,1,72,73,1,measured_performance,False
P-W26-0563:WC-2026,2026,72,72,0,72,72,0,measured_performance,False
P-W26-0564:WC-2026,2026,71,71,0,71,71,0,measured_performance,False
P-W26-0565:WC-2026,2026,68,68,0,68,68,0,measured_performance,False
P-W26-0566:WC-2026,2026,70,70,0,70,70,0,measured_performance,False
P-W26-0567:WC-2026,2026,71,71,0,71,71,0,measured_performance,False
P-W26-0568:WC-2026,2026,71,71,0,71,71,0,measured_performance,False
P-W26-0569:WC-2026,2026,71,71,0,71,71,0,measured_performance,False
P-W26-0570:WC-2026,2026,81,81,0,81,81,0,measured_performance,False
P-W26-0571:WC-2026,2026,72,72,0,72,72,0,measured_performance,False
P-W26-0572:WC-2026,2026,77,78,1,77,78,1,measured_performance,False
P-W26-0573:WC-2026,2026,78,78,0,78,78,0,measured_performance,False
P-W26-0574:WC-2026,2026,89,89,0,88,88,0,career_stature_estimate,False
P-W26-0575:WC-2026,2026,88,88,0,88,88,0,measured_performance,False
P-W26-0576:WC-2026,2026,88,88,0,88,88,0,measured_performance,False
P-W26-0577:WC-2026,2026,72,73,1,72,73,1,measured_performance,False
P-W26-0578:WC-2026,2026,72,72,0,72,72,0,measured_performance,False
P-W26-0579:WC-2026,2026,84,84,0,84,84,0,measured_performance,False
P-W26-0580:WC-2026,2026,66,66,0,66,66,0,measured_performance,False
P-W26-0581:WC-2026,2026,82,82,0,82,82,0,measured_performance,False
P-W26-0582:WC-2026,2026,70,70,0,70,70,0,measured_performance,False
P-W26-0583:WC-2026,2026,71,71,0,71,71,0,measured_performance,False
P-W26-0584:WC-2026,2026,83,83,0,83,83,0,measured_performance,False
P-W26-0585:WC-2026,2026,72,72,0,72,72,0,measured_performance,False
P-W26-0586:WC-2026,2026,78,79,1,78,79,1,measured_performance,False
P-W26-0587:WC-2026,2026,88,88,0,88,88,0,measured_performance,False
P-W26-0588:WC-2026,2026,79,80,1,79,80,1,measured_performance,False
P-W26-0589:WC-2026,2026,72,73,1,72,73,1,measured_performance,False
P-W26-0590:WC-2026,2026,72,72,0,72,72,0,measured_performance,False
P-W26-0591:WC-2026,2026,74,75,1,74,75,1,measured_performance,False
P-W26-0592:WC-2026,2026,85,85,0,85,85,0,measured_performance,False
P-W26-0593:WC-2026,2026,80,80,0,80,80,0,measured_performance,False
P-W26-0594:WC-2026,2026,74,75,1,74,75,1,measured_performance,False
P-W26-0595:WC-2026,2026,71,71,0,71,71,0,measured_performance,False
P-W26-0596:WC-2026,2026,72,72,0,72,72,0,measured_performance,False
P-W26-0597:WC-2026,2026,70,70,0,70,70,0,measured_performance,False
P-W26-0598:WC-2026,2026,72,72,0,72,72,0,measured_performance,False
P-W26-0599:WC-2026,2026,71,71,0,71,71,0,measured_performance,False
P-W26-0600:WC-2026,2026,76,77,1,76,77,1,measured_performance,False
P-W26-0601:WC-2026,2026,71,71,0,71,71,0,measured_performance,False
P-W26-0602:WC-2026,2026,88,88,0,88,88,0,measured_performance,False
P-W26-0603:WC-2026,2026,87,87,0,87,87,0,measured_performance,False
P-W26-0604:WC-2026,2026,72,72,0,72,72,0,measured_performance,False
P-W26-0605:WC-2026,2026,85,85,0,85,85,0,measured_performance,False
P-W26-0606:WC-2026,2026,75,76,1,75,76,1,measured_performance,False
P-W26-0607:WC-2026,2026,71,71,0,71,71,0,measured_performance,False
P-W26-0608:WC-2026,2026,71,71,0,71,71,0,measured_performance,False
P-W26-0609:WC-2026,2026,81,82,1,81,82,1,measured_performance,False
P-W26-0610:WC-2026,2026,72,72,0,72,72,0,measured_performance,False
P-W26-0611:WC-2026,2026,73,74,1,73,74,1,measured_performance,False
P-W26-0612:WC-2026,2026,68,68,0,68,68,0,measured_performance,False
P-W26-0613:WC-2026,2026,71,71,0,71,71,0,measured_performance,False
P-W26-0614:WC-2026,2026,73,73,0,73,73,0,measured_performance,False
P-W26-0615:WC-2026,2026,71,71,0,71,71,0,measured_performance,False
P-W26-0616:WC-2026,2026,71,71,0,71,71,0,measured_performance,False
P-W26-0617:WC-2026,2026,68,68,0,68,68,0,measured_performance,False
P-W26-0618:WC-2026,2026,74,75,1,74,75,1,measured_performance,False
P-W26-0619:WC-2026,2026,66,66,0,66,66,0,measured_performance,False
P-W26-0620:WC-2026,2026,72,73,1,72,73,1,measured_performance,False
P-W26-0621:WC-2026,2026,71,71,0,71,71,0,measured_performance,False
P-W26-0622:WC-2026,2026,72,72,0,72,72,0,measured_performance,False
P-W26-0623:WC-2026,2026,87,87,0,87,87,0,measured_performance,False
P-W26-0624:WC-2026,2026,69,69,0,69,69,0,measured_performance,False
P-W26-0625:WC-2026,2026,66,66,0,66,66,0,measured_performance,False
P-W26-0626:WC-2026,2026,66,66,0,66,66,0,measured_performance,False
P-W26-0627:WC-2026,2026,73,74,1,73,74,1,measured_performance,False
P-W26-0628:WC-2026,2026,66,66,0,66,66,0,measured_performance,False
P-W26-0629:WC-2026,2026,71,71,0,71,71,0,measured_performance,False
P-W26-0630:WC-2026,2026,70,70,0,70,70,0,measured_performance,False
P-W26-0631:WC-2026,2026,72,73,1,72,73,1,measured_performance,False
P-W26-0632:WC-2026,2026,71,71,0,71,71,0,measured_performance,False
P-W26-0633:WC-2026,2026,66,66,0,66,66,0,measured_performance,False
P-W26-0634:WC-2026,2026,68,68,0,68,68,0,measured_performance,False
P-W26-0635:WC-2026,2026,72,72,0,72,72,0,measured_performance,False
P-W26-0636:WC-2026,2026,70,70,0,70,70,0,measured_performance,False
P-W26-0637:WC-2026,2026,72,72,0,72,72,0,measured_performance,False
P-W26-0638:WC-2026,2026,72,72,0,72,72,0,measured_performance,False
P-W26-0639:WC-2026,2026,75,76,1,75,76,1,measured_performance,False
P-W26-0640:WC-2026,2026,70,70,0,70,70,0,measured_performance,False
P-W26-0641:WC-2026,2026,71,71,0,71,71,0,measured_performance,False
P-W26-0642:WC-2026,2026,73,74,1,73,74,1,measured_performance,False
P-W26-0643:WC-2026,2026,68,68,0,68,68,0,measured_performance,False
P-W26-0644:WC-2026,2026,71,71,0,71,71,0,measured_performance,False
P-W26-0645:WC-2026,2026,71,71,0,71,71,0,measured_performance,False
P-W26-0646:WC-2026,2026,71,71,0,71,71,0,measured_performance,False
P-W26-0647:WC-2026,2026,72,72,0,72,72,0,measured_performance,False
P-W26-0648:WC-2026,2026,72,73,1,72,73,1,measured_performance,False
P-W26-0649:WC-2026,2026,79,80,1,79,80,1,measured_performance,False
P-W26-0650:WC-2026,2026,71,71,0,71,71,0,measured_performance,False
P-W26-0651:WC-2026,2026,71,71,0,71,71,0,measured_performance,False
P-W26-0652:WC-2026,2026,81,82,1,81,82,1,measured_performance,False
P-W26-0653:WC-2026,2026,88,88,0,88,88,0,measured_performance,False
P-W26-0654:WC-2026,2026,88,88,0,88,88,0,measured_performance,False
P-W26-0655:WC-2026,2026,78,79,1,78,79,1,measured_performance,False
P-W26-0656:WC-2026,2026,79,80,1,79,80,1,measured_performance,False
P-W26-0657:WC-2026,2026,74,75,1,74,75,1,measured_performance,False
P-W26-0658:WC-2026,2026,71,71,0,71,71,0,measured_performance,False
P-W26-0659:WC-2026,2026,78,79,1,78,79,1,measured_performance,False
P-W26-0660:WC-2026,2026,71,71,0,71,71,0,measured_performance,False
P-W26-0661:WC-2026,2026,72,72,0,72,72,0,measured_performance,False
P-W26-0662:WC-2026,2026,82,82,0,82,82,0,measured_performance,False
P-W26-0663:WC-2026,2026,92,92,0,88,88,0,career_stature_estimate,True
P-W26-0664:WC-2026,2026,71,71,0,71,71,0,measured_performance,False
P-W26-0665:WC-2026,2026,72,72,0,72,72,0,measured_performance,False
P-W26-0666:WC-2026,2026,72,72,0,72,72,0,measured_performance,False
P-W26-0667:WC-2026,2026,71,71,0,71,71,0,measured_performance,False
P-W26-0668:WC-2026,2026,71,71,0,71,71,0,measured_performance,False
P-W26-0669:WC-2026,2026,68,68,0,68,68,0,measured_performance,False
P-W26-0670:WC-2026,2026,88,88,0,88,88,0,measured_performance,False
P-W26-0671:WC-2026,2026,66,66,0,66,66,0,measured_performance,False
P-W26-0672:WC-2026,2026,72,72,0,72,72,0,measured_performance,False
P-W26-0673:WC-2026,2026,72,72,0,72,72,0,measured_performance,False
P-W26-0674:WC-2026,2026,81,81,0,81,81,0,measured_performance,False
P-W26-0675:WC-2026,2026,72,73,1,72,73,1,measured_performance,False
P-W26-0676:WC-2026,2026,81,82,1,81,82,1,measured_performance,False
P-W26-0677:WC-2026,2026,79,79,0,79,79,0,measured_performance,False
P-W26-0678:WC-2026,2026,78,79,1,78,79,1,measured_performance,False
P-W26-0679:WC-2026,2026,88,88,0,88,88,0,measured_performance,False
P-W26-0680:WC-2026,2026,71,71,0,71,71,0,measured_performance,False
P-W26-0681:WC-2026,2026,72,72,0,72,72,0,measured_performance,False
P-W26-0682:WC-2026,2026,73,73,0,73,73,0,measured_performance,False
P-W26-0683:WC-2026,2026,86,86,0,86,86,0,measured_performance,False
P-W26-0684:WC-2026,2026,66,66,0,66,66,0,measured_performance,False
P-W26-0685:WC-2026,2026,71,71,0,71,71,0,measured_performance,False
P-W26-0686:WC-2026,2026,86,86,0,86,86,0,measured_performance,False
P-W26-0687:WC-2026,2026,73,74,1,73,74,1,measured_performance,False
P-W26-0688:WC-2026,2026,73,73,0,73,73,0,measured_performance,False
P-W26-0689:WC-2026,2026,71,71,0,71,71,0,measured_performance,False
P-W26-0690:WC-2026,2026,86,86,0,86,86,0,measured_performance,False
P-W26-0691:WC-2026,2026,88,88,0,88,88,0,measured_performance,False
P-W26-0692:WC-2026,2026,71,71,0,71,71,0,measured_performance,False
P-W26-0693:WC-2026,2026,71,71,0,71,71,0,measured_performance,False
P-W26-0694:WC-2026,2026,72,72,0,72,72,0,measured_performance,False
P-W26-0695:WC-2026,2026,80,80,0,80,80,0,measured_performance,False
P-W26-0696:WC-2026,2026,71,71,0,71,71,0,measured_performance,False
P-W26-0697:WC-2026,2026,71,71,0,71,71,0,measured_performance,False
P-W26-0698:WC-2026,2026,68,68,0,68,68,0,measured_performance,False
P-W26-0699:WC-2026,2026,71,71,0,71,71,0,measured_performance,False
P-W26-0700:WC-2026,2026,66,66,0,66,66,0,measured_performance,False
P-W26-0701:WC-2026,2026,71,71,0,71,71,0,measured_performance,False
P-W26-0702:WC-2026,2026,72,72,0,72,72,0,measured_performance,False
P-W26-0703:WC-2026,2026,72,72,0,72,72,0,measured_performance,False
P-W26-0704:WC-2026,2026,74,75,1,74,75,1,measured_performance,False
P-W26-0705:WC-2026,2026,70,70,0,70,70,0,measured_performance,False
P-W26-0706:WC-2026,2026,71,71,0,71,71,0,measured_performance,False
P-W26-0707:WC-2026,2026,68,68,0,68,68,0,measured_performance,False
P-W26-0708:WC-2026,2026,71,71,0,71,71,0,measured_performance,False
P-W26-0709:WC-2026,2026,79,79,0,79,79,0,measured_performance,False
P-W26-0710:WC-2026,2026,66,66,0,66,66,0,measured_performance,False
P-W26-0711:WC-2026,2026,68,68,0,68,68,0,measured_performance,False
P-W26-0712:WC-2026,2026,70,70,0,70,70,0,measured_performance,False
P-W26-0713:WC-2026,2026,71,71,0,71,71,0,measured_performance,False
P-W26-0714:WC-2026,2026,68,68,0,68,68,0,measured_performance,False
P-W26-0715:WC-2026,2026,71,72,1,71,72,1,measured_performance,False
P-W26-0716:WC-2026,2026,88,88,0,88,88,0,measured_performance,False
P-W26-0717:WC-2026,2026,71,71,0,71,71,0,measured_performance,False
P-W26-0718:WC-2026,2026,71,72,1,71,72,1,measured_performance,False
P-W26-0719:WC-2026,2026,78,78,0,78,78,0,measured_performance,False
P-W26-0720:WC-2026,2026,72,72,0,72,72,0,measured_performance,False
P-W26-0721:WC-2026,2026,78,78,0,78,78,0,measured_performance,False
P-W26-0722:WC-2026,2026,79,80,1,79,80,1,measured_performance,False
P-W26-0723:WC-2026,2026,88,88,0,88,88,0,measured_performance,False
P-W26-0724:WC-2026,2026,74,75,1,74,75,1,measured_performance,False
P-W26-0725:WC-2026,2026,83,83,0,83,83,0,measured_performance,False
P-W26-0726:WC-2026,2026,79,79,0,79,79,0,measured_performance,False
P-W26-0727:WC-2026,2026,80,80,0,80,80,0,measured_performance,False
P-W26-0728:WC-2026,2026,72,72,0,72,72,0,measured_performance,False
P-W26-0729:WC-2026,2026,79,79,0,79,79,0,measured_performance,False
P-W26-0730:WC-2026,2026,85,85,0,85,85,0,measured_performance,False
P-W26-0731:WC-2026,2026,81,82,1,81,82,1,measured_performance,False
P-W26-0732:WC-2026,2026,72,72,0,72,72,0,measured_performance,False
P-W26-0733:WC-2026,2026,72,73,1,72,73,1,measured_performance,False
P-W26-0734:WC-2026,2026,72,72,0,72,72,0,measured_performance,False
P-W26-0735:WC-2026,2026,69,69,0,69,69,0,measured_performance,False
P-W26-0736:WC-2026,2026,80,81,1,80,81,1,measured_performance,False
P-W26-0737:WC-2026,2026,72,72,0,72,72,0,measured_performance,False
P-W26-0738:WC-2026,2026,88,88,0,88,88,0,measured_performance,False
P-W26-0739:WC-2026,2026,85,85,0,85,85,0,measured_performance,False
P-W26-0740:WC-2026,2026,72,72,0,72,72,0,measured_performance,False
P-W26-0741:WC-2026,2026,74,75,1,74,75,1,measured_performance,False
P-W26-0742:WC-2026,2026,71,71,0,71,71,0,measured_performance,False
P-W26-0743:WC-2026,2026,70,70,0,70,70,0,measured_performance,False
P-W26-0744:WC-2026,2026,74,75,1,74,75,1,measured_performance,False
P-W26-0745:WC-2026,2026,79,79,0,79,79,0,measured_performance,False
P-W26-0746:WC-2026,2026,88,88,0,88,88,0,measured_performance,False
P-W26-0747:WC-2026,2026,72,72,0,72,72,0,measured_performance,False
P-W26-0748:WC-2026,2026,71,71,0,71,71,0,measured_performance,False
P-W26-0749:WC-2026,2026,86,86,0,86,86,0,measured_performance,False
P-W26-0750:WC-2026,2026,84,84,0,84,84,0,measured_performance,False
P-W26-0751:WC-2026,2026,86,86,0,86,86,0,measured_performance,False
P-W26-0752:WC-2026,2026,71,71,0,71,71,0,measured_performance,False
P-W26-0753:WC-2026,2026,82,82,0,82,82,0,measured_performance,False
P-W26-0754:WC-2026,2026,71,71,0,71,71,0,measured_performance,False
P-W26-0755:WC-2026,2026,72,72,0,72,72,0,measured_performance,False
P-W26-0756:WC-2026,2026,72,72,0,72,72,0,measured_performance,False
P-W26-0757:WC-2026,2026,71,71,0,71,71,0,measured_performance,False
P-W26-0758:WC-2026,2026,72,72,0,72,72,0,measured_performance,False
P-W26-0759:WC-2026,2026,72,72,0,72,72,0,measured_performance,False
P-W26-0760:WC-2026,2026,71,71,0,71,71,0,measured_performance,False
P-W26-0761:WC-2026,2026,72,73,1,72,73,1,measured_performance,False
P-W26-0762:WC-2026,2026,76,77,1,76,77,1,measured_performance,False
P-W26-0763:WC-2026,2026,71,71,0,71,71,0,measured_performance,False
P-W26-0764:WC-2026,2026,72,72,0,72,72,0,measured_performance,False
P-W26-0765:WC-2026,2026,78,78,0,78,78,0,measured_performance,False
P-W26-0766:WC-2026,2026,73,74,1,73,74,1,measured_performance,False
P-W26-0767:WC-2026,2026,73,73,0,73,73,0,measured_performance,False
P-W26-0768:WC-2026,2026,72,72,0,72,72,0,measured_performance,False
P-W26-0769:WC-2026,2026,70,70,0,70,70,0,measured_performance,False
P-W26-0770:WC-2026,2026,72,72,0,72,72,0,measured_performance,False
P-W26-0771:WC-2026,2026,76,76,0,76,76,0,measured_performance,False
P-W26-0772:WC-2026,2026,71,71,0,71,71,0,measured_performance,False
P-W26-0773:WC-2026,2026,71,71,0,71,71,0,measured_performance,False
P-W26-0774:WC-2026,2026,71,71,0,71,71,0,measured_performance,False
P-W26-0775:WC-2026,2026,71,71,0,71,71,0,measured_performance,False
P-W26-0776:WC-2026,2026,72,72,0,72,72,0,measured_performance,False
P-W26-0777:WC-2026,2026,71,71,0,71,71,0,measured_performance,False
P-W26-0778:WC-2026,2026,70,70,0,70,70,0,measured_performance,False
P-W26-0779:WC-2026,2026,72,72,0,72,72,0,measured_performance,False
P-W26-0780:WC-2026,2026,73,73,0,73,73,0,measured_performance,False
P-W26-0781:WC-2026,2026,71,71,0,71,71,0,measured_performance,False
P-W26-0782:WC-2026,2026,68,68,0,68,68,0,measured_performance,False
P-W26-0783:WC-2026,2026,70,70,0,70,70,0,measured_performance,False
P-W26-0784:WC-2026,2026,84,84,0,84,84,0,measured_performance,False
P-W26-0785:WC-2026,2026,77,78,1,77,78,1,measured_performance,False
P-W26-0786:WC-2026,2026,72,72,0,72,72,0,measured_performance,False
P-W26-0787:WC-2026,2026,74,75,1,74,75,1,measured_performance,False
P-W26-0788:WC-2026,2026,71,71,0,71,71,0,measured_performance,False
P-W26-0789:WC-2026,2026,72,72,0,72,72,0,measured_performance,False
P-W26-0790:WC-2026,2026,72,72,0,72,72,0,measured_performance,False
P-W26-0791:WC-2026,2026,73,74,1,73,74,1,measured_performance,False
P-W26-0792:WC-2026,2026,78,79,1,78,79,1,measured_performance,False
P-W26-0793:WC-2026,2026,71,71,0,71,71,0,measured_performance,False
P-W26-0794:WC-2026,2026,68,68,0,68,68,0,measured_performance,False
P-W26-0795:WC-2026,2026,77,77,0,77,77,0,measured_performance,False
P-W26-0796:WC-2026,2026,71,71,0,71,71,0,measured_performance,False
P-W26-0797:WC-2026,2026,71,71,0,71,71,0,measured_performance,False
P-W26-0798:WC-2026,2026,72,72,0,72,72,0,measured_performance,False
P-W26-0799:WC-2026,2026,68,68,0,68,68,0,measured_performance,False
P-W26-0800:WC-2026,2026,84,85,1,84,85,1,measured_performance,False
P-W26-0801:WC-2026,2026,73,74,1,73,74,1,measured_performance,False
P-W26-0802:WC-2026,2026,75,76,1,75,76,1,measured_performance,False
P-W26-0803:WC-2026,2026,71,71,0,71,71,0,measured_performance,False
P-W26-0804:WC-2026,2026,73,73,0,73,73,0,measured_performance,False
P-W26-0805:WC-2026,2026,73,73,0,73,73,0,measured_performance,False
P-W26-0806:WC-2026,2026,72,72,0,72,72,0,measured_performance,False
P-W26-0807:WC-2026,2026,73,74,1,73,74,1,measured_performance,False
P-W26-0808:WC-2026,2026,72,72,0,72,72,0,measured_performance,False
P-W26-0809:WC-2026,2026,71,71,0,71,71,0,measured_performance,False
P-W26-0810:WC-2026,2026,72,72,0,72,72,0,measured_performance,False
P-W26-0811:WC-2026,2026,72,72,0,72,72,0,measured_performance,False
P-W26-0812:WC-2026,2026,72,72,0,72,72,0,measured_performance,False
P-W26-0813:WC-2026,2026,71,71,0,71,71,0,measured_performance,False
P-W26-0814:WC-2026,2026,70,70,0,70,70,0,measured_performance,False
P-W26-0815:WC-2026,2026,77,77,0,77,77,0,measured_performance,False
P-W26-0816:WC-2026,2026,72,72,0,72,72,0,measured_performance,False
P-W26-0817:WC-2026,2026,80,80,0,80,80,0,measured_performance,False
P-W26-0818:WC-2026,2026,71,71,0,71,71,0,measured_performance,False
P-W26-0819:WC-2026,2026,79,79,0,79,79,0,measured_performance,False
P-W26-0820:WC-2026,2026,71,71,0,71,71,0,measured_performance,False
P-W26-0821:WC-2026,2026,80,80,0,80,80,0,measured_performance,False
P-W26-0822:WC-2026,2026,88,88,0,88,88,0,measured_performance,False
P-W26-0823:WC-2026,2026,71,71,0,71,71,0,measured_performance,False
P-W26-0824:WC-2026,2026,71,71,0,71,71,0,measured_performance,False
P-W26-0825:WC-2026,2026,73,74,1,73,74,1,measured_performance,False
P-W26-0826:WC-2026,2026,71,71,0,71,71,0,measured_performance,False
P-W26-0827:WC-2026,2026,72,72,0,72,72,0,measured_performance,False
P-W26-0828:WC-2026,2026,70,70,0,70,70,0,measured_performance,False
P-W26-0829:WC-2026,2026,83,83,0,83,83,0,measured_performance,False
P-W26-0830:WC-2026,2026,77,77,0,77,77,0,measured_performance,False
P-W26-0831:WC-2026,2026,79,79,0,79,79,0,measured_performance,False
P-W26-0832:WC-2026,2026,72,72,0,72,72,0,measured_performance,False
P-W26-0833:WC-2026,2026,72,73,1,72,73,1,measured_performance,False
P-W26-0834:WC-2026,2026,72,72,0,72,72,0,measured_performance,False
P-W26-0835:WC-2026,2026,71,71,0,71,71,0,measured_performance,False
P-W26-0836:WC-2026,2026,68,68,0,68,68,0,measured_performance,False
P-W26-0837:WC-2026,2026,84,84,0,84,84,0,measured_performance,False
P-W26-0838:WC-2026,2026,70,70,0,70,70,0,measured_performance,False
P-W26-0839:WC-2026,2026,78,78,0,78,78,0,measured_performance,False
P-W26-0840:WC-2026,2026,73,73,0,73,73,0,measured_performance,False
P-W26-0841:WC-2026,2026,77,78,1,77,78,1,measured_performance,False
P-W26-0842:WC-2026,2026,71,71,0,71,71,0,measured_performance,False
P-W26-0843:WC-2026,2026,66,66,0,66,66,0,measured_performance,False
P-W26-0844:WC-2026,2026,68,68,0,68,68,0,measured_performance,False
P-W26-0845:WC-2026,2026,76,77,1,76,77,1,measured_performance,False
P-W26-0846:WC-2026,2026,68,68,0,68,68,0,measured_performance,False
P-W26-0847:WC-2026,2026,71,71,0,71,71,0,measured_performance,False
P-W26-0848:WC-2026,2026,72,72,0,72,72,0,measured_performance,False
P-W26-0849:WC-2026,2026,79,79,0,79,79,0,measured_performance,False
P-W26-0850:WC-2026,2026,75,76,1,75,76,1,measured_performance,False
P-W26-0851:WC-2026,2026,73,74,1,73,74,1,measured_performance,False
P-W26-0852:WC-2026,2026,84,84,0,84,84,0,measured_performance,False
P-W26-0853:WC-2026,2026,71,71,0,71,71,0,measured_performance,False
P-W26-0854:WC-2026,2026,73,74,1,73,74,1,measured_performance,False
P-W26-0855:WC-2026,2026,88,88,0,88,88,0,measured_performance,False
P-W26-0856:WC-2026,2026,66,66,0,66,66,0,measured_performance,False
P-W26-0857:WC-2026,2026,72,72,0,72,72,0,measured_performance,False
P-W26-0858:WC-2026,2026,73,74,1,73,74,1,measured_performance,False
P-W26-0859:WC-2026,2026,72,72,0,72,72,0,measured_performance,False
P-W26-0860:WC-2026,2026,80,80,0,80,80,0,measured_performance,False
P-W26-0861:WC-2026,2026,75,76,1,75,76,1,measured_performance,False
P-W26-0862:WC-2026,2026,71,71,0,71,71,0,measured_performance,False
P-W26-0863:WC-2026,2026,71,71,0,71,71,0,measured_performance,False
P-W26-0864:WC-2026,2026,71,71,0,71,71,0,measured_performance,False
P-W26-0865:WC-2026,2026,72,72,0,72,72,0,measured_performance,False
P-W26-0866:WC-2026,2026,69,69,0,69,69,0,measured_performance,False
P-W26-0867:WC-2026,2026,71,71,0,71,71,0,measured_performance,False
P-W26-0868:WC-2026,2026,71,71,0,71,71,0,measured_performance,False
P-W26-0869:WC-2026,2026,72,72,0,72,72,0,measured_performance,False
P-W26-0870:WC-2026,2026,71,71,0,71,71,0,measured_performance,False
P-W26-0871:WC-2026,2026,71,71,0,71,71,0,measured_performance,False
P-W26-0872:WC-2026,2026,73,73,0,73,73,0,measured_performance,False
P-W26-0873:WC-2026,2026,76,77,1,76,77,1,measured_performance,False
P-W26-0874:WC-2026,2026,71,71,0,71,71,0,measured_performance,False
P-W26-0875:WC-2026,2026,66,66,0,66,66,0,measured_performance,False
P-W26-0876:WC-2026,2026,84,84,0,84,84,0,measured_performance,False
P-W26-0877:WC-2026,2026,72,72,0,72,72,0,measured_performance,False
P-W26-0878:WC-2026,2026,79,80,1,79,80,1,measured_performance,False
P-W26-0879:WC-2026,2026,74,75,1,74,75,1,measured_performance,False
P-W26-0880:WC-2026,2026,72,72,0,72,72,0,measured_performance,False
P-W26-0881:WC-2026,2026,73,73,0,73,73,0,measured_performance,False
P-W26-0882:WC-2026,2026,71,71,0,71,71,0,measured_performance,False
P-W26-0883:WC-2026,2026,70,70,0,70,70,0,measured_performance,False
P-W26-0884:WC-2026,2026,70,70,0,70,70,0,measured_performance,False
P-W26-0885:WC-2026,2026,72,72,0,72,72,0,measured_performance,False
P-W26-0886:WC-2026,2026,71,71,0,71,71,0,measured_performance,False
P-W26-0887:WC-2026,2026,66,66,0,66,66,0,measured_performance,False
P-W26-0888:WC-2026,2026,78,78,0,78,78,0,measured_performance,False
P-W26-0889:WC-2026,2026,72,72,0,72,72,0,measured_performance,False
P-W26-0890:WC-2026,2026,66,66,0,66,66,0,measured_performance,False
P-W26-0891:WC-2026,2026,81,81,0,81,81,0,measured_performance,False
P-W26-0892:WC-2026,2026,68,68,0,68,68,0,measured_performance,False
P-W26-0893:WC-2026,2026,88,88,0,88,88,0,measured_performance,False
P-W26-0894:WC-2026,2026,68,68,0,68,68,0,measured_performance,False
P-00034:WC-1998,historical,72,72,0,72,72,0,measured_performance,False
P-00036:WC-1974,historical,71,72,1,71,72,1,measured_performance,False
P-00042:WC-1954,historical,82,82,0,82,82,0,measured_performance,False
P-00042:WC-1958,historical,71,72,1,71,72,1,measured_performance,False
P-00052:WC-2022,historical,79,79,0,79,79,0,measured_performance,False
P-00065:WC-1994,historical,73,74,1,73,74,1,measured_performance,False
P-00065:WC-1998,historical,88,88,0,88,88,0,measured_performance,False
P-00065:WC-2002,historical,75,76,1,75,76,1,measured_performance,False
P-00077:WC-2006,historical,71,71,0,71,71,0,measured_performance,False
P-00081:WC-1990,historical,76,77,1,76,77,1,measured_performance,False
P-00086:WC-1970,historical,79,80,1,79,80,1,measured_performance,False
P-00105:WC-2002,historical,88,88,0,88,88,0,measured_performance,False
P-00109:WC-1998,historical,72,72,0,72,72,0,measured_performance,False
P-00111:WC-2006,historical,71,71,0,71,71,0,measured_performance,False
P-00111:WC-2014,historical,75,76,1,75,76,1,measured_performance,False
P-00111:WC-2018,historical,71,71,0,71,71,0,measured_performance,False
P-00116:WC-1982,historical,68,68,0,68,68,0,measured_performance,False
P-00119:WC-1970,historical,88,88,0,88,88,0,measured_performance,False
P-00119:WC-1974,historical,72,72,0,72,72,0,measured_performance,False
P-00146:WC-1986,historical,84,84,0,84,84,0,measured_performance,False
P-00148:WC-2010,historical,80,81,1,80,81,1,measured_performance,False
P-00152:WC-1950,historical,77,78,1,77,78,1,measured_performance,False
P-00152:WC-1954,historical,82,82,0,82,82,0,measured_performance,False
P-00153:WC-1990,historical,70,70,0,70,70,0,measured_performance,False
P-00189:WC-1998,historical,72,72,0,72,72,0,measured_performance,False
P-00212:WC-2002,historical,88,88,0,88,88,0,measured_performance,False
P-00212:WC-2010,historical,84,84,0,84,84,0,measured_performance,False
P-00232:WC-2022,historical,84,85,1,84,85,1,measured_performance,False
P-00234:WC-1990,historical,82,83,1,82,83,1,measured_performance,False
P-00244:WC-2022,historical,72,73,1,72,73,1,measured_performance,False
P-00262:WC-1974,historical,87,87,0,87,87,0,measured_performance,False
P-00266:WC-1994,historical,70,71,1,70,71,1,measured_performance,False
P-00279:WC-1938,historical,80,80,0,80,80,0,measured_performance,False
P-00281:WC-1938,historical,72,72,0,72,72,0,measured_performance,False
P-00300:WC-1958,historical,71,71,0,71,71,0,measured_performance,False
P-00315:WC-1998,historical,71,71,0,71,71,0,measured_performance,False
P-00339:WC-2018,historical,72,72,0,72,72,0,measured_performance,False
P-00356:WC-1934,historical,71,71,0,71,71,0,measured_performance,False
P-00369:WC-1930,historical,71,71,0,71,71,0,measured_performance,False
P-00384:WC-2006,historical,73,73,0,73,73,0,measured_performance,False
P-00390:WC-1954,historical,66,66,0,66,66,0,baseline_anchor_estimate,False
P-00429:WC-2006,historical,80,80,0,80,80,0,measured_performance,False
P-00439:WC-1958,historical,72,72,0,72,72,0,measured_performance,False
P-00445:WC-1986,historical,73,74,1,73,74,1,measured_performance,False
P-00447:WC-2002,historical,72,72,0,72,72,0,measured_performance,False
P-00452:WC-1958,historical,73,73,0,73,73,0,measured_performance,False
P-00465:WC-2022,historical,73,73,0,73,73,0,measured_performance,False
P-00480:WC-1966,historical,73,73,0,73,73,0,measured_performance,False
P-00489:WC-1986,historical,71,71,0,71,71,0,measured_performance,False
P-00506:WC-1950,historical,72,72,0,72,72,0,measured_performance,False
P-00506:WC-1954,historical,66,66,0,66,66,0,baseline_anchor_estimate,False
P-00521:WC-2018,historical,68,68,0,68,68,0,measured_performance,False
P-00522:WC-1998,historical,70,70,0,70,70,0,measured_performance,False
P-00531:WC-1990,historical,86,87,1,86,87,1,measured_performance,False
P-00531:WC-1994,historical,90,90,0,90,90,0,measured_performance,False
P-00548:WC-2010,historical,68,68,0,68,68,0,measured_performance,False
P-00549:WC-2018,historical,90,90,0,72,72,0,career_stature_estimate,True
P-00549:WC-2022,historical,94,94,0,88,88,0,career_stature_estimate,True
P-00577:WC-1958,historical,88,88,0,88,88,0,measured_performance,False
P-00577:WC-1966,historical,69,69,0,69,69,0,measured_performance,False
P-00585:WC-2002,historical,70,70,0,70,70,0,measured_performance,False
P-00585:WC-2006,historical,72,72,0,72,72,0,measured_performance,False
P-00596:WC-2010,historical,80,81,1,80,81,1,measured_performance,False
P-00596:WC-2014,historical,88,88,0,88,88,0,measured_performance,False
P-00597:WC-2022,historical,84,84,0,84,84,0,measured_performance,False
P-00618:WC-1950,historical,86,86,0,86,86,0,measured_performance,False
P-00619:WC-1994,historical,88,88,0,88,88,0,measured_performance,False
P-00640:WC-2002,historical,72,72,0,72,72,0,measured_performance,False
P-00640:WC-2006,historical,82,83,1,82,83,1,measured_performance,False
P-00643:WC-1986,historical,88,88,0,88,88,0,measured_performance,False
P-00649:WC-2002,historical,82,82,0,82,82,0,measured_performance,False
P-00652:WC-2022,historical,75,75,0,75,75,0,measured_performance,False
P-00668:WC-1998,historical,71,71,0,71,71,0,measured_performance,False
P-00668:WC-2002,historical,72,72,0,72,72,0,measured_performance,False
P-00683:WC-2002,historical,72,72,0,72,72,0,measured_performance,False
P-00685:WC-1986,historical,71,71,0,71,71,0,measured_performance,False
P-00707:WC-1982,historical,71,71,0,71,71,0,measured_performance,False
P-00708:WC-1930,historical,73,74,1,73,74,1,measured_performance,False
P-00733:WC-1930,historical,75,75,0,75,75,0,measured_performance,False
P-00739:WC-1974,historical,69,69,0,69,69,0,measured_performance,False
P-00740:WC-1938,historical,83,83,0,83,83,0,measured_performance,False
P-00746:WC-1970,historical,82,82,0,82,82,0,measured_performance,False
P-00747:WC-1962,historical,88,88,0,88,88,0,measured_performance,False
P-00781:WC-2018,historical,72,72,0,72,72,0,measured_performance,False
P-00793:WC-1962,historical,72,72,0,72,72,0,measured_performance,False
P-00795:WC-1982,historical,68,68,0,68,68,0,measured_performance,False
P-00795:WC-1986,historical,68,68,0,68,68,0,measured_performance,False
P-00796:WC-1982,historical,71,71,0,71,71,0,measured_performance,False
P-00809:WC-2022,historical,71,71,0,71,71,0,measured_performance,False
P-00836:WC-1966,historical,71,71,0,71,71,0,measured_performance,False
P-00848:WC-1998,historical,78,78,0,78,78,0,measured_performance,False
P-00855:WC-1962,historical,71,71,0,71,71,0,measured_performance,False
P-00855:WC-1966,historical,84,84,0,84,84,0,measured_performance,False
P-00867:WC-1962,historical,74,75,1,74,75,1,measured_performance,False
P-00867:WC-1966,historical,85,85,0,85,85,0,measured_performance,False
P-00875:WC-2014,historical,71,71,0,71,71,0,measured_performance,False
P-00891:WC-1978,historical,73,74,1,73,74,1,measured_performance,False
P-00916:WC-2002,historical,72,72,0,72,72,0,measured_performance,False
P-00916:WC-2006,historical,82,83,1,82,83,1,measured_performance,False
P-00941:WC-1962,historical,72,72,0,72,72,0,measured_performance,False
P-00957:WC-2010,historical,79,79,0,79,79,0,measured_performance,False
P-00981:WC-2018,historical,71,71,0,71,71,0,measured_performance,False
P-00987:WC-1962,historical,66,66,0,66,66,0,baseline_anchor_estimate,False
P-01012:WC-2010,historical,83,84,1,83,84,1,measured_performance,False
P-01013:WC-1966,historical,77,78,1,77,78,1,measured_performance,False
P-01018:WC-2002,historical,71,71,0,71,71,0,measured_performance,False
P-01045:WC-2010,historical,79,79,0,79,79,0,measured_performance,False
P-01064:WC-2014,historical,88,88,0,88,88,0,measured_performance,False
P-01068:WC-2014,historical,85,85,0,85,85,0,measured_performance,False
P-01077:WC-2022,historical,72,73,1,72,73,1,measured_performance,False
P-01078:WC-2014,historical,71,71,0,71,71,0,measured_performance,False
P-01106:WC-1950,historical,66,66,0,66,66,0,baseline_anchor_estimate,False
P-01116:WC-1950,historical,66,66,0,66,66,0,baseline_anchor_estimate,False
P-01137:WC-1990,historical,87,87,0,87,87,0,measured_performance,False
P-01137:WC-1998,historical,72,72,0,72,72,0,measured_performance,False
P-01164:WC-2014,historical,80,80,0,80,80,0,measured_performance,False
P-01164:WC-2018,historical,74,75,1,74,75,1,measured_performance,False
P-01165:WC-1982,historical,88,88,0,88,88,0,measured_performance,False
P-01165:WC-1986,historical,84,84,0,84,84,0,measured_performance,False
P-01169:WC-2014,historical,71,71,0,71,71,0,measured_performance,False
P-01172:WC-1962,historical,66,66,0,66,66,0,baseline_anchor_estimate,False
P-01172:WC-1966,historical,78,78,0,78,78,0,measured_performance,False
P-01172:WC-1970,historical,72,73,1,72,73,1,measured_performance,False
P-01172:WC-1974,historical,69,69,0,69,69,0,measured_performance,False
P-01173:WC-1954,historical,94,94,0,88,88,0,career_stature_estimate,False
P-01173:WC-1958,historical,90,90,0,71,72,1,career_stature_estimate,False
P-01196:WC-2022,historical,70,70,0,70,70,0,measured_performance,False
P-01211:WC-1958,historical,71,72,1,71,72,1,measured_performance,False
P-01212:WC-2010,historical,68,68,0,68,68,0,measured_performance,False
P-01224:WC-1990,historical,71,71,0,71,71,0,measured_performance,False
P-01235:WC-1966,historical,71,71,0,71,71,0,measured_performance,False
P-01246:WC-1934,historical,72,72,0,72,72,0,measured_performance,False
P-01249:WC-1998,historical,68,68,0,68,68,0,measured_performance,False
P-01249:WC-2002,historical,88,88,0,88,88,0,measured_performance,False
P-01249:WC-2006,historical,88,88,0,88,88,0,measured_performance,False
P-01256:WC-1998,historical,68,68,0,68,68,0,measured_performance,False
P-01258:WC-2022,historical,76,77,1,76,77,1,measured_performance,False
P-01259:WC-1990,historical,73,73,0,73,73,0,measured_performance,False
P-01278:WC-1930,historical,87,87,0,87,87,0,measured_performance,False
P-01287:WC-1966,historical,73,74,1,73,74,1,measured_performance,False
P-01292:WC-2014,historical,70,70,0,70,70,0,measured_performance,False
P-01298:WC-1990,historical,88,88,0,88,88,0,measured_performance,False
P-01311:WC-2002,historical,71,71,0,71,71,0,measured_performance,False
P-01347:WC-2018,historical,79,80,1,79,80,1,measured_performance,False
P-01355:WC-1998,historical,71,71,0,71,71,0,measured_performance,False
P-01357:WC-1950,historical,71,71,0,71,71,0,measured_performance,False
P-01364:WC-1998,historical,71,71,0,71,71,0,measured_performance,False
P-01401:WC-2006,historical,68,68,0,68,68,0,measured_performance,False
P-01406:WC-1958,historical,69,69,0,69,69,0,measured_performance,False
P-01406:WC-1962,historical,69,69,0,69,69,0,measured_performance,False
P-01410:WC-1962,historical,72,72,0,72,72,0,measured_performance,False
P-01416:WC-2014,historical,78,79,1,78,79,1,measured_performance,False
P-01416:WC-2018,historical,86,86,0,86,86,0,measured_performance,False
P-01416:WC-2022,historical,87,87,0,87,87,0,measured_performance,False
P-01434:WC-1938,historical,72,72,0,72,72,0,measured_performance,False
P-01454:WC-2010,historical,79,79,0,79,79,0,measured_performance,False
P-01462:WC-2002,historical,88,88,0,88,88,0,measured_performance,False
P-01505:WC-2014,historical,78,79,1,78,79,1,measured_performance,False
P-01505:WC-2018,historical,86,86,0,86,86,0,measured_performance,False
P-01514:WC-1998,historical,71,71,0,71,71,0,measured_performance,False
P-01521:WC-1950,historical,73,73,0,73,73,0,measured_performance,False
P-01529:WC-1966,historical,72,72,0,72,72,0,measured_performance,False
P-01538:WC-2014,historical,80,80,0,80,80,0,measured_performance,False
P-01560:WC-2014,historical,71,71,0,71,71,0,measured_performance,False
P-01561:WC-1938,historical,66,66,0,66,66,0,baseline_anchor_estimate,False
P-01582:WC-1974,historical,88,88,0,88,88,0,measured_performance,False
P-01582:WC-1978,historical,88,88,0,88,88,0,measured_performance,False
P-01594:WC-2018,historical,71,71,0,71,71,0,measured_performance,False
P-01597:WC-1974,historical,75,76,1,75,76,1,measured_performance,False
P-01618:WC-1962,historical,88,88,0,88,88,0,measured_performance,False
P-01632:WC-1994,historical,70,70,0,70,70,0,measured_performance,False
P-01665:WC-2014,historical,70,70,0,70,70,0,measured_performance,False
P-01674:WC-2006,historical,71,71,0,71,71,0,measured_performance,False
P-01678:WC-1994,historical,85,85,0,85,85,0,measured_performance,False
P-01706:WC-1998,historical,72,72,0,72,72,0,measured_performance,False
P-01719:WC-1950,historical,66,66,0,66,66,0,baseline_anchor_estimate,False
P-01726:WC-1938,historical,78,79,1,78,79,1,measured_performance,False
P-01729:WC-2018,historical,71,71,0,71,71,0,measured_performance,False
P-01730:WC-2018,historical,86,86,0,86,86,0,measured_performance,False
P-01736:WC-1978,historical,72,72,0,72,72,0,measured_performance,False
P-01760:WC-1974,historical,71,71,0,71,71,0,measured_performance,False
P-01779:WC-1974,historical,75,76,1,75,76,1,measured_performance,False
P-01792:WC-2022,historical,71,71,0,71,71,0,measured_performance,False
P-01806:WC-1994,historical,71,71,0,71,71,0,measured_performance,False
P-01835:WC-2010,historical,71,71,0,71,71,0,measured_performance,False
P-01835:WC-2014,historical,86,86,0,86,86,0,measured_performance,False
P-01864:WC-1962,historical,81,82,1,81,82,1,measured_performance,False
P-01889:WC-1950,historical,73,73,0,73,73,0,measured_performance,False
P-01892:WC-1950,historical,66,66,0,66,66,0,baseline_anchor_estimate,False
P-01895:WC-1954,historical,66,66,0,66,66,0,baseline_anchor_estimate,False
P-01918:WC-1934,historical,73,74,1,73,74,1,measured_performance,False
P-01925:WC-2022,historical,72,72,0,72,72,0,measured_performance,False
P-01930:WC-2022,historical,72,72,0,72,72,0,measured_performance,False
P-01933:WC-2014,historical,72,72,0,72,72,0,measured_performance,False
P-01935:WC-1938,historical,72,72,0,72,72,0,measured_performance,False
P-01939:WC-2002,historical,79,79,0,79,79,0,measured_performance,False
P-01939:WC-2006,historical,78,79,1,78,79,1,measured_performance,False
P-01945:WC-2010,historical,80,81,1,80,81,1,measured_performance,False
P-01945:WC-2014,historical,84,84,0,84,84,0,measured_performance,False
P-01945:WC-2022,historical,81,82,1,81,82,1,measured_performance,False
P-01949:WC-1978,historical,71,71,0,71,71,0,measured_performance,False
P-01959:WC-1958,historical,66,66,0,66,66,0,baseline_anchor_estimate,False
P-01972:WC-1934,historical,72,72,0,72,72,0,measured_performance,False
P-01974:WC-1958,historical,73,73,0,73,73,0,measured_performance,False
P-01978:WC-2010,historical,70,70,0,70,70,0,measured_performance,False
P-01987:WC-2010,historical,68,68,0,68,68,0,measured_performance,False
P-01989:WC-1950,historical,69,69,0,69,69,0,measured_performance,False
P-01994:WC-2022,historical,70,70,0,70,70,0,measured_performance,False
P-02017:WC-1990,historical,71,71,0,71,71,0,measured_performance,False
P-02028:WC-2018,historical,68,68,0,68,68,0,measured_performance,False
P-02030:WC-2022,historical,68,68,0,68,68,0,measured_performance,False
P-02042:WC-1954,historical,66,66,0,66,66,0,baseline_anchor_estimate,False
P-02042:WC-1958,historical,88,88,0,88,88,0,measured_performance,False
P-02061:WC-1950,historical,81,82,1,81,82,1,measured_performance,False
P-02071:WC-2022,historical,71,71,0,71,71,0,measured_performance,False
P-02078:WC-1954,historical,77,78,1,77,78,1,measured_performance,False
P-02080:WC-1994,historical,71,71,0,71,71,0,measured_performance,False
P-02080:WC-1998,historical,84,84,0,84,84,0,measured_performance,False
P-02080:WC-2014,historical,78,78,0,78,78,0,measured_performance,False
P-02091:WC-1934,historical,84,84,0,84,84,0,measured_performance,False
P-02094:WC-1978,historical,68,68,0,68,68,0,measured_performance,False
P-02094:WC-1982,historical,71,71,0,71,71,0,measured_performance,False
P-02096:WC-1990,historical,71,71,0,71,71,0,measured_performance,False
P-02102:WC-1970,historical,88,88,0,88,88,0,measured_performance,False
P-02104:WC-1974,historical,71,71,0,71,71,0,measured_performance,False
P-02115:WC-2006,historical,71,71,0,71,71,0,measured_performance,False
P-02130:WC-1958,historical,74,75,1,74,75,1,measured_performance,False
P-02163:WC-1994,historical,71,71,0,71,71,0,measured_performance,False
P-02166:WC-1970,historical,72,72,0,72,72,0,measured_performance,False
P-02174:WC-2002,historical,72,72,0,72,72,0,measured_performance,False
P-02177:WC-2002,historical,84,84,0,84,84,0,measured_performance,False
P-02210:WC-2006,historical,71,71,0,71,71,0,measured_performance,False
P-02230:WC-1982,historical,71,71,0,71,71,0,measured_performance,False
P-02231:WC-2014,historical,71,71,0,71,71,0,measured_performance,False
P-02231:WC-2018,historical,88,88,0,88,88,0,measured_performance,False
P-02273:WC-1990,historical,83,84,1,83,84,1,measured_performance,False
P-02273:WC-2002,historical,72,72,0,72,72,0,measured_performance,False
P-02281:WC-1930,historical,71,71,0,71,71,0,measured_performance,False
P-02281:WC-1934,historical,72,72,0,72,72,0,measured_performance,False
P-02281:WC-1938,historical,84,84,0,84,84,0,measured_performance,False
P-02292:WC-1958,historical,88,88,0,88,88,0,measured_performance,False
P-02305:WC-2018,historical,79,80,1,79,80,1,measured_performance,False
P-02305:WC-2022,historical,88,88,0,88,88,0,measured_performance,False
P-02323:WC-1974,historical,72,72,0,72,72,0,measured_performance,False
P-02328:WC-2006,historical,88,88,0,88,88,0,measured_performance,False
P-02328:WC-2010,historical,88,88,0,88,88,0,measured_performance,False
P-02328:WC-2014,historical,88,88,0,88,88,0,measured_performance,False
P-02344:WC-1954,historical,73,73,0,73,73,0,measured_performance,False
P-02351:WC-2018,historical,68,68,0,68,68,0,measured_performance,False
P-02358:WC-1934,historical,72,72,0,72,72,0,measured_performance,False
P-02360:WC-1998,historical,86,87,1,86,87,1,measured_performance,False
P-02366:WC-1998,historical,71,71,0,71,71,0,measured_performance,False
P-02372:WC-1970,historical,72,72,0,72,72,0,measured_performance,False
P-02400:WC-1974,historical,72,72,0,72,72,0,measured_performance,False
P-02403:WC-1970,historical,82,82,0,82,82,0,measured_performance,False
P-02405:WC-1990,historical,82,82,0,82,82,0,measured_performance,False
P-02421:WC-1998,historical,71,71,0,71,71,0,measured_performance,False
P-02423:WC-1998,historical,73,74,1,73,74,1,measured_performance,False
P-02423:WC-2002,historical,83,83,0,83,83,0,measured_performance,False
P-02430:WC-1994,historical,85,85,0,85,85,0,measured_performance,False
P-02455:WC-1930,historical,71,71,0,71,71,0,measured_performance,False
P-02461:WC-2010,historical,71,71,0,71,71,0,measured_performance,False
P-02464:WC-1982,historical,71,71,0,71,71,0,measured_performance,False
P-02464:WC-1986,historical,88,88,0,88,88,0,measured_performance,False
P-02465:WC-2018,historical,88,88,0,88,88,0,measured_performance,False
P-02465:WC-2022,historical,88,88,0,88,88,0,measured_performance,False
P-02493:WC-1982,historical,88,88,0,88,88,0,measured_performance,False
P-02493:WC-1986,historical,73,74,1,73,74,1,measured_performance,False
P-02525:WC-2010,historical,71,71,0,71,71,0,measured_performance,False
P-02556:WC-2022,historical,72,72,0,72,72,0,measured_performance,False
P-02559:WC-2018,historical,73,73,0,73,73,0,measured_performance,False
P-02595:WC-2018,historical,72,72,0,72,72,0,measured_performance,False
P-02609:WC-2018,historical,73,73,0,73,73,0,measured_performance,False
P-02662:WC-1970,historical,73,73,0,73,73,0,measured_performance,False
P-02668:WC-1990,historical,70,70,0,70,70,0,measured_performance,False
P-02673:WC-2002,historical,71,71,0,71,71,0,measured_performance,False
P-02675:WC-1982,historical,86,86,0,86,86,0,measured_performance,False
P-02675:WC-1986,historical,72,72,0,72,72,0,measured_performance,False
P-02675:WC-1990,historical,73,73,0,73,73,0,measured_performance,False
P-02695:WC-1998,historical,72,72,0,72,72,0,measured_performance,False
P-02702:WC-1938,historical,70,70,0,70,70,0,measured_performance,False
P-02755:WC-1994,historical,68,68,0,68,68,0,measured_performance,False
P-02759:WC-2022,historical,71,71,0,71,71,0,measured_performance,False
P-02778:WC-2018,historical,71,71,0,71,71,0,measured_performance,False
P-02795:WC-1998,historical,75,76,1,75,76,1,measured_performance,False
P-02795:WC-2002,historical,79,79,0,79,79,0,measured_performance,False
P-02795:WC-2006,historical,88,88,0,88,88,0,measured_performance,False
P-02805:WC-1982,historical,88,88,0,74,75,1,career_stature_estimate,False
P-02839:WC-2022,historical,71,71,0,71,71,0,measured_performance,False
P-02842:WC-1998,historical,72,72,0,72,72,0,measured_performance,False
P-02842:WC-2002,historical,88,88,0,88,88,0,measured_performance,False
P-02842:WC-2006,historical,73,73,0,73,73,0,measured_performance,False
P-02848:WC-1954,historical,71,71,0,71,71,0,measured_performance,False
P-02853:WC-1998,historical,72,72,0,72,72,0,measured_performance,False
P-02858:WC-1994,historical,76,77,1,76,77,1,measured_performance,False
P-02863:WC-1950,historical,66,66,0,66,66,0,baseline_anchor_estimate,False
P-02886:WC-2018,historical,79,80,1,79,80,1,measured_performance,False
P-02900:WC-1994,historical,84,84,0,84,84,0,measured_performance,False
P-02901:WC-1986,historical,78,79,1,78,79,1,measured_performance,False
P-02909:WC-2006,historical,73,73,0,73,73,0,measured_performance,False
P-02919:WC-2014,historical,71,71,0,71,71,0,measured_performance,False
P-02932:WC-2014,historical,70,70,0,70,70,0,measured_performance,False
P-02947:WC-2018,historical,72,72,0,72,72,0,measured_performance,False
P-02965:WC-1970,historical,88,88,0,88,88,0,measured_performance,False
P-02965:WC-1974,historical,78,79,1,78,79,1,measured_performance,False
P-02974:WC-2014,historical,78,79,1,78,79,1,measured_performance,False
P-02977:WC-2002,historical,72,72,0,72,72,0,measured_performance,False
P-02986:WC-1970,historical,68,68,0,68,68,0,measured_performance,False
P-03000:WC-1986,historical,70,70,0,70,70,0,measured_performance,False
P-03013:WC-2006,historical,82,83,1,82,83,1,measured_performance,False
P-03026:WC-2002,historical,88,88,0,88,88,0,measured_performance,False
P-03038:WC-2002,historical,71,71,0,71,71,0,measured_performance,False
P-03044:WC-2014,historical,71,71,0,71,71,0,measured_performance,False
P-03048:WC-1994,historical,71,72,1,71,72,1,measured_performance,False
P-03089:WC-1950,historical,88,88,0,88,88,0,measured_performance,False
P-03090:WC-1994,historical,83,83,0,83,83,0,measured_performance,False
P-03125:WC-1962,historical,70,71,1,70,71,1,measured_performance,False
P-03126:WC-1982,historical,71,71,0,71,71,0,measured_performance,False
P-03127:WC-1938,historical,72,72,0,72,72,0,measured_performance,False
P-03128:WC-2002,historical,71,71,0,71,71,0,measured_performance,False
P-03128:WC-2006,historical,85,85,0,85,85,0,measured_performance,False
P-03130:WC-1934,historical,72,72,0,72,72,0,measured_performance,False
P-03144:WC-2018,historical,72,72,0,72,72,0,measured_performance,False
P-03146:WC-2014,historical,72,72,0,72,72,0,measured_performance,False
P-03147:WC-1954,historical,66,66,0,66,66,0,baseline_anchor_estimate,False
P-03154:WC-1970,historical,71,71,0,71,71,0,measured_performance,False
P-03159:WC-1966,historical,66,66,0,66,66,0,baseline_anchor_estimate,False
P-03161:WC-2018,historical,72,72,0,72,72,0,measured_performance,False
P-03175:WC-1938,historical,72,72,0,72,72,0,measured_performance,False
P-03191:WC-2018,historical,71,71,0,71,71,0,measured_performance,False
P-03193:WC-2014,historical,71,71,0,71,71,0,measured_performance,False
P-03206:WC-1970,historical,71,71,0,71,71,0,measured_performance,False
P-03217:WC-1998,historical,72,72,0,72,72,0,measured_performance,False
P-03231:WC-2002,historical,72,72,0,72,72,0,measured_performance,False
P-03265:WC-2022,historical,74,74,0,74,74,0,measured_performance,False
P-03270:WC-1978,historical,88,88,0,88,88,0,measured_performance,False
P-03282:WC-1982,historical,84,84,0,84,84,0,measured_performance,False
P-03282:WC-1986,historical,81,81,0,81,81,0,measured_performance,False
P-03284:WC-1962,historical,66,66,0,66,66,0,baseline_anchor_estimate,False
P-03284:WC-1966,historical,66,66,0,66,66,0,baseline_anchor_estimate,False
P-03287:WC-2014,historical,71,71,0,71,71,0,measured_performance,False
P-03297:WC-1986,historical,71,71,0,71,71,0,measured_performance,False
P-03298:WC-2010,historical,72,72,0,72,72,0,measured_performance,False
P-03300:WC-1990,historical,72,72,0,72,72,0,measured_performance,False
P-03307:WC-1994,historical,76,77,1,76,77,1,measured_performance,False
P-03307:WC-1998,historical,72,72,0,72,72,0,measured_performance,False
P-03307:WC-2002,historical,86,86,0,86,86,0,measured_performance,False
P-03310:WC-1950,historical,76,77,1,76,77,1,measured_performance,False
P-03310:WC-1954,historical,71,72,1,71,72,1,measured_performance,False
P-03331:WC-2002,historical,75,76,1,75,76,1,measured_performance,False
P-03360:WC-1986,historical,71,71,0,71,71,0,measured_performance,False
P-03367:WC-2018,historical,71,71,0,71,71,0,measured_performance,False
P-03367:WC-2022,historical,71,71,0,71,71,0,measured_performance,False
P-03368:WC-1966,historical,71,71,0,71,71,0,measured_performance,False
P-03376:WC-1998,historical,73,74,1,73,74,1,measured_performance,False
P-03377:WC-1990,historical,73,74,1,73,74,1,measured_performance,False
P-03377:WC-1994,historical,72,72,0,72,72,0,measured_performance,False
P-03391:WC-1978,historical,72,72,0,72,72,0,measured_performance,False
P-03401:WC-2002,historical,71,71,0,71,71,0,measured_performance,False
P-03406:WC-1978,historical,71,71,0,71,71,0,measured_performance,False
P-03441:WC-1962,historical,85,85,0,85,85,0,measured_performance,False
P-03442:WC-1998,historical,84,85,1,84,85,1,measured_performance,False
P-03447:WC-2002,historical,83,83,0,83,83,0,measured_performance,False
P-03451:WC-1978,historical,82,82,0,80,81,1,measured_performance,False
P-03451:WC-1982,historical,82,82,0,81,81,0,measured_performance,False
P-03454:WC-1986,historical,71,71,0,71,71,0,measured_performance,False
P-03457:WC-2006,historical,80,80,0,80,80,0,measured_performance,False
P-03472:WC-2022,historical,76,77,1,76,77,1,measured_performance,False
P-03484:WC-2022,historical,73,73,0,73,73,0,measured_performance,False
P-03493:WC-1966,historical,88,88,0,88,88,0,measured_performance,False
P-03497:WC-2010,historical,73,73,0,73,73,0,measured_performance,False
P-03499:WC-1938,historical,80,81,1,80,81,1,measured_performance,False
P-03503:WC-1958,historical,72,72,0,72,72,0,measured_performance,False
P-03523:WC-2006,historical,73,73,0,73,73,0,measured_performance,False
P-03524:WC-2006,historical,72,72,0,72,72,0,measured_performance,False
P-03526:WC-1990,historical,73,73,0,73,73,0,measured_performance,False
P-03532:WC-1998,historical,71,71,0,71,71,0,measured_performance,False
P-03545:WC-1934,historical,88,88,0,88,88,0,measured_performance,False
P-03546:WC-1974,historical,76,77,1,76,77,1,measured_performance,False
P-03552:WC-2010,historical,72,73,1,72,73,1,measured_performance,False
P-03558:WC-2006,historical,71,71,0,71,71,0,measured_performance,False
P-03571:WC-1978,historical,72,72,0,72,72,0,measured_performance,False
P-03571:WC-1982,historical,83,83,0,83,83,0,measured_performance,False
P-03576:WC-1934,historical,72,72,0,72,72,0,measured_performance,False
P-03578:WC-1954,historical,71,72,1,71,72,1,measured_performance,False
P-03578:WC-1958,historical,83,83,0,83,83,0,measured_performance,False
P-03578:WC-1962,historical,73,73,0,73,73,0,measured_performance,False
P-03607:WC-1970,historical,88,88,0,88,88,0,measured_performance,False
P-03613:WC-1934,historical,77,77,0,77,77,0,measured_performance,False
P-03616:WC-2022,historical,71,71,0,71,71,0,measured_performance,False
P-03631:WC-1938,historical,71,71,0,71,71,0,measured_performance,False
P-03638:WC-1934,historical,88,88,0,88,88,0,measured_performance,False
P-03644:WC-1966,historical,76,77,1,76,77,1,measured_performance,False
P-03652:WC-1978,historical,88,88,0,88,88,0,career_stature_estimate,False
P-03652:WC-1982,historical,88,88,0,88,88,0,career_stature_estimate,False
P-03652:WC-1986,historical,87,87,0,78,79,1,career_stature_estimate,False
P-03658:WC-1998,historical,88,88,0,88,88,0,measured_performance,False
P-03683:WC-1958,historical,83,83,0,83,83,0,measured_performance,False
P-03706:WC-1998,historical,71,71,0,71,71,0,measured_performance,False
P-03719:WC-1978,historical,72,73,1,72,73,1,measured_performance,False
P-03719:WC-1982,historical,88,88,0,88,88,0,measured_performance,False
P-03719:WC-1986,historical,88,88,0,88,88,0,measured_performance,False
P-03723:WC-2002,historical,80,80,0,80,80,0,measured_performance,False
P-03735:WC-2014,historical,71,71,0,71,71,0,measured_performance,False
P-03741:WC-2002,historical,72,72,0,72,72,0,measured_performance,False
P-03748:WC-2018,historical,68,68,0,68,68,0,measured_performance,False
P-03775:WC-1978,historical,88,88,0,88,88,0,measured_performance,False
P-03775:WC-1982,historical,88,88,0,88,88,0,measured_performance,False
P-03775:WC-1986,historical,84,84,0,84,84,0,measured_performance,False
P-03776:WC-2002,historical,71,71,0,71,71,0,measured_performance,False
P-03810:WC-1970,historical,73,74,1,73,74,1,measured_performance,False
P-03817:WC-1934,historical,72,72,0,72,72,0,measured_performance,False
P-03840:WC-1966,historical,72,72,0,72,72,0,measured_performance,False
P-03861:WC-1966,historical,73,73,0,73,73,0,measured_performance,False
P-03869:WC-2014,historical,70,70,0,70,70,0,measured_performance,False
P-03879:WC-2010,historical,72,73,1,72,73,1,measured_performance,False
P-03886:WC-2014,historical,71,71,0,71,71,0,measured_performance,False
P-03894:WC-1962,historical,72,73,1,72,73,1,measured_performance,False
P-03894:WC-1966,historical,71,71,0,71,71,0,measured_performance,False
P-03905:WC-1978,historical,88,88,0,88,88,0,measured_performance,False
P-03905:WC-1982,historical,87,87,0,87,87,0,measured_performance,False
P-03916:WC-1962,historical,66,66,0,66,66,0,baseline_anchor_estimate,False
P-03917:WC-1962,historical,72,72,0,72,72,0,measured_performance,False
P-03922:WC-2014,historical,71,71,0,71,71,0,measured_performance,False
P-03927:WC-2002,historical,82,82,0,82,82,0,measured_performance,False
P-03942:WC-1990,historical,71,71,0,71,71,0,measured_performance,False
P-03942:WC-1994,historical,83,84,1,83,84,1,measured_performance,False
P-03944:WC-1978,historical,71,71,0,71,71,0,measured_performance,False
P-03945:WC-2022,historical,88,88,0,88,88,0,measured_performance,False
P-03949:WC-2006,historical,73,73,0,73,73,0,measured_performance,False
P-03960:WC-2002,historical,78,79,1,78,79,1,measured_performance,False
P-03963:WC-1986,historical,72,72,0,72,72,0,measured_performance,False
P-03975:WC-1986,historical,68,68,0,68,68,0,measured_performance,False
P-03980:WC-1978,historical,71,71,0,71,71,0,measured_performance,False
P-03989:WC-1978,historical,72,72,0,72,72,0,measured_performance,False
P-04060:WC-1978,historical,72,73,1,72,73,1,measured_performance,False
P-04063:WC-1986,historical,76,77,1,76,77,1,measured_performance,False
P-04065:WC-2002,historical,88,88,0,88,88,0,measured_performance,False
P-04065:WC-2006,historical,88,88,0,88,88,0,measured_performance,False
P-04081:WC-1962,historical,72,72,0,72,72,0,measured_performance,False
P-04087:WC-1954,historical,71,72,1,71,72,1,measured_performance,False
P-04101:WC-1962,historical,71,71,0,71,71,0,measured_performance,False
P-04110:WC-1930,historical,77,78,1,77,78,1,measured_performance,False
P-04130:WC-1966,historical,66,66,0,66,66,0,baseline_anchor_estimate,False
P-04137:WC-2022,historical,71,71,0,71,71,0,measured_performance,False
P-04154:WC-2018,historical,74,75,1,74,75,1,measured_performance,False
P-04157:WC-2018,historical,84,85,1,84,85,1,measured_performance,False
P-04157:WC-2022,historical,71,71,0,71,71,0,measured_performance,False
P-04162:WC-1982,historical,71,71,0,71,71,0,measured_performance,False
P-04188:WC-1998,historical,86,86,0,86,86,0,measured_performance,False
P-04189:WC-1966,historical,72,72,0,72,72,0,measured_performance,False
P-04201:WC-2010,historical,72,73,1,72,73,1,measured_performance,False
P-04210:WC-2006,historical,82,83,1,82,83,1,measured_performance,False
P-04221:WC-2014,historical,71,71,0,71,71,0,measured_performance,False
P-04224:WC-2010,historical,88,88,0,88,88,0,measured_performance,False
P-04224:WC-2014,historical,88,88,0,88,88,0,measured_performance,False
P-04224:WC-2018,historical,73,73,0,73,73,0,measured_performance,False
P-04237:WC-2022,historical,68,68,0,68,68,0,measured_performance,False
P-04241:WC-1934,historical,88,88,0,88,88,0,measured_performance,False
P-04266:WC-1938,historical,88,88,0,88,88,0,measured_performance,False
P-04270:WC-1962,historical,73,73,0,73,73,0,measured_performance,False
P-04270:WC-1966,historical,73,73,0,73,73,0,measured_performance,False
P-04333:WC-2010,historical,71,71,0,71,71,0,measured_performance,False
P-04349:WC-2006,historical,71,71,0,71,71,0,measured_performance,False
P-04354:WC-1966,historical,71,71,0,71,71,0,measured_performance,False
P-04354:WC-1970,historical,88,88,0,88,88,0,measured_performance,False
P-04367:WC-2010,historical,68,68,0,68,68,0,measured_performance,False
P-04391:WC-1990,historical,71,71,0,71,71,0,measured_performance,False
P-04391:WC-1994,historical,71,71,0,71,71,0,measured_performance,False
P-04392:WC-1958,historical,66,66,0,66,66,0,baseline_anchor_estimate,False
P-04392:WC-1962,historical,66,66,0,66,66,0,baseline_anchor_estimate,False
P-04392:WC-1966,historical,70,70,0,70,70,0,baseline_anchor_estimate,False
P-04393:WC-2002,historical,71,71,0,71,71,0,measured_performance,False
P-04397:WC-2010,historical,72,72,0,72,72,0,measured_performance,False
P-04417:WC-1930,historical,72,72,0,72,72,0,measured_performance,False
P-04420:WC-2014,historical,71,71,0,71,71,0,measured_performance,False
P-04434:WC-2018,historical,70,70,0,70,70,0,measured_performance,False
P-04447:WC-1954,historical,66,66,0,66,66,0,baseline_anchor_estimate,False
P-04448:WC-1998,historical,70,70,0,70,70,0,measured_performance,False
P-04455:WC-2002,historical,76,76,0,76,76,0,measured_performance,False
P-04458:WC-1974,historical,69,69,0,69,69,0,measured_performance,False
P-04466:WC-1978,historical,72,73,1,72,73,1,measured_performance,False
P-04469:WC-2006,historical,88,88,0,88,88,0,measured_performance,False
P-04469:WC-2010,historical,72,73,1,72,73,1,measured_performance,False
P-04488:WC-1986,historical,76,77,1,76,77,1,measured_performance,False
P-04514:WC-1982,historical,78,79,1,78,79,1,measured_performance,False
P-04514:WC-1986,historical,71,71,0,71,71,0,measured_performance,False
P-04515:WC-1954,historical,88,88,0,88,88,0,measured_performance,False
P-04538:WC-1958,historical,72,72,0,72,72,0,measured_performance,False
P-04541:WC-2018,historical,70,70,0,70,70,0,measured_performance,False
P-04541:WC-2022,historical,76,77,1,76,77,1,measured_performance,False
P-04554:WC-1974,historical,75,76,1,75,76,1,measured_performance,False
P-04567:WC-2010,historical,72,72,0,72,72,0,measured_performance,False
P-04572:WC-1986,historical,88,88,0,88,88,0,measured_performance,False
P-04572:WC-1990,historical,88,88,0,88,88,0,measured_performance,False
P-04572:WC-1994,historical,85,85,0,85,85,0,measured_performance,False
P-04623:WC-1930,historical,70,70,0,70,70,0,measured_performance,False
P-04639:WC-1970,historical,71,71,0,71,71,0,measured_performance,False
P-04640:WC-1970,historical,71,71,0,71,71,0,measured_performance,False
P-04672:WC-2002,historical,72,72,0,72,72,0,measured_performance,False
P-04686:WC-2018,historical,88,88,0,88,88,0,measured_performance,False
P-04692:WC-1978,historical,71,71,0,71,71,0,measured_performance,False
P-04699:WC-1954,historical,73,73,0,73,73,0,measured_performance,False
P-04721:WC-1954,historical,71,71,0,71,71,0,measured_performance,False
P-04726:WC-2010,historical,72,72,0,72,72,0,measured_performance,False
P-04731:WC-2002,historical,82,82,0,82,82,0,measured_performance,False
P-04739:WC-1974,historical,88,88,0,88,88,0,measured_performance,False
P-04739:WC-1978,historical,88,88,0,88,88,0,measured_performance,False
P-04746:WC-2010,historical,68,68,0,68,68,0,measured_performance,False
P-04762:WC-1938,historical,71,71,0,71,71,0,measured_performance,False
P-04767:WC-2010,historical,71,71,0,71,71,0,measured_performance,False
P-04782:WC-1962,historical,79,79,0,79,79,0,measured_performance,False
P-04782:WC-1966,historical,71,71,0,71,71,0,measured_performance,False
P-04783:WC-1962,historical,70,70,0,70,70,0,baseline_anchor_estimate,False
P-04785:WC-1998,historical,71,71,0,71,71,0,measured_performance,False
P-04785:WC-2002,historical,80,80,0,80,80,0,measured_performance,False
P-04785:WC-2006,historical,71,71,0,71,71,0,measured_performance,False
P-04803:WC-2006,historical,71,71,0,71,71,0,measured_performance,False
P-04808:WC-2014,historical,88,88,0,88,88,0,measured_performance,False
P-04808:WC-2018,historical,79,80,1,79,80,1,measured_performance,False
P-04823:WC-1994,historical,70,71,1,70,71,1,measured_performance,False
P-04834:WC-1986,historical,89,89,0,78,79,1,career_stature_estimate,False
P-04835:WC-1938,historical,73,74,1,73,74,1,measured_performance,False
P-04882:WC-1982,historical,72,72,0,72,72,0,measured_performance,False
P-04888:WC-1994,historical,81,82,1,81,82,1,measured_performance,False
P-04888:WC-1998,historical,79,80,1,79,80,1,measured_performance,False
P-04915:WC-1986,historical,70,70,0,70,70,0,measured_performance,False
P-04924:WC-1974,historical,71,71,0,71,71,0,measured_performance,False
P-04931:WC-1970,historical,77,78,1,77,78,1,measured_performance,False
P-04940:WC-1978,historical,72,72,0,72,72,0,measured_performance,False
P-04951:WC-1954,historical,66,66,0,66,66,0,baseline_anchor_estimate,False
P-04962:WC-1938,historical,78,79,1,78,79,1,measured_performance,False
P-04964:WC-2014,historical,88,88,0,88,88,0,measured_performance,False
P-04964:WC-2018,historical,88,88,0,88,88,0,measured_performance,False
P-04977:WC-2006,historical,71,71,0,71,71,0,measured_performance,False
P-05024:WC-1950,historical,71,71,0,71,71,0,measured_performance,False
P-05029:WC-2002,historical,71,71,0,71,71,0,measured_performance,False
P-05061:WC-1986,historical,84,85,1,84,85,1,measured_performance,False
P-05061:WC-1994,historical,88,88,0,88,88,0,measured_performance,False
P-05081:WC-2002,historical,73,74,1,73,74,1,measured_performance,False
P-05119:WC-1950,historical,71,71,0,71,71,0,measured_performance,False
P-05120:WC-2006,historical,71,71,0,71,71,0,measured_performance,False
P-05120:WC-2014,historical,71,71,0,71,71,0,measured_performance,False
P-05120:WC-2018,historical,71,71,0,71,71,0,measured_performance,False
P-05132:WC-1962,historical,86,87,1,86,87,1,measured_performance,False
P-05132:WC-1966,historical,84,84,0,84,84,0,measured_performance,False
P-05159:WC-1938,historical,73,73,0,73,73,0,measured_performance,False
P-05164:WC-2022,historical,88,88,0,88,88,0,measured_performance,False
P-05174:WC-2022,historical,80,81,1,76,77,1,career_stature_estimate,False
P-05185:WC-1934,historical,72,72,0,72,72,0,measured_performance,False
P-05210:WC-2010,historical,79,79,0,79,79,0,measured_performance,False
P-05210:WC-2014,historical,86,86,0,86,86,0,measured_performance,False
P-05216:WC-2022,historical,72,72,0,72,72,0,measured_performance,False
P-05221:WC-1966,historical,71,71,0,71,71,0,measured_performance,False
P-05227:WC-2006,historical,70,70,0,70,70,0,measured_performance,False
P-05227:WC-2014,historical,70,70,0,70,70,0,measured_performance,False
P-05235:WC-2002,historical,72,72,0,72,72,0,measured_performance,False
P-05242:WC-1958,historical,71,72,1,71,72,1,measured_performance,False
P-05248:WC-1966,historical,84,84,0,84,84,0,measured_performance,False
P-05257:WC-1966,historical,69,69,0,69,69,0,measured_performance,False
P-05262:WC-1978,historical,80,80,0,80,80,0,measured_performance,False
P-05265:WC-2022,historical,77,77,0,77,77,0,measured_performance,False
P-05289:WC-2022,historical,71,71,0,71,71,0,measured_performance,False
P-05291:WC-1982,historical,70,70,0,70,70,0,measured_performance,False
P-05300:WC-1962,historical,71,72,1,71,72,1,measured_performance,False
P-05303:WC-1938,historical,72,72,0,72,72,0,measured_performance,False
P-05304:WC-2022,historical,81,82,1,81,82,1,measured_performance,False
P-05318:WC-2018,historical,72,72,0,72,72,0,measured_performance,False
P-05318:WC-2022,historical,71,71,0,71,71,0,measured_performance,False
P-05324:WC-1966,historical,78,78,0,78,78,0,measured_performance,False
P-05329:WC-1970,historical,73,73,0,73,73,0,measured_performance,False
P-05331:WC-1954,historical,85,85,0,85,85,0,measured_performance,False
P-05337:WC-2002,historical,72,72,0,72,72,0,measured_performance,False
P-05368:WC-2014,historical,73,73,0,73,73,0,measured_performance,False
P-05369:WC-2014,historical,71,71,0,71,71,0,measured_performance,False
P-05377:WC-2014,historical,68,68,0,68,68,0,measured_performance,False
P-05385:WC-1994,historical,88,88,0,84,84,0,career_stature_estimate,True
P-05387:WC-1982,historical,71,71,0,71,71,0,measured_performance,False
P-05390:WC-2002,historical,75,76,1,75,76,1,measured_performance,False
P-05392:WC-2014,historical,78,79,1,78,79,1,measured_performance,False
P-05425:WC-2006,historical,72,72,0,72,72,0,measured_performance,False
P-05434:WC-1986,historical,76,77,1,76,77,1,measured_performance,False
P-05434:WC-1990,historical,70,70,0,70,70,0,measured_performance,False
P-05443:WC-1938,historical,72,72,0,72,72,0,measured_performance,False
P-05450:WC-2018,historical,70,70,0,70,70,0,measured_performance,False
P-05459:WC-2010,historical,68,68,0,68,68,0,measured_performance,False
P-05462:WC-1950,historical,69,69,0,69,69,0,measured_performance,False
P-05470:WC-1930,historical,78,79,1,78,79,1,measured_performance,False
P-05470:WC-1934,historical,72,72,0,72,72,0,measured_performance,False
P-05485:WC-1950,historical,69,69,0,69,69,0,measured_performance,False
P-05511:WC-1982,historical,88,88,0,88,88,0,measured_performance,False
P-05511:WC-1986,historical,77,78,1,77,78,1,measured_performance,False
P-05529:WC-1982,historical,71,71,0,71,71,0,measured_performance,False
P-05530:WC-1982,historical,78,78,0,78,78,0,measured_performance,False
P-05537:WC-1962,historical,88,88,0,88,88,0,measured_performance,False
P-05550:WC-1954,historical,73,73,0,73,73,0,measured_performance,False
P-05559:WC-2022,historical,76,77,1,76,77,1,measured_performance,False
P-05562:WC-1982,historical,71,71,0,71,71,0,measured_performance,False
P-05562:WC-1986,historical,84,85,1,84,85,1,measured_performance,False
P-05583:WC-2002,historical,80,80,0,80,80,0,measured_performance,False
P-05583:WC-2006,historical,79,80,1,79,80,1,measured_performance,False
P-05606:WC-1954,historical,73,73,0,73,73,0,measured_performance,False
P-05609:WC-1934,historical,88,88,0,88,88,0,measured_performance,False
P-05616:WC-1966,historical,85,85,0,85,85,0,measured_performance,False
P-05619:WC-1962,historical,70,71,1,70,71,1,measured_performance,False
P-05630:WC-2002,historical,75,76,1,75,76,1,measured_performance,False
P-05630:WC-2010,historical,87,87,0,87,87,0,measured_performance,False
P-05631:WC-1962,historical,84,84,0,84,84,0,measured_performance,False
P-05631:WC-1966,historical,75,76,1,75,76,1,measured_performance,False
P-05631:WC-1970,historical,72,72,0,72,72,0,measured_performance,False
P-05681:WC-1962,historical,66,66,0,66,66,0,baseline_anchor_estimate,False
P-05681:WC-1966,historical,69,69,0,69,69,0,measured_performance,False
P-05695:WC-1978,historical,84,84,0,84,84,0,measured_performance,False
P-05695:WC-1982,historical,84,84,0,84,84,0,measured_performance,False
P-05695:WC-1986,historical,71,71,0,71,71,0,measured_performance,False
P-05699:WC-1978,historical,77,78,1,77,78,1,measured_performance,False
P-05699:WC-1982,historical,77,77,0,77,77,0,measured_performance,False
P-05707:WC-2010,historical,71,71,0,71,71,0,measured_performance,False
P-05710:WC-1950,historical,71,71,0,71,71,0,measured_performance,False
P-05719:WC-1934,historical,88,88,0,88,88,0,measured_performance,False
P-05723:WC-1986,historical,73,73,0,73,73,0,measured_performance,False
P-05723:WC-1990,historical,75,76,1,75,76,1,measured_performance,False
P-05728:WC-2002,historical,88,88,0,88,88,0,measured_performance,False
P-05728:WC-2006,historical,72,72,0,72,72,0,measured_performance,False
P-05728:WC-2010,historical,88,88,0,88,88,0,measured_performance,False
P-05758:WC-2010,historical,73,73,0,73,73,0,measured_performance,False
P-05758:WC-2014,historical,71,71,0,71,71,0,measured_performance,False
P-05766:WC-1954,historical,89,89,0,89,89,0,measured_performance,False
P-05772:WC-1934,historical,73,74,1,73,74,1,measured_performance,False
P-05779:WC-1998,historical,88,88,0,88,88,0,measured_performance,False
P-05783:WC-2006,historical,73,73,0,73,73,0,measured_performance,False
P-05791:WC-1990,historical,70,70,0,70,70,0,measured_performance,False
P-05805:WC-2014,historical,71,71,0,71,71,0,measured_performance,False
P-05818:WC-1998,historical,70,70,0,70,70,0,measured_performance,False
P-05819:WC-1962,historical,88,88,0,88,88,0,measured_performance,False
P-05820:WC-1986,historical,88,88,0,88,88,0,measured_performance,False
P-05845:WC-2002,historical,71,71,0,71,71,0,measured_performance,False
P-05862:WC-2018,historical,72,72,0,72,72,0,measured_performance,False
P-05864:WC-2022,historical,71,71,0,71,71,0,measured_performance,False
P-05872:WC-1970,historical,72,72,0,72,72,0,measured_performance,False
P-05885:WC-1990,historical,76,77,1,76,77,1,measured_performance,False
P-05901:WC-2022,historical,71,71,0,71,71,0,measured_performance,False
P-05902:WC-1978,historical,88,88,0,88,88,0,measured_performance,False
P-05915:WC-1998,historical,72,72,0,72,72,0,measured_performance,False
P-05917:WC-2022,historical,71,71,0,71,71,0,measured_performance,False
P-05918:WC-2006,historical,74,75,1,74,75,1,measured_performance,False
P-05922:WC-2018,historical,82,82,0,82,82,0,measured_performance,False
P-05935:WC-1986,historical,72,72,0,72,72,0,measured_performance,False
P-05971:WC-1958,historical,70,70,0,70,70,0,measured_performance,False
P-05974:WC-1982,historical,71,71,0,71,71,0,measured_performance,False
P-05990:WC-2014,historical,71,71,0,71,71,0,measured_performance,False
P-06000:WC-2010,historical,68,68,0,68,68,0,measured_performance,False
P-06005:WC-2010,historical,70,70,0,70,70,0,measured_performance,False
P-06015:WC-1970,historical,77,77,0,77,77,0,measured_performance,False
P-06015:WC-1974,historical,88,88,0,88,88,0,measured_performance,False
P-06015:WC-1978,historical,88,88,0,88,88,0,measured_performance,False
P-06015:WC-1986,historical,71,71,0,71,71,0,measured_performance,False
P-06017:WC-2002,historical,75,76,1,75,76,1,measured_performance,False
P-06020:WC-1994,historical,68,68,0,68,68,0,measured_performance,False
P-06020:WC-1998,historical,72,72,0,72,72,0,measured_performance,False
P-06024:WC-2014,historical,78,79,1,78,79,1,measured_performance,False
P-06049:WC-1954,historical,66,66,0,66,66,0,baseline_anchor_estimate,False
P-06076:WC-2022,historical,78,79,1,78,79,1,measured_performance,False
P-06095:WC-1982,historical,88,88,0,88,88,0,measured_performance,False
P-06098:WC-1982,historical,78,78,0,78,78,0,measured_performance,False
P-06103:WC-1958,historical,73,73,0,73,73,0,measured_performance,False
P-06103:WC-1962,historical,70,71,1,70,71,1,measured_performance,False
P-06108:WC-2010,historical,72,72,0,72,72,0,measured_performance,False
P-06111:WC-1938,historical,72,72,0,72,72,0,measured_performance,False
P-06115:WC-1986,historical,81,81,0,81,81,0,measured_performance,False
P-06117:WC-2010,historical,72,72,0,72,72,0,measured_performance,False
P-06117:WC-2014,historical,72,72,0,72,72,0,measured_performance,False
P-06117:WC-2022,historical,81,82,1,81,82,1,measured_performance,False
P-06124:WC-1950,historical,75,76,1,75,76,1,measured_performance,False
P-06127:WC-1990,historical,87,87,0,87,87,0,measured_performance,False
P-06129:WC-2006,historical,70,70,0,70,70,0,measured_performance,False
P-06135:WC-2002,historical,75,76,1,75,76,1,measured_performance,False
P-06141:WC-1966,historical,72,72,0,72,72,0,measured_performance,False
P-06148:WC-1938,historical,66,66,0,66,66,0,baseline_anchor_estimate,False
P-06159:WC-2010,historical,75,76,1,75,76,1,measured_performance,False
P-06162:WC-2002,historical,70,70,0,70,70,0,measured_performance,False
P-06183:WC-1994,historical,84,84,0,84,84,0,measured_performance,False
P-06193:WC-1982,historical,88,88,0,88,88,0,measured_performance,False
P-06201:WC-1930,historical,81,82,1,81,82,1,measured_performance,False
P-06205:WC-2006,historical,68,68,0,68,68,0,measured_performance,False
P-06223:WC-2010,historical,72,72,0,72,72,0,measured_performance,False
P-06256:WC-2002,historical,86,86,0,86,86,0,measured_performance,False
P-06256:WC-2006,historical,87,87,0,87,87,0,measured_performance,False
P-06277:WC-1974,historical,72,72,0,72,72,0,measured_performance,False
P-06280:WC-2002,historical,73,74,1,73,74,1,measured_performance,False
P-06285:WC-2010,historical,72,73,1,72,73,1,measured_performance,False
P-06291:WC-1950,historical,66,66,0,66,66,0,baseline_anchor_estimate,False
P-06291:WC-1954,historical,80,80,0,80,80,0,measured_performance,False
P-06291:WC-1958,historical,76,77,1,76,77,1,measured_performance,False
P-06318:WC-1982,historical,70,70,0,70,70,0,measured_performance,False
P-06319:WC-1954,historical,66,66,0,66,66,0,baseline_anchor_estimate,False
P-06338:WC-2018,historical,85,85,0,85,85,0,measured_performance,False
P-06338:WC-2022,historical,71,71,0,71,71,0,measured_performance,False
P-06356:WC-2014,historical,72,72,0,72,72,0,measured_performance,False
P-06356:WC-2018,historical,82,82,0,82,82,0,measured_performance,False
P-06370:WC-1994,historical,78,79,1,78,79,1,measured_performance,False
P-06370:WC-1998,historical,81,82,1,81,82,1,measured_performance,False
P-06370:WC-2002,historical,72,72,0,72,72,0,measured_performance,False
P-06372:WC-1990,historical,75,76,1,75,76,1,measured_performance,False
P-06372:WC-1994,historical,72,72,0,72,72,0,measured_performance,False
P-06378:WC-1990,historical,72,72,0,72,72,0,measured_performance,False
P-06384:WC-2006,historical,71,71,0,71,71,0,measured_performance,False
P-06424:WC-1930,historical,88,88,0,88,88,0,measured_performance,False
P-06434:WC-1994,historical,70,70,0,70,70,0,measured_performance,False
P-06446:WC-2022,historical,73,73,0,73,73,0,measured_performance,False
P-06457:WC-2006,historical,68,68,0,68,68,0,measured_performance,False
P-06459:WC-1994,historical,72,72,0,72,72,0,measured_performance,False
P-06468:WC-2002,historical,68,68,0,68,68,0,measured_performance,False
P-06468:WC-2006,historical,87,87,0,87,87,0,measured_performance,False
P-06476:WC-2010,historical,72,72,0,72,72,0,measured_performance,False
P-06477:WC-1938,historical,72,72,0,72,72,0,measured_performance,False
P-06498:WC-1986,historical,81,81,0,81,81,0,measured_performance,False
P-06498:WC-1990,historical,87,87,0,87,87,0,measured_performance,False
P-06511:WC-1998,historical,73,74,1,73,74,1,measured_performance,False
P-06520:WC-1962,historical,72,72,0,72,72,0,measured_performance,False
P-06520:WC-1966,historical,73,73,0,73,73,0,measured_performance,False
P-06520:WC-1970,historical,76,77,1,76,77,1,measured_performance,False
P-06524:WC-1954,historical,71,72,1,71,72,1,measured_performance,False
P-06529:WC-1954,historical,66,66,0,66,66,0,baseline_anchor_estimate,False
P-06541:WC-1974,historical,75,76,1,75,76,1,measured_performance,False
P-06545:WC-2022,historical,68,68,0,68,68,0,measured_performance,False
P-06565:WC-1998,historical,72,72,0,72,72,0,measured_performance,False
P-06573:WC-1986,historical,68,68,0,68,68,0,measured_performance,False
P-06573:WC-1990,historical,82,83,1,82,83,1,measured_performance,False
P-06608:WC-2006,historical,71,71,0,71,71,0,measured_performance,False
P-06608:WC-2010,historical,85,86,1,85,86,1,measured_performance,False
P-06608:WC-2014,historical,71,71,0,71,71,0,measured_performance,False
P-06614:WC-2022,historical,82,82,0,82,82,0,measured_performance,False
P-06645:WC-1994,historical,71,71,0,71,71,0,measured_performance,False
P-06647:WC-1970,historical,71,71,0,71,71,0,measured_performance,False
P-06659:WC-2022,historical,71,71,0,71,71,0,measured_performance,False
P-06667:WC-1974,historical,88,88,0,88,88,0,measured_performance,False
P-06667:WC-1978,historical,87,87,0,87,87,0,measured_performance,False
P-06678:WC-2014,historical,80,81,1,80,81,1,measured_performance,False
P-06684:WC-1990,historical,71,71,0,71,71,0,measured_performance,False
P-06693:WC-1998,historical,78,78,0,78,78,0,measured_performance,False
P-06696:WC-2018,historical,72,72,0,72,72,0,measured_performance,False
P-06708:WC-1982,historical,70,70,0,70,70,0,measured_performance,False
P-06709:WC-1966,historical,73,73,0,73,73,0,measured_performance,False
P-06724:WC-1966,historical,66,66,0,66,66,0,baseline_anchor_estimate,False
P-06730:WC-1950,historical,88,88,0,88,88,0,measured_performance,False
P-06736:WC-1982,historical,84,84,0,84,84,0,measured_performance,False
P-06736:WC-1986,historical,82,82,0,82,82,0,measured_performance,False
P-06741:WC-1950,historical,66,66,0,66,66,0,baseline_anchor_estimate,False
P-06745:WC-1986,historical,83,83,0,83,83,0,measured_performance,False
P-06750:WC-2022,historical,71,71,0,71,71,0,measured_performance,False
P-06754:WC-2006,historical,71,72,1,71,72,1,measured_performance,False
P-06754:WC-2010,historical,72,72,0,72,72,0,measured_performance,False
P-06774:WC-1978,historical,71,71,0,71,71,0,measured_performance,False
P-06789:WC-2022,historical,79,79,0,79,79,0,measured_performance,False
P-06791:WC-1934,historical,72,72,0,72,72,0,measured_performance,False
P-06835:WC-1982,historical,71,71,0,71,71,0,measured_performance,False
P-06851:WC-2014,historical,71,71,0,71,71,0,measured_performance,False
P-06851:WC-2018,historical,76,76,0,76,76,0,measured_performance,False
P-06854:WC-1998,historical,71,71,0,71,71,0,measured_performance,False
P-06866:WC-1930,historical,70,70,0,70,70,0,measured_performance,False
P-06935:WC-2002,historical,72,72,0,72,72,0,measured_performance,False
P-06948:WC-1958,historical,83,83,0,83,83,0,measured_performance,False
P-06957:WC-1994,historical,76,77,1,76,77,1,measured_performance,False
P-06964:WC-1994,historical,88,88,0,88,88,0,measured_performance,False
P-06967:WC-2010,historical,71,71,0,71,71,0,measured_performance,False
P-06976:WC-1978,historical,88,88,0,88,88,0,measured_performance,False
P-06976:WC-1982,historical,87,87,0,87,87,0,measured_performance,False
P-06977:WC-2010,historical,71,71,0,71,71,0,measured_performance,False
P-06985:WC-2002,historical,71,71,0,71,71,0,measured_performance,False
P-06989:WC-1982,historical,74,75,1,74,75,1,measured_performance,False
P-07013:WC-2018,historical,72,72,0,72,72,0,measured_performance,False
P-07024:WC-1938,historical,80,81,1,80,81,1,measured_performance,False
P-07028:WC-1954,historical,99,99,0,90,90,0,career_stature_estimate,True
P-07031:WC-1990,historical,73,73,0,73,73,0,measured_performance,False
P-07031:WC-1994,historical,82,83,1,82,83,1,measured_performance,False
P-07031:WC-1998,historical,72,72,0,72,72,0,measured_performance,False
P-07038:WC-2014,historical,71,71,0,71,71,0,measured_performance,False
P-07046:WC-1966,historical,66,66,0,66,66,0,baseline_anchor_estimate,False
P-07056:WC-1958,historical,88,88,0,88,88,0,measured_performance,False
P-07056:WC-1962,historical,88,88,0,88,88,0,measured_performance,False
P-07056:WC-1966,historical,72,72,0,72,72,0,measured_performance,False
P-07076:WC-2014,historical,71,71,0,71,71,0,measured_performance,False
P-07088:WC-2002,historical,72,72,0,72,72,0,measured_performance,False
P-07088:WC-2006,historical,72,72,0,72,72,0,measured_performance,False
P-07089:WC-2022,historical,73,73,0,73,73,0,measured_performance,False
P-07090:WC-1954,historical,68,68,0,68,68,0,measured_performance,False
P-07093:WC-1950,historical,71,71,0,71,71,0,measured_performance,False
P-07093:WC-1954,historical,71,71,0,71,71,0,measured_performance,False
P-07122:WC-1930,historical,77,78,1,77,78,1,measured_performance,False
P-07131:WC-1938,historical,86,86,0,86,86,0,measured_performance,False
P-07137:WC-2022,historical,71,71,0,71,71,0,measured_performance,False
P-07140:WC-1986,historical,71,71,0,71,71,0,measured_performance,False
P-07141:WC-1974,historical,78,79,1,78,79,1,measured_performance,False
P-07148:WC-2006,historical,71,71,0,71,71,0,measured_performance,False
P-07153:WC-2018,historical,73,74,1,73,74,1,measured_performance,False
P-07167:WC-1954,historical,73,73,0,73,73,0,measured_performance,False
P-07171:WC-1982,historical,88,88,0,88,88,0,measured_performance,False
P-07171:WC-1986,historical,89,89,0,89,89,0,measured_performance,False
P-07180:WC-2014,historical,83,83,0,83,83,0,measured_performance,False
P-07180:WC-2018,historical,72,72,0,72,72,0,measured_performance,False
P-07180:WC-2022,historical,72,72,0,72,72,0,measured_performance,False
P-07188:WC-1974,historical,86,86,0,86,86,0,measured_performance,False
P-07203:WC-1966,historical,72,72,0,72,72,0,measured_performance,False
P-07223:WC-1990,historical,72,72,0,72,72,0,measured_performance,False
P-07233:WC-2022,historical,87,87,0,87,87,0,measured_performance,False
P-07254:WC-1938,historical,86,86,0,86,86,0,measured_performance,False
P-07259:WC-2014,historical,78,79,1,78,79,1,measured_performance,False
P-07259:WC-2018,historical,79,80,1,79,80,1,measured_performance,False
P-07259:WC-2022,historical,87,87,0,87,87,0,measured_performance,False
P-07282:WC-1958,historical,79,79,0,79,79,0,measured_performance,False
P-07284:WC-1990,historical,83,84,1,83,84,1,measured_performance,False
P-07302:WC-2006,historical,71,71,0,71,71,0,measured_performance,False
P-07304:WC-2022,historical,71,71,0,71,71,0,measured_performance,False
P-07338:WC-2006,historical,71,71,0,71,71,0,measured_performance,False
P-07353:WC-2014,historical,68,68,0,68,68,0,measured_performance,False
P-07358:WC-1938,historical,72,72,0,72,72,0,measured_performance,False
P-07363:WC-1986,historical,71,71,0,71,71,0,measured_performance,False
P-07368:WC-2006,historical,87,87,0,87,87,0,measured_performance,False
P-07371:WC-2010,historical,81,81,0,81,81,0,measured_performance,False
P-07398:WC-1934,historical,72,72,0,72,72,0,measured_performance,False
P-07441:WC-1958,historical,85,85,0,85,85,0,measured_performance,False
P-07453:WC-2014,historical,72,73,1,72,73,1,measured_performance,False
P-07453:WC-2018,historical,83,83,0,83,83,0,measured_performance,False
P-07475:WC-2010,historical,73,73,0,73,73,0,measured_performance,False
P-07475:WC-2014,historical,71,71,0,71,71,0,measured_performance,False
P-07477:WC-1982,historical,78,78,0,78,78,0,measured_performance,False
P-07479:WC-1974,historical,88,88,0,88,88,0,measured_performance,False
P-07482:WC-2006,historical,72,72,0,72,72,0,measured_performance,False
P-07494:WC-2010,historical,86,86,0,86,86,0,measured_performance,False
P-07517:WC-1994,historical,88,88,0,88,88,0,measured_performance,False
P-07520:WC-1994,historical,76,77,1,76,77,1,measured_performance,False
P-07520:WC-1998,historical,72,72,0,72,72,0,measured_performance,False
P-07520:WC-2002,historical,78,79,1,78,79,1,measured_performance,False
P-07526:WC-1930,historical,73,74,1,73,74,1,measured_performance,False
P-07544:WC-1962,historical,84,84,0,84,84,0,measured_performance,False
P-07545:WC-1958,historical,85,85,0,85,85,0,measured_performance,False
P-07553:WC-1990,historical,71,71,0,71,71,0,measured_performance,False
P-07553:WC-1998,historical,81,81,0,81,81,0,measured_performance,False
P-07553:WC-2002,historical,71,71,0,71,71,0,measured_performance,False
P-07553:WC-2006,historical,84,84,0,84,84,0,measured_performance,False
P-07554:WC-1986,historical,73,74,1,73,74,1,measured_performance,False
P-07559:WC-2002,historical,71,71,0,71,71,0,measured_performance,False
P-07563:WC-1950,historical,81,82,1,81,82,1,measured_performance,False
P-07577:WC-1998,historical,71,71,0,71,71,0,measured_performance,False
P-07585:WC-1998,historical,71,71,0,71,71,0,measured_performance,False
P-07594:WC-2018,historical,84,85,1,84,85,1,measured_performance,False
P-07614:WC-2006,historical,71,71,0,71,71,0,measured_performance,False
P-07614:WC-2018,historical,71,71,0,71,71,0,measured_performance,False
P-07620:WC-1950,historical,86,86,0,86,86,0,measured_performance,False
P-07624:WC-2010,historical,72,73,1,72,73,1,measured_performance,False
P-07639:WC-1950,historical,78,78,0,78,78,0,measured_performance,False
P-07663:WC-1982,historical,87,87,0,87,87,0,measured_performance,False
P-07670:WC-2014,historical,75,76,1,75,76,1,measured_performance,False
P-07670:WC-2018,historical,88,88,0,88,88,0,measured_performance,False
P-07670:WC-2022,historical,88,88,0,88,88,0,measured_performance,False
P-07679:WC-1994,historical,88,88,0,88,88,0,measured_performance,False
P-07683:WC-1994,historical,72,72,0,72,72,0,measured_performance,False
P-07683:WC-2002,historical,86,86,0,86,86,0,measured_performance,False
P-07687:WC-1990,historical,71,72,1,71,72,1,measured_performance,False
P-07709:WC-1950,historical,73,73,0,73,73,0,measured_performance,False
P-07710:WC-1986,historical,70,70,0,70,70,0,measured_performance,False
P-07720:WC-1990,historical,73,74,1,73,74,1,measured_performance,False
P-07720:WC-1994,historical,78,79,1,78,79,1,measured_performance,False
P-07720:WC-1998,historical,72,72,0,72,72,0,measured_performance,False
P-07753:WC-1986,historical,84,84,0,84,84,0,measured_performance,False
P-07796:WC-2018,historical,86,86,0,86,86,0,measured_performance,False
P-07807:WC-2018,historical,74,75,1,74,75,1,measured_performance,False
P-07810:WC-1982,historical,71,71,0,71,71,0,measured_performance,False
P-07812:WC-1970,historical,88,88,0,88,88,0,measured_performance,False
P-07864:WC-2010,historical,71,71,0,71,71,0,measured_performance,False
P-07864:WC-2014,historical,71,71,0,71,71,0,measured_performance,False
P-07865:WC-2002,historical,88,88,0,88,88,0,measured_performance,False
P-07865:WC-2006,historical,80,80,0,80,80,0,measured_performance,False
P-07867:WC-1934,historical,80,80,0,80,80,0,measured_performance,False
P-07870:WC-2014,historical,87,87,0,87,87,0,measured_performance,False
P-07875:WC-2022,historical,76,77,1,76,77,1,measured_performance,False
P-07892:WC-1994,historical,76,77,1,76,77,1,measured_performance,False
P-07902:WC-1994,historical,72,73,1,72,73,1,measured_performance,False
P-07902:WC-2002,historical,88,88,0,88,88,0,measured_performance,False
P-07928:WC-2010,historical,71,71,0,71,71,0,measured_performance,False
P-07951:WC-1998,historical,72,72,0,72,72,0,measured_performance,False
P-07955:WC-1986,historical,76,77,1,76,77,1,measured_performance,False
P-07972:WC-1930,historical,73,74,1,73,74,1,measured_performance,False
P-07972:WC-1938,historical,73,74,1,73,74,1,measured_performance,False
P-07978:WC-1978,historical,88,88,0,88,88,0,measured_performance,False
P-07978:WC-1982,historical,84,84,0,84,84,0,measured_performance,False
P-07985:WC-1978,historical,79,80,1,79,80,1,measured_performance,False
P-08028:WC-2006,historical,71,71,0,71,71,0,measured_performance,False
P-08045:WC-1966,historical,78,78,0,78,78,0,measured_performance,False
P-08049:WC-2010,historical,72,72,0,72,72,0,measured_performance,False
P-08051:WC-1982,historical,68,68,0,68,68,0,measured_performance,False
P-08052:WC-1934,historical,66,66,0,66,66,0,baseline_anchor_estimate,False
P-08069:WC-2010,historical,72,72,0,72,72,0,measured_performance,False
P-08071:WC-1986,historical,71,71,0,71,71,0,measured_performance,False
P-08096:WC-1986,historical,76,77,1,76,77,1,measured_performance,False
P-08096:WC-1990,historical,75,76,1,75,76,1,measured_performance,False
P-08113:WC-2006,historical,68,68,0,68,68,0,measured_performance,False
P-08125:WC-2022,historical,79,79,0,79,79,0,measured_performance,False
P-08131:WC-1938,historical,72,72,0,72,72,0,measured_performance,False
P-08136:WC-1954,historical,88,88,0,88,88,0,measured_performance,False
P-08136:WC-1958,historical,89,89,0,89,89,0,measured_performance,False
P-08154:WC-2006,historical,88,88,0,88,88,0,measured_performance,False
P-08169:WC-2014,historical,72,72,0,72,72,0,measured_performance,False
P-08169:WC-2018,historical,86,87,1,86,87,1,measured_performance,False
P-08169:WC-2022,historical,88,88,0,88,88,0,measured_performance,False
P-08196:WC-1998,historical,68,68,0,68,68,0,measured_performance,False
P-08234:WC-1950,historical,71,71,0,71,71,0,measured_performance,False
P-08239:WC-1990,historical,88,88,0,88,88,0,measured_performance,False
P-08253:WC-2018,historical,72,72,0,72,72,0,measured_performance,False
P-08262:WC-1998,historical,72,72,0,72,72,0,measured_performance,False
P-08268:WC-1970,historical,85,85,0,85,85,0,measured_performance,False
P-08275:WC-2014,historical,75,76,1,75,76,1,measured_performance,False
P-08277:WC-1958,historical,70,71,1,70,71,1,measured_performance,False
P-08286:WC-1966,historical,66,66,0,66,66,0,baseline_anchor_estimate,False
P-08289:WC-1990,historical,88,88,0,88,88,0,measured_performance,False
P-08298:WC-1974,historical,73,73,0,73,73,0,measured_performance,False
P-08305:WC-2010,historical,71,71,0,71,71,0,measured_performance,False
P-08307:WC-2002,historical,85,85,0,85,85,0,measured_performance,False
P-08307:WC-2010,historical,73,73,0,73,73,0,measured_performance,False
P-08310:WC-2006,historical,71,71,0,71,71,0,measured_performance,False
P-08312:WC-2018,historical,73,73,0,73,73,0,measured_performance,False
P-08340:WC-1958,historical,72,72,0,72,72,0,measured_performance,False
P-08359:WC-2022,historical,71,71,0,71,71,0,measured_performance,False
P-08365:WC-2006,historical,80,80,0,80,80,0,measured_performance,False
P-08415:WC-2006,historical,74,75,1,74,75,1,measured_performance,False
P-08424:WC-1970,historical,73,73,0,73,73,0,measured_performance,False
P-08442:WC-2018,historical,83,83,0,83,83,0,measured_performance,False
P-08442:WC-2022,historical,71,71,0,71,71,0,measured_performance,False
P-08449:WC-1970,historical,79,80,1,79,80,1,measured_performance,False
P-08451:WC-1958,historical,81,81,0,81,81,0,measured_performance,False
P-08453:WC-1998,historical,86,86,0,86,86,0,measured_performance,False
P-08459:WC-1930,historical,88,88,0,88,88,0,measured_performance,False
P-08514:WC-1998,historical,84,84,0,84,84,0,measured_performance,False
P-08514:WC-2002,historical,88,88,0,88,88,0,measured_performance,False
P-08522:WC-2010,historical,68,68,0,68,68,0,measured_performance,False
P-08526:WC-1930,historical,73,74,1,73,74,1,measured_performance,False
P-08534:WC-1950,historical,73,73,0,73,73,0,measured_performance,False
P-08539:WC-2006,historical,71,71,0,71,71,0,measured_performance,False
P-08539:WC-2010,historical,71,71,0,71,71,0,measured_performance,False
P-08544:WC-2006,historical,80,80,0,80,80,0,measured_performance,False
P-08544:WC-2010,historical,71,71,0,71,71,0,measured_performance,False
P-08544:WC-2014,historical,78,79,1,78,79,1,measured_performance,False
P-08566:WC-1930,historical,79,79,0,79,79,0,measured_performance,False
P-08567:WC-1986,historical,70,70,0,70,70,0,measured_performance,False
P-08601:WC-1958,historical,91,91,0,71,72,1,career_stature_estimate,True
P-08601:WC-1962,historical,93,93,0,86,86,0,career_stature_estimate,True
P-08601:WC-1966,historical,94,94,0,88,88,0,career_stature_estimate,True
P-08601:WC-1970,historical,91,91,0,79,79,0,career_stature_estimate,True
P-08623:WC-1986,historical,76,76,0,76,76,0,measured_performance,False
P-08623:WC-1990,historical,78,78,0,78,78,0,measured_performance,False
P-08623:WC-1994,historical,78,79,1,78,79,1,measured_performance,False
P-08623:WC-1998,historical,73,74,1,73,74,1,measured_performance,False
P-08627:WC-1934,historical,71,71,0,71,71,0,measured_performance,False
P-08628:WC-2018,historical,68,68,0,68,68,0,measured_performance,False
P-08678:WC-2006,historical,68,68,0,68,68,0,measured_performance,False
P-08689:WC-2010,historical,84,84,0,84,84,0,measured_performance,False
P-08700:WC-1998,historical,72,72,0,72,72,0,measured_performance,False
P-08703:WC-1990,historical,88,88,0,88,88,0,measured_performance,False
P-08703:WC-1994,historical,76,77,1,76,77,1,measured_performance,False
P-08708:WC-2010,historical,72,72,0,72,72,0,measured_performance,False
P-08708:WC-2014,historical,70,70,0,70,70,0,measured_performance,False
P-08713:WC-1978,historical,73,74,1,73,74,1,measured_performance,False
P-08714:WC-2018,historical,71,71,0,71,71,0,measured_performance,False
P-08726:WC-1986,historical,72,72,0,72,72,0,measured_performance,False
P-08730:WC-1994,historical,73,74,1,73,74,1,measured_performance,False
P-08736:WC-1958,historical,73,73,0,73,73,0,measured_performance,False
P-08770:WC-1950,historical,73,73,0,73,73,0,measured_performance,False
P-08785:WC-1994,historical,71,71,0,71,71,0,measured_performance,False
P-08805:WC-1958,historical,88,88,0,88,88,0,measured_performance,False
P-08814:WC-1930,historical,71,71,0,71,71,0,measured_performance,False
P-08834:WC-2014,historical,68,68,0,68,68,0,measured_performance,False
P-08847:WC-1962,historical,72,72,0,72,72,0,measured_performance,False
P-08861:WC-1986,historical,72,72,0,72,72,0,measured_performance,False
P-08863:WC-1994,historical,78,79,1,78,79,1,measured_performance,False
P-08863:WC-1998,historical,73,74,1,73,74,1,measured_performance,False
P-08874:WC-1954,historical,71,71,0,71,71,0,measured_performance,False
P-08896:WC-2018,historical,71,71,0,71,71,0,measured_performance,False
P-08896:WC-2022,historical,84,84,0,84,84,0,measured_performance,False
P-08916:WC-2014,historical,78,79,1,78,79,1,measured_performance,False
P-08916:WC-2018,historical,88,88,0,88,88,0,measured_performance,False
P-08939:WC-1978,historical,93,93,0,80,81,1,career_stature_estimate,True
P-08939:WC-1982,historical,95,95,0,88,88,0,career_stature_estimate,True
P-08939:WC-1986,historical,95,95,0,88,88,0,career_stature_estimate,True
P-08949:WC-1986,historical,76,77,1,76,77,1,measured_performance,False
P-08966:WC-1954,historical,85,85,0,85,85,0,measured_performance,False
P-08967:WC-1986,historical,71,71,0,71,71,0,measured_performance,False
P-08972:WC-1966,historical,66,66,0,66,66,0,baseline_anchor_estimate,False
P-09022:WC-1962,historical,88,88,0,73,73,0,career_stature_estimate,False
P-09022:WC-1966,historical,86,86,0,72,72,0,career_stature_estimate,False
P-09041:WC-2006,historical,71,71,0,71,71,0,measured_performance,False
P-09053:WC-2014,historical,80,80,0,80,80,0,measured_performance,False
P-09057:WC-1930,historical,72,72,0,72,72,0,measured_performance,False
P-09058:WC-2022,historical,72,73,1,72,73,1,measured_performance,False
P-09059:WC-2010,historical,71,71,0,71,71,0,measured_performance,False
P-09059:WC-2014,historical,73,73,0,73,73,0,measured_performance,False
P-09062:WC-2022,historical,71,71,0,71,71,0,measured_performance,False
P-09067:WC-1962,historical,73,74,1,73,74,1,measured_performance,False
P-09081:WC-1954,historical,66,66,0,66,66,0,baseline_anchor_estimate,False
P-09085:WC-1934,historical,72,72,0,72,72,0,measured_performance,False
P-09094:WC-1990,historical,82,83,1,82,83,1,measured_performance,False
P-09100:WC-2014,historical,72,72,0,72,72,0,measured_performance,False
P-09102:WC-1954,historical,73,73,0,73,73,0,baseline_anchor_estimate,False
P-09113:WC-2018,historical,72,72,0,72,72,0,measured_performance,False
P-09113:WC-2022,historical,72,72,0,72,72,0,measured_performance,False
P-09117:WC-2006,historical,80,81,1,80,81,1,measured_performance,False
P-09142:WC-1934,historical,73,74,1,73,74,1,measured_performance,False
P-09155:WC-1954,historical,66,66,0,66,66,0,baseline_anchor_estimate,False
P-09155:WC-1958,historical,66,66,0,66,66,0,baseline_anchor_estimate,False
P-09155:WC-1962,historical,88,88,0,88,88,0,measured_performance,False
P-09175:WC-1998,historical,68,68,0,68,68,0,measured_performance,False
P-09221:WC-1954,historical,66,66,0,66,66,0,baseline_anchor_estimate,False
P-09225:WC-1934,historical,72,72,0,72,72,0,measured_performance,False
P-09236:WC-1970,historical,73,73,0,73,73,0,measured_performance,False
P-09246:WC-2018,historical,88,88,0,88,88,0,measured_performance,False
P-09250:WC-1954,historical,73,73,0,73,73,0,measured_performance,False
P-09270:WC-2002,historical,88,88,0,88,88,0,measured_performance,False
P-09278:WC-1994,historical,79,79,0,79,79,0,measured_performance,False
P-09282:WC-1930,historical,76,77,1,76,77,1,measured_performance,False
P-09292:WC-2022,historical,76,77,1,76,77,1,measured_performance,False
P-09317:WC-1958,historical,92,92,0,88,88,0,career_stature_estimate,True
P-09317:WC-1962,historical,92,92,0,82,82,0,career_stature_estimate,True
P-09317:WC-1966,historical,92,92,0,88,88,0,career_stature_estimate,True
P-09317:WC-1970,historical,89,89,0,71,71,0,career_stature_estimate,True
P-09338:WC-2018,historical,72,72,0,72,72,0,measured_performance,False
P-09345:WC-1998,historical,73,74,1,73,74,1,measured_performance,False
P-09349:WC-1998,historical,73,74,1,73,74,1,measured_performance,False
P-09349:WC-2002,historical,88,88,0,88,88,0,measured_performance,False
P-09349:WC-2006,historical,74,75,1,74,75,1,measured_performance,False
P-09363:WC-1994,historical,84,84,0,84,84,0,measured_performance,False
P-09393:WC-1970,historical,85,85,0,85,85,0,measured_performance,False
P-09400:WC-2018,historical,74,75,1,74,75,1,measured_performance,False
P-09400:WC-2022,historical,84,84,0,84,84,0,measured_performance,False
P-09412:WC-1994,historical,78,79,1,78,79,1,measured_performance,False
P-09423:WC-1994,historical,71,71,0,71,71,0,measured_performance,False
P-09441:WC-2010,historical,88,88,0,88,88,0,measured_performance,False
P-09441:WC-2014,historical,88,88,0,88,88,0,measured_performance,False
P-09441:WC-2022,historical,72,73,1,72,73,1,measured_performance,False
P-09442:WC-1958,historical,71,72,1,71,72,1,measured_performance,False
P-09454:WC-2002,historical,80,81,1,80,81,1,measured_performance,False
P-09457:WC-1954,historical,72,72,0,72,72,0,measured_performance,False
P-09461:WC-2010,historical,75,76,1,75,76,1,measured_performance,False
P-09476:WC-1986,historical,78,79,1,78,79,1,measured_performance,False
P-09507:WC-2018,historical,68,68,0,68,68,0,measured_performance,False
P-09512:WC-1954,historical,66,66,0,66,66,0,baseline_anchor_estimate,False
P-09530:WC-2022,historical,70,70,0,70,70,0,measured_performance,False
P-09546:WC-1990,historical,70,70,0,70,70,0,measured_performance,False
P-09547:WC-1998,historical,88,88,0,88,88,0,measured_performance,False
P-09569:WC-2018,historical,71,71,0,71,71,0,measured_performance,False
P-09569:WC-2022,historical,71,71,0,71,71,0,measured_performance,False
P-09579:WC-2002,historical,71,71,0,71,71,0,measured_performance,False
P-09584:WC-2018,historical,71,71,0,71,71,0,measured_performance,False
P-09596:WC-2010,historical,75,76,1,75,76,1,measured_performance,False
P-09596:WC-2014,historical,80,80,0,80,80,0,measured_performance,False
P-09614:WC-2022,historical,88,88,0,88,88,0,measured_performance,False
P-09632:WC-2014,historical,71,71,0,71,71,0,measured_performance,False
P-09633:WC-2018,historical,71,71,0,71,71,0,measured_performance,False
P-09642:WC-1966,historical,76,76,0,76,76,0,measured_performance,False
P-09648:WC-1954,historical,79,80,1,79,80,1,measured_performance,False
P-09658:WC-2014,historical,89,89,0,88,88,0,career_stature_estimate,False
P-09658:WC-2018,historical,89,89,0,90,90,0,career_stature_estimate,False
P-09658:WC-2022,historical,89,89,0,84,85,1,career_stature_estimate,False
P-09660:WC-1986,historical,81,81,0,81,81,0,measured_performance,False
P-09673:WC-2014,historical,72,72,0,72,72,0,measured_performance,False
P-09700:WC-1954,historical,73,73,0,73,73,0,measured_performance,False
P-09700:WC-1962,historical,72,72,0,72,72,0,measured_performance,False
P-09704:WC-2010,historical,79,79,0,79,79,0,measured_performance,False
P-09704:WC-2014,historical,68,68,0,68,68,0,measured_performance,False
P-09705:WC-1994,historical,70,71,1,70,71,1,measured_performance,False
P-09705:WC-1998,historical,73,73,0,73,73,0,measured_performance,False
P-09728:WC-2006,historical,87,87,0,87,87,0,measured_performance,False
P-09728:WC-2010,historical,75,76,1,75,76,1,measured_performance,False
P-09730:WC-1934,historical,88,88,0,81,81,0,career_stature_estimate,False
P-09730:WC-1938,historical,89,89,0,90,90,0,career_stature_estimate,False
P-09739:WC-1950,historical,66,66,0,66,66,0,baseline_anchor_estimate,False
P-09741:WC-1958,historical,71,72,1,71,72,1,measured_performance,False
P-09742:WC-1994,historical,72,72,0,72,72,0,measured_performance,False
P-09742:WC-1998,historical,71,71,0,71,71,0,measured_performance,False
P-09775:WC-1962,historical,72,72,0,72,72,0,measured_performance,False
P-09795:WC-1938,historical,66,66,0,66,66,0,baseline_anchor_estimate,False
P-09806:WC-1962,historical,72,72,0,72,72,0,measured_performance,False
P-09806:WC-1966,historical,73,74,1,73,74,1,measured_performance,False
P-09837:WC-2010,historical,68,68,0,68,68,0,measured_performance,False
P-09856:WC-2018,historical,71,71,0,71,71,0,measured_performance,False
P-09867:WC-2022,historical,88,88,0,88,88,0,measured_performance,False
P-09868:WC-1978,historical,79,80,1,79,80,1,measured_performance,False
P-09877:WC-2022,historical,68,68,0,68,68,0,measured_performance,False
P-09884:WC-2010,historical,72,72,0,72,72,0,measured_performance,False
P-09888:WC-2002,historical,72,72,0,72,72,0,measured_performance,False
P-09888:WC-2006,historical,68,68,0,68,68,0,measured_performance,False
P-09889:WC-2022,historical,76,77,1,76,77,1,measured_performance,False
P-09916:WC-1938,historical,86,86,0,86,86,0,measured_performance,False
P-09921:WC-1962,historical,72,72,0,72,72,0,measured_performance,False
P-09945:WC-2018,historical,71,71,0,71,71,0,measured_performance,False
P-09951:WC-2018,historical,71,71,0,71,71,0,measured_performance,False
P-09954:WC-1994,historical,87,87,0,87,87,0,measured_performance,False
P-09958:WC-1970,historical,71,71,0,71,71,0,measured_performance,False
P-09973:WC-1954,historical,97,97,0,88,88,0,career_stature_estimate,False
P-09973:WC-1958,historical,96,96,0,84,84,0,career_stature_estimate,False
P-09978:WC-1994,historical,81,81,0,81,81,0,measured_performance,False
P-09988:WC-2010,historical,79,79,0,79,79,0,measured_performance,False
P-09988:WC-2014,historical,86,86,0,86,86,0,measured_performance,False
P-09988:WC-2018,historical,79,80,1,79,80,1,measured_performance,False
P-09990:WC-2014,historical,86,86,0,86,86,0,measured_performance,False
P-09991:WC-2022,historical,68,68,0,68,68,0,measured_performance,False
P-10014:WC-2010,historical,88,88,0,88,88,0,measured_performance,False
P-10014:WC-2014,historical,88,88,0,88,88,0,measured_performance,False
P-10014:WC-2018,historical,88,88,0,88,88,0,measured_performance,False
P-10014:WC-2022,historical,71,71,0,71,71,0,measured_performance,False
P-10030:WC-1938,historical,72,72,0,72,72,0,measured_performance,False
P-10055:WC-1982,historical,84,84,0,84,84,0,measured_performance,False
P-10061:WC-1970,historical,71,71,0,71,71,0,measured_performance,False
P-10063:WC-2014,historical,86,86,0,86,86,0,measured_performance,False
P-10063:WC-2018,historical,79,80,1,79,80,1,measured_performance,False
P-10069:WC-1978,historical,77,78,1,77,78,1,measured_performance,False
P-10072:WC-2014,historical,87,87,0,87,87,0,measured_performance,False
P-10089:WC-1958,historical,66,66,0,66,66,0,baseline_anchor_estimate,False
P-10094:WC-1998,historical,71,71,0,71,71,0,measured_performance,False
P-10094:WC-2002,historical,78,79,1,78,79,1,measured_performance,False
P-10096:WC-1970,historical,73,73,0,73,73,0,measured_performance,False
P-10129:WC-1994,historical,72,72,0,72,72,0,measured_performance,False
P-10129:WC-1998,historical,78,78,0,78,78,0,measured_performance,False
P-10140:WC-2010,historical,75,76,1,75,76,1,measured_performance,False
P-10140:WC-2014,historical,70,70,0,70,70,0,measured_performance,False
P-10165:WC-1990,historical,72,72,0,72,72,0,measured_performance,False
P-10167:WC-2018,historical,72,72,0,72,72,0,measured_performance,False
P-10172:WC-2018,historical,79,80,1,79,80,1,measured_performance,False
P-10172:WC-2022,historical,71,71,0,71,71,0,measured_performance,False
P-10221:WC-2018,historical,86,86,0,86,86,0,measured_performance,False
P-10223:WC-1958,historical,70,70,0,70,70,0,measured_performance,False
P-10224:WC-2006,historical,70,70,0,70,70,0,measured_performance,False
P-10231:WC-2022,historical,78,78,0,78,78,0,measured_performance,False
P-10244:WC-2014,historical,84,85,1,84,85,1,measured_performance,False
P-10244:WC-2018,historical,84,85,1,84,85,1,measured_performance,False
P-10244:WC-2022,historical,88,88,0,88,88,0,measured_performance,False
P-10247:WC-1982,historical,78,79,1,78,79,1,measured_performance,False
P-10248:WC-1978,historical,71,72,1,71,72,1,measured_performance,False
P-10248:WC-1986,historical,71,71,0,71,71,0,measured_performance,False
P-10265:WC-1990,historical,72,72,0,72,72,0,measured_performance,False
P-10281:WC-1982,historical,71,71,0,71,71,0,measured_performance,False
P-10313:WC-2014,historical,71,71,0,71,71,0,measured_performance,False
P-10313:WC-2018,historical,73,73,0,73,73,0,measured_performance,False
P-10313:WC-2022,historical,71,71,0,71,71,0,measured_performance,False
P-10326:WC-2022,historical,80,81,1,80,81,1,measured_performance,False
P-10338:WC-1958,historical,88,88,0,88,88,0,measured_performance,False
P-10351:WC-1962,historical,72,72,0,72,72,0,measured_performance,False
P-10357:WC-2022,historical,72,73,1,72,73,1,measured_performance,False
P-10374:WC-1954,historical,80,80,0,80,80,0,measured_performance,False
P-10416:WC-1994,historical,71,71,0,71,71,0,measured_performance,False
P-10418:WC-1962,historical,74,75,1,74,75,1,measured_performance,False
P-10435:WC-1990,historical,72,72,0,72,72,0,measured_performance,False
P-10439:WC-2002,historical,71,71,0,71,71,0,measured_performance,False
P-10440:WC-1986,historical,72,72,0,72,72,0,measured_performance,False
P-10444:WC-1994,historical,72,72,0,72,72,0,measured_performance,False
P-10444:WC-1998,historical,71,71,0,71,71,0,measured_performance,False
P-10473:WC-1934,historical,73,74,1,73,74,1,measured_performance,False
P-10473:WC-1938,historical,73,74,1,73,74,1,measured_performance,False
P-10490:WC-1998,historical,78,78,0,78,78,0,measured_performance,False
P-10493:WC-1982,historical,77,77,0,77,77,0,measured_performance,False
P-10496:WC-1990,historical,70,70,0,70,70,0,measured_performance,False
P-10499:WC-1994,historical,73,74,1,73,74,1,measured_performance,False
P-10501:WC-2022,historical,88,88,0,88,88,0,measured_performance,False
P-10510:WC-1998,historical,68,68,0,68,68,0,measured_performance,False
P-10514:WC-1990,historical,72,72,0,72,72,0,measured_performance,False
P-10526:WC-1930,historical,71,71,0,71,71,0,measured_performance,False
P-10537:WC-1986,historical,73,74,1,73,74,1,measured_performance,False
P-10561:WC-2018,historical,74,75,1,74,75,1,measured_performance,False
P-10562:WC-1954,historical,66,66,0,66,66,0,baseline_anchor_estimate,False
P-10564:WC-1950,historical,73,73,0,73,73,0,measured_performance,False
P-10577:WC-1990,historical,70,70,0,70,70,0,measured_performance,False
P-10580:WC-1990,historical,72,73,1,72,73,1,measured_performance,False
P-10583:WC-1958,historical,72,72,0,72,72,0,measured_performance,False
P-10596:WC-1986,historical,70,70,0,70,70,0,measured_performance,False
P-10596:WC-1990,historical,78,78,0,78,78,0,measured_performance,False
P-10601:WC-1954,historical,87,87,0,87,87,0,measured_performance,False
P-10604:WC-1930,historical,79,79,0,79,79,0,measured_performance,False
P-10604:WC-1934,historical,72,72,0,72,72,0,measured_performance,False
P-10604:WC-1938,historical,73,73,0,73,73,0,measured_performance,False
P-10605:WC-1934,historical,85,85,0,85,85,0,measured_performance,False
P-10636:WC-2006,historical,72,72,0,72,72,0,measured_performance,False
P-10638:WC-2002,historical,71,71,0,71,71,0,measured_performance,False
P-10657:WC-2022,historical,72,72,0,72,72,0,measured_performance,False
P-10661:WC-1998,historical,68,68,0,68,68,0,measured_performance,False
P-10663:WC-2002,historical,71,71,0,71,71,0,measured_performance,False
P-10671:WC-1930,historical,73,73,0,73,73,0,measured_performance,False
P-10693:WC-2010,historical,72,72,0,72,72,0,measured_performance,False
P-10707:WC-1986,historical,73,74,1,73,74,1,measured_performance,False
P-10712:WC-2018,historical,68,68,0,68,68,0,measured_performance,False
P-10712:WC-2022,historical,87,87,0,87,87,0,measured_performance,False
P-10713:WC-2010,historical,88,88,0,88,88,0,measured_performance,False
P-10730:WC-1954,historical,71,72,1,71,72,1,measured_performance,False
P-10731:WC-2014,historical,71,71,0,71,71,0,measured_performance,False
P-10738:WC-1998,historical,88,88,0,88,88,0,measured_performance,False
P-10738:WC-2002,historical,70,70,0,70,70,0,measured_performance,False
P-10739:WC-2022,historical,88,88,0,88,88,0,measured_performance,False
P-10740:WC-2018,historical,73,73,0,73,73,0,measured_performance,False
P-10740:WC-2022,historical,79,79,0,79,79,0,measured_performance,False
P-10770:WC-1982,historical,77,77,0,77,77,0,measured_performance,False
P-10771:WC-2006,historical,68,68,0,68,68,0,measured_performance,False
P-10789:WC-2006,historical,87,87,0,87,87,0,measured_performance,False
P-10808:WC-1954,historical,71,72,1,71,72,1,measured_performance,False
P-10812:WC-1998,historical,72,72,0,72,72,0,measured_performance,False
P-10829:WC-2010,historical,79,79,0,79,79,0,measured_performance,False
P-10830:WC-2010,historical,72,72,0,72,72,0,measured_performance,False
P-10830:WC-2014,historical,72,72,0,72,72,0,measured_performance,False
P-10855:WC-1986,historical,87,87,0,87,87,0,measured_performance,False
P-10860:WC-2006,historical,87,87,0,87,87,0,measured_performance,False
P-10863:WC-1974,historical,71,71,0,71,71,0,measured_performance,False
P-10882:WC-1962,historical,66,66,0,66,66,0,baseline_anchor_estimate,False
P-10890:WC-1990,historical,78,78,0,78,78,0,measured_performance,False
P-10890:WC-1994,historical,73,74,1,73,74,1,measured_performance,False
P-10906:WC-1986,historical,71,71,0,71,71,0,measured_performance,False
P-10906:WC-1990,historical,83,84,1,83,84,1,measured_performance,False
P-10907:WC-2022,historical,71,71,0,71,71,0,measured_performance,False
P-10922:WC-1970,historical,74,75,1,74,75,1,measured_performance,False
P-10927:WC-1930,historical,79,79,0,79,79,0,measured_performance,False
P-10947:WC-1962,historical,88,88,0,88,88,0,measured_performance,False
P-10948:WC-1958,historical,66,66,0,66,66,0,baseline_anchor_estimate,False
P-10953:WC-2006,historical,71,71,0,71,71,0,measured_performance,False
P-10960:WC-2010,historical,79,79,0,79,79,0,measured_performance,False
P-10969:WC-1982,historical,72,73,1,72,73,1,measured_performance,False
P-10969:WC-1990,historical,82,82,0,82,82,0,measured_performance,False
P-11000:WC-1998,historical,88,88,0,88,88,0,measured_performance,False
P-11013:WC-2022,historical,71,71,0,71,71,0,measured_performance,False
P-11019:WC-1934,historical,71,71,0,71,71,0,measured_performance,False
P-11027:WC-1982,historical,83,83,0,83,83,0,measured_performance,False
P-11032:WC-1990,historical,72,73,1,72,73,1,measured_performance,False
P-11035:WC-1930,historical,77,78,1,77,78,1,measured_performance,False
P-11040:WC-1954,historical,71,71,0,71,71,0,baseline_anchor_estimate,False
P-11040:WC-1958,historical,68,68,0,68,68,0,measured_performance,False
P-11058:WC-1994,historical,71,72,1,71,72,1,measured_performance,False
P-11064:WC-2018,historical,71,71,0,71,71,0,measured_performance,False
P-11075:WC-2010,historical,88,88,0,88,88,0,measured_performance,False
P-11075:WC-2014,historical,75,76,1,75,76,1,measured_performance,False
P-11079:WC-1950,historical,71,71,0,71,71,0,measured_performance,False
P-11099:WC-1966,historical,88,88,0,88,88,0,measured_performance,False
P-11099:WC-1970,historical,73,74,1,73,74,1,measured_performance,False
P-11109:WC-2010,historical,71,71,0,71,71,0,measured_performance,False
P-11119:WC-1962,historical,74,75,1,74,75,1,measured_performance,False
P-11119:WC-1966,historical,85,85,0,85,85,0,measured_performance,False
P-11130:WC-2002,historical,75,76,1,75,76,1,measured_performance,False
P-11158:WC-1950,historical,66,66,0,66,66,0,baseline_anchor_estimate,False
P-11175:WC-1962,historical,72,72,0,72,72,0,measured_performance,False
P-11191:WC-2006,historical,71,71,0,71,71,0,measured_performance,False
P-11191:WC-2010,historical,86,86,0,86,86,0,measured_performance,False
P-11191:WC-2014,historical,86,86,0,86,86,0,measured_performance,False
P-11200:WC-1934,historical,72,72,0,72,72,0,measured_performance,False
P-11212:WC-1998,historical,68,68,0,68,68,0,measured_performance,False
P-11223:WC-1958,historical,72,72,0,72,72,0,measured_performance,False
P-11236:WC-1974,historical,72,72,0,72,72,0,measured_performance,False
P-11241:WC-1990,historical,85,85,0,85,85,0,measured_performance,False
P-11262:WC-2002,historical,71,71,0,71,71,0,measured_performance,False
P-11262:WC-2006,historical,70,70,0,70,70,0,measured_performance,False
P-11275:WC-2006,historical,71,71,0,71,71,0,measured_performance,False
P-11275:WC-2010,historical,88,88,0,88,88,0,measured_performance,False
P-11275:WC-2014,historical,88,88,0,88,88,0,measured_performance,False
P-11306:WC-1982,historical,72,72,0,72,72,0,measured_performance,False
P-11307:WC-2014,historical,83,83,0,83,83,0,measured_performance,False
P-11307:WC-2018,historical,72,72,0,72,72,0,measured_performance,False
P-11346:WC-2022,historical,72,72,0,72,72,0,measured_performance,False
P-11356:WC-1982,historical,72,72,0,72,72,0,measured_performance,False
P-11356:WC-1986,historical,76,77,1,76,77,1,measured_performance,False
P-11392:WC-1998,historical,89,89,0,71,71,0,career_stature_estimate,True
P-11392:WC-2002,historical,91,91,0,88,88,0,career_stature_estimate,True
P-11392:WC-2006,historical,91,91,0,90,90,0,career_stature_estimate,True
P-11392:WC-2010,historical,91,91,0,79,79,0,career_stature_estimate,True
P-11392:WC-2014,historical,90,90,0,81,82,1,career_stature_estimate,True
P-11411:WC-2018,historical,71,71,0,71,71,0,measured_performance,False
P-11424:WC-2002,historical,71,71,0,71,71,0,measured_performance,False
P-11430:WC-1974,historical,72,72,0,72,72,0,measured_performance,False
P-11436:WC-2010,historical,72,73,1,72,73,1,measured_performance,False
P-11436:WC-2014,historical,86,86,0,86,86,0,measured_performance,False
P-11454:WC-1966,historical,69,69,0,69,69,0,measured_performance,False
P-11462:WC-2014,historical,68,68,0,68,68,0,measured_performance,False
P-11462:WC-2018,historical,71,71,0,71,71,0,measured_performance,False
P-11469:WC-1982,historical,74,75,1,74,75,1,measured_performance,False
P-11488:WC-1966,historical,71,71,0,71,71,0,measured_performance,False
P-11493:WC-1998,historical,71,71,0,71,71,0,measured_performance,False
P-11495:WC-2022,historical,70,70,0,70,70,0,measured_performance,False
P-11520:WC-1934,historical,81,81,0,81,81,0,measured_performance,False
P-11520:WC-1938,historical,77,78,1,77,78,1,measured_performance,False
P-11562:WC-1990,historical,75,76,1,75,76,1,measured_performance,False
P-11588:WC-2018,historical,79,80,1,79,80,1,measured_performance,False
P-11588:WC-2022,historical,68,68,0,68,68,0,measured_performance,False
P-11593:WC-2018,historical,68,68,0,68,68,0,measured_performance,False
P-11629:WC-2010,historical,71,71,0,71,71,0,measured_performance,False
P-11629:WC-2014,historical,71,71,0,71,71,0,measured_performance,False
P-11635:WC-1954,historical,72,72,0,72,72,0,measured_performance,False
P-11638:WC-2014,historical,70,70,0,70,70,0,measured_performance,False
P-11641:WC-1966,historical,72,72,0,72,72,0,measured_performance,False
P-11648:WC-1930,historical,73,74,1,73,74,1,measured_performance,False
P-11656:WC-1938,historical,71,71,0,71,71,0,measured_performance,False
P-11664:WC-1958,historical,72,72,0,72,72,0,measured_performance,False
P-11668:WC-1982,historical,71,71,0,71,71,0,measured_performance,False
P-11675:WC-2018,historical,71,71,0,71,71,0,measured_performance,False
P-11675:WC-2022,historical,71,71,0,71,71,0,measured_performance,False
P-11702:WC-1958,historical,84,84,0,84,84,0,measured_performance,False
P-11702:WC-1962,historical,90,90,0,90,90,0,measured_performance,False
P-11707:WC-1974,historical,75,76,1,75,76,1,measured_performance,False
P-11712:WC-1958,historical,72,73,1,72,73,1,measured_performance,False
P-11718:WC-2022,historical,68,68,0,68,68,0,measured_performance,False
P-11735:WC-1990,historical,70,70,0,70,70,0,measured_performance,False
P-11736:WC-1998,historical,72,72,0,72,72,0,measured_performance,False
P-11737:WC-2022,historical,84,84,0,84,84,0,measured_performance,False
P-11747:WC-1994,historical,70,71,1,70,71,1,measured_performance,False
P-11751:WC-2010,historical,71,71,0,71,71,0,measured_performance,False
P-11767:WC-2014,historical,82,82,0,82,82,0,measured_performance,False
P-11767:WC-2018,historical,74,75,1,74,75,1,measured_performance,False
P-11767:WC-2022,historical,76,77,1,76,77,1,measured_performance,False
P-11791:WC-1990,historical,68,68,0,68,68,0,measured_performance,False
P-11817:WC-2006,historical,79,80,1,79,80,1,measured_performance,False
P-11841:WC-1950,historical,73,73,0,73,73,0,measured_performance,False
P-11865:WC-1934,historical,98,98,0,88,88,0,career_stature_estimate,True
P-11877:WC-1978,historical,71,71,0,71,71,0,measured_performance,False
P-11878:WC-2022,historical,80,81,1,80,81,1,measured_performance,False
P-11879:WC-2018,historical,73,73,0,73,73,0,measured_performance,False
P-11879:WC-2022,historical,72,73,1,72,73,1,measured_performance,False
P-11915:WC-2002,historical,86,86,0,86,86,0,measured_performance,False
P-11915:WC-2006,historical,73,73,0,73,73,0,measured_performance,False
P-11917:WC-1970,historical,72,72,0,72,72,0,measured_performance,False
P-11930:WC-2002,historical,84,84,0,84,84,0,measured_performance,False
P-11933:WC-2022,historical,71,71,0,71,71,0,measured_performance,False
P-11957:WC-1938,historical,72,72,0,72,72,0,measured_performance,False
P-11960:WC-1998,historical,86,86,0,86,86,0,measured_performance,False
P-11961:WC-1986,historical,70,70,0,70,70,0,measured_performance,False
P-11979:WC-1994,historical,72,72,0,72,72,0,measured_performance,False
P-11986:WC-1994,historical,71,72,1,71,72,1,measured_performance,False
P-12019:WC-1982,historical,72,72,0,72,72,0,measured_performance,False
P-12030:WC-1974,historical,82,82,0,82,82,0,measured_performance,False
P-12030:WC-1978,historical,88,88,0,88,88,0,measured_performance,False
P-12036:WC-1990,historical,71,71,0,71,71,0,measured_performance,False
P-12041:WC-1954,historical,72,72,0,72,72,0,measured_performance,False
P-12049:WC-1986,historical,72,72,0,72,72,0,measured_performance,False
P-12049:WC-1990,historical,73,74,1,73,74,1,measured_performance,False
P-12056:WC-2002,historical,71,71,0,71,71,0,measured_performance,False
P-12058:WC-1966,historical,73,73,0,73,73,0,measured_performance,False
P-12095:WC-1982,historical,70,70,0,70,70,0,measured_performance,False
P-12102:WC-1974,historical,87,87,0,87,87,0,measured_performance,False
P-12111:WC-2014,historical,71,71,0,71,71,0,measured_performance,False
P-12120:WC-1934,historical,73,73,0,73,73,0,measured_performance,False
P-12127:WC-2006,historical,73,73,0,73,73,0,measured_performance,False
P-12165:WC-2014,historical,87,87,0,87,87,0,measured_performance,False
P-12167:WC-1998,historical,88,88,0,88,88,0,measured_performance,False
P-12167:WC-2002,historical,72,72,0,72,72,0,measured_performance,False
P-12167:WC-2006,historical,75,76,1,75,76,1,measured_performance,False
P-12173:WC-1974,historical,70,70,0,70,70,0,measured_performance,False
P-12179:WC-2022,historical,71,71,0,71,71,0,measured_performance,False
P-12180:WC-1998,historical,71,71,0,71,71,0,measured_performance,False
P-12183:WC-1978,historical,80,81,1,80,81,1,measured_performance,False
P-12197:WC-2014,historical,71,71,0,71,71,0,measured_performance,False
P-12206:WC-1986,historical,71,71,0,71,71,0,measured_performance,False
P-12214:WC-1954,historical,72,72,0,72,72,0,measured_performance,False
P-12252:WC-1982,historical,72,72,0,72,72,0,measured_performance,False
P-12268:WC-1998,historical,72,72,0,72,72,0,measured_performance,False
P-12272:WC-1962,historical,73,73,0,73,73,0,measured_performance,False
P-12272:WC-1966,historical,89,89,0,89,89,0,measured_performance,False
P-12272:WC-1970,historical,73,73,0,73,73,0,measured_performance,False
P-12283:WC-1994,historical,68,68,0,68,68,0,measured_performance,False
P-12327:WC-1950,historical,73,73,0,73,73,0,baseline_anchor_estimate,False
P-12327:WC-1954,historical,88,88,0,88,88,0,measured_performance,False
P-12327:WC-1962,historical,66,66,0,66,66,0,baseline_anchor_estimate,False
P-12335:WC-2022,historical,79,79,0,79,79,0,measured_performance,False
P-12336:WC-1934,historical,72,72,0,72,72,0,measured_performance,False
P-12371:WC-1962,historical,72,72,0,72,72,0,measured_performance,False
P-12371:WC-1966,historical,73,73,0,73,73,0,measured_performance,False
P-12372:WC-1974,historical,88,88,0,88,88,0,measured_performance,False
P-12372:WC-1978,historical,88,88,0,88,88,0,measured_performance,False
P-12373:WC-2006,historical,72,72,0,72,72,0,measured_performance,False
P-12376:WC-2002,historical,71,71,0,71,71,0,measured_performance,False
P-12376:WC-2006,historical,72,72,0,72,72,0,measured_performance,False
P-12381:WC-2018,historical,71,71,0,71,71,0,measured_performance,False
P-12381:WC-2022,historical,72,72,0,72,72,0,measured_performance,False
P-12397:WC-1970,historical,82,82,0,82,82,0,measured_performance,False
P-12397:WC-1974,historical,71,71,0,71,71,0,measured_performance,False
P-12398:WC-1986,historical,70,70,0,70,70,0,measured_performance,False
P-12418:WC-1994,historical,88,88,0,88,88,0,measured_performance,False
P-12423:WC-1982,historical,74,75,1,74,75,1,measured_performance,False
P-12437:WC-1930,historical,88,88,0,88,88,0,measured_performance,False
P-12458:WC-1990,historical,78,78,0,78,78,0,measured_performance,False
P-12458:WC-1994,historical,72,72,0,72,72,0,measured_performance,False
P-12467:WC-1978,historical,73,74,1,73,74,1,measured_performance,False
P-12470:WC-1990,historical,88,88,0,75,76,1,career_stature_estimate,False
P-12470:WC-1994,historical,88,88,0,84,84,0,career_stature_estimate,False
P-12470:WC-1998,historical,84,85,1,71,71,0,career_stature_estimate,False
P-12472:WC-1982,historical,77,77,0,77,77,0,measured_performance,False
P-12472:WC-1986,historical,72,72,0,72,72,0,measured_performance,False
P-12476:WC-2014,historical,71,71,0,71,71,0,measured_performance,False
P-12476:WC-2018,historical,72,72,0,72,72,0,measured_performance,False
P-12477:WC-1978,historical,75,76,1,75,76,1,measured_performance,False
P-12511:WC-2002,historical,71,71,0,71,71,0,measured_performance,False
P-12533:WC-2014,historical,72,72,0,72,72,0,measured_performance,False
P-12533:WC-2018,historical,85,85,0,85,85,0,measured_performance,False
P-12548:WC-2006,historical,73,73,0,73,73,0,measured_performance,False
P-12548:WC-2010,historical,86,86,0,86,86,0,measured_performance,False
P-12551:WC-1994,historical,88,88,0,88,88,0,measured_performance,False
P-12568:WC-2002,historical,68,68,0,68,68,0,measured_performance,False
P-12619:WC-2002,historical,78,79,1,78,79,1,measured_performance,False
P-12625:WC-1994,historical,88,88,0,88,88,0,measured_performance,False
P-12625:WC-1998,historical,86,86,0,86,86,0,measured_performance,False
P-12630:WC-2018,historical,71,71,0,71,71,0,measured_performance,False
P-12635:WC-2022,historical,79,79,0,79,79,0,measured_performance,False
P-12652:WC-2006,historical,72,72,0,72,72,0,measured_performance,False
P-12666:WC-1986,historical,88,88,0,88,88,0,measured_performance,False
P-12676:WC-1954,historical,98,98,0,88,88,0,career_stature_estimate,True
P-12676:WC-1962,historical,94,94,0,73,73,0,career_stature_estimate,True
P-12680:WC-2006,historical,80,80,0,80,80,0,measured_performance,False
P-12682:WC-1962,historical,72,72,0,72,72,0,measured_performance,False
P-12687:WC-1958,historical,83,83,0,83,83,0,measured_performance,False
P-12695:WC-1994,historical,73,74,1,73,74,1,measured_performance,False
P-12707:WC-2018,historical,72,72,0,72,72,0,measured_performance,False
P-12716:WC-1982,historical,72,72,0,72,72,0,measured_performance,False
P-12716:WC-1986,historical,77,78,1,77,78,1,measured_performance,False
P-12738:WC-1978,historical,71,71,0,71,71,0,measured_performance,False
P-12738:WC-1982,historical,81,82,1,81,82,1,measured_performance,False
P-12738:WC-1986,historical,88,88,0,88,88,0,measured_performance,False
P-12743:WC-1986,historical,70,70,0,70,70,0,measured_performance,False
P-12745:WC-1934,historical,72,72,0,72,72,0,measured_performance,False
P-12745:WC-1938,historical,74,74,0,74,74,0,measured_performance,False
P-12763:WC-2018,historical,72,72,0,72,72,0,measured_performance,False
P-12765:WC-1978,historical,68,68,0,68,68,0,measured_performance,False
P-12771:WC-1950,historical,71,71,0,71,71,0,measured_performance,False
P-12777:WC-2002,historical,71,71,0,71,71,0,measured_performance,False
P-12780:WC-1958,historical,73,73,0,73,73,0,measured_performance,False
P-12781:WC-2010,historical,71,71,0,71,71,0,measured_performance,False
P-12805:WC-2006,historical,74,75,1,74,75,1,measured_performance,False
P-12805:WC-2014,historical,71,71,0,71,71,0,measured_performance,False
P-12808:WC-1982,historical,71,71,0,71,71,0,measured_performance,False
P-12810:WC-2022,historical,79,79,0,79,79,0,measured_performance,False
P-12818:WC-2010,historical,88,88,0,88,88,0,measured_performance,False
P-12818:WC-2014,historical,88,88,0,88,88,0,measured_performance,False
P-12818:WC-2018,historical,72,72,0,72,72,0,measured_performance,False
P-12835:WC-1994,historical,76,77,1,76,77,1,measured_performance,False
P-12842:WC-2002,historical,78,79,1,78,79,1,measured_performance,False
P-12844:WC-1958,historical,72,72,0,72,72,0,measured_performance,False
P-12856:WC-2006,historical,80,80,0,80,80,0,measured_performance,False
P-12859:WC-2018,historical,71,71,0,71,71,0,measured_performance,False
P-12863:WC-1970,historical,81,81,0,81,81,0,measured_performance,False
P-12913:WC-2022,historical,72,73,1,72,73,1,measured_performance,False
P-12917:WC-1962,historical,85,85,0,85,85,0,measured_performance,False
P-12917:WC-1966,historical,75,76,1,75,76,1,measured_performance,False
P-12922:WC-1978,historical,71,71,0,71,71,0,measured_performance,False
P-12935:WC-2018,historical,68,68,0,68,68,0,measured_performance,False
P-12940:WC-1986,historical,91,91,0,88,88,0,career_stature_estimate,False
P-12940:WC-1990,historical,89,89,0,73,73,0,career_stature_estimate,False
P-12950:WC-1978,historical,84,84,0,84,84,0,measured_performance,False
P-12950:WC-1982,historical,71,71,0,71,71,0,measured_performance,False
P-12950:WC-1986,historical,88,88,0,88,88,0,measured_performance,False
P-12959:WC-1998,historical,71,71,0,71,71,0,measured_performance,False
P-12970:WC-1962,historical,71,72,1,71,72,1,measured_performance,False
P-12971:WC-1982,historical,68,68,0,68,68,0,measured_performance,False
P-12978:WC-1982,historical,70,70,0,70,70,0,measured_performance,False
P-12978:WC-1986,historical,73,74,1,73,74,1,measured_performance,False
P-12995:WC-2010,historical,83,83,0,83,83,0,measured_performance,False
P-12996:WC-1994,historical,87,87,0,87,87,0,measured_performance,False
P-12996:WC-1998,historical,84,84,0,84,84,0,measured_performance,False
P-12996:WC-2002,historical,84,84,0,84,84,0,measured_performance,False
P-12996:WC-2006,historical,71,71,0,71,71,0,measured_performance,False
P-13029:WC-2010,historical,88,88,0,88,88,0,measured_performance,False
P-13029:WC-2014,historical,88,88,0,88,88,0,measured_performance,False
P-13029:WC-2018,historical,72,72,0,72,72,0,measured_performance,False
P-13030:WC-2018,historical,70,70,0,70,70,0,measured_performance,False
P-13042:WC-1986,historical,76,76,0,76,76,0,measured_performance,False
P-13053:WC-2014,historical,84,85,1,84,85,1,measured_performance,False
P-13066:WC-1950,historical,69,69,0,69,69,0,measured_performance,False
P-13103:WC-1982,historical,71,71,0,71,71,0,measured_performance,False
P-13110:WC-1974,historical,72,72,0,72,72,0,measured_performance,False
P-13141:WC-1986,historical,88,88,0,72,72,0,career_stature_estimate,False
P-13147:WC-1982,historical,72,72,0,72,72,0,measured_performance,False
P-13150:WC-1982,historical,84,84,0,84,84,0,measured_performance,False
P-13151:WC-2002,historical,79,79,0,79,79,0,measured_performance,False
P-13156:WC-1934,historical,72,72,0,72,72,0,measured_performance,False
P-13162:WC-2022,historical,90,90,0,90,90,0,measured_performance,False
P-13166:WC-1934,historical,75,76,1,75,76,1,measured_performance,False
P-13223:WC-1954,historical,73,73,0,73,73,0,measured_performance,False
P-13257:WC-1938,historical,72,72,0,72,72,0,measured_performance,False
P-13261:WC-1930,historical,78,79,1,78,79,1,measured_performance,False
P-13265:WC-2002,historical,79,80,1,79,80,1,measured_performance,False
P-13265:WC-2006,historical,72,72,0,72,72,0,measured_performance,False
P-13265:WC-2014,historical,80,81,1,80,81,1,measured_performance,False
P-13267:WC-1934,historical,66,66,0,66,66,0,baseline_anchor_estimate,False
P-13271:WC-2014,historical,78,79,1,78,79,1,measured_performance,False
P-13285:WC-1990,historical,73,73,0,73,73,0,measured_performance,False
P-13285:WC-1998,historical,88,88,0,88,88,0,measured_performance,False
P-13285:WC-2002,historical,88,88,0,88,88,0,measured_performance,False
P-13299:WC-1930,historical,71,71,0,71,71,0,measured_performance,False
P-13304:WC-1966,historical,75,76,1,75,76,1,measured_performance,False
P-13314:WC-1982,historical,72,72,0,72,72,0,measured_performance,False
P-13321:WC-2014,historical,72,72,0,72,72,0,measured_performance,False
P-13321:WC-2022,historical,71,71,0,71,71,0,measured_performance,False
P-13330:WC-1958,historical,71,72,1,71,72,1,measured_performance,False
P-13354:WC-2006,historical,73,73,0,73,73,0,measured_performance,False
P-13354:WC-2010,historical,88,88,0,88,88,0,measured_performance,False
P-13377:WC-2006,historical,71,71,0,71,71,0,measured_performance,False
P-13390:WC-1970,historical,70,70,0,70,70,0,measured_performance,False
P-13394:WC-2010,historical,68,68,0,68,68,0,measured_performance,False
P-13395:WC-1986,historical,68,68,0,68,68,0,measured_performance,False
P-13416:WC-1986,historical,72,72,0,72,72,0,measured_performance,False
P-13437:WC-1962,historical,81,81,0,81,81,0,measured_performance,False
P-13438:WC-1990,historical,71,71,0,71,71,0,measured_performance,False
P-13444:WC-1990,historical,78,78,0,78,78,0,measured_performance,False
P-13470:WC-1934,historical,88,88,0,88,88,0,measured_performance,False
P-13513:WC-1958,historical,80,80,0,80,80,0,measured_performance,False
P-13514:WC-1982,historical,81,81,0,81,81,0,measured_performance,False
P-13524:WC-2006,historical,72,72,0,72,72,0,measured_performance,False
P-13539:WC-2006,historical,74,75,1,74,75,1,measured_performance,False
P-13552:WC-1990,historical,68,68,0,68,68,0,measured_performance,False
P-13552:WC-1998,historical,78,78,0,78,78,0,measured_performance,False
P-13602:WC-1966,historical,73,73,0,73,73,0,measured_performance,False
P-13602:WC-1970,historical,82,82,0,82,82,0,measured_performance,False
P-13610:WC-1954,historical,66,66,0,66,66,0,baseline_anchor_estimate,False
P-13613:WC-2022,historical,81,81,0,81,81,0,measured_performance,False
P-13619:WC-1974,historical,71,71,0,71,71,0,measured_performance,False
P-13638:WC-1986,historical,70,70,0,70,70,0,measured_performance,False
P-13638:WC-1990,historical,77,77,0,77,77,0,measured_performance,False
P-13639:WC-2022,historical,70,70,0,70,70,0,measured_performance,False
P-13659:WC-2006,historical,72,72,0,72,72,0,measured_performance,False
P-13699:WC-1986,historical,84,84,0,84,84,0,measured_performance,False
P-13701:WC-2002,historical,70,70,0,70,70,0,measured_performance,False
P-13744:WC-2006,historical,71,71,0,71,71,0,measured_performance,False
P-13758:WC-2018,historical,79,80,1,79,80,1,measured_performance,False
P-13770:WC-1978,historical,71,71,0,71,71,0,measured_performance,False
P-13782:WC-2002,historical,71,71,0,71,71,0,measured_performance,False
P-13809:WC-2006,historical,71,72,1,71,72,1,measured_performance,False
P-13828:WC-1938,historical,85,85,0,85,85,0,measured_performance,False
P-13831:WC-2010,historical,79,79,0,79,79,0,measured_performance,False
P-13847:WC-2018,historical,74,75,1,74,75,1,measured_performance,False
P-13873:WC-1938,historical,72,72,0,72,72,0,measured_performance,False
P-13902:WC-1986,historical,70,70,0,70,70,0,measured_performance,False
P-13917:WC-2002,historical,86,86,0,86,86,0,measured_performance,False
P-13942:WC-1982,historical,72,72,0,72,72,0,measured_performance,False
P-13964:WC-2006,historical,71,71,0,71,71,0,measured_performance,False
P-13966:WC-2002,historical,71,71,0,71,71,0,measured_performance,False
P-13973:WC-2022,historical,76,77,1,76,77,1,measured_performance,False
P-13975:WC-2018,historical,87,87,0,87,87,0,measured_performance,False
P-13975:WC-2022,historical,79,79,0,79,79,0,measured_performance,False
P-14001:WC-1994,historical,73,74,1,73,74,1,measured_performance,False
P-14008:WC-1990,historical,73,74,1,73,74,1,measured_performance,False
P-14008:WC-1994,historical,73,74,1,73,74,1,measured_performance,False
P-14026:WC-2022,historical,88,88,0,88,88,0,measured_performance,False
P-14033:WC-1974,historical,69,69,0,69,69,0,measured_performance,False
P-14033:WC-1978,historical,72,73,1,72,73,1,measured_performance,False
P-14044:WC-1938,historical,83,83,0,83,83,0,measured_performance,False
P-14047:WC-1938,historical,76,76,0,76,76,0,measured_performance,False
P-14060:WC-2022,historical,72,73,1,72,73,1,measured_performance,False
P-14062:WC-2002,historical,78,79,1,78,79,1,measured_performance,False
P-14074:WC-1962,historical,82,82,0,82,82,0,measured_performance,False
P-14080:WC-1966,historical,85,85,0,73,73,0,career_stature_estimate,False
P-14080:WC-1970,historical,88,88,0,88,88,0,career_stature_estimate,False
P-14080:WC-1974,historical,88,88,0,88,88,0,career_stature_estimate,False
P-14080:WC-1978,historical,88,88,0,88,88,0,career_stature_estimate,False
P-14107:WC-1982,historical,73,74,1,73,74,1,measured_performance,False
P-14115:WC-1950,historical,79,80,1,79,80,1,measured_performance,False
P-14138:WC-2010,historical,71,71,0,71,71,0,measured_performance,False
P-14151:WC-2022,historical,80,81,1,80,81,1,measured_performance,False
P-14175:WC-2006,historical,72,72,0,72,72,0,measured_performance,False
P-14179:WC-2022,historical,71,71,0,71,71,0,measured_performance,False
P-14180:WC-2014,historical,80,80,0,80,80,0,measured_performance,False
P-14180:WC-2018,historical,82,82,0,82,82,0,measured_performance,False
P-14189:WC-2002,historical,72,72,0,72,72,0,measured_performance,False
P-14196:WC-2018,historical,71,71,0,71,71,0,measured_performance,False
P-14226:WC-1994,historical,84,84,0,84,84,0,measured_performance,False
P-14235:WC-1950,historical,81,81,0,81,81,0,measured_performance,False
P-14259:WC-2006,historical,70,70,0,70,70,0,measured_performance,False
P-14267:WC-2006,historical,88,88,0,88,88,0,measured_performance,False
P-14290:WC-2006,historical,82,83,1,82,83,1,measured_performance,False
P-14290:WC-2010,historical,71,71,0,71,71,0,measured_performance,False
P-14296:WC-1986,historical,87,87,0,87,87,0,measured_performance,False
P-14305:WC-1982,historical,71,71,0,71,71,0,measured_performance,False
P-14307:WC-2006,historical,74,75,1,74,75,1,measured_performance,False
P-14310:WC-1982,historical,68,68,0,68,68,0,measured_performance,False
P-14349:WC-1998,historical,86,86,0,86,86,0,measured_performance,False
P-14360:WC-2022,historical,79,79,0,79,79,0,measured_performance,False
P-14373:WC-1954,historical,66,66,0,66,66,0,baseline_anchor_estimate,False
P-14379:WC-1994,historical,71,71,0,71,71,0,measured_performance,False
P-14379:WC-1998,historical,88,88,0,88,88,0,measured_performance,False
P-14381:WC-1938,historical,73,73,0,73,73,0,measured_performance,False
P-14403:WC-1990,historical,70,70,0,70,70,0,measured_performance,False
P-14406:WC-1954,historical,88,88,0,88,88,0,measured_performance,False
P-14414:WC-1974,historical,76,77,1,76,77,1,measured_performance,False
P-14428:WC-2010,historical,81,81,0,81,81,0,measured_performance,False
P-14428:WC-2014,historical,71,71,0,71,71,0,measured_performance,False
P-14432:WC-1990,historical,71,71,0,71,71,0,measured_performance,False
P-14437:WC-1970,historical,71,71,0,71,71,0,measured_performance,False
P-14456:WC-2002,historical,71,71,0,71,71,0,measured_performance,False
P-14458:WC-1998,historical,72,72,0,72,72,0,measured_performance,False
P-14458:WC-2002,historical,71,71,0,71,71,0,measured_performance,False
P-14496:WC-1990,historical,82,83,1,82,83,1,measured_performance,False
P-14499:WC-2014,historical,83,83,0,83,83,0,measured_performance,False
P-14499:WC-2018,historical,87,87,0,87,87,0,measured_performance,False
P-14531:WC-1934,historical,80,80,0,80,80,0,measured_performance,False
P-14593:WC-2022,historical,80,81,1,80,81,1,measured_performance,False
P-14618:WC-1962,historical,74,75,1,74,75,1,measured_performance,False
P-14628:WC-1990,historical,88,88,0,88,88,0,measured_performance,False
P-14651:WC-2018,historical,72,72,0,72,72,0,measured_performance,False
P-14657:WC-1950,historical,82,82,0,82,82,0,measured_performance,False
P-14701:WC-1998,historical,68,68,0,68,68,0,measured_performance,False
P-14709:WC-1962,historical,82,82,0,82,82,0,measured_performance,False
P-14715:WC-2002,historical,72,72,0,72,72,0,measured_performance,False
P-14752:WC-1982,historical,71,71,0,71,71,0,measured_performance,False
P-14758:WC-2006,historical,97,97,0,82,83,1,career_stature_estimate,True
P-14758:WC-2010,historical,95,95,0,73,74,1,career_stature_estimate,True
P-14758:WC-2014,historical,99,99,0,91,91,0,career_stature_estimate,True
P-14758:WC-2018,historical,98,98,0,85,85,0,career_stature_estimate,True
P-14758:WC-2022,historical,99,99,0,91,91,0,career_stature_estimate,True
P-14764:WC-2010,historical,88,88,0,88,88,0,measured_performance,False
P-14775:WC-1934,historical,88,88,0,88,88,0,measured_performance,False
P-14790:WC-1934,historical,70,70,0,70,70,0,baseline_anchor_estimate,False
P-14790:WC-1938,historical,71,71,0,71,71,0,measured_performance,False
P-14841:WC-1990,historical,88,88,0,88,88,0,measured_performance,False
P-14841:WC-1994,historical,71,71,0,71,71,0,measured_performance,False
P-14851:WC-1974,historical,76,77,1,76,77,1,measured_performance,False
P-14852:WC-1998,historical,79,80,1,79,80,1,measured_performance,False
P-14862:WC-2006,historical,73,73,0,73,73,0,measured_performance,False
P-14862:WC-2010,historical,79,79,0,79,79,0,measured_performance,False
P-14872:WC-2022,historical,70,70,0,70,70,0,measured_performance,False
P-14891:WC-2018,historical,76,76,0,76,76,0,measured_performance,False
P-14907:WC-2006,historical,71,71,0,71,71,0,measured_performance,False
P-14915:WC-1978,historical,72,72,0,72,72,0,measured_performance,False
P-14923:WC-1970,historical,88,88,0,88,88,0,measured_performance,False
P-14930:WC-1962,historical,71,71,0,71,71,0,measured_performance,False
P-14942:WC-1998,historical,68,68,0,68,68,0,measured_performance,False
P-14952:WC-2014,historical,71,71,0,71,71,0,measured_performance,False
P-14953:WC-2010,historical,72,72,0,72,72,0,measured_performance,False
P-14962:WC-1962,historical,82,82,0,82,82,0,measured_performance,False
P-14976:WC-1934,historical,73,74,1,73,74,1,measured_performance,False
P-14982:WC-1998,historical,78,78,0,78,78,0,measured_performance,False
P-14988:WC-2010,historical,72,73,1,72,73,1,measured_performance,False
P-14988:WC-2018,historical,86,86,0,86,86,0,measured_performance,False
P-14988:WC-2022,historical,71,71,0,71,71,0,measured_performance,False
P-15023:WC-1982,historical,70,70,0,70,70,0,measured_performance,False
P-15025:WC-1998,historical,72,72,0,72,72,0,measured_performance,False
P-15025:WC-2002,historical,71,71,0,71,71,0,measured_performance,False
P-15041:WC-1954,historical,71,72,1,71,72,1,measured_performance,False
P-15059:WC-1930,historical,78,79,1,78,79,1,measured_performance,False
P-15064:WC-2014,historical,71,71,0,71,71,0,measured_performance,False
P-15091:WC-2010,historical,72,72,0,72,72,0,measured_performance,False
P-15097:WC-2014,historical,71,71,0,71,71,0,measured_performance,False
P-15123:WC-2014,historical,71,71,0,71,71,0,measured_performance,False
P-15134:WC-2006,historical,80,80,0,80,80,0,measured_performance,False
P-15134:WC-2010,historical,72,72,0,72,72,0,measured_performance,False
P-15142:WC-1994,historical,70,70,0,70,70,0,measured_performance,False
P-15144:WC-1986,historical,70,70,0,70,70,0,measured_performance,False
P-15145:WC-1958,historical,72,72,0,72,72,0,measured_performance,False
P-15153:WC-1978,historical,73,74,1,73,74,1,measured_performance,False
P-15154:WC-1998,historical,72,72,0,72,72,0,measured_performance,False
P-15161:WC-2022,historical,71,71,0,71,71,0,measured_performance,False
P-15166:WC-1934,historical,71,71,0,71,71,0,measured_performance,False
P-15173:WC-1986,historical,76,77,1,76,77,1,measured_performance,False
P-15185:WC-2010,historical,75,76,1,75,76,1,measured_performance,False
P-15185:WC-2014,historical,72,72,0,72,72,0,measured_performance,False
P-15195:WC-1978,historical,73,74,1,73,74,1,measured_performance,False
P-15197:WC-2022,historical,71,71,0,71,71,0,measured_performance,False
P-15199:WC-2018,historical,80,81,1,80,81,1,measured_performance,False
P-15207:WC-1970,historical,71,71,0,71,71,0,measured_performance,False
P-15216:WC-1970,historical,82,82,0,82,82,0,measured_performance,False
P-15218:WC-2010,historical,71,71,0,71,71,0,measured_performance,False
P-15222:WC-1990,historical,72,72,0,72,72,0,measured_performance,False
P-15222:WC-1994,historical,81,81,0,81,81,0,measured_performance,False
P-15222:WC-1998,historical,71,71,0,71,71,0,measured_performance,False
P-15222:WC-2002,historical,88,88,0,88,88,0,measured_performance,False
P-15235:WC-1966,historical,78,78,0,78,78,0,measured_performance,False
P-15241:WC-1970,historical,72,73,1,72,73,1,measured_performance,False
P-15268:WC-1962,historical,76,77,1,76,77,1,measured_performance,False
P-15268:WC-1966,historical,72,72,0,72,72,0,measured_performance,False
P-15273:WC-1982,historical,68,68,0,68,68,0,measured_performance,False
P-15282:WC-2022,historical,71,71,0,71,71,0,measured_performance,False
P-15295:WC-1954,historical,72,72,0,72,72,0,baseline_anchor_estimate,False
P-15302:WC-1938,historical,72,72,0,72,72,0,measured_performance,False
P-15310:WC-1954,historical,66,66,0,66,66,0,baseline_anchor_estimate,False
P-15314:WC-2006,historical,71,71,0,71,71,0,measured_performance,False
P-15314:WC-2010,historical,88,88,0,88,88,0,measured_performance,False
P-15317:WC-1962,historical,81,82,1,81,82,1,measured_performance,False
P-15317:WC-1966,historical,88,88,0,88,88,0,measured_performance,False
P-15387:WC-1954,historical,82,83,1,82,83,1,measured_performance,False
P-15428:WC-2006,historical,71,71,0,71,71,0,measured_performance,False
P-15436:WC-1950,historical,73,73,0,73,73,0,measured_performance,False
P-15450:WC-2002,historical,72,72,0,72,72,0,measured_performance,False
P-15454:WC-2010,historical,68,68,0,68,68,0,measured_performance,False
P-15457:WC-2014,historical,71,71,0,71,71,0,measured_performance,False
P-15472:WC-1954,historical,82,83,1,82,83,1,measured_performance,False
P-15476:WC-1954,historical,74,74,0,74,74,0,measured_performance,False
P-15476:WC-1958,historical,71,71,0,71,71,0,measured_performance,False
P-15489:WC-2014,historical,70,70,0,70,70,0,measured_performance,False
P-15505:WC-1986,historical,68,68,0,68,68,0,measured_performance,False
P-15506:WC-1954,historical,73,73,0,73,73,0,measured_performance,False
P-15529:WC-1970,historical,79,80,1,79,80,1,measured_performance,False
P-15547:WC-1998,historical,73,74,1,73,74,1,measured_performance,False
P-15550:WC-1998,historical,79,80,1,79,80,1,measured_performance,False
P-15562:WC-1982,historical,77,77,0,77,77,0,measured_performance,False
P-15566:WC-2018,historical,84,85,1,84,85,1,measured_performance,False
P-15566:WC-2022,historical,84,84,0,84,84,0,measured_performance,False
P-15578:WC-2002,historical,72,72,0,72,72,0,measured_performance,False
P-15578:WC-2006,historical,80,80,0,80,80,0,measured_performance,False
P-15585:WC-1962,historical,88,88,0,88,88,0,measured_performance,False
P-15615:WC-1954,historical,73,73,0,73,73,0,measured_performance,False
P-15615:WC-1958,historical,76,77,1,76,77,1,measured_performance,False
P-15628:WC-1982,historical,77,77,0,77,77,0,measured_performance,False
P-15631:WC-1990,historical,72,73,1,72,73,1,measured_performance,False
P-15632:WC-1990,historical,75,76,1,75,76,1,measured_performance,False
P-15636:WC-1978,historical,78,78,0,78,78,0,measured_performance,False
P-15637:WC-1982,historical,71,71,0,71,71,0,measured_performance,False
P-15637:WC-1986,historical,88,88,0,88,88,0,measured_performance,False
P-15637:WC-1990,historical,88,88,0,88,88,0,measured_performance,False
P-15649:WC-1986,historical,72,72,0,72,72,0,measured_performance,False
P-15650:WC-1998,historical,71,71,0,71,71,0,measured_performance,False
P-15663:WC-1970,historical,81,81,0,81,81,0,measured_performance,False
P-15663:WC-1974,historical,70,70,0,70,70,0,measured_performance,False
P-15665:WC-2014,historical,71,71,0,71,71,0,measured_performance,False
P-15674:WC-2022,historical,88,88,0,88,88,0,measured_performance,False
P-15677:WC-1970,historical,88,88,0,88,88,0,measured_performance,False
P-15678:WC-1998,historical,86,86,0,86,86,0,measured_performance,False
P-15681:WC-1974,historical,83,83,0,83,83,0,measured_performance,False
P-15681:WC-1978,historical,85,86,1,85,86,1,measured_performance,False
P-15697:WC-1950,historical,71,71,0,71,71,0,measured_performance,False
P-15705:WC-1994,historical,78,79,1,78,79,1,measured_performance,False
P-15705:WC-2002,historical,72,72,0,72,72,0,measured_performance,False
P-15736:WC-2014,historical,71,71,0,71,71,0,measured_performance,False
P-15736:WC-2018,historical,71,71,0,71,71,0,measured_performance,False
P-15739:WC-2010,historical,68,68,0,68,68,0,measured_performance,False
P-15746:WC-1950,historical,71,71,0,71,71,0,baseline_anchor_estimate,False
P-15746:WC-1958,historical,73,73,0,73,73,0,baseline_anchor_estimate,False
P-15756:WC-1958,historical,72,73,1,72,73,1,measured_performance,False
P-15756:WC-1962,historical,87,87,0,87,87,0,measured_performance,False
P-15758:WC-1970,historical,68,68,0,68,68,0,measured_performance,False
P-15763:WC-1938,historical,80,81,1,80,81,1,measured_performance,False
P-15773:WC-1994,historical,71,71,0,71,71,0,measured_performance,False
P-15788:WC-1990,historical,68,68,0,68,68,0,measured_performance,False
P-15799:WC-1950,historical,71,71,0,71,71,0,measured_performance,False
P-15801:WC-1982,historical,71,71,0,71,71,0,measured_performance,False
P-15801:WC-1986,historical,71,71,0,71,71,0,measured_performance,False
P-15806:WC-1950,historical,72,72,0,72,72,0,measured_performance,False
P-15820:WC-1954,historical,73,73,0,73,73,0,measured_performance,False
P-15829:WC-1994,historical,88,88,0,88,88,0,measured_performance,False
P-15829:WC-1998,historical,73,73,0,73,73,0,measured_performance,False
P-15848:WC-2018,historical,73,73,0,73,73,0,measured_performance,False
P-15853:WC-1958,historical,71,71,0,71,71,0,measured_performance,False
P-15857:WC-1962,historical,87,87,0,87,87,0,measured_performance,False
P-15857:WC-1966,historical,72,72,0,72,72,0,measured_performance,False
P-15858:WC-2002,historical,72,72,0,72,72,0,measured_performance,False
P-15860:WC-1958,historical,72,72,0,72,72,0,measured_performance,False
P-15870:WC-2018,historical,79,80,1,79,80,1,measured_performance,False
P-15882:WC-1990,historical,88,88,0,88,88,0,measured_performance,False
P-15882:WC-1994,historical,68,68,0,68,68,0,measured_performance,False
P-15887:WC-2018,historical,72,72,0,72,72,0,measured_performance,False
P-15889:WC-1950,historical,73,73,0,73,73,0,measured_performance,False
P-15890:WC-1978,historical,68,68,0,68,68,0,measured_performance,False
P-15890:WC-1982,historical,88,88,0,88,88,0,measured_performance,False
P-15892:WC-1938,historical,73,73,0,73,73,0,measured_performance,False
P-15894:WC-1954,historical,72,72,0,72,72,0,measured_performance,False
P-15896:WC-2014,historical,71,71,0,71,71,0,measured_performance,False
P-15896:WC-2018,historical,82,83,1,82,83,1,measured_performance,False
P-15905:WC-2018,historical,79,80,1,79,80,1,measured_performance,False
P-15905:WC-2022,historical,79,79,0,79,79,0,measured_performance,False
P-15923:WC-1962,historical,88,88,0,88,88,0,measured_performance,False
P-15923:WC-1966,historical,69,69,0,69,69,0,measured_performance,False
P-15931:WC-1998,historical,72,72,0,72,72,0,measured_performance,False
P-15973:WC-1982,historical,71,71,0,71,71,0,measured_performance,False
P-15973:WC-1986,historical,72,72,0,72,72,0,measured_performance,False
P-15988:WC-2018,historical,71,71,0,71,71,0,measured_performance,False
P-15994:WC-1934,historical,72,72,0,72,72,0,measured_performance,False
P-16019:WC-1930,historical,72,72,0,72,72,0,measured_performance,False
P-16030:WC-1994,historical,71,71,0,71,71,0,measured_performance,False
P-16046:WC-2002,historical,88,88,0,88,88,0,measured_performance,False
P-16053:WC-2018,historical,88,88,0,88,88,0,measured_performance,False
P-16059:WC-1994,historical,76,77,1,76,77,1,measured_performance,False
P-16059:WC-1998,historical,71,71,0,71,71,0,measured_performance,False
P-16059:WC-2006,historical,78,79,1,78,79,1,measured_performance,False
P-16060:WC-1974,historical,84,84,0,84,84,0,measured_performance,False
P-16062:WC-1934,historical,72,72,0,72,72,0,measured_performance,False
P-16064:WC-1954,historical,71,71,0,71,71,0,measured_performance,False
P-16067:WC-1978,historical,81,81,0,81,81,0,measured_performance,False
P-16067:WC-1982,historical,73,73,0,73,73,0,measured_performance,False
P-16070:WC-1998,historical,71,71,0,71,71,0,measured_performance,False
P-16073:WC-2010,historical,71,71,0,71,71,0,measured_performance,False
P-16092:WC-1974,historical,71,71,0,71,71,0,measured_performance,False
P-16096:WC-1954,historical,72,72,0,72,72,0,measured_performance,False
P-16110:WC-1994,historical,72,72,0,72,72,0,measured_performance,False
P-16119:WC-2014,historical,70,70,0,70,70,0,measured_performance,False
P-16126:WC-1986,historical,80,81,1,80,81,1,measured_performance,False
P-16126:WC-1990,historical,71,71,0,71,71,0,measured_performance,False
P-16139:WC-2010,historical,70,70,0,70,70,0,measured_performance,False
P-16139:WC-2014,historical,72,72,0,72,72,0,measured_performance,False
P-16148:WC-2022,historical,71,71,0,71,71,0,measured_performance,False
P-16154:WC-2006,historical,74,75,1,74,75,1,measured_performance,False
P-16244:WC-1998,historical,78,78,0,78,78,0,measured_performance,False
P-16245:WC-2018,historical,72,72,0,72,72,0,measured_performance,False
P-16251:WC-1994,historical,71,71,0,71,71,0,measured_performance,False
P-16260:WC-2010,historical,71,71,0,71,71,0,measured_performance,False
P-16270:WC-1970,historical,74,75,1,74,75,1,measured_performance,False
P-16277:WC-1990,historical,71,71,0,71,71,0,measured_performance,False
P-16278:WC-1938,historical,66,66,0,66,66,0,baseline_anchor_estimate,False
P-16302:WC-1950,historical,88,88,0,88,88,0,measured_performance,False
P-16313:WC-1990,historical,85,86,1,85,86,1,measured_performance,False
P-16333:WC-2022,historical,71,71,0,71,71,0,measured_performance,False
P-16352:WC-2018,historical,70,70,0,70,70,0,measured_performance,False
P-16358:WC-1954,historical,73,73,0,73,73,0,measured_performance,False
P-16365:WC-1950,historical,73,73,0,73,73,0,measured_performance,False
P-16376:WC-2010,historical,80,81,1,80,81,1,measured_performance,False
P-16376:WC-2014,historical,80,80,0,80,80,0,measured_performance,False
P-16377:WC-1934,historical,72,72,0,72,72,0,measured_performance,False
P-16378:WC-2006,historical,85,85,0,85,85,0,measured_performance,False
P-16378:WC-2010,historical,71,71,0,71,71,0,measured_performance,False
P-16382:WC-1990,historical,73,74,1,73,74,1,measured_performance,False
P-16403:WC-1982,historical,70,70,0,70,70,0,measured_performance,False
P-16403:WC-1986,historical,72,72,0,72,72,0,measured_performance,False
P-16416:WC-2006,historical,72,72,0,72,72,0,measured_performance,False
P-16421:WC-1998,historical,81,81,0,81,81,0,measured_performance,False
P-16445:WC-1958,historical,72,72,0,72,72,0,measured_performance,False
P-16445:WC-1962,historical,78,78,0,78,78,0,measured_performance,False
P-16451:WC-1994,historical,72,72,0,72,72,0,measured_performance,False
P-16478:WC-2010,historical,75,76,1,75,76,1,measured_performance,False
P-16479:WC-1978,historical,82,82,0,82,82,0,measured_performance,False
P-16484:WC-2022,historical,88,88,0,88,88,0,measured_performance,False
P-16489:WC-2014,historical,68,68,0,68,68,0,measured_performance,False
P-16489:WC-2018,historical,71,71,0,71,71,0,measured_performance,False
P-16522:WC-2002,historical,68,68,0,68,68,0,measured_performance,False
P-16541:WC-2006,historical,71,71,0,71,71,0,measured_performance,False
P-16557:WC-2002,historical,88,88,0,88,88,0,measured_performance,False
P-16557:WC-2006,historical,88,88,0,88,88,0,measured_performance,False
P-16557:WC-2010,historical,86,86,0,86,86,0,measured_performance,False
P-16571:WC-2002,historical,88,88,0,88,88,0,measured_performance,False
P-16576:WC-2022,historical,70,70,0,70,70,0,measured_performance,False
P-16580:WC-2010,historical,80,81,1,80,81,1,measured_performance,False
P-16586:WC-1958,historical,66,66,0,66,66,0,baseline_anchor_estimate,False
P-16586:WC-1962,historical,88,88,0,88,88,0,measured_performance,False
P-16610:WC-1954,historical,71,71,0,71,71,0,baseline_anchor_estimate,False
P-16627:WC-1990,historical,70,70,0,70,70,0,measured_performance,False
P-16634:WC-1938,historical,66,66,0,66,66,0,baseline_anchor_estimate,False
P-16644:WC-1962,historical,70,71,1,70,71,1,measured_performance,False
P-16654:WC-1954,historical,73,73,0,73,73,0,measured_performance,False
P-16656:WC-1930,historical,70,70,0,70,70,0,measured_performance,False
P-16659:WC-1982,historical,72,72,0,72,72,0,measured_performance,False
P-16663:WC-1938,historical,88,88,0,88,88,0,measured_performance,False
P-16675:WC-2002,historical,84,84,0,84,84,0,measured_performance,False
P-16678:WC-1986,historical,78,79,1,78,79,1,measured_performance,False
P-16713:WC-1998,historical,72,72,0,72,72,0,measured_performance,False
P-16727:WC-1934,historical,77,77,0,77,77,0,measured_performance,False
P-16736:WC-2022,historical,87,87,0,87,87,0,measured_performance,False
P-16755:WC-1974,historical,71,71,0,71,71,0,measured_performance,False
P-16755:WC-1978,historical,71,71,0,71,71,0,measured_performance,False
P-16760:WC-1954,historical,77,78,1,77,78,1,measured_performance,False
P-16780:WC-1998,historical,86,86,0,86,86,0,measured_performance,False
P-16785:WC-2014,historical,80,81,1,80,81,1,measured_performance,False
P-16804:WC-1974,historical,71,71,0,71,71,0,measured_performance,False
P-16851:WC-1998,historical,68,68,0,68,68,0,measured_performance,False
P-16859:WC-2002,historical,80,80,0,80,80,0,measured_performance,False
P-16875:WC-1978,historical,74,74,0,74,74,0,measured_performance,False
P-16875:WC-1982,historical,88,88,0,88,88,0,measured_performance,False
P-16891:WC-1930,historical,72,72,0,72,72,0,measured_performance,False
P-16899:WC-1990,historical,72,73,1,72,73,1,measured_performance,False
P-16918:WC-1990,historical,68,68,0,68,68,0,measured_performance,False
P-16938:WC-1990,historical,79,79,0,72,73,1,career_stature_estimate,False
P-16938:WC-1998,historical,87,87,0,82,83,1,career_stature_estimate,False
P-16954:WC-1998,historical,78,78,0,78,78,0,measured_performance,False
P-16961:WC-1994,historical,71,72,1,71,72,1,measured_performance,False
P-16965:WC-1934,historical,75,75,0,75,75,0,measured_performance,False
P-16977:WC-2018,historical,72,72,0,72,72,0,measured_performance,False
P-16979:WC-1978,historical,77,78,1,77,78,1,measured_performance,False
P-16991:WC-1974,historical,91,91,0,89,89,0,career_stature_estimate,True
P-16991:WC-1978,historical,90,90,0,85,85,0,career_stature_estimate,True
P-17002:WC-1970,historical,79,80,1,79,80,1,measured_performance,False
P-17027:WC-2006,historical,71,71,0,71,71,0,measured_performance,False
P-17028:WC-2006,historical,71,71,0,71,71,0,measured_performance,False
P-17035:WC-2002,historical,71,71,0,71,71,0,measured_performance,False
P-17037:WC-1994,historical,71,71,0,71,71,0,measured_performance,False
P-17048:WC-2022,historical,81,82,1,81,82,1,measured_performance,False
P-17067:WC-1962,historical,84,84,0,84,84,0,measured_performance,False
P-17071:WC-1998,historical,78,78,0,78,78,0,measured_performance,False
P-17071:WC-2002,historical,71,71,0,71,71,0,measured_performance,False
P-17075:WC-1934,historical,71,71,0,71,71,0,measured_performance,False
P-17082:WC-2018,historical,72,72,0,72,72,0,measured_performance,False
P-17091:WC-1958,historical,71,72,1,71,72,1,measured_performance,False
P-17092:WC-1982,historical,72,72,0,72,72,0,measured_performance,False
P-17099:WC-2022,historical,87,87,0,87,87,0,measured_performance,False
P-17103:WC-1990,historical,72,72,0,72,72,0,measured_performance,False
P-17125:WC-1962,historical,73,73,0,73,73,0,baseline_anchor_estimate,False
P-17136:WC-2010,historical,72,72,0,72,72,0,measured_performance,False
P-17148:WC-2006,historical,79,80,1,79,80,1,measured_performance,False
P-17174:WC-2018,historical,75,76,1,75,76,1,measured_performance,False
P-17205:WC-2010,historical,79,79,0,79,79,0,measured_performance,False
P-17208:WC-1982,historical,88,88,0,88,88,0,measured_performance,False
P-17215:WC-1938,historical,83,83,0,83,83,0,measured_performance,False
P-17223:WC-1990,historical,83,84,1,83,84,1,measured_performance,False
P-17245:WC-1966,historical,66,66,0,66,66,0,baseline_anchor_estimate,False
P-17263:WC-1934,historical,72,72,0,72,72,0,measured_performance,False
P-17292:WC-1958,historical,85,85,0,85,85,0,measured_performance,False
P-17293:WC-1978,historical,88,88,0,88,88,0,measured_performance,False
P-17302:WC-1986,historical,71,71,0,71,71,0,measured_performance,False
P-17303:WC-1990,historical,72,72,0,72,72,0,measured_performance,False
P-17309:WC-1938,historical,72,72,0,72,72,0,measured_performance,False
P-17321:WC-2002,historical,71,71,0,71,71,0,measured_performance,False
P-17336:WC-1982,historical,77,77,0,77,77,0,measured_performance,False
P-17348:WC-1998,historical,71,71,0,71,71,0,measured_performance,False
P-17348:WC-2002,historical,83,83,0,83,83,0,measured_performance,False
P-17383:WC-1990,historical,68,68,0,68,68,0,measured_performance,False
P-17395:WC-1970,historical,75,75,0,75,75,0,measured_performance,False
P-17413:WC-1982,historical,79,79,0,79,79,0,measured_performance,False
P-17415:WC-2018,historical,82,82,0,82,82,0,measured_performance,False
P-17420:WC-2006,historical,88,88,0,88,88,0,measured_performance,False
P-17428:WC-2006,historical,70,70,0,70,70,0,measured_performance,False
P-17433:WC-1982,historical,72,72,0,72,72,0,measured_performance,False
P-17442:WC-1958,historical,66,66,0,66,66,0,baseline_anchor_estimate,False
P-17445:WC-2006,historical,72,72,0,72,72,0,measured_performance,False
P-17489:WC-1934,historical,66,66,0,66,66,0,baseline_anchor_estimate,False
P-17496:WC-2022,historical,71,71,0,71,71,0,measured_performance,False
P-17506:WC-2006,historical,71,71,0,71,71,0,measured_performance,False
P-17509:WC-2014,historical,92,92,0,88,88,0,career_stature_estimate,True
P-17509:WC-2018,historical,92,92,0,88,88,0,career_stature_estimate,True
P-17520:WC-2002,historical,88,88,0,88,88,0,measured_performance,False
P-17534:WC-1954,historical,84,85,1,84,85,1,measured_performance,False
P-17536:WC-1970,historical,77,78,1,77,78,1,measured_performance,False
P-17565:WC-1930,historical,72,72,0,72,72,0,measured_performance,False
P-17566:WC-1978,historical,80,81,1,80,81,1,measured_performance,False
P-17566:WC-1982,historical,70,70,0,70,70,0,measured_performance,False
P-17569:WC-1930,historical,73,73,0,73,73,0,measured_performance,False
P-17581:WC-2006,historical,88,88,0,88,88,0,measured_performance,False
P-17582:WC-1986,historical,73,73,0,73,73,0,measured_performance,False
P-17583:WC-1958,historical,70,71,1,70,71,1,measured_performance,False
P-17625:WC-1962,historical,71,71,0,71,71,0,measured_performance,False
P-17625:WC-1966,historical,73,73,0,73,73,0,measured_performance,False
P-17626:WC-1982,historical,84,84,0,84,84,0,measured_performance,False
P-17652:WC-1970,historical,72,72,0,72,72,0,measured_performance,False
P-17662:WC-2010,historical,82,83,1,82,83,1,measured_performance,False
P-17666:WC-1998,historical,73,74,1,73,74,1,measured_performance,False
P-17666:WC-2002,historical,71,71,0,71,71,0,measured_performance,False
P-17688:WC-2022,historical,88,88,0,88,88,0,measured_performance,False
P-17698:WC-2010,historical,75,76,1,75,76,1,measured_performance,False
P-17698:WC-2014,historical,80,80,0,80,80,0,measured_performance,False
P-17727:WC-1958,historical,71,72,1,71,72,1,measured_performance,False
P-17732:WC-1934,historical,72,72,0,72,72,0,measured_performance,False
P-17733:WC-2006,historical,72,72,0,72,72,0,measured_performance,False
P-17740:WC-1934,historical,70,70,0,70,70,0,baseline_anchor_estimate,False
P-17740:WC-1938,historical,76,77,1,76,77,1,measured_performance,False
P-17754:WC-1950,historical,88,88,0,88,88,0,measured_performance,False
P-17754:WC-1954,historical,79,80,1,79,80,1,measured_performance,False
P-17764:WC-1950,historical,82,83,1,82,83,1,measured_performance,False
P-17774:WC-1982,historical,71,71,0,71,71,0,measured_performance,False
P-17774:WC-1990,historical,71,71,0,71,71,0,measured_performance,False
P-17774:WC-1994,historical,80,80,0,80,80,0,measured_performance,False
P-17784:WC-2022,historical,71,71,0,71,71,0,measured_performance,False
P-17792:WC-1954,historical,73,73,0,73,73,0,measured_performance,False
P-17799:WC-1990,historical,71,72,1,71,72,1,measured_performance,False
P-17800:WC-1990,historical,68,68,0,68,68,0,measured_performance,False
P-17824:WC-1934,historical,72,72,0,72,72,0,measured_performance,False
P-17838:WC-1938,historical,72,72,0,72,72,0,measured_performance,False
P-17846:WC-1974,historical,75,75,0,75,75,0,measured_performance,False
P-17853:WC-2018,historical,81,81,0,81,81,0,measured_performance,False
P-17872:WC-2018,historical,88,88,0,88,88,0,measured_performance,False
P-17884:WC-1998,historical,79,80,1,79,80,1,measured_performance,False
P-17884:WC-2002,historical,80,80,0,80,80,0,measured_performance,False
P-17884:WC-2006,historical,74,75,1,74,75,1,measured_performance,False
P-17898:WC-1994,historical,72,72,0,72,72,0,measured_performance,False
P-17898:WC-1998,historical,79,80,1,79,80,1,measured_performance,False
P-17931:WC-2022,historical,84,84,0,84,84,0,measured_performance,False
P-17941:WC-1998,historical,73,74,1,73,74,1,measured_performance,False
P-17941:WC-2002,historical,72,72,0,72,72,0,measured_performance,False
P-17943:WC-2022,historical,71,71,0,71,71,0,measured_performance,False
P-17967:WC-2006,historical,71,71,0,71,71,0,measured_performance,False
P-17967:WC-2010,historical,72,72,0,72,72,0,measured_performance,False
P-17971:WC-2014,historical,78,79,1,78,79,1,measured_performance,False
P-17974:WC-2014,historical,71,71,0,71,71,0,measured_performance,False
P-17986:WC-2018,historical,84,85,1,84,85,1,measured_performance,False
P-17988:WC-2018,historical,74,75,1,74,75,1,measured_performance,False
P-17992:WC-1970,historical,71,71,0,71,71,0,measured_performance,False
P-18094:WC-2006,historical,80,80,0,80,80,0,measured_performance,False
P-18094:WC-2010,historical,72,72,0,72,72,0,measured_performance,False
P-18102:WC-1966,historical,69,69,0,69,69,0,measured_performance,False
P-18106:WC-2002,historical,88,88,0,88,88,0,measured_performance,False
P-18113:WC-2006,historical,74,75,1,74,75,1,measured_performance,False
P-18120:WC-1986,historical,71,71,0,71,71,0,measured_performance,False
P-18164:WC-2002,historical,72,72,0,72,72,0,measured_performance,False
P-18164:WC-2006,historical,88,88,0,88,88,0,measured_performance,False
P-18164:WC-2010,historical,71,71,0,71,71,0,measured_performance,False
P-18188:WC-2022,historical,72,73,1,72,73,1,measured_performance,False
P-18200:WC-2006,historical,80,80,0,80,80,0,measured_performance,False
P-18210:WC-2010,historical,88,88,0,88,88,0,measured_performance,False
P-18222:WC-2014,historical,88,88,0,88,88,0,measured_performance,False
P-18222:WC-2018,historical,79,80,1,79,80,1,measured_performance,False
P-18230:WC-2014,historical,71,71,0,71,71,0,measured_performance,False
P-18252:WC-1998,historical,71,71,0,71,71,0,measured_performance,False
P-18281:WC-1958,historical,69,69,0,69,69,0,measured_performance,False
P-18303:WC-1990,historical,73,74,1,73,74,1,measured_performance,False
P-18303:WC-1998,historical,72,72,0,72,72,0,measured_performance,False
P-18314:WC-1986,historical,86,86,0,86,86,0,measured_performance,False
P-18314:WC-1990,historical,83,84,1,83,84,1,measured_performance,False
P-18314:WC-1994,historical,82,83,1,82,83,1,measured_performance,False
P-18317:WC-1978,historical,72,72,0,72,72,0,measured_performance,False
P-18317:WC-1982,historical,72,72,0,72,72,0,measured_performance,False
P-18335:WC-1986,historical,84,85,1,84,85,1,measured_performance,False
P-18335:WC-1990,historical,78,79,1,78,79,1,measured_performance,False
P-18347:WC-1934,historical,72,72,0,72,72,0,measured_performance,False
P-18360:WC-1966,historical,66,66,0,66,66,0,baseline_anchor_estimate,False
P-18379:WC-2010,historical,75,76,1,75,76,1,measured_performance,False
P-18383:WC-2018,historical,73,74,1,73,74,1,measured_performance,False
P-18389:WC-1962,historical,71,71,0,71,71,0,measured_performance,False
P-18421:WC-1974,historical,71,71,0,71,71,0,measured_performance,False
P-18444:WC-2018,historical,71,71,0,71,71,0,measured_performance,False
P-18468:WC-1974,historical,87,87,0,87,87,0,measured_performance,False
P-18513:WC-1954,historical,73,73,0,73,73,0,measured_performance,False
P-18523:WC-1950,historical,89,89,0,89,89,0,measured_performance,False
P-18523:WC-1954,historical,88,88,0,88,88,0,measured_performance,False
P-18536:WC-2002,historical,72,72,0,72,72,0,measured_performance,False
P-18539:WC-1998,historical,71,71,0,71,71,0,measured_performance,False
P-18562:WC-1986,historical,72,72,0,72,72,0,measured_performance,False
P-18564:WC-2022,historical,72,73,1,72,73,1,measured_performance,False
P-18572:WC-1994,historical,70,71,1,70,71,1,measured_performance,False
P-18580:WC-1982,historical,87,87,0,87,87,0,measured_performance,False
P-18580:WC-1986,historical,76,77,1,76,77,1,measured_performance,False
P-18580:WC-1990,historical,70,70,0,70,70,0,measured_performance,False
P-18598:WC-2018,historical,71,71,0,71,71,0,measured_performance,False
P-18599:WC-2006,historical,89,89,0,88,88,0,career_stature_estimate,True
P-18599:WC-2010,historical,89,89,0,88,88,0,career_stature_estimate,True
P-18599:WC-2014,historical,89,89,0,88,88,0,career_stature_estimate,True
P-18604:WC-2010,historical,72,72,0,72,72,0,measured_performance,False
P-18605:WC-2006,historical,84,84,0,84,84,0,measured_performance,False
P-18610:WC-1982,historical,77,77,0,77,77,0,measured_performance,False
P-18615:WC-1930,historical,78,79,1,78,79,1,measured_performance,False
P-18623:WC-1998,historical,79,79,0,79,79,0,measured_performance,False
P-18628:WC-1930,historical,97,97,0,89,89,0,career_stature_estimate,False
P-18657:WC-2010,historical,71,71,0,71,71,0,measured_performance,False
P-18665:WC-2018,historical,86,86,0,86,86,0,measured_performance,False
P-18672:WC-2006,historical,76,76,0,76,76,0,measured_performance,False
P-18672:WC-2010,historical,88,88,0,88,88,0,measured_performance,False
P-18672:WC-2014,historical,88,88,0,88,88,0,measured_performance,False
P-18674:WC-1970,historical,77,78,1,77,78,1,measured_performance,False
P-18718:WC-1982,historical,88,88,0,88,88,0,measured_performance,False
P-18748:WC-1970,historical,71,71,0,71,71,0,measured_performance,False
P-18770:WC-1966,historical,69,69,0,69,69,0,measured_performance,False
P-18786:WC-1998,historical,71,71,0,71,71,0,measured_performance,False
P-18804:WC-1998,historical,82,83,1,82,83,1,measured_performance,False
P-18804:WC-2002,historical,82,82,0,82,82,0,measured_performance,False
P-18819:WC-1934,historical,71,71,0,71,71,0,measured_performance,False
P-18830:WC-2006,historical,88,88,0,88,88,0,measured_performance,False
P-18830:WC-2010,historical,82,83,1,82,83,1,measured_performance,False
P-18863:WC-1938,historical,75,75,0,75,75,0,measured_performance,False
P-18873:WC-1990,historical,71,71,0,71,71,0,measured_performance,False
P-18885:WC-2022,historical,72,72,0,72,72,0,measured_performance,False
P-18894:WC-2006,historical,88,88,0,88,88,0,measured_performance,False
P-18898:WC-1970,historical,71,71,0,71,71,0,measured_performance,False
P-18907:WC-2018,historical,73,73,0,73,73,0,measured_performance,False
P-18921:WC-2022,historical,71,71,0,71,71,0,measured_performance,False
P-18923:WC-2018,historical,86,86,0,86,86,0,measured_performance,False
P-18923:WC-2022,historical,79,79,0,79,79,0,measured_performance,False
P-18924:WC-1986,historical,70,70,0,70,70,0,measured_performance,False
P-18926:WC-1998,historical,85,85,0,85,85,0,measured_performance,False
P-18927:WC-1934,historical,72,72,0,72,72,0,measured_performance,False
P-18941:WC-1990,historical,85,86,1,85,86,1,measured_performance,False
P-18963:WC-2014,historical,71,71,0,71,71,0,measured_performance,False
P-19020:WC-1982,historical,87,87,0,87,87,0,measured_performance,False
P-19020:WC-1986,historical,70,70,0,70,70,0,measured_performance,False
P-19030:WC-1998,historical,71,71,0,71,71,0,measured_performance,False
P-19044:WC-1938,historical,72,72,0,72,72,0,measured_performance,False
P-19069:WC-2022,historical,71,71,0,71,71,0,measured_performance,False
P-19073:WC-2014,historical,73,73,0,73,73,0,measured_performance,False
P-19075:WC-2018,historical,73,73,0,73,73,0,measured_performance,False
P-19075:WC-2022,historical,88,88,0,88,88,0,measured_performance,False
P-19096:WC-1934,historical,73,74,1,73,74,1,measured_performance,False
P-19121:WC-2002,historical,78,79,1,78,79,1,measured_performance,False
P-19136:WC-1998,historical,82,82,0,82,82,0,measured_performance,False
P-19142:WC-2014,historical,68,68,0,68,68,0,measured_performance,False
P-19146:WC-1982,historical,77,77,0,77,77,0,measured_performance,False
P-19156:WC-2002,historical,82,82,0,82,82,0,measured_performance,False
P-19156:WC-2006,historical,87,87,0,87,87,0,measured_performance,False
P-19161:WC-1954,historical,71,71,0,71,71,0,measured_performance,False
P-19165:WC-2006,historical,68,68,0,68,68,0,measured_performance,False
P-19170:WC-1930,historical,72,72,0,72,72,0,measured_performance,False
P-19175:WC-1986,historical,71,71,0,71,71,0,measured_performance,False
P-19181:WC-1934,historical,73,74,1,73,74,1,measured_performance,False
P-19190:WC-1986,historical,72,72,0,72,72,0,measured_performance,False
P-19193:WC-2018,historical,68,68,0,68,68,0,measured_performance,False
P-19193:WC-2022,historical,72,73,1,72,73,1,measured_performance,False
P-19195:WC-1930,historical,72,72,0,72,72,0,measured_performance,False
P-19199:WC-1978,historical,72,72,0,72,72,0,measured_performance,False
P-19209:WC-1982,historical,79,79,0,79,79,0,measured_performance,False
P-19215:WC-1958,historical,81,81,0,81,81,0,measured_performance,False
P-19229:WC-2002,historical,71,71,0,71,71,0,measured_performance,False
P-19241:WC-1998,historical,86,86,0,86,86,0,measured_performance,False
P-19241:WC-2002,historical,86,86,0,86,86,0,measured_performance,False
P-19241:WC-2006,historical,80,80,0,80,80,0,measured_performance,False
P-19279:WC-1954,historical,72,72,0,72,72,0,measured_performance,False
P-19309:WC-1986,historical,81,81,0,81,81,0,measured_performance,False
P-19334:WC-1974,historical,70,70,0,70,70,0,measured_performance,False
P-19339:WC-2018,historical,72,72,0,72,72,0,measured_performance,False
P-19351:WC-1986,historical,78,79,1,78,79,1,measured_performance,False
P-19351:WC-1990,historical,88,88,0,88,88,0,measured_performance,False
P-19353:WC-1962,historical,72,72,0,72,72,0,measured_performance,False
P-19366:WC-2018,historical,74,75,1,74,75,1,measured_performance,False
P-19408:WC-2010,historical,91,91,0,88,88,0,career_stature_estimate,True
P-19408:WC-2014,historical,91,91,0,90,90,0,career_stature_estimate,True
P-19408:WC-2018,historical,91,91,0,84,85,1,career_stature_estimate,True
P-19408:WC-2022,historical,91,91,0,84,85,1,career_stature_estimate,True
P-19411:WC-2002,historical,72,72,0,72,72,0,measured_performance,False
P-19422:WC-2010,historical,68,68,0,68,68,0,measured_performance,False
P-19426:WC-1974,historical,69,69,0,69,69,0,measured_performance,False
P-19443:WC-1978,historical,71,71,0,71,71,0,measured_performance,False
P-19453:WC-2010,historical,79,79,0,79,79,0,measured_performance,False
P-19453:WC-2014,historical,86,86,0,86,86,0,measured_performance,False
P-19469:WC-1934,historical,80,80,0,80,80,0,measured_performance,False
P-19478:WC-2014,historical,83,83,0,83,83,0,measured_performance,False
P-19490:WC-1934,historical,73,74,1,73,74,1,measured_performance,False
P-19512:WC-2014,historical,78,79,1,78,79,1,measured_performance,False
P-19519:WC-1966,historical,72,72,0,72,72,0,measured_performance,False
P-19526:WC-1986,historical,71,71,0,71,71,0,measured_performance,False
P-19537:WC-1990,historical,82,83,1,82,83,1,measured_performance,False
P-19537:WC-1994,historical,81,82,1,81,82,1,measured_performance,False
P-19537:WC-1998,historical,86,86,0,86,86,0,measured_performance,False
P-19543:WC-1950,historical,81,82,1,81,82,1,measured_performance,False
P-19543:WC-1954,historical,84,84,0,84,84,0,measured_performance,False
P-19545:WC-2018,historical,72,72,0,72,72,0,measured_performance,False
P-19550:WC-1970,historical,86,86,0,86,86,0,measured_performance,False
P-19564:WC-2014,historical,71,71,0,71,71,0,measured_performance,False
P-19567:WC-1994,historical,88,88,0,88,88,0,measured_performance,False
P-19578:WC-1998,historical,72,72,0,72,72,0,measured_performance,False
P-19578:WC-2002,historical,80,80,0,80,80,0,measured_performance,False
P-19582:WC-1934,historical,82,82,0,82,82,0,measured_performance,False
P-19583:WC-1950,historical,72,72,0,72,72,0,measured_performance,False
P-19591:WC-2014,historical,88,88,0,88,88,0,measured_performance,False
P-19591:WC-2018,historical,86,86,0,86,86,0,measured_performance,False
P-19618:WC-2022,historical,72,73,1,72,73,1,measured_performance,False
P-19627:WC-1934,historical,72,72,0,72,72,0,measured_performance,False
P-19642:WC-1974,historical,71,71,0,71,71,0,measured_performance,False
P-19646:WC-1954,historical,80,80,0,80,80,0,measured_performance,False
P-19652:WC-1954,historical,66,66,0,66,66,0,baseline_anchor_estimate,False
P-19670:WC-1990,historical,71,71,0,71,71,0,measured_performance,False
P-19672:WC-1986,historical,72,72,0,72,72,0,measured_performance,False
P-19712:WC-1930,historical,88,88,0,88,88,0,measured_performance,False
P-19727:WC-2002,historical,72,72,0,72,72,0,measured_performance,False
P-19743:WC-1994,historical,73,73,0,73,73,0,measured_performance,False
P-19743:WC-1998,historical,73,74,1,73,74,1,measured_performance,False
P-19776:WC-2022,historical,88,88,0,88,88,0,measured_performance,False
P-19791:WC-1986,historical,81,81,0,81,81,0,measured_performance,False
P-19801:WC-2010,historical,75,76,1,75,76,1,measured_performance,False
P-19801:WC-2014,historical,75,76,1,75,76,1,measured_performance,False
P-19802:WC-1962,historical,66,66,0,66,66,0,baseline_anchor_estimate,False
P-19802:WC-1970,historical,72,73,1,72,73,1,measured_performance,False
P-19812:WC-1958,historical,71,72,1,71,72,1,measured_performance,False
P-19817:WC-1958,historical,85,85,0,85,85,0,measured_performance,False
P-19836:WC-1982,historical,71,71,0,71,71,0,measured_performance,False
P-19849:WC-1990,historical,70,70,0,70,70,0,measured_performance,False
P-19851:WC-1978,historical,71,71,0,71,71,0,measured_performance,False
P-19888:WC-1998,historical,80,80,0,71,71,0,career_stature_estimate,False
P-19888:WC-2002,historical,88,88,0,82,82,0,career_stature_estimate,False
P-19888:WC-2006,historical,89,89,0,88,88,0,career_stature_estimate,False
P-19907:WC-1998,historical,88,88,0,88,88,0,measured_performance,False
P-19907:WC-2002,historical,72,72,0,72,72,0,measured_performance,False
P-19910:WC-2010,historical,71,71,0,71,71,0,measured_performance,False
P-19914:WC-2022,historical,71,71,0,71,71,0,measured_performance,False
P-19936:WC-1962,historical,70,71,1,70,71,1,measured_performance,False
P-19936:WC-1966,historical,73,73,0,73,73,0,measured_performance,False
P-19936:WC-1970,historical,71,71,0,71,71,0,measured_performance,False
P-19947:WC-1938,historical,79,79,0,79,79,0,measured_performance,False
P-19953:WC-1974,historical,71,71,0,71,71,0,measured_performance,False
P-19991:WC-1994,historical,76,77,1,76,77,1,measured_performance,False
P-19991:WC-1998,historical,72,72,0,72,72,0,measured_performance,False
P-19995:WC-1938,historical,72,72,0,72,72,0,measured_performance,False
P-20008:WC-2010,historical,83,84,1,83,84,1,measured_performance,False
P-20019:WC-2018,historical,82,82,0,82,82,0,measured_performance,False
P-20020:WC-1982,historical,72,72,0,72,72,0,measured_performance,False
P-20051:WC-2014,historical,71,71,0,71,71,0,measured_performance,False
P-20051:WC-2018,historical,71,71,0,71,71,0,measured_performance,False
P-20051:WC-2022,historical,72,73,1,72,73,1,measured_performance,False
P-20084:WC-2010,historical,88,88,0,88,88,0,measured_performance,False
P-20085:WC-2002,historical,71,71,0,71,71,0,measured_performance,False
P-20087:WC-2018,historical,71,71,0,71,71,0,measured_performance,False
P-20087:WC-2022,historical,72,72,0,72,72,0,measured_performance,False
P-20091:WC-1950,historical,66,66,0,66,66,0,baseline_anchor_estimate,False
P-20094:WC-1998,historical,84,84,0,84,84,0,measured_performance,False
P-20127:WC-2018,historical,71,71,0,71,71,0,measured_performance,False
P-20138:WC-1966,historical,75,76,1,75,76,1,measured_performance,False
P-20163:WC-2018,historical,72,72,0,72,72,0,measured_performance,False
P-20172:WC-1970,historical,71,71,0,71,71,0,measured_performance,False
P-20172:WC-1974,historical,70,70,0,70,70,0,measured_performance,False
P-20173:WC-1958,historical,88,88,0,88,88,0,measured_performance,False
P-20188:WC-1974,historical,80,81,1,80,81,1,measured_performance,False
P-20189:WC-1954,historical,71,72,1,71,72,1,measured_performance,False
P-20216:WC-2022,historical,72,73,1,72,73,1,measured_performance,False
P-20237:WC-1990,historical,72,72,0,72,72,0,measured_performance,False
P-20244:WC-2014,historical,78,79,1,78,79,1,measured_performance,False
P-20248:WC-2006,historical,72,72,0,72,72,0,measured_performance,False
P-20256:WC-1994,historical,72,72,0,72,72,0,measured_performance,False
P-20259:WC-2022,historical,72,72,0,72,72,0,measured_performance,False
P-20267:WC-1986,historical,84,84,0,84,84,0,measured_performance,False
P-20273:WC-2006,historical,71,71,0,71,71,0,measured_performance,False
P-20285:WC-1990,historical,82,83,1,82,83,1,measured_performance,False
P-20285:WC-1994,historical,83,83,0,83,83,0,measured_performance,False
P-20299:WC-1982,historical,72,72,0,72,72,0,measured_performance,False
P-20306:WC-1966,historical,85,86,1,85,86,1,measured_performance,False
P-20318:WC-1954,historical,72,73,1,72,73,1,measured_performance,False
P-20330:WC-1998,historical,71,71,0,71,71,0,measured_performance,False
P-20335:WC-2006,historical,71,71,0,71,71,0,measured_performance,False
P-20372:WC-2006,historical,88,88,0,88,88,0,measured_performance,False
P-20388:WC-2022,historical,71,71,0,71,71,0,measured_performance,False
P-20389:WC-2002,historical,88,88,0,88,88,0,measured_performance,False
P-20424:WC-1986,historical,81,81,0,81,81,0,measured_performance,False
P-20467:WC-2022,historical,70,70,0,70,70,0,measured_performance,False
P-20482:WC-2022,historical,71,71,0,71,71,0,measured_performance,False
P-20506:WC-1970,historical,71,71,0,71,71,0,measured_performance,False
P-20549:WC-1986,historical,70,70,0,70,70,0,measured_performance,False
P-20553:WC-1974,historical,87,87,0,87,87,0,measured_performance,False
P-20557:WC-2002,historical,72,72,0,72,72,0,measured_performance,False
P-20557:WC-2006,historical,79,80,1,79,80,1,measured_performance,False
P-20564:WC-2022,historical,71,71,0,71,71,0,measured_performance,False
P-20571:WC-2018,historical,87,87,0,87,87,0,measured_performance,False
P-20578:WC-1970,historical,79,80,1,79,80,1,measured_performance,False
P-20585:WC-2014,historical,73,73,0,73,73,0,measured_performance,False
P-20595:WC-1974,historical,71,71,0,71,71,0,measured_performance,False
P-20597:WC-1994,historical,71,71,0,71,71,0,measured_performance,False
P-20598:WC-1934,historical,71,71,0,71,71,0,measured_performance,False
P-20604:WC-1954,historical,66,66,0,66,66,0,baseline_anchor_estimate,False
P-20640:WC-1982,historical,88,88,0,88,88,0,measured_performance,False
P-20640:WC-1986,historical,88,88,0,88,88,0,measured_performance,False
P-20640:WC-1990,historical,88,88,0,88,88,0,measured_performance,False
P-20643:WC-2002,historical,82,82,0,82,82,0,measured_performance,False
P-20645:WC-1958,historical,79,79,0,79,79,0,measured_performance,False
P-20647:WC-1990,historical,75,76,1,75,76,1,measured_performance,False
P-20664:WC-1982,historical,88,88,0,88,88,0,measured_performance,False
P-20672:WC-1930,historical,73,74,1,73,74,1,measured_performance,False
P-20690:WC-1930,historical,76,77,1,76,77,1,measured_performance,False
P-20690:WC-1934,historical,66,66,0,66,66,0,baseline_anchor_estimate,False
P-20690:WC-1938,historical,70,70,0,70,70,0,measured_performance,False
P-20700:WC-1962,historical,72,72,0,72,72,0,measured_performance,False
P-20700:WC-1966,historical,71,71,0,71,71,0,measured_performance,False
P-20706:WC-1994,historical,68,68,0,68,68,0,measured_performance,False
P-20709:WC-1966,historical,69,69,0,69,69,0,measured_performance,False
P-20754:WC-2018,historical,86,86,0,86,86,0,measured_performance,False
P-20762:WC-2006,historical,73,73,0,73,73,0,measured_performance,False
P-20792:WC-2002,historical,71,71,0,71,71,0,measured_performance,False
P-20802:WC-1950,historical,73,73,0,73,73,0,measured_performance,False
P-20804:WC-2022,historical,79,79,0,79,79,0,measured_performance,False
P-20825:WC-1958,historical,71,71,0,71,71,0,measured_performance,False
P-20827:WC-1994,historical,81,81,0,81,81,0,measured_performance,False
P-20874:WC-1978,historical,77,77,0,77,77,0,measured_performance,False
P-20877:WC-2014,historical,77,77,0,77,77,0,measured_performance,False
P-20880:WC-2002,historical,79,80,1,79,80,1,measured_performance,False
P-20886:WC-1998,historical,71,71,0,71,71,0,measured_performance,False
P-20886:WC-2002,historical,75,76,1,75,76,1,measured_performance,False
P-20886:WC-2006,historical,72,72,0,72,72,0,measured_performance,False
P-20897:WC-1974,historical,71,71,0,71,71,0,measured_performance,False
P-20926:WC-2014,historical,72,72,0,72,72,0,measured_performance,False
P-20960:WC-1994,historical,71,71,0,71,71,0,measured_performance,False
P-20963:WC-2010,historical,72,72,0,72,72,0,measured_performance,False
P-20969:WC-2006,historical,74,75,1,74,75,1,measured_performance,False
P-20969:WC-2014,historical,75,76,1,75,76,1,measured_performance,False
P-20971:WC-2014,historical,68,68,0,68,68,0,measured_performance,False
P-20974:WC-2014,historical,71,71,0,71,71,0,measured_performance,False
P-20979:WC-1958,historical,73,73,0,73,73,0,baseline_anchor_estimate,False
P-20993:WC-1954,historical,68,68,0,68,68,0,measured_performance,False
P-20997:WC-1966,historical,72,73,1,72,73,1,measured_performance,False
P-20998:WC-2018,historical,84,85,1,84,85,1,measured_performance,False
P-20998:WC-2022,historical,81,81,0,81,81,0,measured_performance,False
P-21000:WC-2002,historical,75,76,1,75,76,1,measured_performance,False
P-21000:WC-2010,historical,71,71,0,71,71,0,measured_performance,False
P-21011:WC-1970,historical,74,75,1,74,75,1,measured_performance,False
P-21024:WC-1986,historical,88,88,0,88,88,0,measured_performance,False
P-21052:WC-2022,historical,73,73,0,73,73,0,measured_performance,False
P-21068:WC-1978,historical,72,72,0,72,72,0,measured_performance,False
P-21070:WC-2002,historical,86,86,0,86,86,0,measured_performance,False
P-21070:WC-2014,historical,88,88,0,88,88,0,measured_performance,False
P-21077:WC-1954,historical,72,72,0,72,72,0,measured_performance,False
P-21099:WC-2022,historical,68,68,0,68,68,0,measured_performance,False
P-21108:WC-2002,historical,88,88,0,88,88,0,measured_performance,False
P-21116:WC-2010,historical,79,79,0,79,79,0,measured_performance,False
P-21116:WC-2014,historical,78,79,1,78,79,1,measured_performance,False
P-21144:WC-1954,historical,72,72,0,72,72,0,measured_performance,False
P-21149:WC-1970,historical,71,71,0,71,71,0,measured_performance,False
P-21153:WC-2022,historical,85,85,0,85,85,0,measured_performance,False
P-21159:WC-1986,historical,77,77,0,77,77,0,measured_performance,False
P-21188:WC-1962,historical,98,98,0,90,90,0,career_stature_estimate,False
P-21188:WC-1966,historical,95,95,0,79,80,1,career_stature_estimate,False
P-21190:WC-1978,historical,72,72,0,72,72,0,measured_performance,False
P-21208:WC-2010,historical,72,73,1,72,73,1,measured_performance,False
P-21208:WC-2014,historical,86,86,0,86,86,0,measured_performance,False
P-21208:WC-2018,historical,79,80,1,79,80,1,measured_performance,False
P-21208:WC-2022,historical,79,79,0,79,79,0,measured_performance,False
P-21213:WC-1986,historical,88,88,0,88,88,0,measured_performance,False
P-21222:WC-2002,historical,86,86,0,86,86,0,measured_performance,False
P-21234:WC-1990,historical,73,74,1,73,74,1,measured_performance,False
P-21234:WC-1994,historical,88,88,0,88,88,0,measured_performance,False
P-21246:WC-2014,historical,72,72,0,72,72,0,measured_performance,False
P-21248:WC-1978,historical,88,88,0,88,88,0,measured_performance,False
P-21248:WC-1982,historical,88,88,0,88,88,0,measured_performance,False
P-21313:WC-1930,historical,71,71,0,71,71,0,measured_performance,False
P-21324:WC-1958,historical,66,66,0,66,66,0,baseline_anchor_estimate,False
P-21324:WC-1962,historical,66,66,0,66,66,0,baseline_anchor_estimate,False
P-21395:WC-1982,historical,68,68,0,68,68,0,measured_performance,False
P-21402:WC-1938,historical,72,72,0,72,72,0,measured_performance,False
P-21434:WC-2006,historical,86,86,0,86,86,0,measured_performance,False
P-21434:WC-2010,historical,88,88,0,88,88,0,measured_performance,False
P-21441:WC-1930,historical,73,73,0,73,73,0,measured_performance,False
P-21451:WC-2006,historical,71,71,0,71,71,0,measured_performance,False
P-21477:WC-1950,historical,88,88,0,88,88,0,measured_performance,False
P-21480:WC-1962,historical,82,83,1,82,83,1,measured_performance,False
P-21488:WC-1982,historical,72,72,0,72,72,0,measured_performance,False
P-21495:WC-1994,historical,81,81,0,81,81,0,measured_performance,False
P-21495:WC-1998,historical,86,87,1,86,87,1,measured_performance,False
P-21495:WC-2002,historical,71,71,0,71,71,0,measured_performance,False
P-21511:WC-2006,historical,71,71,0,71,71,0,measured_performance,False
P-21516:WC-1958,historical,72,72,0,72,72,0,measured_performance,False
P-21516:WC-1962,historical,88,88,0,88,88,0,measured_performance,False
P-21518:WC-2010,historical,71,71,0,71,71,0,measured_performance,False
P-21524:WC-2014,historical,73,73,0,73,73,0,measured_performance,False
P-21524:WC-2018,historical,72,72,0,72,72,0,measured_performance,False
P-21531:WC-2018,historical,89,89,0,88,88,0,career_stature_estimate,False
P-21531:WC-2022,historical,89,89,0,88,88,0,career_stature_estimate,False
P-21550:WC-1994,historical,82,82,0,82,82,0,measured_performance,False
P-21550:WC-1998,historical,73,74,1,73,74,1,measured_performance,False
P-21553:WC-2014,historical,75,76,1,75,76,1,measured_performance,False
P-21553:WC-2018,historical,78,79,1,78,79,1,measured_performance,False
P-21553:WC-2022,historical,81,82,1,81,82,1,measured_performance,False
P-21554:WC-2014,historical,73,73,0,73,73,0,measured_performance,False
P-21555:WC-1966,historical,66,66,0,66,66,0,baseline_anchor_estimate,False
P-21571:WC-1998,historical,72,72,0,72,72,0,measured_performance,False
P-21597:WC-1974,historical,92,92,0,90,90,0,career_stature_estimate,False
P-21597:WC-1978,historical,92,92,0,88,88,0,career_stature_estimate,False
P-21597:WC-1982,historical,92,92,0,88,88,0,career_stature_estimate,False
P-21609:WC-1990,historical,72,72,0,72,72,0,measured_performance,False
P-21616:WC-1934,historical,72,72,0,72,72,0,measured_performance,False
P-21644:WC-1934,historical,78,78,0,78,78,0,measured_performance,False
P-21652:WC-2022,historical,72,73,1,72,73,1,measured_performance,False
P-21663:WC-1994,historical,70,70,0,70,70,0,measured_performance,False
P-21663:WC-1998,historical,73,74,1,73,74,1,measured_performance,False
P-21683:WC-2002,historical,72,72,0,72,72,0,measured_performance,False
P-21683:WC-2006,historical,72,72,0,72,72,0,measured_performance,False
P-21692:WC-1982,historical,84,84,0,84,84,0,measured_performance,False
P-21701:WC-2006,historical,71,71,0,71,71,0,measured_performance,False
P-21702:WC-2014,historical,80,80,0,80,80,0,measured_performance,False
P-21704:WC-2010,historical,68,68,0,68,68,0,measured_performance,False
P-21704:WC-2014,historical,78,79,1,78,79,1,measured_performance,False
P-21707:WC-1930,historical,71,71,0,71,71,0,measured_performance,False
P-21727:WC-1938,historical,73,74,1,73,74,1,measured_performance,False
P-21738:WC-1950,historical,88,88,0,88,88,0,measured_performance,False
P-21741:WC-1994,historical,72,72,0,72,72,0,measured_performance,False
P-21741:WC-1998,historical,73,74,1,73,74,1,measured_performance,False
P-21753:WC-2006,historical,72,72,0,72,72,0,measured_performance,False
P-21776:WC-2014,historical,71,71,0,71,71,0,measured_performance,False
P-21784:WC-2010,historical,72,72,0,72,72,0,measured_performance,False
P-21790:WC-2014,historical,88,88,0,88,88,0,measured_performance,False
P-21798:WC-2014,historical,88,88,0,88,88,0,measured_performance,False
P-21803:WC-1998,historical,88,88,0,88,88,0,measured_performance,False
P-21810:WC-1974,historical,82,82,0,82,82,0,measured_performance,False
P-21820:WC-2022,historical,76,77,1,76,77,1,measured_performance,False
P-21823:WC-2010,historical,80,81,1,80,81,1,measured_performance,False
P-21832:WC-1998,historical,71,71,0,71,71,0,measured_performance,False
P-21832:WC-2006,historical,80,80,0,80,80,0,measured_performance,False
P-21832:WC-2010,historical,88,88,0,88,88,0,measured_performance,False
P-21834:WC-1954,historical,71,71,0,71,71,0,measured_performance,False
P-21834:WC-1958,historical,70,70,0,70,70,0,measured_performance,False
P-21834:WC-1962,historical,88,88,0,88,88,0,measured_performance,False
P-21849:WC-1982,historical,68,68,0,68,68,0,measured_performance,False
P-21864:WC-2006,historical,79,80,1,79,80,1,measured_performance,False
P-21864:WC-2010,historical,75,76,1,75,76,1,measured_performance,False
P-21865:WC-2022,historical,71,71,0,71,71,0,measured_performance,False
P-21890:WC-2010,historical,86,86,0,86,86,0,measured_performance,False
P-21890:WC-2014,historical,86,86,0,86,86,0,measured_performance,False
P-21914:WC-1986,historical,71,71,0,71,71,0,measured_performance,False
P-21916:WC-1950,historical,73,73,0,73,73,0,measured_performance,False
P-21945:WC-2010,historical,71,71,0,71,71,0,measured_performance,False
P-21951:WC-1934,historical,66,66,0,66,66,0,baseline_anchor_estimate,False
P-21962:WC-2018,historical,71,71,0,71,71,0,measured_performance,False
P-21967:WC-1938,historical,72,72,0,72,72,0,measured_performance,False
P-21974:WC-1958,historical,81,82,1,81,82,1,measured_performance,False
P-21988:WC-2002,historical,71,71,0,71,71,0,measured_performance,False
P-21988:WC-2010,historical,71,71,0,71,71,0,measured_performance,False
P-22008:WC-2010,historical,72,72,0,72,72,0,measured_performance,False
P-22014:WC-1950,historical,71,71,0,71,71,0,measured_performance,False
P-22016:WC-2018,historical,71,71,0,71,71,0,measured_performance,False
P-22046:WC-2002,historical,82,82,0,82,82,0,measured_performance,False
P-22046:WC-2006,historical,87,87,0,87,87,0,measured_performance,False
P-22051:WC-1950,historical,88,88,0,88,88,0,measured_performance,False
P-22071:WC-2002,historical,71,71,0,71,71,0,measured_performance,False
P-22072:WC-1954,historical,73,73,0,73,73,0,measured_performance,False
P-22075:WC-2014,historical,75,76,1,75,76,1,measured_performance,False
P-22102:WC-2018,historical,71,71,0,71,71,0,measured_performance,False
P-22110:WC-2022,historical,70,70,0,70,70,0,measured_performance,False
P-22118:WC-1970,historical,72,73,1,72,73,1,measured_performance,False
P-22122:WC-1950,historical,71,71,0,71,71,0,measured_performance,False
P-22123:WC-2002,historical,68,68,0,68,68,0,measured_performance,False
P-22126:WC-1978,historical,68,68,0,68,68,0,measured_performance,False
P-22126:WC-1982,historical,72,72,0,72,72,0,measured_performance,False
P-22126:WC-1986,historical,84,84,0,84,84,0,measured_performance,False
P-22128:WC-2022,historical,68,68,0,68,68,0,measured_performance,False
P-22131:WC-1950,historical,91,91,0,82,82,0,career_stature_estimate,False
P-22136:WC-1962,historical,72,72,0,72,72,0,baseline_anchor_estimate,False
P-22146:WC-1998,historical,71,71,0,71,71,0,measured_performance,False
P-22160:WC-2022,historical,88,88,0,88,88,0,measured_performance,False
P-22174:WC-1986,historical,70,70,0,70,70,0,measured_performance,False
P-22176:WC-1970,historical,72,73,1,72,73,1,measured_performance,False
P-22187:WC-2002,historical,75,76,1,75,76,1,measured_performance,False
P-22192:WC-2014,historical,86,86,0,86,86,0,measured_performance,False
P-22201:WC-1958,historical,68,68,0,68,68,0,measured_performance,False
P-22209:WC-2002,historical,86,86,0,86,86,0,measured_performance,False
P-22223:WC-1970,historical,74,75,1,74,75,1,measured_performance,False
P-22224:WC-1962,historical,89,89,0,90,90,0,career_stature_estimate,False
P-22224:WC-1966,historical,88,88,0,75,76,1,career_stature_estimate,False
P-22231:WC-1990,historical,71,71,0,71,71,0,measured_performance,False
P-22242:WC-1998,historical,73,74,1,73,74,1,measured_performance,False
P-22242:WC-2002,historical,75,76,1,75,76,1,measured_performance,False
P-22258:WC-1958,historical,71,71,0,71,71,0,measured_performance,False
P-22263:WC-2002,historical,72,72,0,72,72,0,measured_performance,False
P-22286:WC-2022,historical,68,68,0,68,68,0,measured_performance,False
P-22289:WC-1990,historical,75,76,1,75,76,1,measured_performance,False
P-22295:WC-1958,historical,71,72,1,71,72,1,measured_performance,False
P-22298:WC-2006,historical,74,75,1,74,75,1,measured_performance,False
P-22302:WC-2002,historical,71,71,0,71,71,0,measured_performance,False
P-22302:WC-2006,historical,72,72,0,72,72,0,measured_performance,False
P-22302:WC-2010,historical,79,79,0,79,79,0,measured_performance,False
P-22304:WC-1930,historical,66,66,0,66,66,0,baseline_anchor_estimate,False
P-22318:WC-2002,historical,68,68,0,68,68,0,measured_performance,False
P-22319:WC-1938,historical,72,72,0,72,72,0,measured_performance,False
P-22338:WC-2002,historical,78,78,0,78,78,0,measured_performance,False
P-22338:WC-2006,historical,82,83,1,82,83,1,measured_performance,False
P-22344:WC-1986,historical,73,74,1,73,74,1,measured_performance,False
P-22351:WC-1994,historical,71,71,0,71,71,0,measured_performance,False
P-22353:WC-1950,historical,71,71,0,71,71,0,measured_performance,False
P-22378:WC-2006,historical,88,88,0,88,88,0,measured_performance,False
P-22378:WC-2010,historical,72,72,0,72,72,0,measured_performance,False
P-22385:WC-1986,historical,87,87,0,87,87,0,measured_performance,False
P-22385:WC-1990,historical,86,87,1,86,87,1,measured_performance,False
P-22391:WC-2014,historical,87,87,0,87,87,0,measured_performance,False
P-22393:WC-2002,historical,79,80,1,79,80,1,measured_performance,False
P-22393:WC-2010,historical,71,71,0,71,71,0,measured_performance,False
P-22402:WC-1934,historical,88,88,0,88,88,0,measured_performance,False
P-22408:WC-1986,historical,88,88,0,88,88,0,measured_performance,False
P-22408:WC-1990,historical,85,85,0,85,85,0,measured_performance,False
P-22409:WC-1994,historical,88,88,0,88,88,0,measured_performance,False
P-22409:WC-1998,historical,88,88,0,88,88,0,measured_performance,False
P-22428:WC-1950,historical,88,88,0,88,88,0,measured_performance,False
P-22433:WC-1982,historical,87,87,0,87,87,0,measured_performance,False
P-22470:WC-2006,historical,71,71,0,71,71,0,measured_performance,False
P-22480:WC-1974,historical,85,85,0,85,85,0,measured_performance,False
P-22480:WC-1978,historical,83,83,0,83,83,0,measured_performance,False
P-22480:WC-1982,historical,77,78,1,77,78,1,measured_performance,False
P-22488:WC-2010,historical,68,68,0,68,68,0,measured_performance,False
P-22489:WC-2002,historical,71,71,0,71,71,0,measured_performance,False
P-22492:WC-2006,historical,74,75,1,74,75,1,measured_performance,False
P-22493:WC-1930,historical,70,70,0,70,70,0,measured_performance,False
P-22507:WC-2002,historical,81,81,0,81,81,0,measured_performance,False
P-22554:WC-1978,historical,86,86,0,86,86,0,measured_performance,False
P-22554:WC-1982,historical,78,78,0,78,78,0,measured_performance,False
P-22562:WC-1994,historical,88,88,0,88,88,0,measured_performance,False
P-22562:WC-1998,historical,73,74,1,73,74,1,measured_performance,False
P-22568:WC-2010,historical,71,71,0,71,71,0,measured_performance,False
P-22594:WC-1962,historical,71,71,0,71,71,0,measured_performance,False
P-22594:WC-1966,historical,72,73,1,72,73,1,measured_performance,False
P-22594:WC-1970,historical,72,72,0,72,72,0,measured_performance,False
P-22620:WC-1998,historical,71,71,0,71,71,0,measured_performance,False
P-22625:WC-1950,historical,81,82,1,81,82,1,measured_performance,False
P-22631:WC-2022,historical,71,71,0,71,71,0,measured_performance,False
P-22633:WC-2022,historical,80,81,1,80,81,1,measured_performance,False
P-22636:WC-1958,historical,85,85,0,85,85,0,measured_performance,False
P-22639:WC-1938,historical,72,72,0,72,72,0,measured_performance,False
P-22661:WC-1962,historical,72,72,0,72,72,0,measured_performance,False
P-22661:WC-1966,historical,83,83,0,83,83,0,measured_performance,False
P-22700:WC-1966,historical,72,73,1,72,73,1,measured_performance,False
P-22714:WC-1934,historical,80,80,0,80,80,0,measured_performance,False
P-22729:WC-1970,historical,70,70,0,70,70,0,measured_performance,False
P-22732:WC-1934,historical,72,72,0,72,72,0,measured_performance,False
P-22739:WC-1930,historical,72,72,0,72,72,0,measured_performance,False
P-22755:WC-1986,historical,88,88,0,88,88,0,measured_performance,False
P-22756:WC-2014,historical,75,76,1,75,76,1,measured_performance,False
P-22762:WC-1974,historical,90,90,0,71,71,0,career_stature_estimate,True
P-22778:WC-2018,historical,87,87,0,87,87,0,measured_performance,False
P-22789:WC-1994,historical,71,71,0,71,71,0,measured_performance,False
P-22793:WC-1998,historical,73,74,1,73,74,1,measured_performance,False
P-22793:WC-2006,historical,74,75,1,74,75,1,measured_performance,False
P-22793:WC-2010,historical,75,76,1,75,76,1,measured_performance,False
P-22801:WC-1990,historical,75,76,1,75,76,1,measured_performance,False
P-22812:WC-1994,historical,71,71,0,71,71,0,measured_performance,False
P-22820:WC-1994,historical,87,87,0,87,87,0,measured_performance,False
P-22822:WC-1962,historical,82,82,0,82,82,0,measured_performance,False
P-22822:WC-1966,historical,73,73,0,73,73,0,baseline_anchor_estimate,False
P-22841:WC-1966,historical,88,88,0,88,88,0,measured_performance,False
P-22841:WC-1970,historical,79,79,0,79,79,0,measured_performance,False
P-22844:WC-2022,historical,71,71,0,71,71,0,measured_performance,False
P-22858:WC-1974,historical,72,72,0,72,72,0,measured_performance,False
P-22865:WC-2006,historical,72,72,0,72,72,0,measured_performance,False
P-22876:WC-1998,historical,75,75,0,75,75,0,measured_performance,False
P-22876:WC-2002,historical,72,72,0,72,72,0,measured_performance,False
P-22907:WC-1930,historical,77,78,1,77,78,1,measured_performance,False
P-22907:WC-1934,historical,71,71,0,71,71,0,measured_performance,False
P-22927:WC-2022,historical,71,71,0,71,71,0,measured_performance,False
P-22930:WC-2018,historical,88,88,0,88,88,0,measured_performance,False
P-22930:WC-2022,historical,76,77,1,76,77,1,measured_performance,False
P-22941:WC-1986,historical,85,85,0,71,71,0,career_stature_estimate,False
P-22941:WC-1994,historical,88,88,0,71,72,1,career_stature_estimate,False
P-22957:WC-1954,historical,73,73,0,73,73,0,measured_performance,False
P-22974:WC-1958,historical,77,78,1,77,78,1,measured_performance,False
P-22982:WC-1986,historical,88,88,0,88,88,0,measured_performance,False
P-22983:WC-2022,historical,82,83,1,82,83,1,measured_performance,False
P-22992:WC-2018,historical,73,73,0,73,73,0,measured_performance,False
P-23003:WC-1938,historical,72,72,0,72,72,0,measured_performance,False
P-23032:WC-2010,historical,68,68,0,68,68,0,measured_performance,False
P-23035:WC-2006,historical,68,68,0,68,68,0,measured_performance,False
P-23037:WC-1970,historical,79,80,1,79,80,1,measured_performance,False
P-23065:WC-2006,historical,68,68,0,68,68,0,measured_performance,False
P-23070:WC-2022,historical,88,88,0,88,88,0,measured_performance,False
P-23072:WC-1982,historical,74,75,1,74,75,1,measured_performance,False
P-23101:WC-2002,historical,75,76,1,75,76,1,measured_performance,False
P-23160:WC-1930,historical,85,86,1,85,86,1,measured_performance,False
P-23168:WC-1978,historical,75,76,1,75,76,1,measured_performance,False
P-23169:WC-2014,historical,71,71,0,71,71,0,measured_performance,False
P-23176:WC-1990,historical,78,78,0,78,78,0,measured_performance,False
P-23179:WC-1978,historical,71,71,0,71,71,0,measured_performance,False
P-23204:WC-1986,historical,76,77,1,76,77,1,measured_performance,False
P-23204:WC-1990,historical,88,88,0,88,88,0,measured_performance,False
P-23218:WC-1962,historical,71,71,0,71,71,0,measured_performance,False
P-23253:WC-1950,historical,69,69,0,69,69,0,measured_performance,False
P-23264:WC-2018,historical,68,68,0,68,68,0,measured_performance,False
P-23272:WC-2014,historical,78,79,1,78,79,1,measured_performance,False
P-23272:WC-2018,historical,68,68,0,68,68,0,measured_performance,False
P-23285:WC-1990,historical,75,76,1,75,76,1,measured_performance,False
P-23300:WC-2010,historical,79,79,0,79,79,0,measured_performance,False
P-23304:WC-2022,historical,88,88,0,88,88,0,measured_performance,False
P-23309:WC-1974,historical,71,71,0,71,71,0,measured_performance,False
P-23315:WC-2002,historical,68,68,0,68,68,0,measured_performance,False
P-23315:WC-2006,historical,88,88,0,88,88,0,measured_performance,False
P-23330:WC-2022,historical,88,88,0,88,88,0,measured_performance,False
P-23336:WC-2002,historical,71,71,0,71,71,0,measured_performance,False
P-23349:WC-1990,historical,83,83,0,83,83,0,measured_performance,False
P-23356:WC-1994,historical,71,71,0,71,71,0,measured_performance,False
P-23360:WC-1990,historical,75,76,1,75,76,1,measured_performance,False
P-23360:WC-1994,historical,88,88,0,88,88,0,measured_performance,False
P-23371:WC-2014,historical,71,71,0,71,71,0,measured_performance,False
P-23371:WC-2018,historical,85,85,0,85,85,0,measured_performance,False
P-23379:WC-1994,historical,78,79,1,78,79,1,measured_performance,False
P-23385:WC-1970,historical,70,70,0,70,70,0,measured_performance,False
P-23395:WC-2010,historical,68,68,0,68,68,0,measured_performance,False
P-23401:WC-1934,historical,77,77,0,77,77,0,measured_performance,False
P-23403:WC-1994,historical,77,78,1,77,78,1,measured_performance,False
P-23407:WC-1978,historical,79,80,1,79,80,1,measured_performance,False
P-23437:WC-2022,historical,80,81,1,80,81,1,measured_performance,False
P-23439:WC-1978,historical,77,78,1,77,78,1,measured_performance,False
P-23450:WC-1982,historical,81,81,0,81,81,0,measured_performance,False
P-23468:WC-2018,historical,72,72,0,72,72,0,measured_performance,False
P-23480:WC-1998,historical,84,84,0,84,84,0,measured_performance,False
P-23484:WC-2010,historical,75,76,1,75,76,1,measured_performance,False
P-23484:WC-2014,historical,75,76,1,75,76,1,measured_performance,False
P-23492:WC-1950,historical,83,83,0,83,83,0,measured_performance,False
P-23507:WC-1958,historical,88,88,0,88,88,0,measured_performance,False
P-23517:WC-1934,historical,73,73,0,73,73,0,measured_performance,False
P-23529:WC-1962,historical,71,71,0,71,71,0,measured_performance,False
P-23529:WC-1966,historical,75,76,1,75,76,1,measured_performance,False
P-23555:WC-1950,historical,81,82,1,81,82,1,measured_performance,False
P-23555:WC-1954,historical,77,78,1,77,78,1,measured_performance,False
P-23559:WC-2018,historical,70,70,0,70,70,0,measured_performance,False
P-23568:WC-2018,historical,72,72,0,72,72,0,measured_performance,False
P-23633:WC-1994,historical,77,78,1,77,78,1,measured_performance,False
P-23633:WC-1998,historical,82,83,1,82,83,1,measured_performance,False
P-23639:WC-1978,historical,87,88,1,87,88,1,measured_performance,False
P-23639:WC-1982,historical,74,75,1,74,75,1,measured_performance,False
P-23692:WC-1994,historical,71,72,1,71,72,1,measured_performance,False
P-23692:WC-1998,historical,72,72,0,72,72,0,measured_performance,False
P-23705:WC-2006,historical,88,88,0,82,82,0,career_stature_estimate,True
P-23705:WC-2010,historical,90,90,0,88,88,0,career_stature_estimate,True
P-23705:WC-2014,historical,90,90,0,88,88,0,career_stature_estimate,True
P-23718:WC-1986,historical,88,88,0,88,88,0,measured_performance,False
P-23718:WC-1990,historical,73,74,1,73,74,1,measured_performance,False
P-23733:WC-1974,historical,71,71,0,71,71,0,measured_performance,False
P-23735:WC-2010,historical,75,76,1,75,76,1,measured_performance,False
P-23774:WC-2018,historical,83,83,0,83,83,0,measured_performance,False
P-23800:WC-2002,historical,80,80,0,80,80,0,measured_performance,False
P-23816:WC-2014,historical,86,86,0,86,86,0,measured_performance,False
P-23820:WC-1934,historical,73,74,1,73,74,1,measured_performance,False
P-23821:WC-2022,historical,84,85,1,84,85,1,measured_performance,False
P-23830:WC-1954,historical,85,85,0,85,85,0,measured_performance,False
P-23846:WC-2006,historical,71,72,1,71,72,1,measured_performance,False
P-23879:WC-1970,historical,79,80,1,79,80,1,measured_performance,False
P-23883:WC-2002,historical,88,88,0,88,88,0,measured_performance,False
P-23888:WC-1978,historical,71,71,0,71,71,0,measured_performance,False
P-23890:WC-1998,historical,70,70,0,70,70,0,measured_performance,False
P-23897:WC-1930,historical,88,88,0,88,88,0,measured_performance,False
P-23905:WC-1986,historical,71,71,0,71,71,0,measured_performance,False
P-23912:WC-1978,historical,84,84,0,84,84,0,measured_performance,False
P-23912:WC-1982,historical,71,71,0,71,71,0,measured_performance,False
P-23914:WC-1950,historical,88,88,0,88,88,0,measured_performance,False
P-23925:WC-2018,historical,86,86,0,86,86,0,measured_performance,False
P-23925:WC-2022,historical,87,87,0,87,87,0,measured_performance,False
P-23927:WC-2002,historical,78,79,1,78,79,1,measured_performance,False
P-23972:WC-2006,historical,71,71,0,71,71,0,measured_performance,False
P-23990:WC-2014,historical,71,71,0,71,71,0,measured_performance,False
P-23993:WC-2022,historical,71,71,0,71,71,0,measured_performance,False
P-24015:WC-2006,historical,71,71,0,71,71,0,measured_performance,False
P-24028:WC-1986,historical,68,68,0,68,68,0,measured_performance,False
P-24031:WC-2002,historical,80,80,0,80,80,0,measured_performance,False
P-24062:WC-2022,historical,72,73,1,72,73,1,measured_performance,False
P-24093:WC-1974,historical,75,76,1,75,76,1,measured_performance,False
P-24116:WC-1974,historical,84,84,0,84,84,0,measured_performance,False
P-24131:WC-1962,historical,71,71,0,71,71,0,measured_performance,False
P-24134:WC-2022,historical,72,73,1,72,73,1,measured_performance,False
P-24199:WC-1990,historical,88,88,0,88,88,0,measured_performance,False
P-24202:WC-1938,historical,66,66,0,66,66,0,baseline_anchor_estimate,False
P-24215:WC-1994,historical,72,72,0,72,72,0,measured_performance,False
P-24240:WC-1994,historical,68,68,0,68,68,0,measured_performance,False
P-24245:WC-2022,historical,84,85,1,84,85,1,measured_performance,False
P-24251:WC-1998,historical,71,71,0,71,71,0,measured_performance,False
P-24251:WC-2002,historical,88,88,0,88,88,0,measured_performance,False
P-24251:WC-2006,historical,71,71,0,71,71,0,measured_performance,False
P-24251:WC-2010,historical,71,71,0,71,71,0,measured_performance,False
P-24259:WC-1958,historical,83,83,0,83,83,0,measured_performance,False
P-24268:WC-1966,historical,73,74,1,73,74,1,measured_performance,False
P-24277:WC-1994,historical,76,77,1,76,77,1,measured_performance,False
P-24299:WC-1998,historical,86,86,0,86,86,0,measured_performance,False
P-24300:WC-2014,historical,70,70,0,70,70,0,measured_performance,False
P-24301:WC-2018,historical,72,72,0,72,72,0,measured_performance,False
P-24305:WC-1938,historical,88,88,0,88,88,0,measured_performance,False
P-24312:WC-1930,historical,73,73,0,73,73,0,measured_performance,False
P-24324:WC-2006,historical,85,85,0,85,85,0,measured_performance,False
P-24336:WC-1950,historical,88,88,0,88,88,0,measured_performance,False
P-24357:WC-2018,historical,70,70,0,70,70,0,measured_performance,False
P-24384:WC-1938,historical,72,72,0,72,72,0,measured_performance,False
P-24388:WC-2014,historical,71,71,0,71,71,0,measured_performance,False
P-24404:WC-1934,historical,87,87,0,87,87,0,measured_performance,False
P-24404:WC-1938,historical,79,80,1,79,80,1,measured_performance,False
P-24411:WC-1954,historical,73,74,1,73,74,1,measured_performance,False
P-24458:WC-2010,historical,75,76,1,75,76,1,measured_performance,False
P-24464:WC-1970,historical,73,73,0,73,73,0,measured_performance,False
P-24493:WC-2006,historical,71,71,0,71,71,0,measured_performance,False
P-24515:WC-1970,historical,71,71,0,71,71,0,measured_performance,False
P-24526:WC-1998,historical,73,74,1,73,74,1,measured_performance,False
P-24531:WC-2018,historical,74,75,1,74,75,1,measured_performance,False
P-24531:WC-2022,historical,70,70,0,70,70,0,measured_performance,False
P-24535:WC-2002,historical,71,71,0,71,71,0,measured_performance,False
P-24553:WC-1982,historical,85,85,0,85,85,0,measured_performance,False
P-24556:WC-1998,historical,89,89,0,82,83,1,career_stature_estimate,False
P-24556:WC-2002,historical,89,89,0,88,88,0,career_stature_estimate,False
P-24556:WC-2006,historical,89,89,0,85,85,0,career_stature_estimate,False
P-24558:WC-1958,historical,70,70,0,70,70,0,baseline_anchor_estimate,False
P-24558:WC-1962,historical,66,66,0,66,66,0,baseline_anchor_estimate,False
P-24586:WC-2006,historical,70,70,0,70,70,0,measured_performance,False
P-24586:WC-2010,historical,88,88,0,88,88,0,measured_performance,False
P-24610:WC-2022,historical,72,73,1,72,73,1,measured_performance,False
P-24618:WC-1966,historical,72,72,0,72,72,0,measured_performance,False
P-24621:WC-1994,historical,83,83,0,83,83,0,measured_performance,False
P-24621:WC-1998,historical,71,71,0,71,71,0,measured_performance,False
P-24647:WC-2010,historical,72,72,0,72,72,0,measured_performance,False
P-24647:WC-2014,historical,71,71,0,71,71,0,measured_performance,False
P-24653:WC-2018,historical,72,72,0,72,72,0,measured_performance,False
P-24667:WC-2022,historical,71,71,0,71,71,0,measured_performance,False
P-24680:WC-1982,historical,70,70,0,70,70,0,measured_performance,False
P-24689:WC-2014,historical,81,82,1,81,82,1,measured_performance,False
P-24692:WC-1950,historical,72,72,0,72,72,0,measured_performance,False
P-24692:WC-1954,historical,71,71,0,71,71,0,measured_performance,False
P-24703:WC-1986,historical,88,88,0,88,88,0,measured_performance,False
P-24705:WC-2018,historical,85,85,0,85,85,0,measured_performance,False
P-24705:WC-2022,historical,72,72,0,72,72,0,measured_performance,False
P-24713:WC-2010,historical,71,71,0,71,71,0,measured_performance,False
P-24730:WC-1966,historical,78,79,1,78,79,1,measured_performance,False
P-24731:WC-1974,historical,69,69,0,69,69,0,measured_performance,False
P-24741:WC-1994,historical,88,88,0,88,88,0,measured_performance,False
P-24755:WC-1986,historical,77,78,1,77,78,1,measured_performance,False
P-24755:WC-1994,historical,87,87,0,87,87,0,measured_performance,False
P-24760:WC-2018,historical,74,75,1,74,75,1,measured_performance,False
P-24770:WC-2010,historical,79,79,0,79,79,0,measured_performance,False
P-24782:WC-1962,historical,71,71,0,71,71,0,baseline_anchor_estimate,False
P-24808:WC-1930,historical,88,88,0,88,88,0,measured_performance,False
P-24836:WC-1938,historical,73,74,1,73,74,1,measured_performance,False
P-24893:WC-2006,historical,71,71,0,71,71,0,measured_performance,False
P-24897:WC-2022,historical,80,81,1,80,81,1,measured_performance,False
P-24906:WC-2014,historical,68,68,0,68,68,0,measured_performance,False
P-24911:WC-1938,historical,78,79,1,78,79,1,measured_performance,False
P-24930:WC-2006,historical,84,84,0,84,84,0,measured_performance,False
P-24935:WC-2006,historical,71,71,0,71,71,0,measured_performance,False
P-24944:WC-1934,historical,66,66,0,66,66,0,baseline_anchor_estimate,False
P-24944:WC-1938,historical,70,70,0,70,70,0,measured_performance,False
P-24945:WC-1994,historical,88,88,0,88,88,0,measured_performance,False
P-24945:WC-1998,historical,71,71,0,71,71,0,measured_performance,False
P-24963:WC-2002,historical,80,80,0,80,80,0,measured_performance,False
P-24978:WC-2014,historical,82,82,0,82,82,0,measured_performance,False
P-24978:WC-2018,historical,71,71,0,71,71,0,measured_performance,False
P-24978:WC-2022,historical,84,84,0,84,84,0,measured_performance,False
P-24982:WC-2022,historical,70,70,0,70,70,0,measured_performance,False
P-24983:WC-2014,historical,83,83,0,83,83,0,measured_performance,False
P-25037:WC-1954,historical,77,78,1,77,78,1,measured_performance,False
P-25067:WC-1990,historical,72,72,0,72,72,0,measured_performance,False
P-25070:WC-1978,historical,77,78,1,77,78,1,measured_performance,False
P-25083:WC-2006,historical,79,80,1,79,80,1,measured_performance,False
P-25083:WC-2010,historical,88,88,0,88,88,0,measured_performance,False
P-25130:WC-1978,historical,72,72,0,72,72,0,measured_performance,False
P-25131:WC-2014,historical,73,73,0,73,73,0,measured_performance,False
P-25131:WC-2018,historical,79,80,1,79,80,1,measured_performance,False
P-25131:WC-2022,historical,72,73,1,72,73,1,measured_performance,False
P-25143:WC-1986,historical,71,71,0,71,71,0,measured_performance,False
P-25155:WC-1930,historical,88,88,0,88,88,0,measured_performance,False
P-25155:WC-1934,historical,71,71,0,71,71,0,measured_performance,False
P-25161:WC-1958,historical,70,71,1,70,71,1,measured_performance,False
P-25187:WC-1998,historical,68,68,0,68,68,0,measured_performance,False
P-25209:WC-2014,historical,80,80,0,80,80,0,measured_performance,False
P-25248:WC-1950,historical,73,73,0,73,73,0,measured_performance,False
P-25274:WC-1994,historical,72,72,0,72,72,0,measured_performance,False
P-25276:WC-1974,historical,79,79,0,79,79,0,measured_performance,False
P-25276:WC-1978,historical,88,88,0,88,88,0,measured_performance,False
P-25276:WC-1982,historical,88,88,0,88,88,0,measured_performance,False
P-25299:WC-1950,historical,73,73,0,73,73,0,measured_performance,False
P-25319:WC-1954,historical,79,80,1,79,80,1,measured_performance,False
P-25326:WC-1954,historical,66,66,0,66,66,0,baseline_anchor_estimate,False
P-25337:WC-1974,historical,73,73,0,73,73,0,measured_performance,False
P-25337:WC-1978,historical,88,88,0,88,88,0,measured_performance,False
P-25342:WC-1994,historical,71,71,0,71,71,0,measured_performance,False
P-25398:WC-2006,historical,73,73,0,73,73,0,measured_performance,False
P-25398:WC-2010,historical,79,79,0,79,79,0,measured_performance,False
P-25398:WC-2014,historical,71,71,0,71,71,0,measured_performance,False
P-25410:WC-1990,historical,72,72,0,72,72,0,measured_performance,False
P-25424:WC-1954,historical,66,66,0,66,66,0,baseline_anchor_estimate,False
P-25428:WC-2014,historical,71,71,0,71,71,0,measured_performance,False
P-25428:WC-2018,historical,88,88,0,88,88,0,measured_performance,False
P-25437:WC-1990,historical,68,68,0,68,68,0,measured_performance,False
P-25449:WC-2010,historical,73,73,0,73,73,0,measured_performance,False
P-25456:WC-1982,historical,89,89,0,81,81,0,career_stature_estimate,False
P-25456:WC-1986,historical,90,90,0,88,88,0,career_stature_estimate,False
P-25456:WC-1990,historical,89,89,0,85,86,1,career_stature_estimate,False
P-25462:WC-1958,historical,70,70,0,70,70,0,measured_performance,False
P-25464:WC-1982,historical,71,71,0,71,71,0,measured_performance,False
P-25470:WC-1998,historical,72,72,0,72,72,0,measured_performance,False
P-25497:WC-1998,historical,72,72,0,72,72,0,measured_performance,False
P-25506:WC-1998,historical,70,70,0,70,70,0,measured_performance,False
P-25507:WC-2010,historical,71,71,0,71,71,0,measured_performance,False
P-25508:WC-1986,historical,71,71,0,71,71,0,measured_performance,False
P-25529:WC-1958,historical,88,88,0,88,88,0,measured_performance,False
P-25541:WC-1998,historical,71,71,0,71,71,0,measured_performance,False
P-25541:WC-2002,historical,71,71,0,71,71,0,measured_performance,False
P-25543:WC-2002,historical,75,75,0,75,75,0,measured_performance,False
P-25543:WC-2006,historical,72,72,0,72,72,0,measured_performance,False
P-25569:WC-1978,historical,73,74,1,73,74,1,measured_performance,False
P-25593:WC-2022,historical,72,73,1,72,73,1,measured_performance,False
P-25600:WC-2014,historical,77,78,1,77,78,1,measured_performance,False
P-25611:WC-2006,historical,71,71,0,71,71,0,measured_performance,False
P-25619:WC-1962,historical,84,84,0,84,84,0,measured_performance,False
P-25644:WC-1994,historical,76,77,1,76,77,1,measured_performance,False
P-25644:WC-1998,historical,86,86,0,86,86,0,measured_performance,False
P-25685:WC-1962,historical,71,72,1,71,72,1,measured_performance,False
P-25693:WC-1994,historical,68,68,0,68,68,0,measured_performance,False
P-25708:WC-1962,historical,83,83,0,83,83,0,measured_performance,False
P-25708:WC-1970,historical,72,72,0,72,72,0,measured_performance,False
P-25714:WC-1978,historical,71,71,0,71,71,0,measured_performance,False
P-25715:WC-1994,historical,70,71,1,70,71,1,measured_performance,False
P-25715:WC-1998,historical,82,83,1,82,83,1,measured_performance,False
P-25724:WC-2002,historical,88,88,0,88,88,0,measured_performance,False
P-25724:WC-2006,historical,82,82,0,82,82,0,measured_performance,False
P-25724:WC-2010,historical,88,88,0,88,88,0,measured_performance,False
P-25741:WC-2022,historical,71,71,0,71,71,0,measured_performance,False
P-25743:WC-1978,historical,71,71,0,71,71,0,measured_performance,False
P-25745:WC-2014,historical,83,83,0,83,83,0,measured_performance,False
P-25745:WC-2018,historical,88,88,0,88,88,0,measured_performance,False
P-25752:WC-1986,historical,84,84,0,84,84,0,measured_performance,False
P-25758:WC-2006,historical,80,80,0,80,80,0,measured_performance,False
P-25758:WC-2014,historical,86,86,0,86,86,0,measured_performance,False
P-25758:WC-2018,historical,71,71,0,71,71,0,measured_performance,False
P-25760:WC-1930,historical,88,88,0,88,88,0,measured_performance,False
P-25760:WC-1934,historical,88,88,0,88,88,0,measured_performance,False
P-25776:WC-2014,historical,72,73,1,72,73,1,measured_performance,False
P-25776:WC-2018,historical,72,72,0,72,72,0,measured_performance,False
P-25779:WC-1998,historical,72,72,0,72,72,0,measured_performance,False
P-25807:WC-1954,historical,66,66,0,66,66,0,baseline_anchor_estimate,False
P-25807:WC-1958,historical,72,72,0,72,72,0,measured_performance,False
P-25813:WC-1998,historical,71,71,0,71,71,0,measured_performance,False
P-25829:WC-1970,historical,90,90,0,88,88,0,career_stature_estimate,False
P-25845:WC-2014,historical,71,71,0,71,71,0,measured_performance,False
P-25904:WC-2022,historical,70,70,0,70,70,0,measured_performance,False
P-25905:WC-2006,historical,74,75,1,74,75,1,measured_performance,False
P-25906:WC-2002,historical,75,76,1,75,76,1,measured_performance,False
P-25906:WC-2006,historical,74,75,1,74,75,1,measured_performance,False
P-25911:WC-1950,historical,72,72,0,72,72,0,measured_performance,False
P-25925:WC-2022,historical,71,71,0,71,71,0,measured_performance,False
P-25927:WC-1938,historical,88,88,0,88,88,0,measured_performance,False
P-25937:WC-2018,historical,88,88,0,88,88,0,measured_performance,False
P-25937:WC-2022,historical,79,79,0,79,79,0,measured_performance,False
P-25938:WC-1974,historical,72,72,0,72,72,0,measured_performance,False
P-25954:WC-1950,historical,71,71,0,71,71,0,measured_performance,False
P-25957:WC-1938,historical,72,72,0,72,72,0,measured_performance,False
P-25979:WC-1966,historical,73,73,0,73,73,0,baseline_anchor_estimate,False
P-25979:WC-1970,historical,77,78,1,77,78,1,measured_performance,False
P-25980:WC-1982,historical,72,72,0,72,72,0,measured_performance,False
P-25985:WC-2014,historical,71,71,0,71,71,0,measured_performance,False
P-25989:WC-2018,historical,78,79,1,78,79,1,measured_performance,False
P-25989:WC-2022,historical,71,71,0,71,71,0,measured_performance,False
P-26019:WC-1950,historical,71,71,0,71,71,0,baseline_anchor_estimate,False
P-26019:WC-1958,historical,73,73,0,73,73,0,baseline_anchor_estimate,False
P-26022:WC-2018,historical,68,68,0,68,68,0,measured_performance,False
P-26025:WC-1998,historical,88,88,0,88,88,0,measured_performance,False
P-26030:WC-1978,historical,77,78,1,77,78,1,measured_performance,False
P-26034:WC-1994,historical,72,72,0,72,72,0,measured_performance,False
P-26041:WC-1934,historical,72,72,0,72,72,0,measured_performance,False
P-26050:WC-1974,historical,72,72,0,72,72,0,measured_performance,False
P-26051:WC-2018,historical,68,68,0,68,68,0,measured_performance,False
P-26059:WC-2010,historical,72,72,0,72,72,0,measured_performance,False
P-26068:WC-2018,historical,73,73,0,73,73,0,measured_performance,False
P-26068:WC-2022,historical,88,88,0,88,88,0,measured_performance,False
P-26103:WC-1994,historical,71,71,0,71,71,0,measured_performance,False
P-26108:WC-1998,historical,72,72,0,72,72,0,measured_performance,False
P-26126:WC-2006,historical,84,84,0,84,84,0,measured_performance,False
P-26126:WC-2010,historical,71,71,0,71,71,0,measured_performance,False
P-26142:WC-1982,historical,68,68,0,68,68,0,measured_performance,False
P-26200:WC-2002,historical,70,70,0,70,70,0,measured_performance,False
P-26210:WC-1934,historical,71,71,0,71,71,0,measured_performance,False
P-26214:WC-1974,historical,87,87,0,87,87,0,measured_performance,False
P-26224:WC-1970,historical,79,80,1,79,80,1,measured_performance,False
P-26239:WC-1954,historical,71,72,1,71,72,1,measured_performance,False
P-26239:WC-1958,historical,71,72,1,71,72,1,measured_performance,False
P-26250:WC-2006,historical,68,68,0,68,68,0,measured_performance,False
P-26253:WC-1982,historical,71,71,0,71,71,0,measured_performance,False
P-26281:WC-1990,historical,83,84,1,83,84,1,measured_performance,False
P-26281:WC-1994,historical,88,88,0,88,88,0,measured_performance,False
P-26292:WC-1934,historical,72,72,0,72,72,0,measured_performance,False
P-26303:WC-2010,historical,86,86,0,86,86,0,measured_performance,False
P-26303:WC-2014,historical,78,79,1,78,79,1,measured_performance,False
P-26303:WC-2018,historical,86,86,0,86,86,0,measured_performance,False
P-26303:WC-2022,historical,87,87,0,87,87,0,measured_performance,False
P-26316:WC-1978,historical,89,89,0,72,72,0,career_stature_estimate,True
P-26316:WC-1986,historical,91,91,0,84,85,1,career_stature_estimate,True
P-26316:WC-1994,historical,88,88,0,71,71,0,career_stature_estimate,True
P-26320:WC-1998,historical,86,86,0,86,86,0,measured_performance,False
P-26340:WC-1990,historical,82,83,1,82,83,1,measured_performance,False
P-26340:WC-1994,historical,88,88,0,88,88,0,measured_performance,False
P-26352:WC-1982,historical,72,72,0,72,72,0,measured_performance,False
P-26353:WC-1982,historical,71,71,0,71,71,0,measured_performance,False
P-26367:WC-2022,historical,87,87,0,87,87,0,measured_performance,False
P-26380:WC-2014,historical,72,73,1,72,73,1,measured_performance,False
P-26401:WC-1982,historical,73,73,0,73,73,0,measured_performance,False
P-26401:WC-1986,historical,88,88,0,88,88,0,measured_performance,False
P-26412:WC-2022,historical,70,70,0,70,70,0,measured_performance,False
P-26414:WC-1990,historical,71,71,0,71,71,0,measured_performance,False
P-26414:WC-1998,historical,88,88,0,88,88,0,measured_performance,False
P-26414:WC-2002,historical,78,79,1,78,79,1,measured_performance,False
P-26437:WC-1994,historical,86,86,0,86,86,0,measured_performance,False
P-26446:WC-1990,historical,72,72,0,72,72,0,measured_performance,False
P-26454:WC-2006,historical,70,70,0,70,70,0,measured_performance,False
P-26472:WC-2010,historical,75,76,1,75,76,1,measured_performance,False
P-26474:WC-2002,historical,75,76,1,75,76,1,measured_performance,False
P-26474:WC-2006,historical,74,75,1,74,75,1,measured_performance,False
P-26483:WC-2014,historical,88,88,0,88,88,0,measured_performance,False
P-26483:WC-2018,historical,79,80,1,79,80,1,measured_performance,False
P-26508:WC-1950,historical,71,71,0,71,71,0,measured_performance,False
P-26520:WC-1974,historical,73,73,0,73,73,0,measured_performance,False
P-26539:WC-2006,historical,82,83,1,82,83,1,measured_performance,False
P-26539:WC-2014,historical,78,79,1,78,79,1,measured_performance,False
P-26542:WC-2018,historical,71,71,0,71,71,0,measured_performance,False
P-26546:WC-2018,historical,86,86,0,86,86,0,measured_performance,False
P-26546:WC-2022,historical,72,73,1,72,73,1,measured_performance,False
P-26566:WC-2018,historical,71,71,0,71,71,0,measured_performance,False
P-26572:WC-1994,historical,72,72,0,71,71,0,measured_performance,False
P-26572:WC-1998,historical,88,88,0,88,88,0,measured_performance,False
P-26572:WC-2006,historical,88,88,0,88,88,0,measured_performance,False
P-26593:WC-2022,historical,72,73,1,72,73,1,measured_performance,False
P-26609:WC-2002,historical,71,71,0,71,71,0,measured_performance,False
P-26616:WC-2002,historical,88,88,0,88,88,0,measured_performance,False
P-26616:WC-2006,historical,82,83,1,82,83,1,measured_performance,False
P-26616:WC-2010,historical,71,71,0,71,71,0,measured_performance,False
P-26637:WC-2022,historical,70,70,0,70,70,0,measured_performance,False
P-26638:WC-1954,historical,71,72,1,71,72,1,measured_performance,False
P-26640:WC-1978,historical,88,88,0,88,88,0,measured_performance,False
P-26659:WC-2002,historical,70,70,0,70,70,0,measured_performance,False
P-26664:WC-1954,historical,79,80,1,79,80,1,measured_performance,False
P-26673:WC-2010,historical,71,71,0,71,71,0,measured_performance,False
P-26685:WC-1962,historical,82,82,0,82,82,0,measured_performance,False
P-26695:WC-2002,historical,82,82,0,82,82,0,measured_performance,False
P-26700:WC-1954,historical,88,88,0,88,88,0,measured_performance,False
P-26700:WC-1958,historical,81,81,0,81,81,0,measured_performance,False
P-26709:WC-1990,historical,70,70,0,70,70,0,measured_performance,False
P-26718:WC-1998,historical,68,68,0,68,68,0,measured_performance,False
P-26730:WC-1994,historical,75,75,0,75,75,0,measured_performance,False
P-26759:WC-2002,historical,71,71,0,71,71,0,measured_performance,False
P-26796:WC-1930,historical,72,72,0,72,72,0,measured_performance,False
P-26820:WC-1998,historical,85,86,1,85,86,1,measured_performance,False
P-26834:WC-1982,historical,70,70,0,70,70,0,measured_performance,False
P-26847:WC-2002,historical,80,80,0,80,80,0,measured_performance,False
P-26852:WC-2010,historical,75,76,1,75,76,1,measured_performance,False
P-26858:WC-2006,historical,70,70,0,70,70,0,measured_performance,False
P-26868:WC-2002,historical,72,72,0,72,72,0,measured_performance,False
P-26887:WC-1938,historical,75,75,0,75,75,0,measured_performance,False
P-26899:WC-1966,historical,71,71,0,71,71,0,measured_performance,False
P-26899:WC-1970,historical,72,72,0,72,72,0,measured_performance,False
P-26900:WC-2014,historical,72,72,0,72,72,0,measured_performance,False
P-26900:WC-2018,historical,83,83,0,83,83,0,measured_performance,False
P-26922:WC-1982,historical,74,75,1,74,75,1,measured_performance,False
P-26928:WC-1950,historical,88,88,0,88,88,0,measured_performance,False
P-26942:WC-2022,historical,88,88,0,88,88,0,measured_performance,False
P-26943:WC-2018,historical,88,88,0,88,88,0,measured_performance,False
P-26945:WC-1970,historical,85,85,0,85,85,0,measured_performance,False
P-26953:WC-2022,historical,72,73,1,72,73,1,measured_performance,False
P-26969:WC-1986,historical,71,71,0,71,71,0,measured_performance,False
P-26973:WC-1978,historical,71,71,0,71,71,0,measured_performance,False
P-27004:WC-1966,historical,66,66,0,66,66,0,baseline_anchor_estimate,False
P-27005:WC-1958,historical,73,73,0,73,73,0,measured_performance,False
P-27017:WC-1990,historical,72,72,0,72,72,0,measured_performance,False
P-27035:WC-2022,historical,80,81,1,80,81,1,measured_performance,False
P-27040:WC-1974,historical,88,88,0,88,88,0,measured_performance,False
P-27047:WC-2006,historical,78,79,1,78,79,1,measured_performance,False
P-27048:WC-1938,historical,88,88,0,88,88,0,measured_performance,False
P-27059:WC-2010,historical,71,71,0,71,71,0,measured_performance,False
P-27059:WC-2014,historical,81,82,1,81,82,1,measured_performance,False
P-27059:WC-2018,historical,71,71,0,71,71,0,measured_performance,False
P-27061:WC-1954,historical,71,71,0,71,71,0,measured_performance,False
P-27079:WC-2022,historical,79,79,0,79,79,0,measured_performance,False
P-27099:WC-1962,historical,66,66,0,66,66,0,baseline_anchor_estimate,False
P-27099:WC-1966,historical,75,76,1,75,76,1,measured_performance,False
P-27139:WC-1934,historical,73,73,0,73,73,0,measured_performance,False
P-27157:WC-1994,historical,71,71,0,71,71,0,measured_performance,False
P-27162:WC-2006,historical,71,71,0,71,71,0,measured_performance,False
P-27174:WC-1950,historical,71,71,0,71,71,0,measured_performance,False
P-27187:WC-1934,historical,72,72,0,72,72,0,measured_performance,False
P-27187:WC-1938,historical,72,72,0,72,72,0,measured_performance,False
P-27194:WC-1986,historical,73,74,1,73,74,1,measured_performance,False
P-27206:WC-1990,historical,75,76,1,75,76,1,measured_performance,False
P-27229:WC-2002,historical,88,88,0,88,88,0,measured_performance,False
P-27243:WC-1970,historical,72,72,0,72,72,0,measured_performance,False
P-27251:WC-1982,historical,88,88,0,88,88,0,measured_performance,False
P-27251:WC-1986,historical,88,88,0,88,88,0,measured_performance,False
P-27261:WC-2006,historical,72,72,0,72,72,0,measured_performance,False
P-27263:WC-2014,historical,71,71,0,71,71,0,measured_performance,False
P-27264:WC-1958,historical,75,76,1,75,76,1,measured_performance,False
P-27277:WC-1970,historical,88,88,0,88,88,0,measured_performance,False
P-27280:WC-2022,historical,79,79,0,79,79,0,measured_performance,False
P-27288:WC-1966,historical,71,71,0,71,71,0,measured_performance,False
P-27288:WC-1974,historical,72,72,0,72,72,0,measured_performance,False
P-27315:WC-1978,historical,81,81,0,81,81,0,measured_performance,False
P-27327:WC-2014,historical,71,71,0,71,71,0,measured_performance,False
P-27327:WC-2018,historical,71,71,0,71,71,0,measured_performance,False
P-27328:WC-1970,historical,72,72,0,72,72,0,measured_performance,False
P-27331:WC-2018,historical,79,80,1,79,80,1,measured_performance,False
P-27338:WC-1998,historical,79,80,1,79,80,1,measured_performance,False
P-27345:WC-1938,historical,72,72,0,72,72,0,measured_performance,False
P-27347:WC-2002,historical,75,76,1,75,76,1,measured_performance,False
P-27349:WC-2022,historical,88,88,0,88,88,0,measured_performance,False
P-27353:WC-1986,historical,72,72,0,72,72,0,measured_performance,False
P-27380:WC-1938,historical,72,72,0,72,72,0,measured_performance,False
P-27402:WC-2010,historical,71,71,0,71,71,0,measured_performance,False
P-27404:WC-1990,historical,82,82,0,82,82,0,measured_performance,False
P-27417:WC-2018,historical,71,71,0,71,71,0,measured_performance,False
P-27419:WC-2006,historical,71,71,0,71,71,0,measured_performance,False
P-27419:WC-2014,historical,80,81,1,80,81,1,measured_performance,False
P-27425:WC-1966,historical,71,71,0,71,71,0,measured_performance,False
P-27437:WC-1990,historical,78,78,0,78,78,0,measured_performance,False
P-27445:WC-2002,historical,72,72,0,72,72,0,measured_performance,False
P-27460:WC-1982,historical,85,85,0,85,85,0,measured_performance,False
P-27460:WC-1986,historical,72,72,0,72,72,0,measured_performance,False
P-27462:WC-1958,historical,71,72,1,71,72,1,measured_performance,False
P-27495:WC-1986,historical,72,72,0,72,72,0,measured_performance,False
P-27507:WC-1938,historical,73,74,1,73,74,1,measured_performance,False
P-27508:WC-2006,historical,80,80,0,80,80,0,measured_performance,False
P-27514:WC-1974,historical,75,76,1,75,76,1,measured_performance,False
P-27514:WC-1982,historical,70,70,0,70,70,0,measured_performance,False
P-27533:WC-2014,historical,73,74,1,73,74,1,measured_performance,False
P-27540:WC-2014,historical,88,88,0,88,88,0,measured_performance,False
P-27540:WC-2022,historical,85,85,0,85,85,0,measured_performance,False
P-27541:WC-2022,historical,76,77,1,76,77,1,measured_performance,False
P-27545:WC-1982,historical,71,71,0,71,71,0,measured_performance,False
P-27557:WC-2006,historical,72,73,1,72,73,1,measured_performance,False
P-27561:WC-1930,historical,72,72,0,72,72,0,measured_performance,False
P-27582:WC-2022,historical,88,88,0,88,88,0,measured_performance,False
P-27606:WC-1962,historical,72,72,0,72,72,0,measured_performance,False
P-27618:WC-2006,historical,71,71,0,71,71,0,measured_performance,False
P-27627:WC-2010,historical,71,71,0,71,71,0,measured_performance,False
P-27629:WC-1994,historical,71,71,0,71,71,0,measured_performance,False
P-27647:WC-1986,historical,71,71,0,71,71,0,measured_performance,False
P-27669:WC-2018,historical,68,68,0,68,68,0,measured_performance,False
P-27678:WC-2002,historical,78,79,1,78,79,1,measured_performance,False
P-27707:WC-2014,historical,77,78,1,77,78,1,measured_performance,False
P-27720:WC-1958,historical,66,66,0,66,66,0,baseline_anchor_estimate,False
P-27728:WC-1950,historical,71,71,0,71,71,0,measured_performance,False
P-27734:WC-1930,historical,72,72,0,72,72,0,measured_performance,False
P-27744:WC-2018,historical,74,75,1,74,75,1,measured_performance,False
P-27744:WC-2022,historical,84,84,0,84,84,0,measured_performance,False
P-27750:WC-1998,historical,72,72,0,72,72,0,measured_performance,False
P-27752:WC-1930,historical,70,70,0,70,70,0,measured_performance,False
P-27770:WC-1934,historical,88,88,0,88,88,0,measured_performance,False
P-27772:WC-1974,historical,75,76,1,75,76,1,measured_performance,False
P-27787:WC-2002,historical,89,89,0,89,89,0,career_stature_estimate,False
P-27787:WC-2006,historical,89,89,0,90,90,0,career_stature_estimate,False
P-27787:WC-2010,historical,89,89,0,88,88,0,career_stature_estimate,False
P-27787:WC-2014,historical,89,89,0,88,88,0,career_stature_estimate,False
P-27802:WC-2002,historical,71,71,0,71,71,0,measured_performance,False
P-27804:WC-1990,historical,70,70,0,70,70,0,measured_performance,False
P-27808:WC-2002,historical,86,86,0,86,86,0,measured_performance,False
P-27813:WC-2010,historical,72,72,0,72,72,0,measured_performance,False
P-27837:WC-1974,historical,72,72,0,72,72,0,measured_performance,False
P-27847:WC-1998,historical,68,68,0,68,68,0,measured_performance,False
P-27876:WC-1950,historical,81,82,1,81,82,1,measured_performance,False
P-27876:WC-1954,historical,80,81,1,80,81,1,measured_performance,False
P-27894:WC-2014,historical,75,76,1,75,76,1,measured_performance,False
P-27897:WC-1962,historical,71,71,0,71,71,0,measured_performance,False
P-27901:WC-1974,historical,72,72,0,72,72,0,measured_performance,False
P-27906:WC-1986,historical,85,86,1,85,86,1,measured_performance,False
P-27906:WC-1990,historical,80,81,1,80,81,1,measured_performance,False
P-27913:WC-2022,historical,71,71,0,71,71,0,measured_performance,False
P-27915:WC-2006,historical,68,68,0,68,68,0,measured_performance,False
P-27925:WC-1978,historical,68,68,0,68,68,0,measured_performance,False
P-27926:WC-1998,historical,88,88,0,88,88,0,measured_performance,False
P-27945:WC-1938,historical,80,81,1,80,81,1,measured_performance,False
P-27957:WC-1994,historical,88,88,0,88,88,0,measured_performance,False
P-27957:WC-1998,historical,87,87,0,87,87,0,measured_performance,False
P-28003:WC-1994,historical,68,68,0,68,68,0,measured_performance,False
P-28010:WC-2010,historical,88,88,0,88,88,0,measured_performance,False
P-28010:WC-2014,historical,72,72,0,72,72,0,measured_performance,False
P-28010:WC-2018,historical,79,80,1,79,80,1,measured_performance,False
P-28010:WC-2022,historical,80,81,1,80,81,1,measured_performance,False
P-28014:WC-2010,historical,72,72,0,72,72,0,measured_performance,False
P-28084:WC-1974,historical,76,77,1,76,77,1,measured_performance,False
P-28119:WC-2014,historical,71,71,0,71,71,0,measured_performance,False
P-28121:WC-1962,historical,71,72,1,71,72,1,measured_performance,False
P-28133:WC-1998,historical,88,88,0,88,88,0,measured_performance,False
P-28140:WC-2010,historical,79,79,0,79,79,0,measured_performance,False
P-28140:WC-2014,historical,68,68,0,68,68,0,measured_performance,False
P-28151:WC-2018,historical,71,71,0,71,71,0,measured_performance,False
P-28151:WC-2022,historical,74,74,0,74,74,0,measured_performance,False
P-28154:WC-2010,historical,90,90,0,90,90,0,career_stature_estimate,False
P-28154:WC-2014,historical,90,90,0,90,90,0,career_stature_estimate,False
P-28154:WC-2018,historical,88,88,0,74,75,1,career_stature_estimate,False
P-28154:WC-2022,historical,88,88,0,76,77,1,career_stature_estimate,False
P-28162:WC-1966,historical,88,88,0,88,88,0,measured_performance,False
P-28162:WC-1970,historical,88,88,0,88,88,0,measured_performance,False
P-28162:WC-1974,historical,76,77,1,76,77,1,measured_performance,False
P-28170:WC-1978,historical,71,71,0,71,71,0,measured_performance,False
P-28179:WC-1978,historical,71,71,0,71,71,0,measured_performance,False
P-28182:WC-1990,historical,70,70,0,70,70,0,measured_performance,False
P-28196:WC-1962,historical,72,72,0,72,72,0,measured_performance,False
P-28217:WC-1994,historical,84,84,0,84,84,0,measured_performance,False
P-28230:WC-1990,historical,85,85,0,85,85,0,measured_performance,False
P-28230:WC-1994,historical,81,81,0,81,81,0,measured_performance,False
P-28235:WC-1982,historical,71,71,0,71,71,0,measured_performance,False
P-28239:WC-1934,historical,84,84,0,84,84,0,measured_performance,False
P-28249:WC-1966,historical,73,73,0,73,73,0,measured_performance,False
P-28281:WC-1998,historical,71,71,0,71,71,0,measured_performance,False
P-28296:WC-2014,historical,68,68,0,68,68,0,measured_performance,False
P-28298:WC-1974,historical,71,71,0,71,71,0,measured_performance,False
P-28313:WC-1998,historical,68,68,0,68,68,0,measured_performance,False
P-28322:WC-1934,historical,70,70,0,70,70,0,baseline_anchor_estimate,False
P-28333:WC-2010,historical,71,71,0,71,71,0,measured_performance,False
P-28338:WC-1934,historical,72,72,0,72,72,0,measured_performance,False
P-28341:WC-1954,historical,73,73,0,73,73,0,measured_performance,False
P-28341:WC-1958,historical,71,71,0,71,71,0,measured_performance,False
P-28347:WC-1950,historical,72,72,0,72,72,0,measured_performance,False
P-28357:WC-2018,historical,71,71,0,71,71,0,measured_performance,False
P-28361:WC-1990,historical,70,70,0,70,70,0,measured_performance,False
P-28364:WC-2022,historical,72,73,1,72,73,1,measured_performance,False
P-28376:WC-1970,historical,72,72,0,72,72,0,measured_performance,False
P-28404:WC-2010,historical,83,84,1,83,84,1,measured_performance,False
P-28429:WC-1970,historical,71,71,0,71,71,0,measured_performance,False
P-28437:WC-2002,historical,75,76,1,75,76,1,measured_performance,False
P-28452:WC-1938,historical,66,66,0,66,66,0,baseline_anchor_estimate,False
P-28455:WC-2002,historical,70,70,0,70,70,0,measured_performance,False
P-28465:WC-1934,historical,71,71,0,71,71,0,measured_performance,False
P-28478:WC-1954,historical,82,82,0,82,82,0,measured_performance,False
P-28482:WC-1998,historical,88,88,0,88,88,0,measured_performance,False
P-28485:WC-2006,historical,80,80,0,80,80,0,measured_performance,False
P-28492:WC-2022,historical,81,81,0,81,81,0,measured_performance,False
P-28497:WC-2006,historical,88,88,0,88,88,0,measured_performance,False
P-28497:WC-2010,historical,71,71,0,71,71,0,measured_performance,False
P-28503:WC-1930,historical,72,72,0,72,72,0,measured_performance,False
P-28511:WC-1982,historical,72,72,0,72,72,0,measured_performance,False
P-28514:WC-1994,historical,84,84,0,84,84,0,measured_performance,False
P-28517:WC-2022,historical,71,71,0,71,71,0,measured_performance,False
P-28521:WC-1998,historical,82,83,1,82,83,1,measured_performance,False
P-28531:WC-1934,historical,88,88,0,88,88,0,measured_performance,False
P-28534:WC-1974,historical,71,71,0,71,71,0,measured_performance,False
P-28549:WC-1998,historical,72,72,0,72,72,0,measured_performance,False
P-28578:WC-1958,historical,71,72,1,71,72,1,measured_performance,False
P-28595:WC-2018,historical,68,68,0,68,68,0,measured_performance,False
P-28597:WC-1998,historical,78,78,0,78,78,0,measured_performance,False
P-28606:WC-1986,historical,76,77,1,76,77,1,measured_performance,False
P-28638:WC-1974,historical,71,71,0,71,71,0,measured_performance,False
P-28649:WC-1998,historical,73,74,1,73,74,1,measured_performance,False
P-28651:WC-1962,historical,72,72,0,72,72,0,measured_performance,False
P-28651:WC-1966,historical,70,70,0,70,70,0,baseline_anchor_estimate,False
P-28651:WC-1970,historical,86,86,0,86,86,0,measured_performance,False
P-28659:WC-2010,historical,68,68,0,68,68,0,measured_performance,False
P-28712:WC-1998,historical,68,68,0,68,68,0,measured_performance,False
P-28715:WC-1954,historical,71,72,1,71,72,1,measured_performance,False
P-28726:WC-2014,historical,84,85,1,84,85,1,measured_performance,False
P-28745:WC-1930,historical,70,70,0,70,70,0,measured_performance,False
P-28747:WC-1974,historical,88,88,0,88,88,0,measured_performance,False
P-28747:WC-1982,historical,74,75,1,74,75,1,measured_performance,False
P-28762:WC-2014,historical,71,71,0,71,71,0,measured_performance,False
P-28789:WC-1998,historical,73,74,1,73,74,1,measured_performance,False
P-28794:WC-2022,historical,72,73,1,72,73,1,measured_performance,False
P-28795:WC-1930,historical,73,74,1,73,74,1,measured_performance,False
P-28801:WC-2018,historical,73,73,0,73,73,0,measured_performance,False
P-28803:WC-2018,historical,79,80,1,79,80,1,measured_performance,False
P-28805:WC-1958,historical,85,85,0,85,85,0,measured_performance,False
P-28811:WC-2022,historical,81,81,0,81,81,0,measured_performance,False
P-28816:WC-1994,historical,84,84,0,84,84,0,measured_performance,False
P-28816:WC-1998,historical,86,86,0,86,86,0,measured_performance,False
P-28816:WC-2002,historical,71,71,0,71,71,0,measured_performance,False
P-28828:WC-1978,historical,71,71,0,71,71,0,measured_performance,False
P-28832:WC-2006,historical,80,80,0,80,80,0,measured_performance,False
P-28832:WC-2010,historical,88,88,0,88,88,0,measured_performance,False
P-28840:WC-1950,historical,71,71,0,71,71,0,measured_performance,False
P-28851:WC-1970,historical,72,72,0,72,72,0,measured_performance,False
P-28854:WC-1990,historical,81,82,1,81,82,1,measured_performance,False
P-28854:WC-1994,historical,78,79,1,78,79,1,measured_performance,False
P-28870:WC-2002,historical,75,76,1,75,76,1,measured_performance,False
P-28881:WC-1978,historical,73,74,1,73,74,1,measured_performance,False
P-28883:WC-1998,historical,71,71,0,71,71,0,measured_performance,False
P-28883:WC-2002,historical,72,72,0,72,72,0,measured_performance,False
P-28894:WC-1990,historical,72,72,0,72,72,0,measured_performance,False
P-28911:WC-2022,historical,88,88,0,88,88,0,measured_performance,False
P-28922:WC-1986,historical,70,70,0,70,70,0,measured_performance,False
P-28931:WC-1974,historical,72,72,0,72,72,0,measured_performance,False
P-28958:WC-1934,historical,72,72,0,72,72,0,measured_performance,False
P-28958:WC-1938,historical,80,81,1,80,81,1,measured_performance,False
P-28977:WC-1994,historical,82,83,1,82,83,1,measured_performance,False
P-28983:WC-1950,historical,88,88,0,88,88,0,measured_performance,False
P-28996:WC-1986,historical,88,88,0,88,88,0,measured_performance,False
P-29001:WC-1982,historical,71,71,0,71,71,0,measured_performance,False
P-29008:WC-1990,historical,68,68,0,68,68,0,measured_performance,False
P-29008:WC-1994,historical,68,68,0,68,68,0,measured_performance,False
P-29011:WC-2010,historical,71,71,0,71,71,0,measured_performance,False
P-29046:WC-2018,historical,73,73,0,73,73,0,measured_performance,False
P-29046:WC-2022,historical,87,87,0,87,87,0,measured_performance,False
P-29053:WC-2018,historical,72,72,0,72,72,0,measured_performance,False
P-29053:WC-2022,historical,72,72,0,72,72,0,measured_performance,False
P-29063:WC-2022,historical,76,77,1,76,77,1,measured_performance,False
P-29075:WC-2010,historical,71,71,0,71,71,0,measured_performance,False
P-29080:WC-2006,historical,85,85,0,85,85,0,measured_performance,False
P-29080:WC-2010,historical,88,88,0,88,88,0,measured_performance,False
P-29081:WC-1934,historical,72,72,0,72,72,0,measured_performance,False
P-29082:WC-2002,historical,78,79,1,78,79,1,measured_performance,False
P-29090:WC-2006,historical,83,83,0,83,83,0,measured_performance,False
P-29107:WC-2002,historical,71,71,0,71,71,0,measured_performance,False
P-29115:WC-2022,historical,72,73,1,72,73,1,measured_performance,False
P-29117:WC-2018,historical,83,83,0,83,83,0,measured_performance,False
P-29122:WC-2002,historical,68,68,0,68,68,0,measured_performance,False
P-29132:WC-1994,historical,84,84,0,84,84,0,measured_performance,False
P-29136:WC-2018,historical,72,72,0,72,72,0,measured_performance,False
P-29143:WC-1982,historical,88,88,0,88,88,0,measured_performance,False
P-29143:WC-1986,historical,76,77,1,76,77,1,measured_performance,False
P-29143:WC-1990,historical,88,88,0,88,88,0,measured_performance,False
P-29143:WC-1998,historical,78,78,0,78,78,0,measured_performance,False
P-29161:WC-2018,historical,79,80,1,79,80,1,measured_performance,False
P-29172:WC-1998,historical,72,72,0,72,72,0,measured_performance,False
P-29172:WC-2002,historical,71,71,0,71,71,0,measured_performance,False
P-29172:WC-2006,historical,85,85,0,85,85,0,measured_performance,False
P-29185:WC-2018,historical,71,71,0,71,71,0,measured_performance,False
P-29194:WC-1954,historical,71,72,1,71,72,1,measured_performance,False
P-29212:WC-2018,historical,71,71,0,71,71,0,measured_performance,False
P-29274:WC-2022,historical,88,88,0,88,88,0,measured_performance,False
P-29275:WC-1934,historical,80,80,0,80,80,0,measured_performance,False
P-29298:WC-2022,historical,88,88,0,88,88,0,measured_performance,False
P-29364:WC-1938,historical,72,72,0,72,72,0,measured_performance,False
P-29398:WC-2010,historical,88,88,0,88,88,0,measured_performance,False
P-29398:WC-2014,historical,88,88,0,88,88,0,measured_performance,False
P-29398:WC-2018,historical,72,72,0,72,72,0,measured_performance,False
P-29399:WC-2006,historical,71,71,0,71,71,0,measured_performance,False
P-29404:WC-2010,historical,72,73,1,72,73,1,measured_performance,False
P-29415:WC-2002,historical,90,90,0,75,76,1,career_stature_estimate,True
P-29415:WC-2006,historical,90,90,0,79,80,1,career_stature_estimate,True
P-29415:WC-2010,historical,93,93,0,88,88,0,career_stature_estimate,True
P-29415:WC-2014,historical,88,88,0,71,71,0,career_stature_estimate,True
P-29420:WC-1982,historical,68,68,0,68,68,0,measured_performance,False
P-29426:WC-1982,historical,88,88,0,88,88,0,measured_performance,False
P-29429:WC-1986,historical,76,77,1,76,77,1,measured_performance,False
P-29440:WC-1986,historical,88,88,0,88,88,0,measured_performance,False
P-29447:WC-2014,historical,75,76,1,75,76,1,measured_performance,False
P-29454:WC-1970,historical,72,73,1,72,73,1,measured_performance,False
P-29454:WC-1974,historical,84,84,0,84,84,0,measured_performance,False
P-29454:WC-1978,historical,73,74,1,73,74,1,measured_performance,False
P-29462:WC-2010,historical,86,86,0,86,86,0,measured_performance,False
P-29491:WC-2006,historical,91,91,0,72,72,0,career_stature_estimate,True
P-29491:WC-2014,historical,93,93,0,75,76,1,career_stature_estimate,True
P-29491:WC-2018,historical,97,97,0,91,91,0,career_stature_estimate,True
P-29491:WC-2022,historical,97,97,0,88,88,0,career_stature_estimate,True
P-29493:WC-1954,historical,88,88,0,88,88,0,measured_performance,False
P-29497:WC-1950,historical,71,71,0,71,71,0,baseline_anchor_estimate,False
P-29522:WC-1986,historical,70,70,0,70,70,0,measured_performance,False
P-29524:WC-1934,historical,72,72,0,72,72,0,measured_performance,False
P-29548:WC-1974,historical,88,88,0,88,88,0,measured_performance,False
P-29548:WC-1978,historical,87,88,1,87,88,1,measured_performance,False
P-29553:WC-1966,historical,72,72,0,72,72,0,measured_performance,False
P-29556:WC-1974,historical,87,87,0,87,87,0,measured_performance,False
P-29578:WC-2022,historical,71,71,0,71,71,0,measured_performance,False
P-29600:WC-1974,historical,71,71,0,71,71,0,measured_performance,False
P-29600:WC-1978,historical,72,72,0,72,72,0,measured_performance,False
P-29601:WC-2002,historical,75,75,0,75,75,0,measured_performance,False
P-29608:WC-1938,historical,79,79,0,79,79,0,measured_performance,False
P-29611:WC-2002,historical,78,79,1,78,79,1,measured_performance,False
P-29621:WC-2002,historical,78,79,1,78,79,1,measured_performance,False
P-29621:WC-2006,historical,80,80,0,80,80,0,measured_performance,False
P-29629:WC-1998,historical,78,78,0,78,78,0,measured_performance,False
P-29644:WC-1994,historical,83,83,0,83,83,0,measured_performance,False
P-29644:WC-1998,historical,71,71,0,71,71,0,measured_performance,False
P-29650:WC-1986,historical,88,88,0,88,88,0,measured_performance,False
P-29652:WC-1938,historical,73,73,0,73,73,0,measured_performance,False
P-29660:WC-1962,historical,69,69,0,69,69,0,measured_performance,False
P-29672:WC-2014,historical,72,72,0,72,72,0,measured_performance,False
P-29674:WC-2014,historical,72,72,0,72,72,0,measured_performance,False
P-29687:WC-1930,historical,72,72,0,72,72,0,measured_performance,False
P-29698:WC-1986,historical,76,77,1,76,77,1,measured_performance,False
P-29705:WC-2014,historical,68,68,0,68,68,0,measured_performance,False
P-29713:WC-2022,historical,79,79,0,79,79,0,measured_performance,False
P-29733:WC-1974,historical,71,72,1,71,72,1,measured_performance,False
P-29734:WC-1974,historical,71,71,0,71,71,0,measured_performance,False
P-29742:WC-1986,historical,71,71,0,71,71,0,measured_performance,False
P-29757:WC-2018,historical,71,71,0,71,71,0,measured_performance,False
P-29764:WC-1958,historical,71,72,1,71,72,1,measured_performance,False
P-29799:WC-2010,historical,71,71,0,71,71,0,measured_performance,False
P-29803:WC-1934,historical,72,72,0,72,72,0,measured_performance,False
P-29822:WC-1954,historical,76,77,1,76,77,1,measured_performance,False
P-29822:WC-1958,historical,72,72,0,72,72,0,measured_performance,False
P-29833:WC-2018,historical,86,86,0,86,86,0,measured_performance,False
P-29849:WC-1954,historical,66,66,0,66,66,0,baseline_anchor_estimate,False
P-29864:WC-2018,historical,79,80,1,79,80,1,measured_performance,False
P-29864:WC-2022,historical,79,79,0,79,79,0,measured_performance,False
P-29865:WC-1930,historical,77,78,1,77,78,1,measured_performance,False
P-29870:WC-2014,historical,73,73,0,73,73,0,measured_performance,False
P-29879:WC-1938,historical,73,74,1,73,74,1,measured_performance,False
P-29883:WC-2018,historical,68,68,0,68,68,0,measured_performance,False
P-29893:WC-1982,historical,71,71,0,71,71,0,measured_performance,False
P-29893:WC-1990,historical,82,83,1,82,83,1,measured_performance,False
P-29913:WC-1978,historical,71,71,0,71,71,0,measured_performance,False
P-29930:WC-1986,historical,70,70,0,70,70,0,measured_performance,False
P-29932:WC-2022,historical,79,79,0,79,79,0,measured_performance,False
P-29948:WC-1982,historical,72,72,0,72,72,0,measured_performance,False
P-29966:WC-1998,historical,72,72,0,72,72,0,measured_performance,False
P-29967:WC-2006,historical,87,87,0,87,87,0,measured_performance,False
P-29967:WC-2010,historical,86,86,0,86,86,0,measured_performance,False
P-29981:WC-1978,historical,72,73,1,72,73,1,measured_performance,False
P-29986:WC-2002,historical,72,72,0,72,72,0,measured_performance,False
P-30014:WC-2010,historical,73,73,0,73,73,0,measured_performance,False
P-30014:WC-2014,historical,88,88,0,88,88,0,measured_performance,False
P-30015:WC-1998,historical,72,73,1,72,73,1,measured_performance,False
P-30065:WC-1958,historical,77,77,0,77,77,0,measured_performance,False
P-30094:WC-2002,historical,70,70,0,70,70,0,measured_performance,False
P-30097:WC-1954,historical,73,73,0,73,73,0,measured_performance,False
P-30097:WC-1962,historical,72,72,0,72,72,0,measured_performance,False
P-30100:WC-1990,historical,81,82,1,81,82,1,measured_performance,False
P-30116:WC-2010,historical,84,84,0,84,84,0,measured_performance,False
P-30130:WC-1934,historical,73,74,1,73,74,1,measured_performance,False
P-30138:WC-1962,historical,73,73,0,73,73,0,measured_performance,False
P-30138:WC-1966,historical,73,73,0,73,73,0,measured_performance,False
P-30161:WC-1998,historical,75,75,0,75,75,0,measured_performance,False
P-30163:WC-2006,historical,72,72,0,72,72,0,measured_performance,False
P-30206:WC-2022,historical,81,82,1,81,82,1,measured_performance,False
P-30221:WC-2010,historical,70,70,0,70,70,0,measured_performance,False
P-30252:WC-2022,historical,84,84,0,84,84,0,measured_performance,False
P-30283:WC-2018,historical,71,71,0,71,71,0,measured_performance,False
P-30283:WC-2022,historical,79,79,0,79,79,0,measured_performance,False
P-30306:WC-2002,historical,72,72,0,72,72,0,measured_performance,False
P-30306:WC-2006,historical,79,80,1,79,80,1,measured_performance,False
P-30316:WC-2018,historical,81,81,0,79,80,1,measured_performance,False
P-30316:WC-2022,historical,77,78,1,76,77,1,measured_performance,False
P-30328:WC-1954,historical,71,72,1,71,72,1,measured_performance,False
P-30336:WC-1978,historical,72,72,0,72,72,0,measured_performance,False
P-30363:WC-2006,historical,71,71,0,71,71,0,measured_performance,False
P-30363:WC-2010,historical,72,73,1,72,73,1,measured_performance,False
P-30371:WC-1998,historical,79,79,0,79,79,0,measured_performance,False
P-30373:WC-1934,historical,76,77,1,76,77,1,measured_performance,False
P-30381:WC-2010,historical,73,74,1,73,74,1,measured_performance,False
P-30394:WC-2018,historical,71,71,0,71,71,0,measured_performance,False
P-30400:WC-1998,historical,73,74,1,73,74,1,measured_performance,False
P-30405:WC-2022,historical,79,79,0,79,79,0,measured_performance,False
P-30413:WC-1938,historical,73,74,1,73,74,1,measured_performance,False
P-30416:WC-2006,historical,84,84,0,84,84,0,measured_performance,False
P-30429:WC-1974,historical,71,71,0,71,71,0,measured_performance,False
P-30434:WC-1974,historical,84,84,0,84,84,0,measured_performance,False
P-30486:WC-2010,historical,89,89,0,88,88,0,career_stature_estimate,False
P-30486:WC-2014,historical,88,88,0,83,83,0,career_stature_estimate,False
P-30486:WC-2018,historical,89,89,0,88,88,0,career_stature_estimate,False
P-30486:WC-2022,historical,84,85,1,72,72,0,career_stature_estimate,False
P-30493:WC-1970,historical,71,71,0,71,71,0,measured_performance,False
P-30493:WC-1974,historical,69,69,0,69,69,0,measured_performance,False
P-30507:WC-1938,historical,73,73,0,73,73,0,measured_performance,False
P-30514:WC-1998,historical,71,71,0,71,71,0,measured_performance,False
P-30524:WC-2002,historical,72,72,0,72,72,0,measured_performance,False
P-30543:WC-1930,historical,88,88,0,88,88,0,measured_performance,False
P-30568:WC-1994,historical,70,71,1,70,71,1,measured_performance,False
P-30568:WC-2002,historical,86,86,0,86,86,0,measured_performance,False
P-30568:WC-2006,historical,87,87,0,87,87,0,measured_performance,False
P-30572:WC-1998,historical,78,78,0,78,78,0,measured_performance,False
P-30573:WC-1986,historical,71,71,0,71,71,0,measured_performance,False
P-30596:WC-2022,historical,71,71,0,71,71,0,measured_performance,False
P-30605:WC-1982,historical,71,71,0,71,71,0,measured_performance,False
P-30651:WC-2006,historical,87,87,0,87,87,0,measured_performance,False
P-30652:WC-2006,historical,75,75,0,75,75,0,measured_performance,False
P-30652:WC-2014,historical,71,71,0,71,71,0,measured_performance,False
P-30655:WC-1962,historical,66,66,0,66,66,0,baseline_anchor_estimate,False
P-30672:WC-1982,historical,88,88,0,88,88,0,measured_performance,False
P-30672:WC-1986,historical,70,70,0,70,70,0,measured_performance,False
P-30679:WC-1930,historical,72,72,0,72,72,0,measured_performance,False
P-30693:WC-2006,historical,73,73,0,73,73,0,measured_performance,False
P-30708:WC-2010,historical,75,76,1,75,76,1,measured_performance,False
P-30711:WC-2010,historical,84,84,0,84,84,0,measured_performance,False
P-30711:WC-2014,historical,88,88,0,88,88,0,measured_performance,False
P-30711:WC-2018,historical,88,88,0,88,88,0,measured_performance,False
P-30711:WC-2022,historical,88,88,0,88,88,0,measured_performance,False
P-30716:WC-1938,historical,75,75,0,75,75,0,measured_performance,False
P-30720:WC-1930,historical,73,73,0,73,73,0,measured_performance,False
P-30720:WC-1934,historical,75,75,0,75,75,0,measured_performance,False
P-30739:WC-1990,historical,73,74,1,73,74,1,measured_performance,False
P-30739:WC-1994,historical,88,88,0,88,88,0,measured_performance,False
P-30739:WC-1998,historical,79,80,1,79,80,1,measured_performance,False
P-30741:WC-1930,historical,71,71,0,71,71,0,measured_performance,False
P-30744:WC-1966,historical,79,80,1,79,80,1,measured_performance,False
P-30744:WC-1970,historical,70,70,0,70,70,0,measured_performance,False
P-30748:WC-2014,historical,75,76,1,75,76,1,measured_performance,False
P-30750:WC-1934,historical,73,74,1,73,74,1,measured_performance,False
P-30750:WC-1938,historical,72,72,0,72,72,0,measured_performance,False
P-30753:WC-2006,historical,78,79,1,78,79,1,measured_performance,False
P-30753:WC-2010,historical,84,84,0,84,84,0,measured_performance,False
P-30753:WC-2014,historical,84,85,1,84,85,1,measured_performance,False
P-30771:WC-1990,historical,71,71,0,71,71,0,measured_performance,False
P-30773:WC-1934,historical,88,88,0,88,88,0,measured_performance,False
P-30803:WC-2010,historical,71,71,0,71,71,0,measured_performance,False
P-30806:WC-1982,historical,71,71,0,71,71,0,measured_performance,False
P-30808:WC-2014,historical,75,76,1,75,76,1,measured_performance,False
P-30818:WC-1934,historical,84,85,1,84,85,1,measured_performance,False
P-30845:WC-2014,historical,77,78,1,77,78,1,measured_performance,False
P-30878:WC-2006,historical,74,75,1,74,75,1,measured_performance,False
P-30891:WC-2006,historical,71,71,0,71,71,0,measured_performance,False
P-30891:WC-2010,historical,88,88,0,88,88,0,measured_performance,False
P-30892:WC-2006,historical,71,71,0,71,71,0,measured_performance,False
P-30935:WC-2010,historical,79,79,0,79,79,0,measured_performance,False
P-30953:WC-1970,historical,72,73,1,72,73,1,measured_performance,False
P-30957:WC-1974,historical,85,85,0,85,85,0,measured_performance,False
P-30964:WC-2002,historical,70,70,0,70,70,0,measured_performance,False
P-30977:WC-1990,historical,88,88,0,88,88,0,measured_performance,False
P-30993:WC-2018,historical,88,88,0,88,88,0,measured_performance,False
P-31004:WC-2018,historical,71,71,0,71,71,0,measured_performance,False
P-31011:WC-1962,historical,74,75,1,74,75,1,measured_performance,False
P-31031:WC-1994,historical,72,72,0,72,72,0,measured_performance,False
P-31031:WC-1998,historical,71,71,0,71,71,0,measured_performance,False
P-31048:WC-1986,historical,76,77,1,76,77,1,measured_performance,False
P-31050:WC-1970,historical,71,71,0,71,71,0,measured_performance,False
P-31066:WC-1930,historical,81,82,1,81,82,1,measured_performance,False
P-31072:WC-1982,historical,72,73,1,72,73,1,measured_performance,False
P-31072:WC-1994,historical,88,88,0,88,88,0,measured_performance,False
P-31085:WC-2022,historical,70,70,0,70,70,0,measured_performance,False
P-31088:WC-1934,historical,72,72,0,72,72,0,measured_performance,False
P-31090:WC-1974,historical,72,72,0,72,72,0,measured_performance,False
P-31094:WC-2014,historical,78,79,1,78,79,1,measured_performance,False
P-31099:WC-1994,historical,81,81,0,81,81,0,measured_performance,False
P-31109:WC-1978,historical,70,70,0,70,70,0,measured_performance,False
P-31109:WC-1982,historical,78,78,0,78,78,0,measured_performance,False
P-31117:WC-1986,historical,72,72,0,72,72,0,measured_performance,False
P-31123:WC-1982,historical,88,88,0,88,88,0,measured_performance,False
P-31125:WC-2010,historical,79,79,0,79,79,0,measured_performance,False
P-31125:WC-2014,historical,78,79,1,78,79,1,measured_performance,False
P-31126:WC-1990,historical,68,68,0,68,68,0,measured_performance,False
P-31133:WC-2018,historical,79,80,1,79,80,1,measured_performance,False
P-31133:WC-2022,historical,72,73,1,72,73,1,measured_performance,False
P-31138:WC-2014,historical,78,78,0,78,78,0,measured_performance,False
P-31145:WC-2010,historical,72,72,0,72,72,0,measured_performance,False
P-31156:WC-1990,historical,72,72,0,72,72,0,measured_performance,False
P-31160:WC-2010,historical,82,83,1,82,83,1,measured_performance,False
P-31161:WC-1990,historical,88,88,0,88,88,0,measured_performance,False
P-31166:WC-2006,historical,71,71,0,71,71,0,measured_performance,False
P-31173:WC-2014,historical,78,79,1,78,79,1,measured_performance,False
P-31219:WC-2018,historical,88,88,0,88,88,0,measured_performance,False
P-31219:WC-2022,historical,72,73,1,72,73,1,measured_performance,False
P-31231:WC-1934,historical,72,72,0,72,72,0,measured_performance,False
P-31235:WC-1986,historical,92,92,0,88,88,0,career_stature_estimate,True
P-31283:WC-2006,historical,80,81,1,80,81,1,measured_performance,False
P-31301:WC-2022,historical,88,88,0,88,88,0,measured_performance,False
P-31306:WC-1962,historical,69,69,0,69,69,0,measured_performance,False
P-31312:WC-1998,historical,71,71,0,71,71,0,measured_performance,False
P-31316:WC-2006,historical,70,70,0,70,70,0,measured_performance,False
P-31347:WC-2006,historical,71,71,0,71,71,0,measured_performance,False
P-31348:WC-1962,historical,66,66,0,66,66,0,baseline_anchor_estimate,False
P-31352:WC-2002,historical,72,72,0,72,72,0,measured_performance,False
P-31389:WC-1974,historical,69,69,0,69,69,0,measured_performance,False
P-31431:WC-2018,historical,86,86,0,86,86,0,measured_performance,False
P-31450:WC-1982,historical,70,70,0,70,70,0,measured_performance,False
P-31496:WC-2002,historical,71,71,0,71,71,0,measured_performance,False
P-31537:WC-1998,historical,70,70,0,70,70,0,measured_performance,False
P-31548:WC-2010,historical,71,71,0,71,71,0,measured_performance,False
P-31551:WC-1994,historical,71,71,0,71,71,0,measured_performance,False
P-31552:WC-1970,historical,73,73,0,73,73,0,measured_performance,False
P-31553:WC-2010,historical,70,70,0,70,70,0,measured_performance,False
P-31566:WC-2002,historical,88,88,0,88,88,0,measured_performance,False
P-31598:WC-2014,historical,72,72,0,72,72,0,measured_performance,False
P-31606:WC-2018,historical,81,81,0,81,81,0,measured_performance,False
P-31606:WC-2022,historical,88,88,0,88,88,0,measured_performance,False
P-31624:WC-1958,historical,69,69,0,69,69,0,measured_performance,False
P-31643:WC-2022,historical,88,88,0,88,88,0,measured_performance,False
P-31657:WC-1990,historical,72,72,0,72,72,0,measured_performance,False
P-31665:WC-1950,historical,80,80,0,80,80,0,measured_performance,False
P-31668:WC-2006,historical,80,80,0,80,80,0,measured_performance,False
P-31668:WC-2010,historical,72,72,0,72,72,0,measured_performance,False
P-31684:WC-2002,historical,78,79,1,78,79,1,measured_performance,False
P-31687:WC-1930,historical,72,72,0,72,72,0,measured_performance,False
P-31693:WC-1986,historical,70,70,0,70,70,0,measured_performance,False
P-31693:WC-1990,historical,82,83,1,82,83,1,measured_performance,False
P-31710:WC-1986,historical,72,72,0,72,72,0,measured_performance,False
P-31718:WC-2022,historical,81,81,0,81,81,0,measured_performance,False
P-31736:WC-1982,historical,74,75,1,74,75,1,measured_performance,False
P-31741:WC-1998,historical,78,78,0,78,78,0,measured_performance,False
P-31755:WC-2010,historical,71,71,0,71,71,0,measured_performance,False
P-31755:WC-2014,historical,70,70,0,70,70,0,measured_performance,False
P-31758:WC-1990,historical,75,76,1,75,76,1,measured_performance,False
P-31762:WC-1986,historical,72,72,0,72,72,0,measured_performance,False
P-31765:WC-2014,historical,72,72,0,72,72,0,measured_performance,False
P-31765:WC-2022,historical,72,72,0,72,72,0,measured_performance,False
P-31804:WC-1934,historical,72,72,0,72,72,0,measured_performance,False
P-31806:WC-2022,historical,79,79,0,79,79,0,measured_performance,False
P-31812:WC-2014,historical,70,70,0,70,70,0,measured_performance,False
P-31813:WC-2014,historical,72,72,0,72,72,0,measured_performance,False
P-31825:WC-1990,historical,78,78,0,78,78,0,measured_performance,False
P-31825:WC-1994,historical,71,71,0,71,71,0,measured_performance,False
P-31830:WC-1974,historical,89,89,0,88,88,0,career_stature_estimate,False
P-31830:WC-1978,historical,89,89,0,88,88,0,career_stature_estimate,False
P-31839:WC-2014,historical,80,81,1,80,81,1,measured_performance,False
P-31841:WC-1962,historical,82,82,0,82,82,0,measured_performance,False
P-31849:WC-1934,historical,73,74,1,73,74,1,measured_performance,False
P-31849:WC-1938,historical,82,83,1,82,83,1,measured_performance,False
P-31850:WC-1990,historical,86,87,1,86,87,1,measured_performance,False
P-31850:WC-1994,historical,88,88,0,88,88,0,measured_performance,False
P-31850:WC-1998,historical,88,88,0,88,88,0,measured_performance,False
P-31857:WC-1998,historical,70,71,1,70,71,1,measured_performance,False
P-31857:WC-2002,historical,68,68,0,68,68,0,measured_performance,False
P-31857:WC-2006,historical,70,70,0,70,70,0,measured_performance,False
P-31884:WC-1990,historical,88,88,0,88,88,0,measured_performance,False
P-31892:WC-1990,historical,87,87,0,87,87,0,measured_performance,False
P-31903:WC-2002,historical,78,79,1,78,79,1,measured_performance,False
P-31907:WC-2002,historical,72,72,0,72,72,0,measured_performance,False
P-31928:WC-1990,historical,86,87,1,86,87,1,measured_performance,False
P-31941:WC-2018,historical,71,71,0,71,71,0,measured_performance,False
P-31959:WC-1930,historical,88,88,0,88,88,0,measured_performance,False
P-31976:WC-2010,historical,83,84,1,83,84,1,measured_performance,False
P-31976:WC-2014,historical,72,72,0,72,72,0,measured_performance,False
P-32023:WC-1962,historical,72,72,0,72,72,0,measured_performance,False
P-32038:WC-1938,historical,72,72,0,72,72,0,measured_performance,False
P-32042:WC-1982,historical,83,83,0,83,83,0,measured_performance,False
P-32046:WC-2002,historical,68,68,0,68,68,0,measured_performance,False
P-32063:WC-1962,historical,84,84,0,84,84,0,measured_performance,False
P-32071:WC-1994,historical,81,81,0,81,81,0,measured_performance,False
P-32085:WC-1934,historical,77,77,0,77,77,0,measured_performance,False
P-32095:WC-2010,historical,75,76,1,75,76,1,measured_performance,False
P-32095:WC-2014,historical,85,85,0,85,85,0,measured_performance,False
P-32102:WC-1974,historical,69,69,0,69,69,0,measured_performance,False
P-32124:WC-2010,historical,71,71,0,71,71,0,measured_performance,False
P-32136:WC-2002,historical,88,88,0,88,88,0,measured_performance,False
P-32136:WC-2006,historical,88,88,0,88,88,0,measured_performance,False
P-32139:WC-2014,historical,71,71,0,71,71,0,measured_performance,False
P-32146:WC-1978,historical,71,71,0,71,71,0,measured_performance,False
P-32148:WC-1962,historical,69,69,0,69,69,0,measured_performance,False
P-32150:WC-1934,historical,73,74,1,73,74,1,measured_performance,False
P-32165:WC-2018,historical,74,75,1,74,75,1,measured_performance,False
P-32165:WC-2022,historical,88,88,0,88,88,0,measured_performance,False
P-32212:WC-1994,historical,84,84,0,84,84,0,measured_performance,False
P-32212:WC-1998,historical,88,88,0,88,88,0,measured_performance,False
P-32217:WC-1958,historical,71,72,1,71,72,1,measured_performance,False
P-32222:WC-2022,historical,71,71,0,71,71,0,measured_performance,False
P-32237:WC-1998,historical,71,71,0,71,71,0,measured_performance,False
P-32244:WC-1986,historical,70,70,0,70,70,0,measured_performance,False
P-32246:WC-1934,historical,72,72,0,72,72,0,measured_performance,False
P-32265:WC-1974,historical,82,82,0,82,82,0,measured_performance,False
P-32274:WC-1974,historical,76,77,1,76,77,1,measured_performance,False
P-32279:WC-2006,historical,88,88,0,88,88,0,measured_performance,False
P-32279:WC-2010,historical,88,88,0,88,88,0,measured_performance,False
P-32287:WC-1934,historical,66,66,0,66,66,0,baseline_anchor_estimate,False
P-32287:WC-1938,historical,66,66,0,66,66,0,baseline_anchor_estimate,False
P-32294:WC-1998,historical,71,71,0,71,71,0,measured_performance,False
P-32314:WC-1982,historical,71,71,0,71,71,0,measured_performance,False
P-32342:WC-1982,historical,88,88,0,88,88,0,measured_performance,False
P-32342:WC-1986,historical,84,84,0,84,84,0,measured_performance,False
P-32342:WC-1990,historical,79,79,0,79,79,0,measured_performance,False
P-32350:WC-1954,historical,72,73,1,72,73,1,measured_performance,False
P-32369:WC-1998,historical,73,74,1,73,74,1,measured_performance,False
P-32373:WC-1978,historical,87,87,0,87,87,0,measured_performance,False
P-32374:WC-2006,historical,68,68,0,68,68,0,measured_performance,False
P-32386:WC-1950,historical,66,66,0,66,66,0,baseline_anchor_estimate,False
P-32414:WC-1986,historical,85,86,1,85,86,1,measured_performance,False
P-32431:WC-2022,historical,73,73,0,73,73,0,measured_performance,False
P-32438:WC-1958,historical,85,85,0,85,85,0,measured_performance,False
P-32442:WC-1954,historical,79,80,1,79,80,1,measured_performance,False
P-32446:WC-1966,historical,88,88,0,88,88,0,measured_performance,False
P-32447:WC-1986,historical,78,79,1,78,79,1,measured_performance,False
P-32448:WC-2018,historical,78,79,1,78,79,1,measured_performance,False
P-32449:WC-2002,historical,71,71,0,71,71,0,measured_performance,False
P-32466:WC-1990,historical,78,78,0,78,78,0,measured_performance,False
P-32466:WC-1994,historical,88,88,0,88,88,0,measured_performance,False
P-32466:WC-1998,historical,88,88,0,88,88,0,measured_performance,False
P-32477:WC-1962,historical,66,66,0,66,66,0,baseline_anchor_estimate,False
P-32482:WC-1954,historical,73,73,0,73,73,0,baseline_anchor_estimate,False
P-32499:WC-2002,historical,80,80,0,80,80,0,measured_performance,False
P-32508:WC-2018,historical,79,80,1,79,80,1,measured_performance,False
P-32512:WC-2002,historical,88,88,0,88,88,0,measured_performance,False
P-32516:WC-1934,historical,73,74,1,73,74,1,measured_performance,False
P-32535:WC-1930,historical,73,74,1,73,74,1,measured_performance,False
P-32535:WC-1934,historical,73,74,1,73,74,1,measured_performance,False
P-32542:WC-1982,historical,88,88,0,88,88,0,measured_performance,False
P-32567:WC-2002,historical,78,79,1,78,79,1,measured_performance,False
P-32574:WC-2022,historical,70,70,0,70,70,0,measured_performance,False
P-32575:WC-2018,historical,74,75,1,74,75,1,measured_performance,False
P-32588:WC-2010,historical,72,73,1,72,73,1,measured_performance,False
P-32594:WC-1998,historical,72,72,0,72,72,0,measured_performance,False
P-32594:WC-2002,historical,86,86,0,86,86,0,measured_performance,False
P-32599:WC-2022,historical,74,75,1,74,75,1,measured_performance,False
P-32608:WC-1986,historical,78,79,1,78,79,1,measured_performance,False
P-32608:WC-1990,historical,88,88,0,88,88,0,measured_performance,False
P-32610:WC-1986,historical,70,70,0,70,70,0,measured_performance,False
P-32612:WC-1958,historical,71,72,1,71,72,1,measured_performance,False
P-32614:WC-1930,historical,66,66,0,66,66,0,baseline_anchor_estimate,False
P-32622:WC-2022,historical,72,73,1,72,73,1,measured_performance,False
P-32623:WC-1962,historical,88,88,0,88,88,0,measured_performance,False
P-32657:WC-1962,historical,72,72,0,72,72,0,measured_performance,False
P-32657:WC-1970,historical,71,71,0,71,71,0,measured_performance,False
P-32668:WC-1978,historical,71,71,0,71,71,0,measured_performance,False
P-32695:WC-2006,historical,84,84,0,84,84,0,measured_performance,False
P-32696:WC-2002,historical,78,79,1,78,79,1,measured_performance,False
P-32696:WC-2006,historical,71,71,0,71,71,0,measured_performance,False
P-32712:WC-1978,historical,77,78,1,77,78,1,measured_performance,False
P-32717:WC-2014,historical,75,76,1,75,76,1,measured_performance,False
P-32719:WC-1986,historical,71,71,0,71,71,0,measured_performance,False
P-32722:WC-1966,historical,76,77,1,76,77,1,measured_performance,False
P-32732:WC-1962,historical,74,75,1,74,75,1,measured_performance,False
P-32755:WC-1986,historical,73,74,1,73,74,1,measured_performance,False
P-32760:WC-1970,historical,72,72,0,72,72,0,measured_performance,False
P-32771:WC-1982,historical,81,81,0,81,81,0,measured_performance,False
P-32773:WC-2022,historical,71,71,0,71,71,0,measured_performance,False
P-32798:WC-2010,historical,71,72,1,68,68,0,career_stature_estimate,False
P-32798:WC-2014,historical,88,88,0,88,88,0,career_stature_estimate,False
P-32798:WC-2018,historical,88,88,0,88,88,0,career_stature_estimate,False
P-32798:WC-2022,historical,88,88,0,87,87,0,career_stature_estimate,False
P-32803:WC-2022,historical,84,85,1,84,85,1,measured_performance,False
P-32819:WC-1978,historical,71,71,0,71,71,0,measured_performance,False
P-32822:WC-2010,historical,73,73,0,73,73,0,measured_performance,False
P-32828:WC-1938,historical,72,72,0,72,72,0,measured_performance,False
P-32829:WC-1982,historical,73,73,0,73,73,0,measured_performance,False
P-32829:WC-1986,historical,73,74,1,73,74,1,measured_performance,False
P-32830:WC-1990,historical,93,93,0,85,86,1,career_stature_estimate,True
P-32834:WC-1978,historical,87,87,0,87,87,0,measured_performance,False
P-32834:WC-1982,historical,77,77,0,77,77,0,measured_performance,False
P-32858:WC-2018,historical,73,73,0,73,73,0,measured_performance,False
P-32870:WC-2022,historical,73,73,0,73,73,0,measured_performance,False
P-32881:WC-1934,historical,73,74,1,73,74,1,measured_performance,False
P-32922:WC-1986,historical,84,85,1,84,85,1,measured_performance,False
P-32949:WC-2022,historical,71,71,0,71,71,0,measured_performance,False
P-32950:WC-1962,historical,81,82,1,81,82,1,measured_performance,False
P-32958:WC-1974,historical,85,85,0,85,85,0,measured_performance,False
P-32967:WC-1954,historical,92,92,0,88,88,0,career_stature_estimate,False
P-32967:WC-1958,historical,90,90,0,78,79,1,career_stature_estimate,False
P-32968:WC-2006,historical,68,68,0,68,68,0,measured_performance,False
P-32968:WC-2010,historical,68,68,0,68,68,0,measured_performance,False
P-32986:WC-2002,historical,68,68,0,68,68,0,measured_performance,False
P-32988:WC-1978,historical,79,80,1,79,80,1,measured_performance,False
P-33017:WC-1962,historical,72,72,0,72,72,0,measured_performance,False
P-33029:WC-2014,historical,73,73,0,73,73,0,measured_performance,False
P-33030:WC-1974,historical,76,77,1,76,77,1,measured_performance,False
P-33048:WC-1938,historical,66,66,0,66,66,0,baseline_anchor_estimate,False
P-33059:WC-2010,historical,72,73,1,72,73,1,measured_performance,False
P-33059:WC-2018,historical,79,80,1,79,80,1,measured_performance,False
P-33066:WC-1974,historical,71,71,0,71,71,0,measured_performance,False
P-33080:WC-1998,historical,72,72,0,72,72,0,measured_performance,False
P-33083:WC-1978,historical,77,78,1,77,78,1,measured_performance,False
P-33086:WC-1990,historical,68,68,0,68,68,0,measured_performance,False
P-33086:WC-1994,historical,71,71,0,71,71,0,measured_performance,False
P-33089:WC-2014,historical,71,71,0,71,71,0,measured_performance,False
P-33095:WC-1950,historical,75,75,0,75,75,0,measured_performance,False
P-33095:WC-1958,historical,88,88,0,88,88,0,measured_performance,False
P-33115:WC-2014,historical,71,71,0,71,71,0,measured_performance,False
P-33117:WC-2014,historical,75,76,1,75,76,1,measured_performance,False
P-33125:WC-1986,historical,72,72,0,72,72,0,measured_performance,False
P-33159:WC-1982,historical,71,71,0,71,71,0,measured_performance,False
P-33175:WC-2010,historical,88,88,0,88,88,0,measured_performance,False
P-33175:WC-2014,historical,83,83,0,83,83,0,measured_performance,False
P-33175:WC-2018,historical,81,82,1,81,82,1,measured_performance,False
P-33184:WC-1938,historical,82,83,1,82,83,1,measured_performance,False
P-33189:WC-1970,historical,86,86,0,86,86,0,measured_performance,False
P-33197:WC-1994,historical,73,74,1,73,74,1,measured_performance,False
P-33197:WC-1998,historical,72,72,0,72,72,0,measured_performance,False
P-33197:WC-2002,historical,70,70,0,70,70,0,measured_performance,False
P-33225:WC-1986,historical,71,71,0,71,71,0,measured_performance,False
P-33226:WC-1962,historical,66,66,0,66,66,0,baseline_anchor_estimate,False
P-33258:WC-1970,historical,79,80,1,79,80,1,measured_performance,False
P-33264:WC-1994,historical,71,71,0,71,71,0,measured_performance,False
P-33280:WC-2018,historical,72,72,0,72,72,0,measured_performance,False
P-33280:WC-2022,historical,71,71,0,71,71,0,measured_performance,False
P-33293:WC-2006,historical,71,71,0,71,71,0,measured_performance,False
P-33312:WC-2006,historical,72,72,0,72,72,0,measured_performance,False
P-33312:WC-2010,historical,88,88,0,88,88,0,measured_performance,False
P-33312:WC-2014,historical,78,78,0,78,78,0,measured_performance,False
P-33321:WC-1930,historical,72,72,0,72,72,0,measured_performance,False
P-33323:WC-1982,historical,77,77,0,77,77,0,measured_performance,False
P-33325:WC-2022,historical,72,73,1,72,73,1,measured_performance,False
P-33328:WC-1986,historical,80,81,1,80,81,1,measured_performance,False
P-33341:WC-1938,historical,74,74,0,74,74,0,measured_performance,False
P-33347:WC-2018,historical,74,75,1,74,75,1,measured_performance,False
P-33360:WC-2010,historical,72,72,0,72,72,0,measured_performance,False
P-33365:WC-1974,historical,87,87,0,87,87,0,measured_performance,False
P-33367:WC-2006,historical,71,71,0,71,71,0,measured_performance,False
P-33377:WC-1994,historical,71,71,0,71,71,0,measured_performance,False
P-33377:WC-2002,historical,71,71,0,71,71,0,measured_performance,False
P-33390:WC-2018,historical,74,75,1,74,75,1,measured_performance,False
P-33390:WC-2022,historical,72,72,0,72,72,0,measured_performance,False
P-33400:WC-2010,historical,71,71,0,71,71,0,measured_performance,False
P-33410:WC-1982,historical,81,81,0,81,81,0,measured_performance,False
P-33433:WC-2022,historical,71,71,0,71,71,0,measured_performance,False
P-33434:WC-2014,historical,70,70,0,70,70,0,measured_performance,False
P-33434:WC-2018,historical,70,70,0,70,70,0,measured_performance,False
P-33461:WC-1934,historical,73,74,1,73,74,1,measured_performance,False
P-33481:WC-2006,historical,74,75,1,74,75,1,measured_performance,False
P-33494:WC-1950,historical,66,66,0,66,66,0,baseline_anchor_estimate,False
P-33500:WC-2018,historical,71,71,0,71,71,0,measured_performance,False
P-33520:WC-2014,historical,68,68,0,68,68,0,measured_performance,False
P-33536:WC-1970,historical,74,75,1,74,75,1,measured_performance,False
P-33539:WC-1966,historical,75,76,1,75,76,1,measured_performance,False
P-33542:WC-1994,historical,68,68,0,68,68,0,measured_performance,False
P-33560:WC-1930,historical,76,77,1,76,77,1,measured_performance,False
P-33565:WC-1930,historical,88,88,0,88,88,0,measured_performance,False
P-33570:WC-2006,historical,88,88,0,88,88,0,measured_performance,False
P-33570:WC-2010,historical,82,83,1,82,83,1,measured_performance,False
P-33570:WC-2014,historical,75,75,0,75,75,0,measured_performance,False
P-33586:WC-2010,historical,72,72,0,72,72,0,measured_performance,False
P-33586:WC-2014,historical,85,85,0,85,85,0,measured_performance,False
P-33594:WC-1998,historical,73,74,1,73,74,1,measured_performance,False
P-33618:WC-1990,historical,71,71,0,71,71,0,measured_performance,False
P-33618:WC-1994,historical,78,79,1,78,79,1,measured_performance,False
P-33618:WC-1998,historical,78,78,0,78,78,0,measured_performance,False
P-33622:WC-2022,historical,84,84,0,84,84,0,measured_performance,False
P-33623:WC-1998,historical,71,71,0,71,71,0,measured_performance,False
P-33632:WC-1958,historical,73,73,0,73,73,0,measured_performance,False
P-33634:WC-1982,historical,70,70,0,70,70,0,measured_performance,False
P-33635:WC-1930,historical,71,71,0,71,71,0,measured_performance,False
P-33665:WC-2006,historical,71,72,1,71,72,1,measured_performance,False
P-33677:WC-2010,historical,79,79,0,79,79,0,measured_performance,False
P-33683:WC-1958,historical,66,66,0,66,66,0,baseline_anchor_estimate,False
P-33690:WC-1986,historical,81,81,0,81,81,0,measured_performance,False
P-33693:WC-1950,historical,88,88,0,88,88,0,measured_performance,False
P-33698:WC-1954,historical,86,86,0,86,86,0,measured_performance,False
P-33698:WC-1958,historical,72,72,0,72,72,0,measured_performance,False
P-33713:WC-1958,historical,71,72,1,71,72,1,measured_performance,False
P-33714:WC-1938,historical,72,72,0,72,72,0,measured_performance,False
P-33715:WC-2018,historical,70,70,0,70,70,0,measured_performance,False
P-33746:WC-1994,historical,71,71,0,71,71,0,measured_performance,False
P-33751:WC-1994,historical,88,88,0,71,71,0,career_stature_estimate,True
P-33751:WC-1998,historical,89,89,0,71,71,0,career_stature_estimate,True
P-33751:WC-2002,historical,90,90,0,91,91,0,career_stature_estimate,True
P-33751:WC-2006,historical,90,90,0,86,86,0,career_stature_estimate,True
P-33765:WC-1982,historical,74,75,1,74,75,1,measured_performance,False
P-33784:WC-1986,historical,77,77,0,77,77,0,measured_performance,False
P-33785:WC-2018,historical,71,71,0,71,71,0,measured_performance,False
P-33786:WC-1962,historical,75,75,0,75,75,0,measured_performance,False
P-33804:WC-2022,historical,79,79,0,79,79,0,measured_performance,False
P-33814:WC-1930,historical,71,71,0,71,71,0,measured_performance,False
P-33834:WC-1994,historical,80,81,1,80,81,1,measured_performance,False
P-33834:WC-1998,historical,88,88,0,88,88,0,measured_performance,False
P-33838:WC-1986,historical,77,77,0,77,77,0,measured_performance,False
P-33839:WC-1962,historical,72,72,0,72,72,0,measured_performance,False
P-33839:WC-1966,historical,88,88,0,88,88,0,measured_performance,False
P-33846:WC-1986,historical,68,68,0,68,68,0,measured_performance,False
P-33854:WC-2022,historical,71,71,0,71,71,0,measured_performance,False
P-33855:WC-2014,historical,68,68,0,68,68,0,measured_performance,False
P-33940:WC-1934,historical,66,66,0,66,66,0,baseline_anchor_estimate,False
P-33958:WC-2022,historical,72,72,0,72,72,0,measured_performance,False
P-33966:WC-1958,historical,71,72,1,71,72,1,measured_performance,False
P-33989:WC-2010,historical,71,71,0,71,71,0,measured_performance,False
P-34018:WC-2018,historical,72,72,0,72,72,0,measured_performance,False
P-34021:WC-1974,historical,72,72,0,72,72,0,measured_performance,False
P-34023:WC-1962,historical,71,72,1,71,72,1,measured_performance,False
P-34039:WC-1974,historical,82,82,0,82,82,0,measured_performance,False
P-34056:WC-1990,historical,88,88,0,88,88,0,measured_performance,False
P-34056:WC-1994,historical,71,71,0,71,71,0,measured_performance,False
P-34086:WC-1958,historical,72,72,0,72,72,0,measured_performance,False
P-34086:WC-1962,historical,72,72,0,72,72,0,measured_performance,False
P-34118:WC-2010,historical,72,72,0,72,72,0,measured_performance,False
P-34121:WC-1954,historical,73,73,0,73,73,0,baseline_anchor_estimate,False
P-34121:WC-1958,historical,88,88,0,88,88,0,measured_performance,False
P-34121:WC-1962,historical,81,82,1,81,82,1,measured_performance,False
P-34132:WC-2022,historical,71,71,0,71,71,0,measured_performance,False
P-34141:WC-1982,historical,81,81,0,81,81,0,measured_performance,False
P-34141:WC-1986,historical,72,72,0,72,72,0,measured_performance,False
P-34150:WC-1990,historical,71,72,1,71,72,1,measured_performance,False
P-34180:WC-1994,historical,68,68,0,68,68,0,measured_performance,False
P-34180:WC-1998,historical,71,71,0,71,71,0,measured_performance,False
P-34184:WC-1990,historical,71,71,0,71,71,0,measured_performance,False
P-34192:WC-1954,historical,92,92,0,88,88,0,career_stature_estimate,False
P-34192:WC-1958,historical,89,89,0,70,70,0,career_stature_estimate,False
P-34205:WC-2018,historical,79,80,1,79,80,1,measured_performance,False
P-34205:WC-2022,historical,73,73,0,73,73,0,measured_performance,False
P-34222:WC-1970,historical,72,72,0,72,72,0,measured_performance,False
P-34233:WC-1966,historical,88,88,0,88,88,0,measured_performance,False
P-34233:WC-1970,historical,86,86,0,86,86,0,measured_performance,False
P-34271:WC-1958,historical,88,88,0,88,88,0,measured_performance,False
P-34285:WC-2002,historical,80,80,0,80,80,0,measured_performance,False
P-34289:WC-1962,historical,78,78,0,78,78,0,measured_performance,False
P-34289:WC-1970,historical,73,73,0,73,73,0,measured_performance,False
P-34300:WC-1982,historical,74,75,1,74,75,1,measured_performance,False
P-34326:WC-1978,historical,72,72,0,72,72,0,measured_performance,False
P-34326:WC-1982,historical,86,86,0,86,86,0,measured_performance,False
P-34336:WC-2006,historical,84,84,0,84,84,0,measured_performance,False
P-34354:WC-1982,historical,79,79,0,79,79,0,measured_performance,False
P-34358:WC-1966,historical,73,73,0,73,73,0,measured_performance,False
P-34358:WC-1974,historical,76,77,1,76,77,1,measured_performance,False
P-34376:WC-2002,historical,80,80,0,80,80,0,measured_performance,False
P-34386:WC-2006,historical,72,72,0,72,72,0,measured_performance,False
P-34389:WC-2002,historical,78,79,1,78,79,1,measured_performance,False
P-34393:WC-1994,historical,76,77,1,76,77,1,measured_performance,False
P-34403:WC-1962,historical,91,91,0,72,72,0,career_stature_estimate,True
P-34406:WC-2002,historical,75,76,1,75,76,1,measured_performance,False
P-34408:WC-1970,historical,82,82,0,82,82,0,measured_performance,False
P-34430:WC-2006,historical,71,71,0,71,71,0,measured_performance,False
P-34448:WC-2018,historical,74,75,1,74,75,1,measured_performance,False
P-34450:WC-1990,historical,88,88,0,88,88,0,measured_performance,False
P-34458:WC-2022,historical,71,71,0,71,71,0,measured_performance,False
P-34497:WC-1986,historical,80,81,1,80,81,1,measured_performance,False
P-34497:WC-1990,historical,72,72,0,72,72,0,measured_performance,False
P-34530:WC-2002,historical,84,84,0,84,84,0,measured_performance,False
P-34530:WC-2006,historical,72,72,0,72,72,0,measured_performance,False
P-34530:WC-2010,historical,73,74,1,73,74,1,measured_performance,False
P-34536:WC-1934,historical,98,98,0,88,88,0,career_stature_estimate,True
P-34536:WC-1938,historical,98,98,0,88,88,0,career_stature_estimate,True
P-34543:WC-2022,historical,72,73,1,72,73,1,measured_performance,False
P-34545:WC-1978,historical,80,81,1,80,81,1,measured_performance,False
P-34547:WC-1986,historical,71,71,0,71,71,0,measured_performance,False
P-34556:WC-1986,historical,72,72,0,72,72,0,measured_performance,False
P-34567:WC-2022,historical,68,68,0,68,68,0,measured_performance,False
P-34569:WC-1982,historical,71,71,0,71,71,0,measured_performance,False
P-34572:WC-1990,historical,71,71,0,71,71,0,measured_performance,False
P-34573:WC-1994,historical,71,71,0,71,71,0,measured_performance,False
P-34577:WC-1966,historical,71,71,0,71,71,0,measured_performance,False
P-34594:WC-1982,historical,71,71,0,71,71,0,measured_performance,False
P-34605:WC-1978,historical,72,73,1,72,73,1,measured_performance,False
P-34605:WC-1982,historical,88,88,0,88,88,0,measured_performance,False
P-34606:WC-1966,historical,85,85,0,85,85,0,measured_performance,False
P-34633:WC-2022,historical,72,73,1,72,73,1,measured_performance,False
P-34636:WC-1998,historical,73,74,1,73,74,1,measured_performance,False
P-34636:WC-2006,historical,79,80,1,79,80,1,measured_performance,False
P-34664:WC-1974,historical,75,76,1,75,76,1,measured_performance,False
P-34670:WC-1998,historical,90,90,0,88,88,0,career_stature_estimate,True
P-34670:WC-2002,historical,90,90,0,88,88,0,career_stature_estimate,True
P-34676:WC-1998,historical,72,72,0,72,72,0,measured_performance,False
P-34695:WC-1998,historical,78,78,0,78,78,0,measured_performance,False
P-34695:WC-2002,historical,80,80,0,80,80,0,measured_performance,False
P-34709:WC-2002,historical,72,72,0,72,72,0,measured_performance,False
P-34712:WC-2014,historical,78,78,0,78,78,0,measured_performance,False
P-34727:WC-2014,historical,72,72,0,72,72,0,measured_performance,False
P-34746:WC-1966,historical,72,72,0,72,72,0,measured_performance,False
P-34767:WC-1998,historical,88,88,0,88,88,0,measured_performance,False
P-34780:WC-1954,historical,72,73,1,72,73,1,measured_performance,False
P-34782:WC-1954,historical,66,66,0,66,66,0,baseline_anchor_estimate,False
P-34782:WC-1958,historical,73,73,0,73,73,0,baseline_anchor_estimate,False
P-34782:WC-1962,historical,73,73,0,73,73,0,baseline_anchor_estimate,False
P-34797:WC-1962,historical,72,72,0,72,72,0,measured_performance,False
P-34801:WC-1994,historical,70,71,1,70,71,1,measured_performance,False
P-34802:WC-1966,historical,88,88,0,88,88,0,measured_performance,False
P-34802:WC-1970,historical,84,84,0,84,84,0,measured_performance,False
P-34822:WC-2018,historical,74,75,1,74,75,1,measured_performance,False
P-34822:WC-2022,historical,80,81,1,80,81,1,measured_performance,False
P-34830:WC-1978,historical,84,84,0,84,84,0,measured_performance,False
P-34867:WC-1938,historical,79,79,0,79,79,0,measured_performance,False
P-34868:WC-1978,historical,71,71,0,71,71,0,measured_performance,False
P-34878:WC-2014,historical,72,72,0,72,72,0,measured_performance,False
P-34887:WC-1966,historical,88,88,0,88,88,0,measured_performance,False
P-34887:WC-1970,historical,68,68,0,68,68,0,measured_performance,False
P-34895:WC-2006,historical,71,71,0,71,71,0,measured_performance,False
P-34915:WC-2022,historical,71,71,0,71,71,0,measured_performance,False
P-34931:WC-1954,historical,71,71,0,71,71,0,measured_performance,False
P-34956:WC-1998,historical,78,78,0,78,78,0,measured_performance,False
P-34956:WC-2002,historical,68,68,0,68,68,0,measured_performance,False
P-34957:WC-1998,historical,86,86,0,86,86,0,measured_performance,False
P-34957:WC-2002,historical,86,86,0,86,86,0,measured_performance,False
P-34958:WC-1986,historical,71,71,0,71,71,0,measured_performance,False
P-34977:WC-2006,historical,87,87,0,87,87,0,measured_performance,False
P-34980:WC-1986,historical,71,71,0,71,71,0,measured_performance,False
P-34981:WC-1962,historical,66,66,0,66,66,0,baseline_anchor_estimate,False
P-34985:WC-1986,historical,71,71,0,71,71,0,measured_performance,False
P-34993:WC-1978,historical,87,87,0,87,87,0,measured_performance,False
P-34998:WC-2018,historical,88,88,0,88,88,0,measured_performance,False
P-35019:WC-2002,historical,83,83,0,83,83,0,measured_performance,False
P-35031:WC-1998,historical,71,71,0,71,71,0,measured_performance,False
P-35042:WC-1994,historical,73,74,1,73,74,1,measured_performance,False
P-35043:WC-1934,historical,73,74,1,73,74,1,measured_performance,False
P-35048:WC-1934,historical,72,72,0,72,72,0,measured_performance,False
P-35048:WC-1938,historical,76,76,0,76,76,0,measured_performance,False
P-35056:WC-1990,historical,75,76,1,75,76,1,measured_performance,False
P-35067:WC-1974,historical,71,71,0,71,71,0,measured_performance,False
P-35079:WC-1998,historical,72,72,0,72,72,0,measured_performance,False
P-35081:WC-2018,historical,71,71,0,71,71,0,measured_performance,False
P-35082:WC-1974,historical,93,93,0,73,73,0,career_stature_estimate,True
P-35082:WC-1978,historical,97,97,0,91,91,0,career_stature_estimate,True
P-35082:WC-1982,historical,93,93,0,73,73,0,career_stature_estimate,True
P-35089:WC-1978,historical,72,72,0,72,72,0,measured_performance,False
P-35103:WC-2006,historical,80,80,0,80,80,0,measured_performance,False
P-35118:WC-2014,historical,71,71,0,71,71,0,measured_performance,False
P-35138:WC-1998,historical,68,68,0,68,68,0,measured_performance,False
P-35147:WC-1938,historical,72,72,0,72,72,0,measured_performance,False
P-35157:WC-2014,historical,71,71,0,71,71,0,measured_performance,False
P-35173:WC-2018,historical,86,86,0,86,86,0,measured_performance,False
P-35173:WC-2022,historical,88,88,0,88,88,0,measured_performance,False
P-35179:WC-2010,historical,68,68,0,68,68,0,measured_performance,False
P-35179:WC-2014,historical,78,79,1,78,79,1,measured_performance,False
P-35183:WC-1998,historical,88,88,0,88,88,0,career_stature_estimate,False
P-35196:WC-1986,historical,68,68,0,68,68,0,measured_performance,False
P-35206:WC-1966,historical,72,72,0,72,72,0,measured_performance,False
P-35214:WC-1982,historical,87,87,0,87,87,0,measured_performance,False
P-35217:WC-1958,historical,66,66,0,66,66,0,baseline_anchor_estimate,False
P-35225:WC-2022,historical,79,79,0,79,79,0,measured_performance,False
P-35230:WC-1938,historical,73,74,1,73,74,1,measured_performance,False
P-35246:WC-1990,historical,70,70,0,70,70,0,measured_performance,False
P-35246:WC-1994,historical,88,88,0,88,88,0,measured_performance,False
P-35246:WC-1998,historical,78,78,0,78,78,0,measured_performance,False
P-35246:WC-2002,historical,86,86,0,86,86,0,measured_performance,False
P-35253:WC-1986,historical,71,71,0,71,71,0,measured_performance,False
P-35253:WC-1990,historical,88,88,0,88,88,0,measured_performance,False
P-35264:WC-2002,historical,88,88,0,88,88,0,measured_performance,False
P-35264:WC-2006,historical,88,88,0,88,88,0,measured_performance,False
P-35273:WC-1982,historical,72,72,0,72,72,0,measured_performance,False
P-35312:WC-2002,historical,68,68,0,68,68,0,measured_performance,False
P-35312:WC-2006,historical,87,87,0,87,87,0,measured_performance,False
P-35320:WC-2022,historical,70,70,0,70,70,0,measured_performance,False
P-35322:WC-1990,historical,75,76,1,75,76,1,measured_performance,False
P-35334:WC-2014,historical,71,71,0,71,71,0,measured_performance,False
P-35342:WC-1962,historical,82,82,0,82,82,0,measured_performance,False
P-35373:WC-1998,historical,86,86,0,86,86,0,measured_performance,False
P-35408:WC-2014,historical,91,91,0,88,88,0,career_stature_estimate,True
P-35408:WC-2022,historical,88,88,0,72,72,0,career_stature_estimate,True
P-35433:WC-1966,historical,69,69,0,69,69,0,measured_performance,False
P-35460:WC-2002,historical,70,70,0,70,70,0,measured_performance,False
P-35489:WC-2002,historical,78,79,1,78,79,1,measured_performance,False
P-35501:WC-1990,historical,73,74,1,73,74,1,measured_performance,False
P-35544:WC-1998,historical,71,71,0,71,71,0,measured_performance,False
P-35561:WC-1938,historical,80,80,0,80,80,0,measured_performance,False
P-35569:WC-1954,historical,71,71,0,71,71,0,measured_performance,False
P-35574:WC-2010,historical,85,86,1,85,86,1,measured_performance,False
P-35585:WC-1958,historical,71,72,1,71,72,1,measured_performance,False
P-35590:WC-1994,historical,68,68,0,68,68,0,measured_performance,False
P-35595:WC-2006,historical,72,72,0,72,72,0,measured_performance,False
P-35602:WC-1974,historical,84,84,0,84,84,0,measured_performance,False
P-35602:WC-1978,historical,83,83,0,83,83,0,measured_performance,False
P-35622:WC-1974,historical,75,76,1,75,76,1,measured_performance,False
P-35622:WC-1978,historical,88,88,0,88,88,0,measured_performance,False
P-35635:WC-1962,historical,72,72,0,72,72,0,measured_performance,False
P-35636:WC-1990,historical,73,74,1,73,74,1,measured_performance,False
P-35636:WC-1994,historical,73,74,1,73,74,1,measured_performance,False
P-35661:WC-1962,historical,66,66,0,66,66,0,baseline_anchor_estimate,False
P-35661:WC-1966,historical,88,88,0,88,88,0,measured_performance,False
P-35674:WC-2006,historical,71,72,1,71,72,1,measured_performance,False
P-35675:WC-1958,historical,71,71,0,71,71,0,measured_performance,False
P-35675:WC-1966,historical,72,72,0,72,72,0,measured_performance,False
P-35676:WC-2006,historical,71,71,0,71,71,0,measured_performance,False
P-35684:WC-1930,historical,66,66,0,66,66,0,baseline_anchor_estimate,False
P-35705:WC-2022,historical,82,83,1,82,83,1,measured_performance,False
P-35706:WC-2022,historical,76,77,1,76,77,1,measured_performance,False
P-35711:WC-2018,historical,71,71,0,71,71,0,measured_performance,False
P-35719:WC-1990,historical,88,88,0,88,88,0,measured_performance,False
P-35736:WC-1982,historical,92,92,0,89,89,0,career_stature_estimate,False
P-35736:WC-1986,historical,89,89,0,72,72,0,career_stature_estimate,False
P-35746:WC-2010,historical,79,79,0,79,79,0,measured_performance,False
P-35750:WC-1978,historical,71,71,0,71,71,0,measured_performance,False
P-35773:WC-2018,historical,71,71,0,71,71,0,measured_performance,False
P-35773:WC-2022,historical,71,71,0,71,71,0,measured_performance,False
P-35791:WC-1998,historical,73,74,1,73,74,1,measured_performance,False
P-35793:WC-1990,historical,71,72,1,71,72,1,measured_performance,False
P-35798:WC-1970,historical,79,80,1,79,80,1,measured_performance,False
P-35810:WC-1994,historical,72,72,0,72,72,0,measured_performance,False
P-35817:WC-1950,historical,74,74,0,74,74,0,measured_performance,False
P-35818:WC-2006,historical,70,70,0,70,70,0,measured_performance,False
P-35818:WC-2014,historical,83,83,0,83,83,0,measured_performance,False
P-35818:WC-2018,historical,87,87,0,87,87,0,measured_performance,False
P-35834:WC-1930,historical,70,70,0,70,70,0,measured_performance,False
P-35837:WC-2014,historical,72,72,0,72,72,0,measured_performance,False
P-35837:WC-2018,historical,72,72,0,72,72,0,measured_performance,False
P-35837:WC-2022,historical,84,84,0,84,84,0,measured_performance,False
P-35850:WC-2014,historical,72,72,0,72,72,0,measured_performance,False
P-35865:WC-1954,historical,88,88,0,88,88,0,measured_performance,False
P-35873:WC-1990,historical,88,88,0,88,88,0,measured_performance,False
P-35873:WC-1994,historical,85,85,0,85,85,0,measured_performance,False
P-35873:WC-2002,historical,71,71,0,71,71,0,measured_performance,False
P-35875:WC-1930,historical,71,71,0,71,71,0,measured_performance,False
P-35882:WC-2002,historical,72,72,0,72,72,0,measured_performance,False
P-35882:WC-2006,historical,71,72,1,71,72,1,measured_performance,False
P-35886:WC-1982,historical,77,77,0,77,77,0,measured_performance,False
P-35894:WC-1958,historical,72,72,0,72,72,0,measured_performance,False
P-35902:WC-1998,historical,81,82,1,81,82,1,measured_performance,False
P-35902:WC-2002,historical,88,88,0,88,88,0,measured_performance,False
P-35917:WC-1974,historical,76,77,1,76,77,1,measured_performance,False
P-35930:WC-2018,historical,71,71,0,71,71,0,measured_performance,False
P-35930:WC-2022,historical,71,71,0,71,71,0,measured_performance,False
P-35934:WC-2010,historical,71,71,0,71,71,0,measured_performance,False
P-35938:WC-1966,historical,66,66,0,66,66,0,baseline_anchor_estimate,False
P-36022:WC-1998,historical,72,72,0,72,72,0,measured_performance,False
P-36036:WC-1994,historical,88,88,0,88,88,0,measured_performance,False
P-36036:WC-1998,historical,88,88,0,88,88,0,measured_performance,False
P-36038:WC-1986,historical,76,77,1,76,77,1,measured_performance,False
P-36045:WC-1982,historical,77,77,0,77,77,0,measured_performance,False
P-36053:WC-2006,historical,68,68,0,68,68,0,measured_performance,False
P-36056:WC-2006,historical,71,72,1,71,72,1,measured_performance,False
P-36059:WC-1962,historical,66,66,0,66,66,0,baseline_anchor_estimate,False
P-36059:WC-1966,historical,66,66,0,66,66,0,baseline_anchor_estimate,False
P-36074:WC-1998,historical,73,74,1,73,74,1,measured_performance,False
P-36090:WC-2010,historical,79,79,0,79,79,0,measured_performance,False
P-36105:WC-2022,historical,72,73,1,72,73,1,measured_performance,False
P-36108:WC-1958,historical,72,72,0,72,72,0,measured_performance,False
P-36108:WC-1962,historical,73,73,0,73,73,0,measured_performance,False
P-36108:WC-1966,historical,72,72,0,72,72,0,measured_performance,False
P-36121:WC-1954,historical,71,72,1,71,72,1,measured_performance,False
P-36123:WC-1978,historical,77,78,1,77,78,1,measured_performance,False
P-36126:WC-2014,historical,72,72,0,72,72,0,measured_performance,False
P-36126:WC-2018,historical,68,68,0,68,68,0,measured_performance,False
P-36126:WC-2022,historical,71,71,0,71,71,0,measured_performance,False
P-36137:WC-1982,historical,71,71,0,71,71,0,measured_performance,False
P-36153:WC-1934,historical,66,66,0,66,66,0,baseline_anchor_estimate,False
P-36154:WC-1970,historical,68,68,0,68,68,0,measured_performance,False
P-36167:WC-1930,historical,72,72,0,72,72,0,measured_performance,False
P-36178:WC-1994,historical,71,71,0,71,71,0,measured_performance,False
P-36179:WC-2010,historical,72,72,0,72,72,0,measured_performance,False
P-36188:WC-2022,historical,78,78,0,78,78,0,measured_performance,False
P-36196:WC-2006,historical,68,68,0,68,68,0,measured_performance,False
P-36196:WC-2010,historical,68,68,0,68,68,0,measured_performance,False
P-36196:WC-2014,historical,71,71,0,71,71,0,measured_performance,False
P-36196:WC-2018,historical,79,80,1,79,80,1,measured_performance,False
P-36201:WC-1986,historical,88,88,0,88,88,0,measured_performance,False
P-36212:WC-2022,historical,79,79,0,79,79,0,measured_performance,False
P-36227:WC-1978,historical,72,72,0,72,72,0,measured_performance,False
P-36230:WC-2014,historical,71,71,0,71,71,0,measured_performance,False
P-36239:WC-1950,historical,88,88,0,88,88,0,measured_performance,False
P-36243:WC-1930,historical,72,72,0,72,72,0,measured_performance,False
P-36262:WC-1950,historical,79,80,1,79,80,1,measured_performance,False
P-36278:WC-2018,historical,71,71,0,71,71,0,measured_performance,False
P-36287:WC-2006,historical,88,88,0,88,88,0,measured_performance,False
P-36287:WC-2010,historical,88,88,0,88,88,0,measured_performance,False
P-36287:WC-2014,historical,73,74,1,73,74,1,measured_performance,False
P-36290:WC-2006,historical,68,68,0,68,68,0,measured_performance,False
P-36307:WC-1982,historical,71,71,0,71,71,0,measured_performance,False
P-36309:WC-1950,historical,71,71,0,71,71,0,measured_performance,False
P-36316:WC-2010,historical,72,72,0,72,72,0,measured_performance,False
P-36374:WC-1974,historical,69,69,0,69,69,0,measured_performance,False
P-36374:WC-1982,historical,71,71,0,71,71,0,measured_performance,False
P-36379:WC-1930,historical,71,71,0,71,71,0,measured_performance,False
P-36397:WC-2018,historical,68,68,0,68,68,0,measured_performance,False
P-36400:WC-2014,historical,71,71,0,71,71,0,measured_performance,False
P-36400:WC-2022,historical,88,88,0,88,88,0,measured_performance,False
P-36426:WC-1998,historical,88,88,0,88,88,0,measured_performance,False
P-36426:WC-2002,historical,84,84,0,84,84,0,measured_performance,False
P-36442:WC-1954,historical,66,66,0,66,66,0,baseline_anchor_estimate,False
P-36467:WC-1962,historical,71,71,0,71,71,0,baseline_anchor_estimate,False
P-36502:WC-1986,historical,88,88,0,88,88,0,career_stature_estimate,False
P-36515:WC-2010,historical,88,88,0,88,88,0,measured_performance,False
P-36515:WC-2014,historical,83,83,0,83,83,0,measured_performance,False
P-36515:WC-2018,historical,85,85,0,85,85,0,measured_performance,False
P-36522:WC-2018,historical,72,72,0,72,72,0,measured_performance,False
P-36538:WC-1966,historical,84,84,0,84,84,0,measured_performance,False
P-36542:WC-1978,historical,73,74,1,73,74,1,measured_performance,False
P-36550:WC-1950,historical,69,69,0,69,69,0,measured_performance,False
P-36564:WC-1938,historical,72,72,0,72,72,0,measured_performance,False
P-36579:WC-1994,historical,71,71,0,71,71,0,measured_performance,False
P-36579:WC-1998,historical,68,68,0,68,68,0,measured_performance,False
P-36582:WC-1986,historical,93,93,0,85,86,1,career_stature_estimate,True
P-36582:WC-1990,historical,91,91,0,78,78,0,career_stature_estimate,True
P-36583:WC-1962,historical,71,72,1,71,72,1,measured_performance,False
P-36601:WC-2014,historical,72,72,0,72,72,0,measured_performance,False
P-36638:WC-2022,historical,71,71,0,71,71,0,measured_performance,False
P-36639:WC-2014,historical,70,70,0,70,70,0,measured_performance,False
P-36651:WC-1986,historical,93,93,0,90,90,0,career_stature_estimate,False
P-36651:WC-1990,historical,93,93,0,88,88,0,career_stature_estimate,False
P-36662:WC-2010,historical,78,79,1,78,79,1,measured_performance,False
P-36662:WC-2014,historical,75,76,1,75,76,1,measured_performance,False
P-36676:WC-1998,historical,71,71,0,71,71,0,measured_performance,False
P-36686:WC-2014,historical,70,70,0,70,70,0,measured_performance,False
P-36686:WC-2018,historical,72,72,0,72,72,0,measured_performance,False
P-36687:WC-2014,historical,75,76,1,75,76,1,measured_performance,False
P-36687:WC-2018,historical,71,71,0,71,71,0,measured_performance,False
P-36689:WC-2002,historical,78,79,1,78,79,1,measured_performance,False
P-36707:WC-2022,historical,72,73,1,72,73,1,measured_performance,False
P-36734:WC-1934,historical,73,74,1,73,74,1,measured_performance,False
P-36764:WC-2010,historical,68,68,0,68,68,0,measured_performance,False
P-36769:WC-1990,historical,71,72,1,71,72,1,measured_performance,False
P-36777:WC-1990,historical,68,68,0,68,68,0,measured_performance,False
P-36787:WC-2014,historical,68,68,0,68,68,0,measured_performance,False
P-36787:WC-2018,historical,68,68,0,68,68,0,measured_performance,False
P-36808:WC-2014,historical,83,83,0,83,83,0,measured_performance,False
P-36812:WC-1962,historical,66,66,0,66,66,0,baseline_anchor_estimate,False
P-36826:WC-2002,historical,68,68,0,68,68,0,measured_performance,False
P-36835:WC-1930,historical,77,78,1,77,78,1,measured_performance,False
P-36838:WC-1966,historical,66,66,0,66,66,0,baseline_anchor_estimate,False
P-36850:WC-2006,historical,71,71,0,71,71,0,measured_performance,False
P-36850:WC-2010,historical,88,88,0,88,88,0,measured_performance,False
P-36858:WC-1950,historical,83,83,0,83,83,0,measured_performance,False
P-36867:WC-1978,historical,83,83,0,83,83,0,measured_performance,False
P-36870:WC-2010,historical,72,72,0,72,72,0,measured_performance,False
P-36870:WC-2014,historical,80,81,1,80,81,1,measured_performance,False
P-36870:WC-2018,historical,88,88,0,88,88,0,measured_performance,False
P-36914:WC-1994,historical,71,71,0,71,71,0,measured_performance,False
P-36957:WC-1938,historical,73,73,0,73,73,0,baseline_anchor_estimate,False
P-36964:WC-2014,historical,75,76,1,75,76,1,measured_performance,False
P-36964:WC-2018,historical,81,82,1,81,82,1,measured_performance,False
P-36967:WC-1938,historical,73,74,1,73,74,1,measured_performance,False
P-36975:WC-1958,historical,84,84,0,84,84,0,measured_performance,False
P-36985:WC-1998,historical,72,72,0,72,72,0,measured_performance,False
P-36986:WC-1974,historical,72,72,0,72,72,0,measured_performance,False
P-36988:WC-1974,historical,71,71,0,71,71,0,measured_performance,False
P-36991:WC-1966,historical,70,70,0,70,70,0,baseline_anchor_estimate,False
P-37001:WC-2022,historical,70,70,0,70,70,0,measured_performance,False
P-37008:WC-1998,historical,73,74,1,73,74,1,measured_performance,False
P-37032:WC-2018,historical,84,85,1,84,85,1,measured_performance,False
P-37038:WC-1986,historical,68,68,0,68,68,0,measured_performance,False
P-37048:WC-1938,historical,66,66,0,66,66,0,baseline_anchor_estimate,False
P-37056:WC-1962,historical,72,72,0,72,72,0,measured_performance,False
P-37090:WC-2006,historical,71,71,0,71,71,0,measured_performance,False
P-37092:WC-2006,historical,72,72,0,72,72,0,measured_performance,False
P-37114:WC-2002,historical,72,72,0,72,72,0,measured_performance,False
P-37126:WC-2002,historical,71,71,0,71,71,0,measured_performance,False
P-37126:WC-2006,historical,88,88,0,88,88,0,measured_performance,False
P-37132:WC-1998,historical,72,72,0,72,72,0,measured_performance,False
P-37132:WC-2002,historical,80,80,0,80,80,0,measured_performance,False
P-37133:WC-2010,historical,71,71,0,71,71,0,measured_performance,False
P-37134:WC-1954,historical,88,88,0,88,88,0,measured_performance,False
P-37140:WC-2002,historical,78,79,1,78,79,1,measured_performance,False
P-37148:WC-1974,historical,72,72,0,72,72,0,measured_performance,False
P-37161:WC-2002,historical,83,83,0,83,83,0,measured_performance,False
P-37166:WC-2010,historical,72,72,0,72,72,0,measured_performance,False
P-37171:WC-2018,historical,88,88,0,88,88,0,measured_performance,False
P-37173:WC-2022,historical,71,71,0,71,71,0,measured_performance,False
P-37179:WC-1978,historical,78,79,1,78,79,1,measured_performance,False
P-37189:WC-2022,historical,72,73,1,72,73,1,measured_performance,False
P-37201:WC-1974,historical,69,69,0,69,69,0,measured_performance,False
P-37218:WC-1982,historical,72,73,1,72,73,1,measured_performance,False
P-37239:WC-2014,historical,88,88,0,88,88,0,measured_performance,False
P-37242:WC-1986,historical,81,81,0,81,81,0,measured_performance,False
P-37265:WC-2018,historical,71,71,0,71,71,0,measured_performance,False
P-37275:WC-2010,historical,71,71,0,71,71,0,measured_performance,False
P-37275:WC-2014,historical,83,83,0,83,83,0,measured_performance,False
P-37275:WC-2018,historical,83,83,0,83,83,0,measured_performance,False
P-37294:WC-2014,historical,72,72,0,72,72,0,measured_performance,False
P-37294:WC-2018,historical,74,75,1,74,75,1,measured_performance,False
P-37294:WC-2022,historical,72,73,1,72,73,1,measured_performance,False
P-37296:WC-1958,historical,73,73,0,73,73,0,baseline_anchor_estimate,False
P-37308:WC-2022,historical,81,82,1,81,82,1,measured_performance,False
P-37309:WC-1930,historical,73,74,1,73,74,1,measured_performance,False
P-37314:WC-2022,historical,88,88,0,88,88,0,measured_performance,False
P-37315:WC-1970,historical,72,72,0,72,72,0,measured_performance,False
P-37326:WC-1930,historical,88,88,0,88,88,0,measured_performance,False
P-37351:WC-1986,historical,78,79,1,78,79,1,measured_performance,False
P-37357:WC-1938,historical,83,84,1,83,84,1,measured_performance,False
P-37361:WC-1930,historical,88,88,0,88,88,0,measured_performance,False
P-37361:WC-1934,historical,72,72,0,72,72,0,measured_performance,False
P-37370:WC-1974,historical,72,72,0,72,72,0,measured_performance,False
P-37372:WC-2014,historical,73,73,0,73,73,0,measured_performance,False
P-37385:WC-1970,historical,72,72,0,72,72,0,measured_performance,False
P-37402:WC-2002,historical,72,72,0,72,72,0,measured_performance,False
P-37420:WC-2022,historical,68,68,0,68,68,0,measured_performance,False
P-37431:WC-1990,historical,70,70,0,70,70,0,measured_performance,False
P-37461:WC-1998,historical,88,88,0,88,88,0,measured_performance,False
P-37461:WC-2002,historical,72,72,0,72,72,0,measured_performance,False
P-37477:WC-1970,historical,71,71,0,71,71,0,measured_performance,False
P-37483:WC-1978,historical,98,98,0,88,88,0,career_stature_estimate,True
P-37483:WC-1982,historical,98,98,0,88,88,0,career_stature_estimate,True
P-37483:WC-1986,historical,93,93,0,73,74,1,career_stature_estimate,True
P-37521:WC-1978,historical,77,77,0,77,77,0,measured_performance,False
P-37560:WC-1986,historical,78,79,1,78,79,1,measured_performance,False
P-37569:WC-1950,historical,80,80,0,80,80,0,measured_performance,False
P-37575:WC-1970,historical,76,77,1,76,77,1,measured_performance,False
P-37575:WC-1974,historical,81,82,1,81,82,1,measured_performance,False
P-37586:WC-2006,historical,73,73,0,73,73,0,measured_performance,False
P-37589:WC-1950,historical,81,81,0,81,81,0,measured_performance,False
P-37600:WC-1986,historical,83,83,0,83,83,0,measured_performance,False
P-37610:WC-1958,historical,91,91,0,75,76,1,career_stature_estimate,True
P-37610:WC-1962,historical,94,94,0,88,88,0,career_stature_estimate,True
P-37612:WC-2018,historical,79,80,1,79,80,1,measured_performance,False
P-37614:WC-2018,historical,68,68,0,68,68,0,measured_performance,False
P-37630:WC-1990,historical,82,83,1,82,83,1,measured_performance,False
P-37637:WC-1978,historical,72,72,0,72,72,0,measured_performance,False
P-37638:WC-1986,historical,71,71,0,71,71,0,measured_performance,False
P-37656:WC-2006,historical,87,87,0,87,87,0,measured_performance,False
P-37678:WC-2010,historical,75,76,1,75,76,1,measured_performance,False
P-37684:WC-1934,historical,77,77,0,77,77,0,measured_performance,False
P-37684:WC-1938,historical,73,73,0,73,73,0,measured_performance,False
P-37696:WC-2018,historical,74,75,1,74,75,1,measured_performance,False
P-37701:WC-2002,historical,71,71,0,71,71,0,measured_performance,False
P-37702:WC-2010,historical,75,76,1,75,76,1,measured_performance,False
P-37703:WC-2018,historical,72,72,0,72,72,0,measured_performance,False
P-37708:WC-1938,historical,70,70,0,70,70,0,baseline_anchor_estimate,False
P-37721:WC-1970,historical,68,68,0,68,68,0,measured_performance,False
P-37735:WC-2006,historical,82,82,0,82,82,0,measured_performance,False
P-37753:WC-2002,historical,75,76,1,75,76,1,measured_performance,False
P-37758:WC-1934,historical,72,73,1,72,73,1,measured_performance,False
P-37760:WC-2006,historical,88,88,0,88,88,0,measured_performance,False
P-37760:WC-2010,historical,86,86,0,86,86,0,measured_performance,False
P-37767:WC-1966,historical,72,72,0,72,72,0,measured_performance,False
P-37782:WC-2002,historical,77,78,1,77,78,1,measured_performance,False
P-37790:WC-1990,historical,82,83,1,82,83,1,measured_performance,False
P-37808:WC-1954,historical,88,88,0,68,68,0,career_stature_estimate,False
P-37808:WC-1958,historical,91,91,0,79,80,1,career_stature_estimate,False
P-37836:WC-1962,historical,72,72,0,72,72,0,measured_performance,False
P-37840:WC-2018,historical,88,88,0,88,88,0,measured_performance,False
P-37844:WC-1998,historical,72,72,0,72,72,0,measured_performance,False
P-37844:WC-2002,historical,71,71,0,71,71,0,measured_performance,False
P-37848:WC-2010,historical,72,72,0,72,72,0,measured_performance,False
P-37848:WC-2014,historical,83,83,0,83,83,0,measured_performance,False
P-37859:WC-1970,historical,73,73,0,73,73,0,measured_performance,False
P-37860:WC-2022,historical,73,73,0,73,73,0,measured_performance,False
P-37867:WC-1934,historical,73,74,1,73,74,1,measured_performance,False
P-37877:WC-2018,historical,85,85,0,85,85,0,measured_performance,False
P-37893:WC-2006,historical,71,72,1,71,72,1,measured_performance,False
P-37901:WC-2014,historical,68,68,0,68,68,0,measured_performance,False
P-37913:WC-2010,historical,75,76,1,75,76,1,measured_performance,False
P-37917:WC-1986,historical,73,74,1,73,74,1,measured_performance,False
P-37917:WC-1994,historical,71,71,0,71,71,0,measured_performance,False
P-37924:WC-2002,historical,88,88,0,88,88,0,measured_performance,False
P-37930:WC-2010,historical,79,79,0,79,79,0,measured_performance,False
P-37933:WC-2002,historical,71,71,0,71,71,0,measured_performance,False
P-37933:WC-2006,historical,88,88,0,88,88,0,measured_performance,False
P-37933:WC-2010,historical,72,72,0,72,72,0,measured_performance,False
P-37935:WC-2018,historical,72,72,0,72,72,0,measured_performance,False
P-37935:WC-2022,historical,84,84,0,84,84,0,measured_performance,False
P-37942:WC-1974,historical,87,87,0,87,87,0,measured_performance,False
P-37942:WC-1978,historical,68,68,0,68,68,0,measured_performance,False
P-37943:WC-1954,historical,88,88,0,88,88,0,measured_performance,False
P-37948:WC-2014,historical,71,71,0,71,71,0,measured_performance,False
P-37963:WC-1990,historical,77,78,1,76,76,0,measured_performance,False
P-37963:WC-1994,historical,80,80,0,78,79,1,measured_performance,False
P-37963:WC-1998,historical,82,82,0,81,81,0,measured_performance,False
P-37984:WC-2018,historical,71,71,0,71,71,0,measured_performance,False
P-37984:WC-2022,historical,79,79,0,79,79,0,measured_performance,False
P-37990:WC-2010,historical,88,88,0,88,88,0,measured_performance,False
P-37990:WC-2014,historical,78,78,0,78,78,0,measured_performance,False
P-38003:WC-1954,historical,66,66,0,66,66,0,baseline_anchor_estimate,False
P-38004:WC-2010,historical,71,71,0,71,71,0,measured_performance,False
P-38014:WC-1962,historical,72,72,0,72,72,0,measured_performance,False
P-38027:WC-1982,historical,88,88,0,72,72,0,career_stature_estimate,False
P-38037:WC-1954,historical,74,75,1,74,75,1,measured_performance,False
P-38048:WC-1938,historical,73,74,1,73,74,1,measured_performance,False
P-38049:WC-1934,historical,73,74,1,73,74,1,measured_performance,False
P-38074:WC-2002,historical,82,82,0,82,82,0,measured_performance,False
P-38092:WC-1938,historical,88,88,0,88,88,0,measured_performance,False
P-38095:WC-2002,historical,70,70,0,70,70,0,measured_performance,False
P-38095:WC-2010,historical,75,76,1,75,76,1,measured_performance,False
P-38099:WC-2006,historical,72,72,0,72,72,0,measured_performance,False
P-38105:WC-2022,historical,79,79,0,79,79,0,measured_performance,False
P-38164:WC-1958,historical,88,88,0,88,88,0,measured_performance,False
P-38164:WC-1962,historical,88,88,0,88,88,0,measured_performance,False
P-38178:WC-1994,historical,74,75,1,74,75,1,measured_performance,False
P-38187:WC-1982,historical,78,79,1,78,79,1,measured_performance,False
P-38187:WC-1986,historical,72,72,0,72,72,0,measured_performance,False
P-38198:WC-2006,historical,71,72,1,71,72,1,measured_performance,False
P-38283:WC-2010,historical,73,74,1,73,74,1,measured_performance,False
P-38288:WC-1938,historical,71,71,0,71,71,0,measured_performance,False
P-38291:WC-1938,historical,72,72,0,72,72,0,measured_performance,False
P-38339:WC-1954,historical,71,71,0,71,71,0,measured_performance,False
P-38344:WC-1938,historical,73,74,1,73,74,1,measured_performance,False
P-38349:WC-1970,historical,79,80,1,79,80,1,measured_performance,False
P-38355:WC-2022,historical,76,77,1,76,77,1,measured_performance,False
P-38371:WC-1998,historical,72,72,0,72,72,0,measured_performance,False
P-38371:WC-2006,historical,71,72,1,71,72,1,measured_performance,False
P-38372:WC-2018,historical,72,72,0,72,72,0,measured_performance,False
P-38379:WC-1930,historical,71,71,0,71,71,0,measured_performance,False
P-38384:WC-1954,historical,77,78,1,77,78,1,measured_performance,False
P-38392:WC-1986,historical,70,70,0,70,70,0,measured_performance,False
P-38399:WC-1982,historical,72,72,0,72,72,0,measured_performance,False
P-38416:WC-1986,historical,68,68,0,68,68,0,measured_performance,False
P-38424:WC-2014,historical,79,79,0,79,79,0,measured_performance,False
P-38434:WC-1990,historical,88,88,0,88,88,0,measured_performance,False
P-38434:WC-1994,historical,88,88,0,88,88,0,measured_performance,False
P-38439:WC-1950,historical,88,88,0,88,88,0,measured_performance,False
P-38439:WC-1954,historical,88,88,0,88,88,0,measured_performance,False
P-38451:WC-1954,historical,73,73,0,73,73,0,measured_performance,False
P-38468:WC-1950,historical,80,80,0,80,80,0,measured_performance,False
P-38492:WC-1986,historical,73,74,1,73,74,1,measured_performance,False
P-38495:WC-1930,historical,71,71,0,71,71,0,measured_performance,False
P-38514:WC-2018,historical,72,72,0,72,72,0,measured_performance,False
P-38526:WC-1954,historical,79,80,1,79,80,1,measured_performance,False
P-38529:WC-2022,historical,71,71,0,71,71,0,measured_performance,False
P-38536:WC-1938,historical,73,74,1,73,74,1,measured_performance,False
P-38555:WC-1970,historical,86,86,0,86,86,0,measured_performance,False
P-38556:WC-2006,historical,82,83,1,82,83,1,measured_performance,False
P-38556:WC-2010,historical,88,88,0,88,88,0,measured_performance,False
P-38556:WC-2014,historical,85,85,0,85,85,0,measured_performance,False
P-38574:WC-2010,historical,80,81,1,80,81,1,measured_performance,False
P-38594:WC-2018,historical,86,86,0,86,86,0,measured_performance,False
P-38599:WC-2006,historical,88,88,0,88,88,0,measured_performance,False
P-38599:WC-2010,historical,83,84,1,83,84,1,measured_performance,False
P-38620:WC-1974,historical,72,72,0,72,72,0,measured_performance,False
P-38647:WC-2014,historical,88,88,0,88,88,0,measured_performance,False
P-38647:WC-2018,historical,71,71,0,71,71,0,measured_performance,False
P-38654:WC-1962,historical,88,88,0,88,88,0,measured_performance,False
P-38660:WC-1934,historical,72,72,0,72,72,0,measured_performance,False
P-38674:WC-1930,historical,88,88,0,88,88,0,measured_performance,False
P-38682:WC-2014,historical,80,81,1,80,81,1,measured_performance,False
P-38683:WC-2002,historical,78,79,1,78,79,1,measured_performance,False
P-38692:WC-1978,historical,71,72,1,71,72,1,measured_performance,False
P-38721:WC-1962,historical,83,83,0,83,83,0,measured_performance,False
P-38721:WC-1966,historical,88,88,0,88,88,0,measured_performance,False
P-38724:WC-1998,historical,71,71,0,71,71,0,measured_performance,False
P-38724:WC-2002,historical,75,76,1,75,76,1,measured_performance,False
P-38731:WC-1994,historical,72,72,0,72,72,0,measured_performance,False
P-38732:WC-2022,historical,76,77,1,76,77,1,measured_performance,False
P-38753:WC-1934,historical,88,88,0,88,88,0,measured_performance,False
P-38753:WC-1938,historical,73,73,0,73,73,0,measured_performance,False
P-38767:WC-1934,historical,71,71,0,71,71,0,measured_performance,False
P-38767:WC-1938,historical,66,66,0,66,66,0,baseline_anchor_estimate,False
P-38789:WC-2006,historical,88,88,0,88,88,0,measured_performance,False
P-38795:WC-1970,historical,77,78,1,77,78,1,measured_performance,False
P-38799:WC-2018,historical,71,71,0,71,71,0,measured_performance,False
P-38800:WC-2022,historical,71,71,0,71,71,0,measured_performance,False
P-38862:WC-2010,historical,83,84,1,83,84,1,measured_performance,False
P-38873:WC-1950,historical,98,98,0,88,88,0,career_stature_estimate,True
P-38873:WC-1954,historical,98,98,0,88,88,0,career_stature_estimate,True
P-38878:WC-1994,historical,86,86,0,86,86,0,measured_performance,False
P-38878:WC-1998,historical,81,81,0,81,81,0,measured_performance,False
P-38878:WC-2002,historical,82,82,0,82,82,0,measured_performance,False
P-38889:WC-1970,historical,71,71,0,71,71,0,measured_performance,False
P-38901:WC-2006,historical,82,83,1,82,83,1,measured_performance,False
P-38906:WC-1958,historical,99,99,0,90,90,0,career_stature_estimate,True
P-38906:WC-1962,historical,98,98,0,88,88,0,career_stature_estimate,True
P-38906:WC-1966,historical,96,96,0,82,82,0,career_stature_estimate,True
P-38906:WC-1970,historical,99,99,0,88,88,0,career_stature_estimate,True
P-38921:WC-1986,historical,71,71,0,71,71,0,measured_performance,False
P-38921:WC-1990,historical,86,86,0,86,86,0,measured_performance,False
P-38927:WC-2022,historical,79,79,0,79,79,0,measured_performance,False
P-38928:WC-2010,historical,71,71,0,71,71,0,measured_performance,False
P-38940:WC-2022,historical,71,71,0,71,71,0,measured_performance,False
P-38969:WC-1958,historical,88,88,0,88,88,0,measured_performance,False
P-38981:WC-2018,historical,73,73,0,73,73,0,measured_performance,False
P-38981:WC-2022,historical,71,71,0,71,71,0,measured_performance,False
P-38988:WC-2010,historical,68,68,0,68,68,0,measured_performance,False
P-39008:WC-2010,historical,71,71,0,71,71,0,measured_performance,False
P-39021:WC-1994,historical,68,68,0,68,68,0,measured_performance,False
P-39031:WC-1958,historical,85,85,0,85,85,0,measured_performance,False
P-39031:WC-1962,historical,88,88,0,88,88,0,measured_performance,False
P-39053:WC-1990,historical,71,71,0,71,71,0,measured_performance,False
P-39053:WC-1998,historical,71,71,0,71,71,0,measured_performance,False
P-39055:WC-1962,historical,89,89,0,72,72,0,career_stature_estimate,False
P-39055:WC-1966,historical,89,89,0,72,72,0,career_stature_estimate,False
P-39063:WC-2014,historical,72,72,0,72,72,0,measured_performance,False
P-39078:WC-2010,historical,83,84,1,83,84,1,measured_performance,False
P-39089:WC-1962,historical,66,66,0,66,66,0,baseline_anchor_estimate,False
P-39112:WC-1998,historical,68,68,0,68,68,0,measured_performance,False
P-39132:WC-1982,historical,88,88,0,88,88,0,measured_performance,False
P-39138:WC-2014,historical,71,71,0,71,71,0,measured_performance,False
P-39155:WC-1974,historical,72,72,0,72,72,0,measured_performance,False
P-39159:WC-1934,historical,87,87,0,87,87,0,measured_performance,False
P-39159:WC-1938,historical,73,74,1,73,74,1,measured_performance,False
P-39161:WC-1974,historical,76,77,1,76,77,1,measured_performance,False
P-39199:WC-2002,historical,71,71,0,71,71,0,measured_performance,False
P-39211:WC-1950,historical,79,79,0,79,79,0,measured_performance,False
P-39219:WC-1990,historical,68,68,0,68,68,0,measured_performance,False
P-39234:WC-1974,historical,88,88,0,88,88,0,measured_performance,False
P-39239:WC-2022,historical,71,71,0,71,71,0,measured_performance,False
P-39249:WC-2002,historical,79,79,0,79,79,0,measured_performance,False
P-39249:WC-2010,historical,84,84,0,84,84,0,measured_performance,False
P-39249:WC-2014,historical,88,88,0,88,88,0,measured_performance,False
P-39251:WC-1998,historical,88,88,0,88,88,0,measured_performance,False
P-39255:WC-1998,historical,72,72,0,72,72,0,measured_performance,False
P-39265:WC-1990,historical,71,72,1,71,72,1,measured_performance,False
P-39265:WC-1998,historical,72,72,0,72,72,0,measured_performance,False
P-39267:WC-1994,historical,79,79,0,79,79,0,measured_performance,False
P-39268:WC-1982,historical,70,70,0,70,70,0,measured_performance,False
P-39275:WC-1970,historical,68,68,0,68,68,0,measured_performance,False
P-39281:WC-2022,historical,71,71,0,71,71,0,measured_performance,False
P-39297:WC-1986,historical,73,73,0,73,73,0,measured_performance,False
P-39297:WC-1990,historical,82,83,1,82,83,1,measured_performance,False
P-39297:WC-1994,historical,84,84,0,84,84,0,measured_performance,False
P-39318:WC-1974,historical,88,88,0,88,88,0,measured_performance,False
P-39318:WC-1978,historical,72,72,0,72,72,0,measured_performance,False
P-39326:WC-1986,historical,72,72,0,72,72,0,measured_performance,False
P-39332:WC-1962,historical,70,70,0,70,70,0,measured_performance,False
P-39336:WC-1970,historical,79,79,0,79,79,0,measured_performance,False
P-39340:WC-1966,historical,72,72,0,72,72,0,measured_performance,False
P-39340:WC-1974,historical,75,76,1,75,76,1,measured_performance,False
P-39341:WC-2010,historical,68,68,0,68,68,0,measured_performance,False
P-39341:WC-2018,historical,73,73,0,73,73,0,measured_performance,False
P-39347:WC-2022,historical,71,71,0,71,71,0,measured_performance,False
P-39356:WC-2010,historical,88,88,0,86,86,0,career_stature_estimate,False
P-39356:WC-2014,historical,88,88,0,88,88,0,career_stature_estimate,False
P-39356:WC-2018,historical,85,85,0,81,82,1,career_stature_estimate,False
P-39366:WC-1950,historical,73,73,0,73,73,0,measured_performance,False
P-39366:WC-1954,historical,71,71,0,71,71,0,measured_performance,False
P-39384:WC-1990,historical,70,70,0,70,70,0,measured_performance,False
P-39394:WC-2022,historical,72,72,0,72,72,0,measured_performance,False
P-39411:WC-1954,historical,73,73,0,73,73,0,measured_performance,False
P-39420:WC-1966,historical,69,69,0,69,69,0,measured_performance,False
P-39423:WC-1982,historical,68,68,0,68,68,0,measured_performance,False
P-39440:WC-1978,historical,72,72,0,72,72,0,measured_performance,False
P-39440:WC-1982,historical,71,71,0,71,71,0,measured_performance,False
P-39450:WC-1994,historical,76,77,1,76,77,1,measured_performance,False
P-39450:WC-1998,historical,71,71,0,71,71,0,measured_performance,False
P-39459:WC-2010,historical,71,71,0,71,71,0,measured_performance,False
P-39460:WC-2010,historical,71,71,0,71,71,0,measured_performance,False
P-39460:WC-2014,historical,88,88,0,88,88,0,measured_performance,False
P-39460:WC-2018,historical,87,87,0,87,87,0,measured_performance,False
P-39460:WC-2022,historical,84,84,0,84,84,0,measured_performance,False
P-39464:WC-2022,historical,72,73,1,72,73,1,measured_performance,False
P-39480:WC-1950,historical,73,73,0,73,73,0,measured_performance,False
P-39483:WC-1958,historical,73,73,0,73,73,0,measured_performance,False
P-39485:WC-2010,historical,71,71,0,71,71,0,measured_performance,False
P-39505:WC-1978,historical,72,72,0,72,72,0,measured_performance,False
P-39512:WC-1934,historical,88,88,0,88,88,0,measured_performance,False
P-39512:WC-1938,historical,86,87,1,86,87,1,measured_performance,False
P-39513:WC-1978,historical,71,71,0,71,71,0,measured_performance,False
P-39517:WC-1986,historical,70,70,0,70,70,0,measured_performance,False
P-39545:WC-1998,historical,72,72,0,72,72,0,measured_performance,False
P-39545:WC-2006,historical,88,88,0,88,88,0,measured_performance,False
P-39546:WC-1986,historical,71,71,0,71,71,0,measured_performance,False
P-39550:WC-2014,historical,71,71,0,71,71,0,measured_performance,False
P-39573:WC-1998,historical,71,71,0,71,71,0,measured_performance,False
P-39583:WC-1954,historical,88,88,0,88,88,0,measured_performance,False
P-39584:WC-2018,historical,72,72,0,72,72,0,measured_performance,False
P-39584:WC-2022,historical,88,88,0,88,88,0,measured_performance,False
P-39599:WC-1962,historical,71,71,0,71,71,0,measured_performance,False
P-39602:WC-2002,historical,68,68,0,68,68,0,measured_performance,False
P-39602:WC-2014,historical,78,79,1,78,79,1,measured_performance,False
P-39610:WC-2018,historical,83,83,0,83,83,0,measured_performance,False
P-39611:WC-1982,historical,72,72,0,72,72,0,measured_performance,False
P-39619:WC-1974,historical,76,77,1,76,77,1,measured_performance,False
P-39634:WC-1994,historical,72,72,0,72,72,0,measured_performance,False
P-39642:WC-1966,historical,88,88,0,88,88,0,measured_performance,False
P-39644:WC-1966,historical,69,69,0,69,69,0,measured_performance,False
P-39646:WC-1990,historical,70,70,0,70,70,0,measured_performance,False
P-39646:WC-1998,historical,81,81,0,81,81,0,measured_performance,False
P-39664:WC-2018,historical,73,73,0,73,73,0,measured_performance,False
P-39669:WC-1954,historical,71,71,0,71,71,0,measured_performance,False
P-39670:WC-1958,historical,72,73,1,72,73,1,measured_performance,False
P-39675:WC-1982,historical,74,75,1,74,75,1,measured_performance,False
P-39680:WC-1990,historical,71,71,0,71,71,0,measured_performance,False
P-39692:WC-1982,historical,71,71,0,71,71,0,measured_performance,False
P-39700:WC-1998,historical,84,84,0,84,84,0,measured_performance,False
P-39735:WC-1938,historical,66,66,0,66,66,0,baseline_anchor_estimate,False
P-39749:WC-1970,historical,88,88,0,88,88,0,measured_performance,False
P-39750:WC-1954,historical,85,85,0,85,85,0,measured_performance,False
P-39768:WC-1974,historical,70,70,0,70,70,0,measured_performance,False
P-39771:WC-1982,historical,72,72,0,72,72,0,measured_performance,False
P-39774:WC-2014,historical,71,71,0,71,71,0,measured_performance,False
P-39785:WC-1930,historical,88,88,0,88,88,0,measured_performance,False
P-39788:WC-2018,historical,81,81,0,81,81,0,measured_performance,False
P-39788:WC-2022,historical,78,78,0,78,78,0,measured_performance,False
P-39792:WC-1982,historical,70,70,0,70,70,0,measured_performance,False
P-39810:WC-2010,historical,88,88,0,88,88,0,measured_performance,False
P-39810:WC-2014,historical,87,87,0,87,87,0,measured_performance,False
P-39840:WC-2010,historical,82,83,1,82,83,1,measured_performance,False
P-39860:WC-1994,historical,88,88,0,88,88,0,measured_performance,False
P-39861:WC-2014,historical,88,88,0,88,88,0,measured_performance,False
P-39861:WC-2022,historical,88,88,0,88,88,0,measured_performance,False
P-39863:WC-1994,historical,72,72,0,72,72,0,measured_performance,False
P-39881:WC-1950,historical,88,88,0,88,88,0,measured_performance,False
P-39884:WC-2002,historical,76,76,0,76,76,0,measured_performance,False
P-39884:WC-2010,historical,79,79,0,79,79,0,measured_performance,False
P-39902:WC-2018,historical,68,68,0,68,68,0,measured_performance,False
P-39905:WC-2002,historical,78,79,1,78,79,1,measured_performance,False
P-39938:WC-1938,historical,66,66,0,66,66,0,baseline_anchor_estimate,False
P-39942:WC-2022,historical,72,73,1,72,73,1,measured_performance,False
P-39956:WC-2010,historical,82,83,1,82,83,1,measured_performance,False
P-39956:WC-2014,historical,75,76,1,75,76,1,measured_performance,False
P-39995:WC-2022,historical,79,79,0,79,79,0,measured_performance,False
P-40007:WC-2022,historical,84,84,0,84,84,0,measured_performance,False
P-40069:WC-1974,historical,75,76,1,75,76,1,measured_performance,False
P-40071:WC-1982,historical,70,70,0,70,70,0,measured_performance,False
P-40103:WC-1934,historical,75,75,0,75,75,0,measured_performance,False
P-40108:WC-1998,historical,84,85,1,84,85,1,measured_performance,False
P-40120:WC-2006,historical,73,73,0,73,73,0,measured_performance,False
P-40137:WC-2018,historical,71,71,0,71,71,0,measured_performance,False
P-40137:WC-2022,historical,79,79,0,79,79,0,measured_performance,False
P-40147:WC-2022,historical,84,84,0,84,84,0,measured_performance,False
P-40151:WC-1966,historical,75,76,1,75,76,1,measured_performance,False
P-40167:WC-1998,historical,68,68,0,68,68,0,measured_performance,False
P-40179:WC-1982,historical,78,78,0,78,78,0,measured_performance,False
P-40185:WC-1958,historical,80,80,0,80,80,0,measured_performance,False
P-40197:WC-2006,historical,80,80,0,80,80,0,measured_performance,False
P-40197:WC-2010,historical,88,88,0,88,88,0,measured_performance,False
P-40265:WC-1990,historical,88,88,0,88,88,0,measured_performance,False
P-40283:WC-1966,historical,72,72,0,72,72,0,measured_performance,False
P-40292:WC-2018,historical,71,71,0,71,71,0,measured_performance,False
P-40312:WC-2006,historical,71,71,0,71,71,0,measured_performance,False
P-40312:WC-2010,historical,75,76,1,75,76,1,measured_performance,False
P-40312:WC-2014,historical,87,87,0,87,87,0,measured_performance,False
P-40312:WC-2018,historical,79,80,1,79,80,1,measured_performance,False
P-40312:WC-2022,historical,71,71,0,71,71,0,measured_performance,False
P-40338:WC-1982,historical,86,86,0,86,86,0,measured_performance,False
P-40338:WC-1986,historical,72,72,0,72,72,0,measured_performance,False
P-40341:WC-2018,historical,70,70,0,70,70,0,measured_performance,False
P-40352:WC-1978,historical,80,80,0,80,80,0,measured_performance,False
P-40368:WC-2010,historical,77,78,1,77,78,1,measured_performance,False
P-40374:WC-2014,historical,68,68,0,68,68,0,measured_performance,False
P-40379:WC-1950,historical,71,71,0,71,71,0,measured_performance,False
P-40400:WC-1998,historical,88,88,0,88,88,0,measured_performance,False
P-40400:WC-2002,historical,72,72,0,72,72,0,measured_performance,False
P-40419:WC-1978,historical,72,73,1,72,73,1,measured_performance,False
P-40429:WC-1970,historical,88,88,0,88,88,0,measured_performance,False
P-40442:WC-2018,historical,78,79,1,78,79,1,measured_performance,False
P-40453:WC-1986,historical,78,79,1,78,79,1,measured_performance,False
P-40487:WC-2022,historical,71,71,0,71,71,0,measured_performance,False
P-40490:WC-1982,historical,81,81,0,81,81,0,measured_performance,False
P-40498:WC-2022,historical,72,73,1,72,73,1,measured_performance,False
P-40516:WC-1986,historical,84,84,0,84,84,0,measured_performance,False
P-40531:WC-1990,historical,73,74,1,73,74,1,measured_performance,False
P-40564:WC-1982,historical,68,68,0,68,68,0,measured_performance,False
P-40570:WC-1998,historical,86,87,1,86,87,1,measured_performance,False
P-40578:WC-2018,historical,72,72,0,72,72,0,measured_performance,False
P-40581:WC-2006,historical,73,73,0,73,73,0,measured_performance,False
P-40610:WC-1986,historical,84,84,0,84,84,0,measured_performance,False
P-40618:WC-2018,historical,71,71,0,71,71,0,measured_performance,False
P-40619:WC-2022,historical,88,88,0,88,88,0,measured_performance,False
P-40621:WC-2018,historical,74,75,1,74,75,1,measured_performance,False
P-40621:WC-2022,historical,76,77,1,76,77,1,measured_performance,False
P-40627:WC-1994,historical,86,86,0,86,86,0,measured_performance,False
P-40627:WC-1998,historical,72,72,0,72,72,0,measured_performance,False
P-40630:WC-2014,historical,71,71,0,71,71,0,measured_performance,False
P-40633:WC-1986,historical,71,71,0,71,71,0,measured_performance,False
P-40638:WC-1954,historical,88,88,0,88,88,0,measured_performance,False
P-40666:WC-2006,historical,71,71,0,71,71,0,measured_performance,False
P-40669:WC-1966,historical,88,88,0,88,88,0,measured_performance,False
P-40684:WC-1982,historical,88,88,0,88,88,0,measured_performance,False
P-40684:WC-1986,historical,72,72,0,72,72,0,measured_performance,False
P-40701:WC-1998,historical,71,71,0,71,71,0,measured_performance,False
P-40714:WC-1930,historical,73,74,1,73,74,1,measured_performance,False
P-40725:WC-1958,historical,72,73,1,72,73,1,measured_performance,False
P-40725:WC-1966,historical,73,73,0,73,73,0,measured_performance,False
P-40730:WC-1950,historical,71,71,0,71,71,0,measured_performance,False
P-40743:WC-1982,historical,87,87,0,87,87,0,measured_performance,False
P-40749:WC-1994,historical,70,70,0,70,70,0,measured_performance,False
P-40750:WC-1962,historical,71,72,1,71,72,1,measured_performance,False
P-40752:WC-1934,historical,84,84,0,84,84,0,measured_performance,False
P-40761:WC-1966,historical,66,66,0,66,66,0,baseline_anchor_estimate,False
P-40771:WC-1982,historical,83,83,0,83,83,0,measured_performance,False
P-40771:WC-1986,historical,76,77,1,76,77,1,measured_performance,False
P-40780:WC-1982,historical,71,71,0,71,71,0,measured_performance,False
P-40789:WC-2018,historical,72,72,0,72,72,0,measured_performance,False
P-40791:WC-2010,historical,72,72,0,72,72,0,measured_performance,False
P-40793:WC-1994,historical,88,88,0,88,88,0,measured_performance,False
P-40793:WC-1998,historical,73,74,1,73,74,1,measured_performance,False
P-40794:WC-2006,historical,73,73,0,73,73,0,measured_performance,False
P-40820:WC-2018,historical,71,71,0,71,71,0,measured_performance,False
P-40852:WC-2002,historical,78,79,1,78,79,1,measured_performance,False
P-40884:WC-1978,historical,71,71,0,71,71,0,measured_performance,False
P-40921:WC-1970,historical,86,86,0,86,86,0,measured_performance,False
P-40927:WC-2010,historical,88,88,0,88,88,0,measured_performance,False
P-40927:WC-2014,historical,75,76,1,75,76,1,measured_performance,False
P-40929:WC-1990,historical,78,78,0,78,78,0,measured_performance,False
P-40938:WC-1938,historical,72,72,0,72,72,0,measured_performance,False
P-40941:WC-1950,historical,86,86,0,86,86,0,measured_performance,False
P-40941:WC-1954,historical,77,78,1,77,78,1,measured_performance,False
P-40949:WC-2010,historical,70,70,0,70,70,0,measured_performance,False
P-40979:WC-1962,historical,69,69,0,69,69,0,measured_performance,False
P-40995:WC-2006,historical,71,71,0,71,71,0,measured_performance,False
P-40996:WC-1986,historical,73,74,1,73,74,1,measured_performance,False
P-41001:WC-2010,historical,80,81,1,80,81,1,measured_performance,False
P-41001:WC-2014,historical,75,76,1,75,76,1,measured_performance,False
P-41027:WC-2014,historical,75,76,1,75,76,1,measured_performance,False
P-41027:WC-2018,historical,74,75,1,74,75,1,measured_performance,False
P-41052:WC-2014,historical,71,71,0,71,71,0,measured_performance,False
P-41062:WC-1990,historical,68,68,0,68,68,0,measured_performance,False
P-41064:WC-1974,historical,88,88,0,72,72,0,career_stature_estimate,False
P-41084:WC-1990,historical,80,80,0,80,80,0,measured_performance,False
P-41085:WC-2006,historical,80,80,0,80,80,0,measured_performance,False
P-41102:WC-1974,historical,88,88,0,88,88,0,measured_performance,False
P-41102:WC-1978,historical,80,81,1,80,81,1,measured_performance,False
P-41116:WC-1962,historical,66,66,0,66,66,0,baseline_anchor_estimate,False
P-41130:WC-1990,historical,71,71,0,71,71,0,measured_performance,False
P-41130:WC-1994,historical,72,73,1,72,73,1,measured_performance,False
P-41133:WC-2002,historical,88,88,0,88,88,0,measured_performance,False
P-41152:WC-2010,historical,72,73,1,72,73,1,measured_performance,False
P-41175:WC-1990,historical,75,76,1,75,76,1,measured_performance,False
P-41194:WC-1982,historical,78,79,1,78,79,1,measured_performance,False
P-41198:WC-2022,historical,79,79,0,79,79,0,measured_performance,False
P-41229:WC-1966,historical,73,73,0,73,73,0,measured_performance,False
P-41231:WC-1966,historical,85,85,0,85,85,0,measured_performance,False
P-41238:WC-1930,historical,86,86,0,86,86,0,measured_performance,False
P-41247:WC-1934,historical,73,74,1,73,74,1,measured_performance,False
P-41251:WC-2014,historical,78,79,1,78,79,1,measured_performance,False
P-41260:WC-1934,historical,72,72,0,72,72,0,measured_performance,False
P-41262:WC-2014,historical,71,71,0,71,71,0,measured_performance,False
P-41271:WC-2002,historical,71,71,0,71,71,0,measured_performance,False
P-41288:WC-1958,historical,75,76,1,75,76,1,measured_performance,False
P-41303:WC-2010,historical,71,71,0,71,71,0,measured_performance,False
P-41304:WC-2014,historical,68,68,0,68,68,0,measured_performance,False
P-41316:WC-1998,historical,72,72,0,72,72,0,measured_performance,False
P-41334:WC-2014,historical,77,78,1,77,78,1,measured_performance,False
P-41357:WC-2010,historical,73,74,1,73,74,1,measured_performance,False
P-41399:WC-1954,historical,66,66,0,66,66,0,baseline_anchor_estimate,False
P-41422:WC-2014,historical,72,72,0,72,72,0,measured_performance,False
P-41427:WC-1982,historical,71,71,0,71,71,0,measured_performance,False
P-41428:WC-1994,historical,86,86,0,86,86,0,measured_performance,False
P-41428:WC-1998,historical,72,72,0,72,72,0,measured_performance,False
P-41457:WC-1974,historical,76,77,1,76,77,1,measured_performance,False
P-41536:WC-1930,historical,73,74,1,73,74,1,measured_performance,False
P-41601:WC-1970,historical,74,75,1,74,75,1,measured_performance,False
P-41603:WC-2022,historical,79,79,0,79,79,0,measured_performance,False
P-41616:WC-1994,historical,84,84,0,84,84,0,measured_performance,False
P-41619:WC-1938,historical,73,73,0,73,73,0,measured_performance,False
P-41620:WC-1998,historical,73,74,1,73,74,1,measured_performance,False
P-41620:WC-2002,historical,72,72,0,72,72,0,measured_performance,False
P-41620:WC-2006,historical,74,75,1,74,75,1,measured_performance,False
P-41647:WC-2022,historical,88,88,0,88,88,0,measured_performance,False
P-41648:WC-1990,historical,72,73,1,72,73,1,measured_performance,False
P-41668:WC-2006,historical,70,70,0,70,70,0,measured_performance,False
P-41671:WC-2010,historical,75,76,1,75,76,1,measured_performance,False
P-41671:WC-2014,historical,71,71,0,71,71,0,measured_performance,False
P-41691:WC-1962,historical,70,71,1,70,71,1,measured_performance,False
P-41691:WC-1966,historical,69,69,0,69,69,0,measured_performance,False
P-41694:WC-2002,historical,72,72,0,72,72,0,measured_performance,False
P-41710:WC-1930,historical,70,70,0,70,70,0,measured_performance,False
P-41724:WC-1998,historical,88,88,0,88,88,0,measured_performance,False
P-41724:WC-2002,historical,72,72,0,72,72,0,measured_performance,False
P-41724:WC-2006,historical,80,80,0,80,80,0,measured_performance,False
P-41753:WC-1934,historical,66,66,0,66,66,0,baseline_anchor_estimate,False
P-41758:WC-2014,historical,88,88,0,88,88,0,measured_performance,False
P-41758:WC-2018,historical,82,82,0,82,82,0,measured_performance,False
P-41783:WC-1998,historical,71,71,0,71,71,0,measured_performance,False
P-41783:WC-2002,historical,84,84,0,84,84,0,measured_performance,False
P-41789:WC-2018,historical,68,68,0,68,68,0,measured_performance,False
P-41790:WC-1994,historical,78,79,1,78,79,1,measured_performance,False
P-41790:WC-1998,historical,86,87,1,86,87,1,measured_performance,False
P-41805:WC-1958,historical,68,68,0,68,68,0,measured_performance,False
P-41807:WC-1982,historical,81,81,0,81,81,0,measured_performance,False
P-41814:WC-1950,historical,71,71,0,71,71,0,measured_performance,False
P-41829:WC-1982,historical,71,71,0,71,71,0,measured_performance,False
P-41835:WC-1938,historical,72,72,0,72,72,0,measured_performance,False
P-41843:WC-1962,historical,70,71,1,70,71,1,measured_performance,False
P-41870:WC-1978,historical,76,77,1,76,77,1,measured_performance,False
P-41870:WC-1982,historical,72,73,1,72,73,1,measured_performance,False
P-41894:WC-1994,historical,68,68,0,68,68,0,measured_performance,False
P-41896:WC-1974,historical,70,70,0,70,70,0,measured_performance,False
P-41902:WC-2022,historical,71,71,0,71,71,0,measured_performance,False
P-41907:WC-2006,historical,72,72,0,72,72,0,measured_performance,False
P-41910:WC-1930,historical,70,70,0,70,70,0,measured_performance,False
P-41921:WC-1930,historical,72,72,0,72,72,0,measured_performance,False
P-41928:WC-1930,historical,71,71,0,71,71,0,measured_performance,False
P-41944:WC-2010,historical,88,88,0,88,88,0,measured_performance,False
P-41944:WC-2014,historical,78,79,1,78,79,1,measured_performance,False
P-41944:WC-2018,historical,68,68,0,68,68,0,measured_performance,False
P-41962:WC-2006,historical,80,80,0,80,80,0,measured_performance,False
P-41974:WC-1998,historical,72,72,0,72,72,0,measured_performance,False
P-41977:WC-1958,historical,68,68,0,68,68,0,measured_performance,False
P-41990:WC-1930,historical,73,74,1,73,74,1,measured_performance,False
P-42008:WC-1950,historical,73,73,0,73,73,0,measured_performance,False
P-42008:WC-1954,historical,77,78,1,77,78,1,measured_performance,False
P-42012:WC-1978,historical,73,74,1,73,74,1,measured_performance,False
P-42012:WC-1982,historical,72,72,0,72,72,0,measured_performance,False
P-42014:WC-1958,historical,72,72,0,72,72,0,measured_performance,False
P-42015:WC-2018,historical,68,68,0,68,68,0,measured_performance,False
P-42018:WC-2014,historical,71,71,0,71,71,0,measured_performance,False
P-42021:WC-1962,historical,72,72,0,72,72,0,measured_performance,False
P-42028:WC-1994,historical,72,72,0,72,72,0,measured_performance,False
P-42031:WC-1938,historical,79,79,0,79,79,0,measured_performance,False
P-42038:WC-2002,historical,73,73,0,73,73,0,measured_performance,False
P-42038:WC-2006,historical,88,88,0,88,88,0,measured_performance,False
P-42046:WC-1966,historical,75,76,1,75,76,1,measured_performance,False
P-42054:WC-1974,historical,71,71,0,71,71,0,measured_performance,False
P-42078:WC-2022,historical,88,88,0,88,88,0,measured_performance,False
P-42080:WC-1966,historical,78,78,0,78,78,0,measured_performance,False
P-42100:WC-1966,historical,73,73,0,73,73,0,measured_performance,False
P-42107:WC-2010,historical,75,76,1,75,76,1,measured_performance,False
P-42108:WC-1954,historical,71,72,1,71,72,1,measured_performance,False
P-42113:WC-2010,historical,85,85,0,82,83,1,measured_performance,False
P-42113:WC-2014,historical,88,88,0,88,88,0,measured_performance,False
P-42113:WC-2018,historical,83,84,1,81,82,1,measured_performance,False
P-42113:WC-2022,historical,88,88,0,88,88,0,measured_performance,False
P-42136:WC-1978,historical,73,73,0,73,73,0,measured_performance,False
P-42136:WC-1982,historical,81,81,0,81,81,0,measured_performance,False
P-42138:WC-1954,historical,88,88,0,88,88,0,measured_performance,False
P-42144:WC-1998,historical,84,84,0,84,84,0,measured_performance,False
P-42144:WC-2006,historical,74,75,1,74,75,1,measured_performance,False
P-42160:WC-2018,historical,79,80,1,79,80,1,measured_performance,False
P-42160:WC-2022,historical,87,87,0,87,87,0,measured_performance,False
P-42168:WC-2022,historical,68,68,0,68,68,0,measured_performance,False
P-42177:WC-2014,historical,83,83,0,83,83,0,measured_performance,False
P-42180:WC-1986,historical,76,77,1,76,77,1,measured_performance,False
P-42194:WC-1950,historical,74,74,0,74,74,0,measured_performance,False
P-42198:WC-1962,historical,72,72,0,72,72,0,measured_performance,False
P-42198:WC-1966,historical,73,73,0,73,73,0,measured_performance,False
P-42205:WC-1938,historical,88,88,0,88,88,0,measured_performance,False
P-42215:WC-2022,historical,76,77,1,76,77,1,measured_performance,False
P-42223:WC-2018,historical,86,86,0,86,86,0,measured_performance,False
P-42223:WC-2022,historical,79,79,0,79,79,0,measured_performance,False
P-42224:WC-1998,historical,88,88,0,88,88,0,measured_performance,False
P-42224:WC-2006,historical,79,80,1,79,80,1,measured_performance,False
P-42227:WC-2002,historical,86,86,0,86,86,0,measured_performance,False
P-42227:WC-2006,historical,88,88,0,88,88,0,measured_performance,False
P-42227:WC-2010,historical,79,79,0,79,79,0,measured_performance,False
P-42228:WC-2006,historical,71,71,0,71,71,0,measured_performance,False
P-42249:WC-1990,historical,71,71,0,71,71,0,measured_performance,False
P-42249:WC-1994,historical,81,81,0,81,81,0,measured_performance,False
P-42249:WC-1998,historical,83,83,0,83,83,0,measured_performance,False
P-42311:WC-2002,historical,72,72,0,72,72,0,measured_performance,False
P-42311:WC-2006,historical,80,80,0,80,80,0,measured_performance,False
P-42321:WC-1990,historical,82,83,1,82,83,1,measured_performance,False
P-42326:WC-2014,historical,88,88,0,88,88,0,measured_performance,False
P-42326:WC-2018,historical,88,88,0,88,88,0,measured_performance,False
P-42326:WC-2022,historical,88,88,0,88,88,0,measured_performance,False
P-42336:WC-1954,historical,66,66,0,66,66,0,baseline_anchor_estimate,False
P-42364:WC-1970,historical,72,72,0,72,72,0,measured_performance,False
P-42369:WC-1994,historical,71,71,0,71,71,0,measured_performance,False
P-42390:WC-2022,historical,79,79,0,79,79,0,measured_performance,False
P-42392:WC-2010,historical,71,71,0,71,71,0,measured_performance,False
P-42409:WC-1958,historical,88,88,0,88,88,0,measured_performance,False
P-42410:WC-1982,historical,71,71,0,71,71,0,measured_performance,False
P-42410:WC-1986,historical,70,70,0,70,70,0,measured_performance,False
P-42431:WC-1934,historical,88,88,0,88,88,0,measured_performance,False
P-42459:WC-1982,historical,72,72,0,72,72,0,measured_performance,False
P-42498:WC-1934,historical,66,66,0,66,66,0,baseline_anchor_estimate,False
P-42517:WC-2018,historical,79,79,0,79,79,0,measured_performance,False
P-42517:WC-2022,historical,88,88,0,88,88,0,measured_performance,False
P-42523:WC-2014,historical,78,78,0,78,78,0,measured_performance,False
P-42523:WC-2018,historical,71,71,0,71,71,0,measured_performance,False
P-42523:WC-2022,historical,88,88,0,88,88,0,measured_performance,False
P-42530:WC-1986,historical,71,71,0,71,71,0,measured_performance,False
P-42532:WC-1994,historical,81,81,0,81,81,0,measured_performance,False
P-42534:WC-2002,historical,82,82,0,82,82,0,measured_performance,False
P-42534:WC-2006,historical,79,80,1,79,80,1,measured_performance,False
P-42534:WC-2014,historical,71,71,0,71,71,0,measured_performance,False
P-42535:WC-2006,historical,74,75,1,74,75,1,measured_performance,False
P-42540:WC-1966,historical,72,72,0,72,72,0,measured_performance,False
P-42540:WC-1970,historical,88,88,0,88,88,0,measured_performance,False
P-42540:WC-1974,historical,76,77,1,76,77,1,measured_performance,False
P-42555:WC-1966,historical,82,82,0,82,82,0,measured_performance,False
P-42565:WC-2002,historical,70,70,0,70,70,0,measured_performance,False
P-42575:WC-2022,historical,71,71,0,71,71,0,measured_performance,False
P-42603:WC-1990,historical,73,74,1,73,74,1,measured_performance,False
P-42603:WC-1994,historical,81,81,0,81,81,0,measured_performance,False
P-42644:WC-2018,historical,71,71,0,71,71,0,measured_performance,False
P-42659:WC-1998,historical,88,88,0,88,88,0,measured_performance,False
P-42659:WC-2002,historical,71,71,0,71,71,0,measured_performance,False
P-42663:WC-2022,historical,71,71,0,71,71,0,measured_performance,False
P-42664:WC-1970,historical,86,86,0,86,86,0,measured_performance,False
P-42669:WC-1934,historical,81,81,0,81,81,0,measured_performance,False
P-42685:WC-1990,historical,71,71,0,71,71,0,measured_performance,False
P-42690:WC-2002,historical,73,73,0,73,73,0,measured_performance,False
P-42706:WC-2010,historical,72,72,0,72,72,0,measured_performance,False
P-42726:WC-1986,historical,71,71,0,71,71,0,measured_performance,False
P-42726:WC-1990,historical,73,74,1,73,74,1,measured_performance,False
P-42740:WC-2022,historical,71,71,0,71,71,0,measured_performance,False
P-42745:WC-2014,historical,85,85,0,85,85,0,measured_performance,False
P-42749:WC-1990,historical,82,83,1,82,83,1,measured_performance,False
P-42797:WC-1998,historical,79,80,1,79,80,1,measured_performance,False
P-42797:WC-2002,historical,72,72,0,72,72,0,measured_performance,False
P-42797:WC-2006,historical,74,75,1,74,75,1,measured_performance,False
P-42799:WC-2010,historical,68,68,0,68,68,0,measured_performance,False
P-42807:WC-1990,historical,68,68,0,68,68,0,measured_performance,False
P-42808:WC-2002,historical,88,88,0,88,88,0,measured_performance,False
P-42808:WC-2006,historical,79,80,1,79,80,1,measured_performance,False
P-42820:WC-2002,historical,72,72,0,72,72,0,measured_performance,False
P-42824:WC-1978,historical,78,78,0,78,78,0,measured_performance,False
P-42842:WC-1978,historical,71,71,0,71,71,0,measured_performance,False
P-42885:WC-1982,historical,71,71,0,71,71,0,measured_performance,False
P-42885:WC-1986,historical,83,83,0,83,83,0,measured_performance,False
P-42890:WC-2010,historical,83,84,1,83,84,1,measured_performance,False
P-42895:WC-1994,historical,88,88,0,88,88,0,measured_performance,False
P-42895:WC-2002,historical,88,88,0,88,88,0,measured_performance,False
P-42895:WC-2006,historical,85,85,0,85,85,0,measured_performance,False
P-42905:WC-2014,historical,68,68,0,68,68,0,measured_performance,False
P-42911:WC-2014,historical,80,80,0,80,80,0,measured_performance,False
P-42911:WC-2018,historical,86,86,0,86,86,0,measured_performance,False
P-42911:WC-2022,historical,72,73,1,72,73,1,measured_performance,False
P-42918:WC-2002,historical,88,88,0,88,88,0,measured_performance,False
P-42918:WC-2006,historical,88,88,0,88,88,0,measured_performance,False
P-42918:WC-2010,historical,88,88,0,88,88,0,measured_performance,False
P-42920:WC-1982,historical,88,88,0,72,72,0,career_stature_estimate,True
P-42920:WC-1990,historical,91,91,0,88,88,0,career_stature_estimate,True
P-42920:WC-1994,historical,90,90,0,85,85,0,career_stature_estimate,True
P-42945:WC-1958,historical,77,78,1,77,78,1,measured_performance,False
P-42976:WC-2002,historical,72,72,0,72,72,0,measured_performance,False
P-42991:WC-1994,historical,76,77,1,76,77,1,measured_performance,False
P-42994:WC-1950,historical,73,73,0,73,73,0,measured_performance,False
P-43029:WC-2014,historical,72,72,0,72,72,0,measured_performance,False
P-43037:WC-1982,historical,88,88,0,88,88,0,measured_performance,False
P-43055:WC-1998,historical,71,71,0,71,71,0,measured_performance,False
P-43076:WC-1990,historical,86,86,0,72,72,0,career_stature_estimate,False
P-43085:WC-1966,historical,72,72,0,72,72,0,measured_performance,False
P-43123:WC-1954,historical,66,66,0,66,66,0,baseline_anchor_estimate,False
P-43142:WC-1998,historical,72,72,0,72,72,0,measured_performance,False
P-43163:WC-1998,historical,71,71,0,71,71,0,measured_performance,False
P-43168:WC-1970,historical,70,70,0,70,70,0,measured_performance,False
P-43176:WC-2010,historical,72,73,1,72,73,1,measured_performance,False
P-43176:WC-2014,historical,68,68,0,68,68,0,measured_performance,False
P-43188:WC-1974,historical,88,88,0,88,88,0,measured_performance,False
P-43189:WC-1982,historical,88,88,0,88,88,0,measured_performance,False
P-43196:WC-2018,historical,79,80,1,79,80,1,measured_performance,False
P-43209:WC-1970,historical,77,78,1,77,78,1,measured_performance,False
P-43209:WC-1974,historical,88,88,0,88,88,0,measured_performance,False
P-43209:WC-1978,historical,84,84,0,84,84,0,measured_performance,False
P-43222:WC-1990,historical,93,93,0,88,88,0,career_stature_estimate,True
P-43222:WC-1994,historical,93,93,0,88,88,0,career_stature_estimate,True
P-43222:WC-1998,historical,92,92,0,88,88,0,career_stature_estimate,True
P-43222:WC-2002,historical,92,92,0,86,86,0,career_stature_estimate,True
P-43247:WC-1994,historical,71,71,0,71,71,0,measured_performance,False
P-43280:WC-2014,historical,78,79,1,78,79,1,measured_performance,False
P-43288:WC-1962,historical,71,71,0,71,71,0,baseline_anchor_estimate,False
P-43291:WC-1954,historical,66,66,0,66,66,0,baseline_anchor_estimate,False
P-43303:WC-1938,historical,66,66,0,66,66,0,baseline_anchor_estimate,False
P-43307:WC-1990,historical,70,70,0,70,70,0,measured_performance,False
P-43307:WC-1994,historical,76,77,1,76,77,1,measured_performance,False
P-43310:WC-1958,historical,71,72,1,71,72,1,measured_performance,False
P-43349:WC-1930,historical,88,88,0,88,88,0,measured_performance,False
P-43350:WC-2014,historical,86,86,0,86,86,0,measured_performance,False
P-43367:WC-2014,historical,86,86,0,86,86,0,measured_performance,False
P-43367:WC-2018,historical,86,86,0,86,86,0,measured_performance,False
P-43367:WC-2022,historical,87,87,0,87,87,0,measured_performance,False
P-43378:WC-1938,historical,71,71,0,71,71,0,measured_performance,False
P-43380:WC-1990,historical,83,83,0,83,83,0,measured_performance,False
P-43380:WC-1994,historical,79,79,0,79,79,0,measured_performance,False
P-43392:WC-1998,historical,78,78,0,78,78,0,measured_performance,False
P-43398:WC-1986,historical,70,70,0,70,70,0,measured_performance,False
P-43400:WC-2006,historical,88,88,0,88,88,0,measured_performance,False
P-43400:WC-2010,historical,88,88,0,88,88,0,measured_performance,False
P-43400:WC-2014,historical,88,88,0,88,88,0,measured_performance,False
P-43410:WC-2014,historical,88,88,0,88,88,0,measured_performance,False
P-43423:WC-2006,historical,70,70,0,70,70,0,measured_performance,False
P-43440:WC-2014,historical,78,79,1,78,79,1,measured_performance,False
P-43459:WC-1950,historical,75,76,1,75,76,1,measured_performance,False
P-43459:WC-1954,historical,77,78,1,77,78,1,measured_performance,False
P-43459:WC-1958,historical,77,78,1,77,78,1,measured_performance,False
P-43460:WC-1958,historical,72,72,0,72,72,0,measured_performance,False
P-43481:WC-2006,historical,88,88,0,88,88,0,measured_performance,False
P-43481:WC-2010,historical,88,88,0,88,88,0,measured_performance,False
P-43486:WC-1970,historical,71,71,0,71,71,0,measured_performance,False
P-43520:WC-1970,historical,71,71,0,71,71,0,measured_performance,False
P-43522:WC-1970,historical,70,70,0,70,70,0,measured_performance,False
P-43535:WC-1978,historical,68,68,0,68,68,0,measured_performance,False
P-43560:WC-1994,historical,81,81,0,81,81,0,measured_performance,False
P-43567:WC-2022,historical,72,73,1,72,73,1,measured_performance,False
P-43570:WC-1986,historical,71,71,0,71,71,0,measured_performance,False
P-43628:WC-1970,historical,74,75,1,74,75,1,measured_performance,False
P-43630:WC-1970,historical,70,70,0,70,70,0,measured_performance,False
P-43639:WC-1994,historical,88,88,0,88,88,0,measured_performance,False
P-43672:WC-1974,historical,72,72,0,72,72,0,measured_performance,False
P-43672:WC-1982,historical,81,81,0,81,81,0,measured_performance,False
P-43675:WC-2018,historical,88,88,0,88,88,0,measured_performance,False
P-43681:WC-2006,historical,71,71,0,71,71,0,measured_performance,False
P-43705:WC-2022,historical,79,79,0,79,79,0,measured_performance,False
P-43717:WC-1998,historical,71,71,0,71,71,0,measured_performance,False
P-43723:WC-2014,historical,80,81,1,80,81,1,measured_performance,False
P-43724:WC-1954,historical,66,66,0,66,66,0,baseline_anchor_estimate,False
P-43732:WC-1990,historical,71,71,0,71,71,0,measured_performance,False
P-43733:WC-1970,historical,72,72,0,72,72,0,measured_performance,False
P-43734:WC-1930,historical,88,88,0,88,88,0,measured_performance,False
P-43736:WC-1990,historical,82,83,1,82,83,1,measured_performance,False
P-43736:WC-1994,historical,87,87,0,87,87,0,measured_performance,False
P-43736:WC-2002,historical,71,71,0,71,71,0,measured_performance,False
P-43737:WC-1938,historical,72,72,0,72,72,0,measured_performance,False
P-43761:WC-1966,historical,88,88,0,88,88,0,measured_performance,False
P-43761:WC-1970,historical,71,71,0,71,71,0,measured_performance,False
P-43764:WC-2010,historical,86,86,0,86,86,0,measured_performance,False
P-43764:WC-2014,historical,73,73,0,73,73,0,measured_performance,False
P-43777:WC-1930,historical,87,87,0,87,87,0,measured_performance,False
P-43781:WC-1978,historical,73,73,0,73,73,0,measured_performance,False
P-43781:WC-1982,historical,71,71,0,71,71,0,measured_performance,False
P-43781:WC-1986,historical,88,88,0,88,88,0,measured_performance,False
P-43807:WC-1930,historical,72,72,0,72,72,0,measured_performance,False
P-43823:WC-1950,historical,75,76,1,75,76,1,measured_performance,False
P-43829:WC-1994,historical,71,71,0,71,71,0,measured_performance,False
P-43829:WC-1998,historical,71,71,0,71,71,0,measured_performance,False
P-43850:WC-1994,historical,71,71,0,71,71,0,measured_performance,False
P-43888:WC-1986,historical,82,82,0,82,82,0,measured_performance,False
P-43905:WC-1982,historical,79,79,0,79,79,0,measured_performance,False
P-43921:WC-2022,historical,70,70,0,70,70,0,measured_performance,False
P-43931:WC-2006,historical,72,72,0,72,72,0,measured_performance,False
P-43934:WC-1998,historical,79,80,1,79,80,1,measured_performance,False
P-43941:WC-1982,historical,71,71,0,71,71,0,measured_performance,False
P-43944:WC-1958,historical,71,71,0,71,71,0,measured_performance,False
P-43950:WC-1986,historical,76,77,1,76,77,1,measured_performance,False
P-43950:WC-1990,historical,75,76,1,75,76,1,measured_performance,False
P-43959:WC-1998,historical,71,71,0,71,71,0,measured_performance,False
P-43964:WC-1954,historical,71,72,1,71,72,1,measured_performance,False
P-43980:WC-1990,historical,82,83,1,82,83,1,measured_performance,False
P-43980:WC-1994,historical,76,77,1,76,77,1,measured_performance,False
P-44005:WC-1978,historical,71,71,0,71,71,0,measured_performance,False
P-44005:WC-1982,historical,71,71,0,71,71,0,measured_performance,False
P-44005:WC-1986,historical,71,71,0,71,71,0,measured_performance,False
P-44010:WC-1930,historical,81,82,1,81,82,1,measured_performance,False
P-44011:WC-1998,historical,72,72,0,72,72,0,measured_performance,False
P-44011:WC-2002,historical,71,71,0,71,71,0,measured_performance,False
P-44016:WC-1982,historical,77,77,0,77,77,0,measured_performance,False
P-44016:WC-1990,historical,82,83,1,82,83,1,measured_performance,False
P-44025:WC-1954,historical,72,72,0,72,72,0,measured_performance,False
P-44025:WC-1958,historical,71,72,1,71,72,1,measured_performance,False
P-44035:WC-2018,historical,71,71,0,71,71,0,measured_performance,False
P-44038:WC-1954,historical,73,73,0,73,73,0,measured_performance,False
P-44044:WC-2018,historical,71,71,0,71,71,0,measured_performance,False
P-44080:WC-1938,historical,72,72,0,72,72,0,measured_performance,False
P-44093:WC-2018,historical,79,80,1,79,80,1,measured_performance,False
P-44097:WC-2006,historical,71,71,0,71,71,0,measured_performance,False
P-44105:WC-1978,historical,73,74,1,73,74,1,measured_performance,False
P-44112:WC-2010,historical,72,72,0,72,72,0,measured_performance,False
P-44116:WC-2010,historical,79,79,0,79,79,0,measured_performance,False
P-44116:WC-2014,historical,73,73,0,73,73,0,measured_performance,False
P-44129:WC-1938,historical,66,66,0,66,66,0,baseline_anchor_estimate,False
P-44178:WC-1950,historical,75,76,1,75,76,1,measured_performance,False
P-44178:WC-1954,historical,77,78,1,77,78,1,measured_performance,False
P-44201:WC-1930,historical,98,98,0,88,88,0,career_stature_estimate,True
P-44205:WC-2006,historical,80,80,0,80,80,0,measured_performance,False
P-44209:WC-1938,historical,66,66,0,66,66,0,baseline_anchor_estimate,False
P-44233:WC-1966,historical,71,71,0,71,71,0,measured_performance,False
P-44262:WC-2010,historical,84,84,0,84,84,0,measured_performance,False
P-44282:WC-2010,historical,68,68,0,68,68,0,measured_performance,False
P-44308:WC-2010,historical,79,79,0,79,79,0,measured_performance,False
P-44313:WC-1974,historical,88,88,0,88,88,0,measured_performance,False
P-44313:WC-1978,historical,70,70,0,70,70,0,measured_performance,False
P-44317:WC-1978,historical,80,80,0,80,80,0,measured_performance,False
P-44327:WC-1974,historical,78,79,1,78,79,1,measured_performance,False
P-44328:WC-2022,historical,71,71,0,71,71,0,measured_performance,False
P-44332:WC-1998,historical,70,71,1,70,71,1,measured_performance,False
P-44334:WC-2006,historical,71,71,0,71,71,0,measured_performance,False
P-44334:WC-2010,historical,79,79,0,79,79,0,measured_performance,False
P-44334:WC-2014,historical,78,78,0,78,78,0,measured_performance,False
P-44334:WC-2018,historical,71,71,0,71,71,0,measured_performance,False
P-44339:WC-1938,historical,88,88,0,88,88,0,measured_performance,False
P-44340:WC-2006,historical,68,68,0,68,68,0,measured_performance,False
P-44349:WC-1974,historical,72,72,0,72,72,0,measured_performance,False
P-44349:WC-1978,historical,88,88,0,88,88,0,measured_performance,False
P-44349:WC-1982,historical,77,78,1,77,78,1,measured_performance,False
P-44386:WC-2018,historical,86,86,0,86,86,0,measured_performance,False
P-44396:WC-2006,historical,72,72,0,72,72,0,measured_performance,False
P-44396:WC-2010,historical,75,76,1,75,76,1,measured_performance,False
P-44407:WC-2002,historical,71,71,0,71,71,0,measured_performance,False
P-44411:WC-1990,historical,71,71,0,71,71,0,measured_performance,False
P-44411:WC-1994,historical,78,79,1,78,79,1,measured_performance,False
P-44438:WC-2010,historical,71,71,0,71,71,0,measured_performance,False
P-44443:WC-1990,historical,70,70,0,70,70,0,measured_performance,False
P-44446:WC-1950,historical,88,88,0,88,88,0,measured_performance,False
P-44446:WC-1954,historical,70,70,0,70,70,0,baseline_anchor_estimate,False
P-44448:WC-1994,historical,70,70,0,70,70,0,measured_performance,False
P-44448:WC-1998,historical,72,72,0,72,72,0,measured_performance,False
P-44453:WC-1958,historical,66,66,0,66,66,0,baseline_anchor_estimate,False
P-44460:WC-1998,historical,71,71,0,71,71,0,measured_performance,False
P-44462:WC-1994,historical,84,84,0,84,84,0,measured_performance,False
P-44462:WC-1998,historical,72,72,0,72,72,0,measured_performance,False
P-44463:WC-2014,historical,72,72,0,72,72,0,measured_performance,False
P-44463:WC-2018,historical,88,88,0,88,88,0,measured_performance,False
P-44475:WC-1930,historical,77,78,1,77,78,1,measured_performance,False
P-44487:WC-1966,historical,71,71,0,71,71,0,baseline_anchor_estimate,False
P-44505:WC-2018,historical,73,73,0,73,73,0,measured_performance,False
P-44518:WC-1958,historical,76,77,1,76,77,1,measured_performance,False
P-44526:WC-1930,historical,72,72,0,72,72,0,measured_performance,False
P-44581:WC-2014,historical,71,71,0,71,71,0,measured_performance,False
P-44600:WC-1982,historical,70,70,0,70,70,0,measured_performance,False
P-44601:WC-1950,historical,72,72,0,72,72,0,measured_performance,False
P-44601:WC-1954,historical,72,72,0,72,72,0,measured_performance,False
P-44632:WC-1994,historical,70,70,0,70,70,0,measured_performance,False
P-44642:WC-1966,historical,88,88,0,88,88,0,measured_performance,False
P-44661:WC-1998,historical,71,71,0,71,71,0,measured_performance,False
P-44682:WC-2010,historical,71,71,0,71,71,0,measured_performance,False
P-44689:WC-2014,historical,72,72,0,72,72,0,measured_performance,False
P-44689:WC-2018,historical,79,80,1,79,80,1,measured_performance,False
P-44689:WC-2022,historical,80,81,1,80,81,1,measured_performance,False
P-44699:WC-2022,historical,71,71,0,71,71,0,measured_performance,False
P-44716:WC-2002,historical,71,71,0,71,71,0,measured_performance,False
P-44723:WC-1950,historical,71,71,0,71,71,0,measured_performance,False
P-44727:WC-1966,historical,72,72,0,72,72,0,measured_performance,False
P-44740:WC-1934,historical,66,66,0,66,66,0,baseline_anchor_estimate,False
P-44754:WC-1950,historical,88,88,0,88,88,0,measured_performance,False
P-44763:WC-2002,historical,86,86,0,86,86,0,measured_performance,False
P-44763:WC-2006,historical,87,87,0,87,87,0,measured_performance,False
P-44763:WC-2010,historical,86,86,0,86,86,0,measured_performance,False
P-44763:WC-2014,historical,86,86,0,86,86,0,measured_performance,False
P-44763:WC-2018,historical,79,80,1,79,80,1,measured_performance,False
P-44775:WC-2006,historical,71,71,0,71,71,0,measured_performance,False
P-44776:WC-1934,historical,72,72,0,72,72,0,measured_performance,False
P-44776:WC-1938,historical,72,72,0,72,72,0,measured_performance,False
P-44780:WC-2022,historical,87,87,0,87,87,0,measured_performance,False
P-44782:WC-1974,historical,76,77,1,76,77,1,measured_performance,False
P-44786:WC-1978,historical,71,71,0,71,71,0,measured_performance,False
P-44798:WC-1966,historical,88,88,0,88,88,0,measured_performance,False
P-44799:WC-2022,historical,73,73,0,73,73,0,measured_performance,False
P-44813:WC-1958,historical,77,78,1,77,78,1,measured_performance,False
P-44813:WC-1962,historical,81,82,1,81,82,1,measured_performance,False
P-44834:WC-1934,historical,73,74,1,73,74,1,measured_performance,False
P-44850:WC-2002,historical,88,88,0,88,88,0,measured_performance,False
P-44851:WC-2022,historical,72,72,0,72,72,0,measured_performance,False
P-44854:WC-1938,historical,73,74,1,73,74,1,measured_performance,False
P-44887:WC-1930,historical,88,88,0,88,88,0,measured_performance,False
P-44896:WC-1962,historical,81,82,1,81,82,1,measured_performance,False
P-44896:WC-1966,historical,73,73,0,73,73,0,baseline_anchor_estimate,False
P-44916:WC-1930,historical,83,84,1,83,84,1,measured_performance,False
P-44917:WC-1998,historical,71,71,0,71,71,0,measured_performance,False
P-44926:WC-2006,historical,88,88,0,88,88,0,measured_performance,False
P-44926:WC-2010,historical,77,78,1,77,78,1,measured_performance,False
P-44926:WC-2014,historical,83,83,0,83,83,0,measured_performance,False
P-44926:WC-2018,historical,71,71,0,71,71,0,measured_performance,False
P-44932:WC-2018,historical,72,72,0,72,72,0,measured_performance,False
P-44934:WC-2006,historical,74,75,1,74,75,1,measured_performance,False
P-44934:WC-2010,historical,82,83,1,82,83,1,measured_performance,False
P-44934:WC-2014,historical,75,76,1,75,76,1,measured_performance,False
P-44943:WC-2002,historical,82,82,0,82,82,0,measured_performance,False
P-44945:WC-1974,historical,71,72,1,71,72,1,measured_performance,False
P-44949:WC-1954,historical,66,66,0,66,66,0,baseline_anchor_estimate,False
P-44957:WC-2022,historical,76,77,1,76,77,1,measured_performance,False
P-44963:WC-1938,historical,72,72,0,72,72,0,measured_performance,False
P-44978:WC-1990,historical,71,71,0,71,71,0,measured_performance,False
P-44978:WC-1994,historical,80,80,0,80,80,0,measured_performance,False
P-44978:WC-1998,historical,88,88,0,88,88,0,measured_performance,False
P-45005:WC-2010,historical,71,71,0,71,71,0,measured_performance,False
P-45025:WC-1986,historical,75,76,1,75,76,1,measured_performance,False
P-45030:WC-1998,historical,71,71,0,71,71,0,measured_performance,False
P-45036:WC-1934,historical,72,72,0,72,72,0,measured_performance,False
P-45039:WC-2002,historical,71,71,0,71,71,0,measured_performance,False
P-45056:WC-2002,historical,72,72,0,72,72,0,measured_performance,False
P-45065:WC-2010,historical,72,73,1,72,73,1,measured_performance,False
P-45065:WC-2018,historical,68,68,0,68,68,0,measured_performance,False
P-45067:WC-1958,historical,71,71,0,71,71,0,measured_performance,False
P-45085:WC-1966,historical,72,72,0,72,72,0,measured_performance,False
P-45085:WC-1970,historical,88,88,0,88,88,0,measured_performance,False
P-45101:WC-1950,historical,71,71,0,71,71,0,measured_performance,False
P-45182:WC-2014,historical,71,71,0,71,71,0,measured_performance,False
P-45194:WC-1978,historical,73,73,0,73,73,0,measured_performance,False
P-45203:WC-1950,historical,71,71,0,71,71,0,measured_performance,False
P-45203:WC-1954,historical,82,82,0,82,82,0,measured_performance,False
P-45208:WC-1974,historical,72,72,0,72,72,0,measured_performance,False
P-45212:WC-2002,historical,73,73,0,73,73,0,measured_performance,False
P-45212:WC-2006,historical,85,85,0,85,85,0,measured_performance,False
P-45221:WC-2010,historical,72,72,0,72,72,0,measured_performance,False
P-45235:WC-2006,historical,74,75,1,74,75,1,measured_performance,False
P-45243:WC-1978,historical,73,74,1,73,74,1,measured_performance,False
P-45250:WC-1998,historical,72,72,0,72,72,0,measured_performance,False
P-45258:WC-2002,historical,86,86,0,86,86,0,measured_performance,False
P-45267:WC-1982,historical,87,87,0,87,87,0,measured_performance,False
P-45280:WC-2022,historical,76,77,1,76,77,1,measured_performance,False
P-45281:WC-1966,historical,88,88,0,88,88,0,measured_performance,False
P-45285:WC-1966,historical,66,66,0,66,66,0,baseline_anchor_estimate,False
P-45288:WC-2018,historical,79,80,1,79,80,1,measured_performance,False
P-45288:WC-2022,historical,88,88,0,88,88,0,measured_performance,False
P-45308:WC-1970,historical,74,75,1,74,75,1,measured_performance,False
P-45310:WC-1958,historical,89,89,0,88,88,0,career_stature_estimate,False
P-45310:WC-1962,historical,89,89,0,90,90,0,career_stature_estimate,False
P-45315:WC-1930,historical,71,71,0,71,71,0,measured_performance,False
P-45323:WC-1998,historical,71,71,0,71,71,0,measured_performance,False
P-45367:WC-1998,historical,71,71,0,71,71,0,measured_performance,False
P-45370:WC-1974,historical,88,88,0,88,88,0,measured_performance,False
P-45370:WC-1978,historical,88,88,0,88,88,0,measured_performance,False
P-45399:WC-2022,historical,88,88,0,88,88,0,measured_performance,False
P-45404:WC-1958,historical,81,81,0,81,81,0,measured_performance,False
P-45405:WC-1990,historical,79,79,0,79,79,0,measured_performance,False
P-45405:WC-1994,historical,71,71,0,71,71,0,measured_performance,False
P-45405:WC-1998,historical,88,88,0,88,88,0,measured_performance,False
P-45407:WC-1930,historical,73,74,1,73,74,1,measured_performance,False
P-45408:WC-1986,historical,72,72,0,72,72,0,measured_performance,False
P-45408:WC-1990,historical,76,76,0,76,76,0,measured_performance,False
P-45408:WC-1998,historical,78,78,0,78,78,0,measured_performance,False
P-45413:WC-2022,historical,71,71,0,71,71,0,measured_performance,False
P-45419:WC-2018,historical,73,73,0,73,73,0,measured_performance,False
P-45432:WC-1986,historical,73,73,0,73,73,0,measured_performance,False
P-45449:WC-2018,historical,81,82,1,81,82,1,measured_performance,False
P-45449:WC-2022,historical,80,81,1,80,81,1,measured_performance,False
P-45457:WC-2018,historical,79,80,1,79,80,1,measured_performance,False
P-45457:WC-2022,historical,71,71,0,71,71,0,measured_performance,False
P-45469:WC-1970,historical,76,77,1,76,77,1,measured_performance,False
P-45469:WC-1974,historical,72,72,0,72,72,0,measured_performance,False
P-45485:WC-1954,historical,71,72,1,71,72,1,measured_performance,False
P-45490:WC-2002,historical,87,87,0,87,87,0,measured_performance,False
P-45505:WC-2018,historical,74,75,1,74,75,1,measured_performance,False
P-45524:WC-2010,historical,71,71,0,71,71,0,measured_performance,False
P-45528:WC-2018,historical,72,72,0,72,72,0,measured_performance,False
P-45548:WC-2018,historical,74,75,1,74,75,1,measured_performance,False
P-45574:WC-1954,historical,72,73,1,72,73,1,measured_performance,False
P-45581:WC-2022,historical,71,71,0,71,71,0,measured_performance,False
P-45593:WC-1978,historical,77,77,0,77,77,0,measured_performance,False
P-45593:WC-1982,historical,71,71,0,71,71,0,measured_performance,False
P-45615:WC-1958,historical,70,70,0,70,70,0,baseline_anchor_estimate,False
P-45636:WC-1982,historical,84,84,0,84,84,0,measured_performance,False
P-45647:WC-2010,historical,72,72,0,72,72,0,measured_performance,False
P-45649:WC-1930,historical,66,66,0,66,66,0,baseline_anchor_estimate,False
P-45653:WC-2022,historical,76,77,1,76,77,1,measured_performance,False
P-45680:WC-2022,historical,71,71,0,71,71,0,measured_performance,False
P-45682:WC-1998,historical,71,71,0,71,71,0,measured_performance,False
P-45695:WC-1982,historical,88,88,0,88,88,0,measured_performance,False
P-45711:WC-1970,historical,70,70,0,70,70,0,measured_performance,False
P-45712:WC-2002,historical,71,71,0,71,71,0,measured_performance,False
P-45712:WC-2006,historical,88,88,0,88,88,0,measured_performance,False
P-45721:WC-1958,historical,72,72,0,72,72,0,measured_performance,False
P-45731:WC-1934,historical,73,74,1,73,74,1,measured_performance,False
P-45746:WC-1954,historical,71,71,0,71,71,0,measured_performance,False
P-45750:WC-2014,historical,75,76,1,75,76,1,measured_performance,False
P-45752:WC-1998,historical,78,78,0,78,78,0,measured_performance,False
P-45774:WC-1982,historical,89,89,0,81,81,0,career_stature_estimate,False
P-45774:WC-1986,historical,88,88,0,72,72,0,career_stature_estimate,False
P-45798:WC-1962,historical,72,72,0,72,72,0,measured_performance,False
P-45821:WC-1982,historical,77,77,0,77,77,0,measured_performance,False
P-45821:WC-1986,historical,76,77,1,76,77,1,measured_performance,False
P-45849:WC-1986,historical,73,74,1,73,74,1,measured_performance,False
P-45852:WC-1954,historical,71,72,1,71,72,1,measured_performance,False
P-45865:WC-1934,historical,72,72,0,72,72,0,measured_performance,False
P-45873:WC-1998,historical,72,72,0,72,72,0,measured_performance,False
P-45890:WC-1990,historical,68,68,0,68,68,0,measured_performance,False
P-45896:WC-1994,historical,73,74,1,73,74,1,measured_performance,False
P-45896:WC-1998,historical,81,81,0,81,81,0,measured_performance,False
P-45916:WC-1998,historical,88,88,0,88,88,0,measured_performance,False
P-45918:WC-1954,historical,71,72,1,71,72,1,measured_performance,False
P-45925:WC-1934,historical,66,66,0,66,66,0,baseline_anchor_estimate,False
P-45941:WC-1998,historical,88,88,0,88,88,0,measured_performance,False
P-45941:WC-2002,historical,72,72,0,72,72,0,measured_performance,False
P-45956:WC-2002,historical,88,88,0,88,88,0,measured_performance,False
P-45956:WC-2006,historical,79,80,1,79,80,1,measured_performance,False
P-45956:WC-2010,historical,82,83,1,82,83,1,measured_performance,False
P-45981:WC-2022,historical,71,71,0,71,71,0,measured_performance,False
P-45985:WC-2002,historical,70,70,0,70,70,0,measured_performance,False
P-46006:WC-1990,historical,72,72,0,72,72,0,measured_performance,False
P-46006:WC-1998,historical,78,78,0,78,78,0,measured_performance,False
P-46020:WC-2018,historical,71,71,0,71,71,0,measured_performance,False
P-46023:WC-2014,historical,72,72,0,72,72,0,measured_performance,False
P-46031:WC-2010,historical,72,72,0,72,72,0,measured_performance,False
P-46036:WC-1938,historical,72,72,0,72,72,0,measured_performance,False
P-46039:WC-2018,historical,72,72,0,72,72,0,measured_performance,False
P-46047:WC-1974,historical,76,77,1,76,77,1,measured_performance,False
P-46048:WC-2010,historical,68,68,0,68,68,0,measured_performance,False
P-46059:WC-1938,historical,72,72,0,72,72,0,measured_performance,False
P-46061:WC-1998,historical,88,88,0,88,88,0,measured_performance,False
P-46080:WC-1958,historical,96,96,0,81,81,0,career_stature_estimate,True
P-46080:WC-1962,historical,97,97,0,90,90,0,career_stature_estimate,True
P-46080:WC-1966,historical,94,94,0,82,82,0,career_stature_estimate,True
P-46091:WC-2006,historical,71,71,0,71,71,0,measured_performance,False
P-46091:WC-2010,historical,86,86,0,86,86,0,measured_performance,False
P-46094:WC-1990,historical,70,70,0,70,70,0,measured_performance,False
P-46107:WC-2018,historical,72,72,0,72,72,0,measured_performance,False
P-46121:WC-1930,historical,75,75,0,75,75,0,measured_performance,False
P-46140:WC-1986,historical,72,72,0,72,72,0,measured_performance,False
P-46166:WC-1990,historical,71,72,1,71,72,1,measured_performance,False
P-46176:WC-2018,historical,79,80,1,79,80,1,measured_performance,False
P-46187:WC-1966,historical,72,72,0,72,72,0,measured_performance,False
P-46189:WC-1974,historical,79,79,0,79,79,0,measured_performance,False
P-46228:WC-1990,historical,72,73,1,72,73,1,measured_performance,False
P-46231:WC-1966,historical,73,73,0,73,73,0,measured_performance,False
P-46246:WC-2022,historical,85,86,1,85,86,1,measured_performance,False
P-46247:WC-1950,historical,72,72,0,72,72,0,measured_performance,False
P-46249:WC-1934,historical,66,66,0,66,66,0,baseline_anchor_estimate,False
P-46249:WC-1938,historical,66,66,0,66,66,0,baseline_anchor_estimate,False
P-46254:WC-1982,historical,83,83,0,83,83,0,measured_performance,False
P-46257:WC-2010,historical,75,76,1,75,76,1,measured_performance,False
P-46263:WC-2022,historical,84,85,1,84,85,1,measured_performance,False
P-46272:WC-2018,historical,79,80,1,79,80,1,measured_performance,False
P-46307:WC-1974,historical,84,84,0,84,84,0,measured_performance,False
P-46325:WC-2006,historical,71,71,0,71,71,0,measured_performance,False
P-46325:WC-2010,historical,84,84,0,84,84,0,measured_performance,False
P-46325:WC-2014,historical,88,88,0,88,88,0,measured_performance,False
P-46343:WC-1934,historical,72,72,0,72,72,0,measured_performance,False
P-46351:WC-1982,historical,84,84,0,84,84,0,measured_performance,False
P-46352:WC-1978,historical,71,71,0,71,71,0,measured_performance,False
P-46358:WC-2022,historical,81,82,1,81,82,1,measured_performance,False
P-46363:WC-1990,historical,72,72,0,72,72,0,measured_performance,False
P-46375:WC-1986,historical,72,72,0,72,72,0,measured_performance,False
P-46390:WC-1930,historical,77,78,1,77,78,1,measured_performance,False
P-46403:WC-2006,historical,71,71,0,71,71,0,measured_performance,False
P-46403:WC-2010,historical,84,84,0,84,84,0,measured_performance,False
P-46403:WC-2018,historical,84,85,1,84,85,1,measured_performance,False
P-46417:WC-2006,historical,71,72,1,71,72,1,measured_performance,False
P-46424:WC-1974,historical,72,72,0,72,72,0,measured_performance,False
P-46434:WC-1974,historical,84,84,0,84,84,0,measured_performance,False
P-46457:WC-2022,historical,81,81,0,81,81,0,measured_performance,False
P-46461:WC-2022,historical,88,88,0,88,88,0,measured_performance,False
P-46476:WC-1950,historical,75,76,1,75,76,1,measured_performance,False
P-46493:WC-1994,historical,71,71,0,71,71,0,measured_performance,False
P-46497:WC-2002,historical,88,88,0,88,88,0,measured_performance,False
P-46499:WC-2002,historical,80,80,0,80,80,0,measured_performance,False
P-46506:WC-2018,historical,73,73,0,73,73,0,measured_performance,False
P-46512:WC-2006,historical,68,68,0,68,68,0,measured_performance,False
P-46519:WC-2002,historical,88,88,0,88,88,0,measured_performance,False
P-46519:WC-2006,historical,80,80,0,80,80,0,measured_performance,False
P-46519:WC-2010,historical,86,86,0,86,86,0,measured_performance,False
P-46540:WC-2022,historical,70,70,0,70,70,0,measured_performance,False
P-46553:WC-2018,historical,74,75,1,74,75,1,measured_performance,False
P-46554:WC-2002,historical,72,72,0,72,72,0,measured_performance,False
P-46561:WC-1950,historical,73,73,0,73,73,0,measured_performance,False
P-46574:WC-1982,historical,88,88,0,88,88,0,measured_performance,False
P-46574:WC-1986,historical,88,88,0,88,88,0,measured_performance,False
P-46575:WC-1954,historical,73,73,0,73,73,0,measured_performance,False
P-46575:WC-1962,historical,74,75,1,74,75,1,measured_performance,False
P-46583:WC-2022,historical,76,77,1,76,77,1,measured_performance,False
P-46604:WC-1982,historical,74,75,1,74,75,1,measured_performance,False
P-46604:WC-1986,historical,80,81,1,80,81,1,measured_performance,False
P-46624:WC-1958,historical,71,72,1,71,72,1,measured_performance,False
P-46624:WC-1962,historical,82,82,0,82,82,0,measured_performance,False
P-46630:WC-1962,historical,71,72,1,71,72,1,measured_performance,False
P-46631:WC-1938,historical,71,71,0,71,71,0,measured_performance,False
P-46658:WC-1982,historical,71,71,0,71,71,0,measured_performance,False
P-46674:WC-1982,historical,71,71,0,71,71,0,measured_performance,False
P-46710:WC-1978,historical,86,86,0,86,86,0,measured_performance,False
P-46718:WC-2002,historical,75,76,1,75,76,1,measured_performance,False
P-46718:WC-2010,historical,75,76,1,75,76,1,measured_performance,False
P-46785:WC-2018,historical,82,82,0,82,82,0,measured_performance,False
P-46785:WC-2022,historical,76,77,1,76,77,1,measured_performance,False
P-46807:WC-2002,historical,88,88,0,88,88,0,measured_performance,False
P-46807:WC-2006,historical,72,72,0,72,72,0,measured_performance,False
P-46807:WC-2010,historical,72,72,0,72,72,0,measured_performance,False
P-46831:WC-1982,historical,71,71,0,71,71,0,measured_performance,False
P-46849:WC-1954,historical,66,66,0,66,66,0,baseline_anchor_estimate,False
P-46873:WC-2002,historical,71,71,0,71,71,0,measured_performance,False
P-46873:WC-2006,historical,80,80,0,80,80,0,measured_performance,False
P-46885:WC-1962,historical,72,72,0,72,72,0,measured_performance,False
P-46886:WC-1994,historical,71,71,0,71,71,0,measured_performance,False
P-46888:WC-1954,historical,71,71,0,71,71,0,measured_performance,False
P-46890:WC-2018,historical,71,71,0,71,71,0,measured_performance,False
P-46895:WC-2006,historical,87,87,0,87,87,0,measured_performance,False
P-46895:WC-2010,historical,79,79,0,79,79,0,measured_performance,False
P-46897:WC-1990,historical,73,74,1,73,74,1,measured_performance,False
P-46897:WC-1998,historical,81,81,0,81,81,0,measured_performance,False
P-46898:WC-2022,historical,71,71,0,71,71,0,measured_performance,False
P-46904:WC-1994,historical,87,87,0,87,87,0,measured_performance,False
P-46904:WC-1998,historical,71,71,0,71,71,0,measured_performance,False
P-46907:WC-1982,historical,68,68,0,68,68,0,measured_performance,False
P-46907:WC-1986,historical,88,88,0,88,88,0,measured_performance,False
P-46907:WC-1990,historical,88,88,0,88,88,0,measured_performance,False
P-46913:WC-2022,historical,84,84,0,84,84,0,measured_performance,False
P-46923:WC-1970,historical,71,71,0,71,71,0,measured_performance,False
P-46939:WC-1954,historical,72,72,0,72,72,0,measured_performance,False
P-46939:WC-1962,historical,69,69,0,69,69,0,measured_performance,False
P-46961:WC-1954,historical,76,77,1,76,77,1,measured_performance,False
P-46979:WC-2014,historical,88,88,0,88,88,0,measured_performance,False
P-46980:WC-1966,historical,66,66,0,66,66,0,baseline_anchor_estimate,False
P-46986:WC-1994,historical,71,71,0,71,71,0,measured_performance,False
P-47010:WC-1970,historical,77,77,0,77,77,0,measured_performance,False
P-47038:WC-1986,historical,88,88,0,88,88,0,measured_performance,False
P-47038:WC-1990,historical,71,72,1,71,72,1,measured_performance,False
P-47050:WC-1974,historical,75,76,1,75,76,1,measured_performance,False
P-47067:WC-1986,historical,72,72,0,72,72,0,measured_performance,False
P-47067:WC-1990,historical,71,71,0,71,71,0,measured_performance,False
P-47080:WC-1954,historical,71,71,0,71,71,0,measured_performance,False
P-47080:WC-1958,historical,73,73,0,73,73,0,measured_performance,False
P-47081:WC-2010,historical,71,71,0,71,71,0,measured_performance,False
P-47137:WC-2018,historical,79,80,1,79,80,1,measured_performance,False
P-47137:WC-2022,historical,72,73,1,72,73,1,measured_performance,False
P-47145:WC-1958,historical,79,79,0,79,79,0,measured_performance,False
P-47178:WC-1986,historical,72,72,0,72,72,0,measured_performance,False
P-47180:WC-2014,historical,72,72,0,72,72,0,measured_performance,False
P-47182:WC-2022,historical,76,77,1,76,77,1,measured_performance,False
P-47188:WC-2010,historical,71,71,0,71,71,0,measured_performance,False
P-47188:WC-2014,historical,68,68,0,68,68,0,measured_performance,False
P-47197:WC-1982,historical,87,87,0,87,87,0,measured_performance,False
P-47205:WC-1978,historical,80,81,1,80,81,1,measured_performance,False
P-47227:WC-1994,historical,73,74,1,73,74,1,measured_performance,False
P-47232:WC-2010,historical,75,76,1,75,76,1,measured_performance,False
P-47233:WC-1978,historical,87,87,0,87,87,0,measured_performance,False
P-47234:WC-1954,historical,66,66,0,66,66,0,baseline_anchor_estimate,False
P-47235:WC-1938,historical,71,71,0,71,71,0,measured_performance,False
P-47243:WC-1978,historical,84,84,0,84,84,0,measured_performance,False
P-47246:WC-2010,historical,75,76,1,75,76,1,measured_performance,False
P-47255:WC-2010,historical,77,77,0,77,77,0,measured_performance,False
P-47266:WC-1962,historical,70,71,1,70,71,1,measured_performance,False
P-47269:WC-1986,historical,87,87,0,87,87,0,measured_performance,False
P-47282:WC-1954,historical,72,73,1,72,73,1,measured_performance,False
P-47282:WC-1958,historical,85,86,1,85,86,1,measured_performance,False
P-47297:WC-1994,historical,68,68,0,68,68,0,measured_performance,False
P-47319:WC-2022,historical,72,72,0,72,72,0,measured_performance,False
P-47321:WC-2018,historical,79,80,1,79,80,1,measured_performance,False
P-47321:WC-2022,historical,87,87,0,87,87,0,measured_performance,False
P-47324:WC-2010,historical,86,86,0,86,86,0,measured_performance,False
P-47334:WC-1990,historical,78,78,0,78,78,0,measured_performance,False
P-47335:WC-2006,historical,82,82,0,82,82,0,measured_performance,False
P-47366:WC-1990,historical,88,88,0,88,88,0,measured_performance,False
P-47384:WC-1958,historical,79,79,0,79,79,0,measured_performance,False
P-47386:WC-2018,historical,82,82,0,82,82,0,measured_performance,False
P-47386:WC-2022,historical,70,70,0,70,70,0,measured_performance,False
P-47391:WC-1966,historical,72,73,1,72,73,1,measured_performance,False
P-47401:WC-2002,historical,71,71,0,71,71,0,measured_performance,False
P-47401:WC-2006,historical,84,84,0,84,84,0,measured_performance,False
P-47402:WC-1938,historical,72,72,0,72,72,0,measured_performance,False
P-47415:WC-2010,historical,72,73,1,72,73,1,measured_performance,False
P-47416:WC-1982,historical,72,72,0,72,72,0,measured_performance,False
P-47431:WC-1962,historical,71,71,0,71,71,0,measured_performance,False
P-47437:WC-1930,historical,80,80,0,80,80,0,measured_performance,False
P-47440:WC-2014,historical,83,83,0,83,83,0,measured_performance,False
P-47440:WC-2018,historical,72,72,0,72,72,0,measured_performance,False
P-47450:WC-1962,historical,72,72,0,72,72,0,measured_performance,False
P-47453:WC-1930,historical,80,81,1,80,81,1,measured_performance,False
P-47456:WC-1982,historical,87,87,0,87,87,0,measured_performance,False
P-47461:WC-1974,historical,72,72,0,72,72,0,measured_performance,False
P-47469:WC-2002,historical,71,71,0,71,71,0,measured_performance,False
P-47473:WC-1938,historical,73,73,0,73,73,0,measured_performance,False
P-47488:WC-1978,historical,72,72,0,72,72,0,measured_performance,False
P-47490:WC-2022,historical,88,88,0,88,88,0,measured_performance,False
P-47496:WC-1966,historical,88,88,0,88,88,0,measured_performance,False
P-47501:WC-1994,historical,71,71,0,71,71,0,measured_performance,False
P-47506:WC-1998,historical,78,78,0,78,78,0,measured_performance,False
P-47506:WC-2002,historical,68,68,0,68,68,0,measured_performance,False
P-47513:WC-1938,historical,72,72,0,72,72,0,measured_performance,False
P-47525:WC-1954,historical,71,72,1,71,72,1,measured_performance,False
P-47539:WC-2006,historical,72,72,0,72,72,0,measured_performance,False
P-47572:WC-1998,historical,71,71,0,71,71,0,measured_performance,False
P-47589:WC-1970,historical,68,68,0,68,68,0,measured_performance,False
P-47593:WC-1994,historical,76,77,1,76,77,1,measured_performance,False
P-47597:WC-2010,historical,73,73,0,73,73,0,measured_performance,False
P-47597:WC-2014,historical,73,73,0,73,73,0,measured_performance,False
P-47601:WC-1982,historical,72,72,0,72,72,0,measured_performance,False
P-47627:WC-2006,historical,73,73,0,73,73,0,measured_performance,False
P-47670:WC-1994,historical,88,88,0,88,88,0,measured_performance,False
P-47670:WC-1998,historical,78,78,0,78,78,0,measured_performance,False
P-47677:WC-2022,historical,79,79,0,79,79,0,measured_performance,False
P-47694:WC-1974,historical,87,87,0,87,87,0,measured_performance,False
P-47714:WC-1934,historical,72,72,0,72,72,0,measured_performance,False
P-47738:WC-1938,historical,66,66,0,66,66,0,baseline_anchor_estimate,False
P-47753:WC-2010,historical,88,88,0,88,88,0,measured_performance,False
P-47763:WC-1958,historical,75,76,1,75,76,1,measured_performance,False
P-47776:WC-1970,historical,72,73,1,72,73,1,measured_performance,False
P-47780:WC-2010,historical,68,68,0,68,68,0,measured_performance,False
P-47783:WC-1954,historical,71,72,1,71,72,1,measured_performance,False
P-47783:WC-1958,historical,88,88,0,88,88,0,measured_performance,False
P-47801:WC-2010,historical,80,81,1,80,81,1,measured_performance,False
P-47809:WC-2010,historical,71,71,0,71,71,0,measured_performance,False
P-47815:WC-2018,historical,74,75,1,74,75,1,measured_performance,False
P-47815:WC-2022,historical,76,77,1,76,77,1,measured_performance,False
P-47824:WC-1986,historical,71,71,0,71,71,0,measured_performance,False
P-47829:WC-1970,historical,83,84,1,83,84,1,measured_performance,False
P-47829:WC-1982,historical,74,75,1,74,75,1,measured_performance,False
P-47833:WC-2018,historical,79,80,1,79,80,1,measured_performance,False
P-47836:WC-2014,historical,71,71,0,71,71,0,measured_performance,False
P-47850:WC-1990,historical,71,71,0,71,71,0,measured_performance,False
P-47850:WC-1998,historical,72,72,0,72,72,0,measured_performance,False
P-47851:WC-2018,historical,86,86,0,86,86,0,measured_performance,False
P-47892:WC-1962,historical,72,72,0,72,72,0,measured_performance,False
P-47892:WC-1966,historical,85,86,1,85,86,1,measured_performance,False
P-47892:WC-1970,historical,72,72,0,72,72,0,measured_performance,False
P-47892:WC-1974,historical,75,76,1,75,76,1,measured_performance,False
P-47906:WC-2018,historical,85,85,0,85,85,0,measured_performance,False
P-47906:WC-2022,historical,76,77,1,76,77,1,measured_performance,False
P-47911:WC-1990,historical,70,70,0,70,70,0,measured_performance,False
P-47942:WC-2010,historical,80,81,1,80,81,1,measured_performance,False
P-47974:WC-2010,historical,71,71,0,71,71,0,measured_performance,False
P-47974:WC-2014,historical,77,78,1,77,78,1,measured_performance,False
P-47978:WC-1970,historical,88,88,0,88,88,0,measured_performance,False
P-47982:WC-1934,historical,71,71,0,71,71,0,measured_performance,False
P-47983:WC-2002,historical,71,71,0,71,71,0,measured_performance,False
P-47983:WC-2010,historical,71,71,0,71,71,0,measured_performance,False
P-47983:WC-2014,historical,71,71,0,71,71,0,measured_performance,False
P-47998:WC-1962,historical,88,88,0,88,88,0,measured_performance,False
P-48001:WC-1966,historical,71,71,0,71,71,0,measured_performance,False
P-48001:WC-1970,historical,85,85,0,85,85,0,measured_performance,False
P-48019:WC-1954,historical,72,72,0,72,72,0,baseline_anchor_estimate,False
P-48019:WC-1958,historical,66,66,0,66,66,0,baseline_anchor_estimate,False
P-48036:WC-1994,historical,73,74,1,73,74,1,measured_performance,False
P-48049:WC-1938,historical,66,66,0,66,66,0,baseline_anchor_estimate,False
P-48079:WC-1934,historical,66,66,0,66,66,0,baseline_anchor_estimate,False
P-48097:WC-2010,historical,70,70,0,70,70,0,measured_performance,False
P-48102:WC-1958,historical,77,77,0,77,77,0,measured_performance,False
P-48111:WC-1978,historical,88,88,0,88,88,0,measured_performance,False
P-48137:WC-1966,historical,75,76,1,75,76,1,measured_performance,False
P-48156:WC-1982,historical,72,72,0,72,72,0,measured_performance,False
P-48161:WC-2006,historical,74,75,1,74,75,1,measured_performance,False
P-48167:WC-1986,historical,84,84,0,84,84,0,measured_performance,False
P-48169:WC-1970,historical,83,83,0,83,83,0,measured_performance,False
P-48216:WC-1930,historical,71,71,0,71,71,0,measured_performance,False
P-48230:WC-1978,historical,71,71,0,71,71,0,measured_performance,False
P-48249:WC-1994,historical,73,74,1,73,74,1,measured_performance,False
P-48249:WC-2002,historical,83,83,0,83,83,0,measured_performance,False
P-48250:WC-1998,historical,72,72,0,72,72,0,measured_performance,False
P-48250:WC-2006,historical,72,72,0,72,72,0,measured_performance,False
P-48265:WC-2022,historical,72,73,1,72,73,1,measured_performance,False
P-48279:WC-2006,historical,80,80,0,80,80,0,measured_performance,False
P-48288:WC-2002,historical,71,71,0,71,71,0,measured_performance,False
P-48295:WC-2022,historical,88,88,0,88,88,0,measured_performance,False
P-48304:WC-1994,historical,71,71,0,71,71,0,measured_performance,False
P-48310:WC-2014,historical,75,76,1,75,76,1,measured_performance,False
P-48317:WC-1962,historical,66,66,0,66,66,0,baseline_anchor_estimate,False
P-48323:WC-1958,historical,79,79,0,79,79,0,measured_performance,False
P-48327:WC-1982,historical,74,75,1,74,75,1,measured_performance,False
P-48335:WC-2010,historical,75,76,1,75,76,1,measured_performance,False
P-48340:WC-2022,historical,72,72,0,72,72,0,measured_performance,False
P-48341:WC-2010,historical,75,76,1,75,76,1,measured_performance,False
P-48345:WC-1930,historical,79,79,0,79,79,0,measured_performance,False
P-48349:WC-2002,historical,72,72,0,72,72,0,measured_performance,False
P-48377:WC-1962,historical,66,66,0,66,66,0,baseline_anchor_estimate,False
P-48382:WC-1974,historical,80,81,1,80,81,1,measured_performance,False
P-48382:WC-1978,historical,88,88,0,88,88,0,measured_performance,False
P-48383:WC-1934,historical,73,74,1,73,74,1,measured_performance,False
P-48419:WC-1934,historical,73,74,1,73,74,1,measured_performance,False
P-48430:WC-2006,historical,71,71,0,71,71,0,measured_performance,False
P-48431:WC-1990,historical,71,71,0,71,71,0,measured_performance,False
P-48433:WC-2010,historical,80,81,1,80,81,1,measured_performance,False
P-48433:WC-2014,historical,75,76,1,75,76,1,measured_performance,False
P-48433:WC-2018,historical,72,72,0,72,72,0,measured_performance,False
P-48443:WC-2014,historical,75,76,1,75,76,1,measured_performance,False
P-48455:WC-2010,historical,72,72,0,72,72,0,measured_performance,False
P-48455:WC-2014,historical,75,76,1,75,76,1,measured_performance,False
P-48480:WC-2018,historical,88,88,0,88,88,0,measured_performance,False
P-48499:WC-1994,historical,68,68,0,68,68,0,measured_performance,False
P-48502:WC-1966,historical,66,66,0,66,66,0,baseline_anchor_estimate,False
P-48513:WC-1986,historical,70,70,0,70,70,0,measured_performance,False
P-48525:WC-2002,historical,75,76,1,75,76,1,measured_performance,False
P-48537:WC-1962,historical,71,72,1,71,72,1,measured_performance,False
P-48537:WC-1966,historical,69,69,0,69,69,0,measured_performance,False
P-48546:WC-1970,historical,72,73,1,72,73,1,measured_performance,False
P-48550:WC-2002,historical,71,71,0,71,71,0,measured_performance,False
P-48556:WC-1970,historical,79,80,1,79,80,1,measured_performance,False
P-48592:WC-2002,historical,88,88,0,88,88,0,measured_performance,False
P-48638:WC-1998,historical,73,74,1,73,74,1,measured_performance,False
P-48639:WC-1986,historical,73,74,1,73,74,1,measured_performance,False
P-48643:WC-2002,historical,68,68,0,68,68,0,measured_performance,False
P-48643:WC-2006,historical,72,72,0,72,72,0,measured_performance,False
P-48645:WC-2006,historical,88,88,0,88,88,0,measured_performance,False
P-48645:WC-2010,historical,72,72,0,72,72,0,measured_performance,False
P-48661:WC-1974,historical,72,72,0,72,72,0,measured_performance,False
P-48670:WC-2018,historical,70,70,0,70,70,0,measured_performance,False
P-48681:WC-1994,historical,70,70,0,70,70,0,measured_performance,False
P-48686:WC-1974,historical,90,90,0,88,88,0,career_stature_estimate,True
P-48686:WC-1982,historical,90,90,0,88,88,0,career_stature_estimate,True
P-48690:WC-1990,historical,73,74,1,73,74,1,measured_performance,False
P-48712:WC-1974,historical,72,72,0,72,72,0,measured_performance,False
P-48712:WC-1978,historical,88,88,0,88,88,0,measured_performance,False
P-48718:WC-1986,historical,71,71,0,71,71,0,measured_performance,False
P-48718:WC-1990,historical,73,74,1,73,74,1,measured_performance,False
P-48720:WC-1962,historical,72,72,0,72,72,0,measured_performance,False
P-48722:WC-2006,historical,74,75,1,74,75,1,measured_performance,False
P-48733:WC-1966,historical,78,78,0,78,78,0,measured_performance,False
P-48733:WC-1970,historical,80,80,0,80,80,0,measured_performance,False
P-48733:WC-1974,historical,88,88,0,88,88,0,measured_performance,False
P-48736:WC-1998,historical,72,72,0,72,72,0,measured_performance,False
P-48737:WC-2018,historical,71,71,0,71,71,0,measured_performance,False
P-48737:WC-2022,historical,79,79,0,79,79,0,measured_performance,False
P-48761:WC-2002,historical,79,80,1,79,80,1,measured_performance,False
P-48772:WC-2006,historical,72,72,0,72,72,0,measured_performance,False
P-48783:WC-2010,historical,79,79,0,79,79,0,measured_performance,False
P-48783:WC-2014,historical,75,76,1,75,76,1,measured_performance,False
P-48788:WC-1990,historical,82,83,1,82,83,1,measured_performance,False
P-48811:WC-1958,historical,83,83,0,83,83,0,measured_performance,False
P-48822:WC-1966,historical,71,71,0,71,71,0,measured_performance,False
P-48827:WC-1974,historical,88,88,0,88,88,0,measured_performance,False
P-48827:WC-1978,historical,86,86,0,86,86,0,measured_performance,False
P-48831:WC-1970,historical,86,86,0,74,74,0,career_stature_estimate,False
P-48831:WC-1974,historical,88,88,0,84,84,0,career_stature_estimate,False
P-48831:WC-1978,historical,89,89,0,88,88,0,career_stature_estimate,False
P-48831:WC-1982,historical,89,89,0,88,88,0,career_stature_estimate,False
P-48847:WC-1950,historical,72,73,1,72,73,1,measured_performance,False
P-48864:WC-1998,historical,78,78,0,78,78,0,measured_performance,False
P-48881:WC-1986,historical,76,77,1,76,77,1,measured_performance,False
P-48883:WC-1974,historical,88,88,0,88,88,0,measured_performance,False
P-48883:WC-1978,historical,87,87,0,87,87,0,measured_performance,False
P-48883:WC-1982,historical,88,88,0,88,88,0,measured_performance,False
P-48883:WC-1986,historical,70,70,0,70,70,0,measured_performance,False
P-48887:WC-2022,historical,71,71,0,71,71,0,measured_performance,False
P-48903:WC-2022,historical,88,88,0,88,88,0,measured_performance,False
P-48908:WC-1950,historical,88,88,0,88,88,0,measured_performance,False
P-48910:WC-2002,historical,72,72,0,72,72,0,measured_performance,False
P-48921:WC-1978,historical,71,71,0,71,71,0,measured_performance,False
P-48922:WC-1990,historical,78,78,0,78,78,0,measured_performance,False
P-48925:WC-1978,historical,72,72,0,72,72,0,measured_performance,False
P-48934:WC-1994,historical,73,74,1,73,74,1,measured_performance,False
P-48934:WC-1998,historical,73,74,1,73,74,1,measured_performance,False
P-48944:WC-2006,historical,75,76,1,75,76,1,measured_performance,False
P-48946:WC-2002,historical,71,71,0,71,71,0,measured_performance,False
P-48947:WC-2010,historical,71,71,0,71,71,0,measured_performance,False
P-48955:WC-2014,historical,88,88,0,87,87,0,career_stature_estimate,False
P-48955:WC-2018,historical,89,89,0,88,88,0,career_stature_estimate,False
P-48955:WC-2022,historical,85,86,1,76,77,1,career_stature_estimate,False
P-48968:WC-2006,historical,74,75,1,74,75,1,measured_performance,False
P-48968:WC-2010,historical,75,76,1,75,76,1,measured_performance,False
P-48968:WC-2014,historical,73,73,0,73,73,0,measured_performance,False
P-48970:WC-1986,historical,72,72,0,72,72,0,measured_performance,False
P-48976:WC-2018,historical,71,71,0,71,71,0,measured_performance,False
P-48978:WC-1970,historical,71,71,0,71,71,0,measured_performance,False
P-48990:WC-1994,historical,88,88,0,88,88,0,measured_performance,False
P-49004:WC-2018,historical,68,68,0,68,68,0,measured_performance,False
P-49007:WC-2002,historical,75,76,1,75,76,1,measured_performance,False
P-49007:WC-2006,historical,74,75,1,74,75,1,measured_performance,False
P-49008:WC-2022,historical,87,87,0,87,87,0,measured_performance,False
P-49014:WC-2010,historical,79,79,0,79,79,0,measured_performance,False
P-49014:WC-2014,historical,86,86,0,86,86,0,measured_performance,False
P-49027:WC-2018,historical,71,71,0,71,71,0,measured_performance,False
P-49064:WC-1958,historical,73,73,0,73,73,0,measured_performance,False
P-49069:WC-1986,historical,78,79,1,78,79,1,measured_performance,False
P-49087:WC-1974,historical,75,76,1,75,76,1,measured_performance,False
P-49090:WC-2022,historical,71,71,0,71,71,0,measured_performance,False
P-49092:WC-1950,historical,75,76,1,75,76,1,measured_performance,False
P-49092:WC-1954,historical,77,78,1,77,78,1,measured_performance,False
P-49094:WC-2022,historical,72,73,1,72,73,1,measured_performance,False
P-49097:WC-2006,historical,89,89,0,88,88,0,career_stature_estimate,False
P-49097:WC-2010,historical,89,89,0,89,89,0,career_stature_estimate,False
P-49097:WC-2014,historical,88,88,0,76,77,1,career_stature_estimate,False
P-49099:WC-1982,historical,83,83,0,83,83,0,measured_performance,False
P-49114:WC-2010,historical,79,79,0,79,79,0,measured_performance,False
P-49114:WC-2018,historical,86,86,0,86,86,0,measured_performance,False
P-49114:WC-2022,historical,88,88,0,88,88,0,measured_performance,False
P-49127:WC-2006,historical,71,71,0,71,71,0,measured_performance,False
P-49127:WC-2010,historical,79,79,0,79,79,0,measured_performance,False
P-49130:WC-1986,historical,72,72,0,72,72,0,measured_performance,False
P-49133:WC-1970,historical,79,80,1,79,80,1,measured_performance,False
P-49134:WC-1982,historical,71,71,0,71,71,0,measured_performance,False
P-49136:WC-1990,historical,68,68,0,68,68,0,measured_performance,False
P-49138:WC-1966,historical,71,71,0,71,71,0,measured_performance,False
P-49145:WC-1958,historical,80,80,0,80,80,0,measured_performance,False
P-49150:WC-1930,historical,88,88,0,88,88,0,measured_performance,False
P-49151:WC-1930,historical,72,72,0,72,72,0,baseline_anchor_estimate,False
P-49163:WC-1994,historical,71,71,0,71,71,0,measured_performance,False
P-49168:WC-1982,historical,71,71,0,71,71,0,measured_performance,False
P-49195:WC-1998,historical,72,72,0,72,72,0,measured_performance,False
P-49203:WC-1982,historical,81,81,0,81,81,0,measured_performance,False
P-49219:WC-2002,historical,72,72,0,72,72,0,measured_performance,False
P-49251:WC-2010,historical,70,70,0,70,70,0,measured_performance,False
P-49253:WC-1978,historical,71,71,0,71,71,0,measured_performance,False
P-49258:WC-1994,historical,78,79,1,78,79,1,measured_performance,False
P-49258:WC-1998,historical,73,74,1,73,74,1,measured_performance,False
P-49258:WC-2002,historical,80,80,0,80,80,0,measured_performance,False
P-49261:WC-1930,historical,79,79,0,79,79,0,measured_performance,False
P-49265:WC-2006,historical,79,80,1,79,80,1,measured_performance,False
P-49265:WC-2014,historical,75,76,1,75,76,1,measured_performance,False
P-49269:WC-1990,historical,73,73,0,73,73,0,measured_performance,False
P-49305:WC-1934,historical,66,66,0,66,66,0,baseline_anchor_estimate,False
P-49305:WC-1938,historical,86,86,0,86,86,0,measured_performance,False
P-49309:WC-2002,historical,81,81,0,81,81,0,measured_performance,False
P-49343:WC-1978,historical,82,83,1,82,83,1,measured_performance,False
P-49357:WC-1970,historical,73,74,1,73,74,1,measured_performance,False
P-49357:WC-1978,historical,73,73,0,73,73,0,measured_performance,False
P-49366:WC-1966,historical,78,78,0,78,78,0,measured_performance,False
P-49381:WC-1950,historical,89,89,0,90,90,0,career_stature_estimate,False
P-49428:WC-2002,historical,78,79,1,78,79,1,measured_performance,False
P-49430:WC-1938,historical,70,70,0,70,70,0,measured_performance,False
P-49442:WC-1990,historical,71,71,0,71,71,0,measured_performance,False
P-49445:WC-1994,historical,71,71,0,71,71,0,measured_performance,False
P-49454:WC-2022,historical,71,71,0,71,71,0,measured_performance,False
P-49470:WC-1990,historical,80,81,1,80,81,1,measured_performance,False
P-49480:WC-1934,historical,73,74,1,73,74,1,measured_performance,False
P-49482:WC-2022,historical,79,79,0,79,79,0,measured_performance,False
P-49485:WC-2002,historical,87,87,0,87,87,0,measured_performance,False
P-49495:WC-1950,historical,72,72,0,72,72,0,measured_performance,False
P-49497:WC-1974,historical,84,84,0,84,84,0,measured_performance,False
P-49502:WC-1982,historical,94,94,0,76,76,0,career_stature_estimate,True
P-49502:WC-1986,historical,98,98,0,88,88,0,career_stature_estimate,True
P-49502:WC-1990,historical,98,98,0,89,89,0,career_stature_estimate,True
P-49502:WC-1994,historical,98,98,0,88,88,0,career_stature_estimate,True
P-49502:WC-1998,historical,95,95,0,86,86,0,career_stature_estimate,True
P-49523:WC-1966,historical,73,73,0,73,73,0,measured_performance,False
P-49542:WC-1950,historical,71,71,0,71,71,0,measured_performance,False
P-49544:WC-1970,historical,72,72,0,72,72,0,measured_performance,False
P-49556:WC-1930,historical,72,72,0,72,72,0,measured_performance,False
P-49585:WC-1974,historical,71,71,0,71,71,0,measured_performance,False
P-49600:WC-1990,historical,90,90,0,85,86,1,career_stature_estimate,True
P-49600:WC-1994,historical,88,88,0,73,74,1,career_stature_estimate,True
P-49600:WC-1998,historical,88,88,0,73,74,1,career_stature_estimate,True
P-49604:WC-1998,historical,71,71,0,71,71,0,measured_performance,False
P-49610:WC-2002,historical,71,71,0,71,71,0,measured_performance,False
P-49633:WC-1930,historical,73,74,1,73,74,1,measured_performance,False
P-49642:WC-1994,historical,76,77,1,76,77,1,measured_performance,False
P-49657:WC-1958,historical,83,83,0,83,83,0,measured_performance,False
P-49669:WC-1986,historical,78,79,1,78,79,1,measured_performance,False
P-49676:WC-1986,historical,88,88,0,88,88,0,measured_performance,False
P-49676:WC-1990,historical,85,85,0,85,85,0,measured_performance,False
P-49691:WC-1934,historical,77,77,0,77,77,0,measured_performance,False
P-49691:WC-1938,historical,73,74,1,73,74,1,measured_performance,False
P-49701:WC-1934,historical,72,72,0,72,72,0,measured_performance,False
P-49762:WC-2006,historical,80,80,0,80,80,0,measured_performance,False
P-49773:WC-1934,historical,66,66,0,66,66,0,baseline_anchor_estimate,False
P-49773:WC-1938,historical,66,66,0,66,66,0,baseline_anchor_estimate,False
P-49779:WC-1938,historical,66,66,0,66,66,0,baseline_anchor_estimate,False
P-49790:WC-1954,historical,79,80,1,79,80,1,measured_performance,False
P-49790:WC-1958,historical,70,71,1,70,71,1,measured_performance,False
P-49805:WC-1966,historical,72,72,0,72,72,0,measured_performance,False
P-49805:WC-1970,historical,75,75,0,75,75,0,measured_performance,False
P-49805:WC-1974,historical,72,72,0,72,72,0,measured_performance,False
P-49806:WC-2022,historical,84,84,0,84,84,0,measured_performance,False
P-49818:WC-1930,historical,73,74,1,73,74,1,measured_performance,False
P-49850:WC-1998,historical,86,86,0,86,86,0,measured_performance,False
P-49855:WC-1930,historical,71,71,0,71,71,0,baseline_anchor_estimate,False
P-49869:WC-1950,historical,80,80,0,80,80,0,measured_performance,False
P-49869:WC-1954,historical,72,72,0,72,72,0,measured_performance,False
P-49882:WC-2006,historical,74,75,1,74,75,1,measured_performance,False
P-49882:WC-2010,historical,70,70,0,70,70,0,measured_performance,False
P-49889:WC-1966,historical,66,66,0,66,66,0,baseline_anchor_estimate,False
P-49915:WC-2022,historical,71,71,0,71,71,0,measured_performance,False
P-49934:WC-2022,historical,68,68,0,68,68,0,measured_performance,False
P-49952:WC-1970,historical,79,80,1,79,80,1,measured_performance,False
P-49962:WC-1982,historical,83,83,0,83,83,0,measured_performance,False
P-49962:WC-1986,historical,88,88,0,88,88,0,measured_performance,False
P-49962:WC-1990,historical,88,88,0,88,88,0,measured_performance,False
P-49970:WC-1982,historical,77,77,0,77,77,0,measured_performance,False
P-49988:WC-1990,historical,72,72,0,72,72,0,measured_performance,False
P-49997:WC-2018,historical,81,82,1,81,82,1,measured_performance,False
P-50012:WC-2006,historical,72,72,0,72,72,0,measured_performance,False
P-50021:WC-1966,historical,78,78,0,78,78,0,measured_performance,False
P-50023:WC-1958,historical,83,83,0,83,83,0,measured_performance,False
P-50033:WC-1966,historical,72,72,0,72,72,0,baseline_anchor_estimate,False
P-50033:WC-1970,historical,70,71,1,70,71,1,measured_performance,False
P-50034:WC-2022,historical,68,68,0,68,68,0,measured_performance,False
P-50044:WC-1970,historical,79,79,0,79,79,0,measured_performance,False
P-50065:WC-1994,historical,73,74,1,73,74,1,measured_performance,False
P-50070:WC-1954,historical,71,71,0,71,71,0,measured_performance,False
P-50080:WC-1990,historical,70,70,0,70,70,0,measured_performance,False
P-50099:WC-1978,historical,73,74,1,73,74,1,measured_performance,False
P-50099:WC-1982,historical,72,72,0,72,72,0,measured_performance,False
P-50104:WC-2010,historical,72,72,0,72,72,0,measured_performance,False
P-50104:WC-2018,historical,87,87,0,87,87,0,measured_performance,False
P-50104:WC-2022,historical,76,77,1,76,77,1,measured_performance,False
P-50109:WC-2002,historical,86,86,0,86,86,0,measured_performance,False
P-50109:WC-2006,historical,80,80,0,80,80,0,measured_performance,False
P-50109:WC-2010,historical,71,71,0,71,71,0,measured_performance,False
P-50128:WC-1982,historical,90,90,0,71,71,0,career_stature_estimate,True
P-50137:WC-1966,historical,69,69,0,69,69,0,measured_performance,False
P-50142:WC-2022,historical,79,79,0,79,79,0,measured_performance,False
P-50162:WC-1970,historical,88,88,0,88,88,0,measured_performance,False
P-50171:WC-1994,historical,76,77,1,76,77,1,measured_performance,False
P-50171:WC-1998,historical,73,74,1,73,74,1,measured_performance,False
P-50171:WC-2002,historical,78,79,1,78,79,1,measured_performance,False
P-50181:WC-2010,historical,72,73,1,72,73,1,measured_performance,False
P-50189:WC-1962,historical,88,88,0,88,88,0,measured_performance,False
P-50194:WC-1982,historical,81,81,0,81,81,0,measured_performance,False
P-50198:WC-1974,historical,76,77,1,76,77,1,measured_performance,False
P-50213:WC-1982,historical,70,70,0,70,70,0,measured_performance,False
P-50217:WC-1970,historical,72,72,0,72,72,0,measured_performance,False
P-50226:WC-2006,historical,71,71,0,71,71,0,measured_performance,False
P-50231:WC-1950,historical,71,71,0,71,71,0,baseline_anchor_estimate,False
P-50233:WC-1978,historical,79,80,1,79,80,1,measured_performance,False
P-50248:WC-1930,historical,87,87,0,87,87,0,measured_performance,False
P-50248:WC-1934,historical,71,71,0,71,71,0,measured_performance,False
P-50252:WC-1998,historical,86,86,0,86,86,0,measured_performance,False
P-50270:WC-2010,historical,82,83,1,82,83,1,measured_performance,False
P-50273:WC-1978,historical,77,78,1,77,78,1,measured_performance,False
P-50281:WC-2010,historical,70,70,0,70,70,0,measured_performance,False
P-50303:WC-2002,historical,88,88,0,88,88,0,measured_performance,False
P-50318:WC-2006,historical,71,71,0,71,71,0,measured_performance,False
P-50323:WC-1966,historical,73,73,0,73,73,0,measured_performance,False
P-50326:WC-2006,historical,72,73,1,72,73,1,measured_performance,False
P-50326:WC-2010,historical,88,88,0,88,88,0,measured_performance,False
P-50333:WC-1990,historical,71,71,0,71,71,0,measured_performance,False
P-50333:WC-1994,historical,73,74,1,73,74,1,measured_performance,False
P-50344:WC-1986,historical,71,71,0,71,71,0,measured_performance,False
P-50358:WC-1974,historical,78,79,1,78,79,1,measured_performance,False
P-50374:WC-1978,historical,71,71,0,71,71,0,measured_performance,False
P-50398:WC-2022,historical,79,79,0,79,79,0,measured_performance,False
P-50408:WC-1986,historical,81,81,0,81,81,0,measured_performance,False
P-50445:WC-1938,historical,86,86,0,86,86,0,measured_performance,False
P-50458:WC-1990,historical,72,72,0,72,72,0,measured_performance,False
P-50470:WC-1990,historical,71,71,0,71,71,0,measured_performance,False
P-50470:WC-2002,historical,72,72,0,72,72,0,measured_performance,False
P-50486:WC-1962,historical,71,71,0,71,71,0,measured_performance,False
P-50486:WC-1966,historical,71,71,0,71,71,0,measured_performance,False
P-50489:WC-1970,historical,82,82,0,82,82,0,measured_performance,False
P-50519:WC-2002,historical,71,71,0,71,71,0,measured_performance,False
P-50522:WC-2006,historical,71,71,0,71,71,0,measured_performance,False
P-50522:WC-2010,historical,88,88,0,88,88,0,measured_performance,False
P-50522:WC-2014,historical,88,88,0,88,88,0,measured_performance,False
P-50527:WC-1938,historical,72,72,0,72,72,0,measured_performance,False
P-50534:WC-2002,historical,88,88,0,88,88,0,measured_performance,False
P-50534:WC-2010,historical,81,81,0,81,81,0,measured_performance,False
P-50564:WC-1974,historical,94,94,0,88,88,0,career_stature_estimate,True
P-50567:WC-1998,historical,86,86,0,86,86,0,measured_performance,False
P-50567:WC-2002,historical,68,68,0,68,68,0,measured_performance,False
P-50623:WC-1974,historical,72,72,0,72,72,0,measured_performance,False
P-50641:WC-2006,historical,82,82,0,82,82,0,measured_performance,False
P-50641:WC-2010,historical,88,88,0,88,88,0,measured_performance,False
P-50641:WC-2014,historical,72,72,0,72,72,0,measured_performance,False
P-50657:WC-1986,historical,73,74,1,73,74,1,measured_performance,False
P-50663:WC-2014,historical,73,73,0,73,73,0,measured_performance,False
P-50679:WC-2018,historical,74,75,1,74,75,1,measured_performance,False
P-50679:WC-2022,historical,70,70,0,70,70,0,measured_performance,False
P-50688:WC-2018,historical,71,71,0,71,71,0,measured_performance,False
P-50688:WC-2022,historical,88,88,0,88,88,0,measured_performance,False
P-50699:WC-2010,historical,73,74,1,73,74,1,measured_performance,False
P-50717:WC-1982,historical,88,88,0,88,88,0,measured_performance,False
P-50717:WC-1986,historical,87,87,0,87,87,0,measured_performance,False
P-50718:WC-2006,historical,71,71,0,71,71,0,measured_performance,False
P-50718:WC-2010,historical,70,70,0,70,70,0,measured_performance,False
P-50741:WC-2010,historical,72,72,0,72,72,0,measured_performance,False
P-50749:WC-2002,historical,78,79,1,78,79,1,measured_performance,False
P-50749:WC-2006,historical,80,80,0,80,80,0,measured_performance,False
P-50787:WC-1994,historical,87,87,0,87,87,0,measured_performance,False
P-50787:WC-1998,historical,88,88,0,88,88,0,measured_performance,False
P-50787:WC-2002,historical,71,71,0,71,71,0,measured_performance,False
P-50801:WC-2018,historical,71,71,0,71,71,0,measured_performance,False
P-50864:WC-1978,historical,71,72,1,71,72,1,measured_performance,False
P-50869:WC-1990,historical,78,78,0,78,78,0,measured_performance,False
P-50869:WC-1994,historical,78,79,1,78,79,1,measured_performance,False
P-50893:WC-2002,historical,68,68,0,68,68,0,measured_performance,False
P-50918:WC-1938,historical,86,86,0,86,86,0,measured_performance,False
P-50918:WC-1950,historical,72,72,0,72,72,0,measured_performance,False
P-50931:WC-1950,historical,82,82,0,82,82,0,measured_performance,False
P-50931:WC-1954,historical,72,73,1,72,73,1,measured_performance,False
P-50938:WC-1986,historical,72,72,0,72,72,0,measured_performance,False
P-50938:WC-1990,historical,72,72,0,72,72,0,measured_performance,False
P-50943:WC-2014,historical,71,71,0,71,71,0,measured_performance,False
P-50943:WC-2018,historical,72,72,0,72,72,0,measured_performance,False
P-50944:WC-2006,historical,87,87,0,87,87,0,measured_performance,False
P-50944:WC-2010,historical,72,73,1,72,73,1,measured_performance,False
P-50967:WC-2010,historical,75,76,1,75,76,1,measured_performance,False
P-50973:WC-2006,historical,74,75,1,74,75,1,measured_performance,False
P-51002:WC-1986,historical,71,71,0,71,71,0,measured_performance,False
P-51002:WC-1990,historical,71,71,0,71,71,0,measured_performance,False
P-51016:WC-1994,historical,71,71,0,71,71,0,measured_performance,False
P-51089:WC-2002,historical,89,89,0,86,86,0,career_stature_estimate,True
P-51089:WC-2006,historical,89,89,0,80,80,0,career_stature_estimate,True
P-51089:WC-2010,historical,89,89,0,88,88,0,career_stature_estimate,True
P-51100:WC-2010,historical,71,71,0,71,71,0,measured_performance,False
P-51110:WC-1986,historical,72,72,0,72,72,0,measured_performance,False
P-51118:WC-2018,historical,79,80,1,79,80,1,measured_performance,False
P-51118:WC-2022,historical,87,87,0,87,87,0,measured_performance,False
P-51120:WC-1934,historical,72,72,0,72,72,0,measured_performance,False
P-51120:WC-1938,historical,72,72,0,72,72,0,measured_performance,False
P-51130:WC-1998,historical,93,93,0,88,88,0,career_stature_estimate,True
P-51130:WC-2002,historical,93,93,0,88,88,0,career_stature_estimate,True
P-51130:WC-2006,historical,90,90,0,72,72,0,career_stature_estimate,True
P-51199:WC-2018,historical,68,68,0,68,68,0,measured_performance,False
P-51201:WC-2018,historical,71,71,0,71,71,0,measured_performance,False
P-51201:WC-2022,historical,79,79,0,79,79,0,measured_performance,False
P-51214:WC-1954,historical,88,88,0,88,88,0,measured_performance,False
P-51219:WC-1934,historical,88,88,0,88,88,0,measured_performance,False
P-51219:WC-1938,historical,73,73,0,73,73,0,measured_performance,False
P-51225:WC-1934,historical,66,66,0,66,66,0,baseline_anchor_estimate,False
P-51266:WC-2006,historical,71,71,0,71,71,0,measured_performance,False
P-51287:WC-2002,historical,78,78,0,78,78,0,measured_performance,False
P-51287:WC-2006,historical,85,85,0,85,85,0,measured_performance,False
P-51300:WC-1998,historical,72,72,0,72,72,0,measured_performance,False
P-51301:WC-1930,historical,66,66,0,66,66,0,baseline_anchor_estimate,False
P-51305:WC-1938,historical,66,66,0,66,66,0,baseline_anchor_estimate,False
P-51308:WC-1954,historical,71,72,1,71,72,1,measured_performance,False
P-51328:WC-1990,historical,75,76,1,75,76,1,measured_performance,False
P-51334:WC-1962,historical,88,88,0,88,88,0,measured_performance,False
P-51336:WC-2006,historical,89,89,0,79,80,1,career_stature_estimate,True
P-51336:WC-2010,historical,91,91,0,90,90,0,career_stature_estimate,True
P-51336:WC-2014,historical,91,91,0,88,88,0,career_stature_estimate,True
P-51339:WC-1954,historical,88,88,0,88,88,0,measured_performance,False
P-51349:WC-1986,historical,88,88,0,81,81,0,career_stature_estimate,False
P-51349:WC-1990,historical,88,88,0,72,73,1,career_stature_estimate,False
P-51357:WC-1994,historical,78,79,1,78,79,1,measured_performance,False
P-51375:WC-1950,historical,66,66,0,66,66,0,baseline_anchor_estimate,False
P-51382:WC-1950,historical,91,91,0,71,71,0,career_stature_estimate,True
P-51382:WC-1954,historical,93,93,0,72,72,0,career_stature_estimate,True
P-51388:WC-2006,historical,74,74,0,74,74,0,measured_performance,False
P-51390:WC-1930,historical,72,72,0,72,72,0,measured_performance,False
P-51395:WC-1998,historical,94,94,0,88,88,0,career_stature_estimate,True
P-51395:WC-2002,historical,90,90,0,71,71,0,career_stature_estimate,True
P-51395:WC-2006,historical,94,94,0,88,88,0,career_stature_estimate,True
P-51395:WC-2010,historical,90,90,0,72,72,0,career_stature_estimate,True
P-51406:WC-2022,historical,80,81,1,80,81,1,measured_performance,False
P-51410:WC-1970,historical,72,72,0,72,72,0,measured_performance,False
P-51432:WC-1982,historical,71,71,0,71,71,0,measured_performance,False
P-51433:WC-2006,historical,70,70,0,70,70,0,measured_performance,False
P-51434:WC-1970,historical,86,87,1,86,87,1,measured_performance,False
P-51440:WC-2006,historical,71,71,0,71,71,0,measured_performance,False
P-51443:WC-2018,historical,71,71,0,71,71,0,measured_performance,False
P-51451:WC-1970,historical,72,72,0,72,72,0,measured_performance,False
P-51458:WC-2006,historical,76,76,0,76,76,0,measured_performance,False
P-51460:WC-1950,historical,84,84,0,84,84,0,measured_performance,False
P-51472:WC-1994,historical,84,84,0,84,84,0,measured_performance,False
P-51472:WC-1998,historical,68,68,0,68,68,0,measured_performance,False
P-51494:WC-1982,historical,72,72,0,72,72,0,measured_performance,False
P-51494:WC-1986,historical,72,72,0,72,72,0,measured_performance,False
P-51500:WC-1958,historical,71,71,0,71,71,0,measured_performance,False
P-51514:WC-1998,historical,71,71,0,71,71,0,measured_performance,False
P-51538:WC-1986,historical,73,73,0,73,73,0,measured_performance,False
P-51539:WC-1982,historical,71,71,0,71,71,0,measured_performance,False
P-51549:WC-2022,historical,71,71,0,71,71,0,measured_performance,False
P-51570:WC-1986,historical,88,88,0,88,88,0,measured_performance,False
P-51579:WC-2014,historical,83,83,0,83,83,0,measured_performance,False
P-51617:WC-1958,historical,88,88,0,88,88,0,measured_performance,False
P-51624:WC-1930,historical,71,71,0,71,71,0,measured_performance,False
P-51629:WC-1990,historical,85,85,0,85,85,0,measured_performance,False
P-51629:WC-2002,historical,72,72,0,72,72,0,measured_performance,False
P-51633:WC-2010,historical,71,71,0,71,71,0,measured_performance,False
P-51650:WC-1990,historical,73,74,1,73,74,1,measured_performance,False
P-51653:WC-2014,historical,80,80,0,80,80,0,measured_performance,False
P-51668:WC-1934,historical,88,88,0,88,88,0,measured_performance,False
P-51677:WC-1982,historical,80,81,1,80,81,1,measured_performance,False
P-51678:WC-2022,historical,71,71,0,71,71,0,measured_performance,False
P-51689:WC-2022,historical,71,71,0,71,71,0,measured_performance,False
P-51705:WC-2010,historical,72,73,1,72,73,1,measured_performance,False
P-51711:WC-1934,historical,88,88,0,88,88,0,measured_performance,False
P-51723:WC-2018,historical,71,71,0,71,71,0,measured_performance,False
P-51733:WC-2006,historical,71,71,0,71,71,0,measured_performance,False
P-51757:WC-1958,historical,73,73,0,73,73,0,measured_performance,False
P-51785:WC-2002,historical,87,87,0,87,87,0,measured_performance,False
P-51785:WC-2006,historical,74,75,1,74,75,1,measured_performance,False
P-51785:WC-2010,historical,75,76,1,75,76,1,measured_performance,False
P-51786:WC-2014,historical,71,71,0,71,71,0,measured_performance,False
P-51786:WC-2018,historical,74,75,1,74,75,1,measured_performance,False
P-51792:WC-2002,historical,72,72,0,72,72,0,measured_performance,False
P-51811:WC-1958,historical,73,73,0,73,73,0,measured_performance,False
P-51832:WC-1970,historical,72,72,0,72,72,0,measured_performance,False
P-51832:WC-1974,historical,71,71,0,71,71,0,measured_performance,False
P-51868:WC-1994,historical,76,77,1,76,77,1,measured_performance,False
P-51868:WC-1998,historical,71,71,0,71,71,0,measured_performance,False
P-51869:WC-1994,historical,72,72,0,72,72,0,measured_performance,False
P-51869:WC-1998,historical,82,83,1,82,83,1,measured_performance,False
P-51872:WC-1930,historical,70,70,0,70,70,0,measured_performance,False
P-51887:WC-1982,historical,71,71,0,71,71,0,measured_performance,False
P-51888:WC-1998,historical,71,71,0,71,71,0,measured_performance,False
P-51894:WC-2014,historical,88,88,0,88,88,0,measured_performance,False
P-51910:WC-1974,historical,76,77,1,76,77,1,measured_performance,False
P-51917:WC-1998,historical,78,78,0,78,78,0,measured_performance,False
P-51921:WC-1990,historical,88,88,0,88,88,0,measured_performance,False
P-51921:WC-1994,historical,76,77,1,76,77,1,measured_performance,False
P-51930:WC-1934,historical,66,66,0,66,66,0,baseline_anchor_estimate,False
P-51931:WC-2010,historical,79,79,0,79,79,0,measured_performance,False
P-51932:WC-1998,historical,70,70,0,70,70,0,measured_performance,False
P-51934:WC-1938,historical,73,74,1,73,74,1,measured_performance,False
P-51936:WC-1990,historical,75,76,1,75,76,1,measured_performance,False
P-51960:WC-2018,historical,72,72,0,72,72,0,measured_performance,False
P-51981:WC-2014,historical,71,71,0,71,71,0,measured_performance,False
P-51990:WC-2022,historical,84,85,1,84,85,1,measured_performance,False
P-52002:WC-1954,historical,93,93,0,77,78,1,career_stature_estimate,False
P-52002:WC-1958,historical,91,91,0,72,72,0,career_stature_estimate,False
P-52002:WC-1962,historical,95,95,0,88,88,0,career_stature_estimate,False
P-52002:WC-1966,historical,91,91,0,72,72,0,career_stature_estimate,False
P-52008:WC-1998,historical,73,74,1,73,74,1,measured_performance,False
P-52008:WC-2006,historical,74,75,1,74,75,1,measured_performance,False
P-52013:WC-2022,historical,84,84,0,84,84,0,measured_performance,False
P-52027:WC-1962,historical,66,66,0,66,66,0,baseline_anchor_estimate,False
P-52027:WC-1966,historical,66,66,0,66,66,0,baseline_anchor_estimate,False
P-52028:WC-1938,historical,82,83,1,82,83,1,measured_performance,False
P-52032:WC-2002,historical,76,76,0,76,76,0,measured_performance,False
P-52039:WC-1986,historical,71,71,0,71,71,0,measured_performance,False
P-52046:WC-1950,historical,72,72,0,72,72,0,measured_performance,False
P-52064:WC-1930,historical,73,74,1,73,74,1,measured_performance,False
P-52069:WC-1982,historical,70,70,0,70,70,0,measured_performance,False
P-52099:WC-2002,historical,71,71,0,71,71,0,measured_performance,False
P-52104:WC-1974,historical,70,70,0,70,70,0,measured_performance,False
P-52108:WC-2002,historical,71,71,0,71,71,0,measured_performance,False
P-52124:WC-1978,historical,77,78,1,77,78,1,measured_performance,False
P-52133:WC-1990,historical,70,70,0,70,70,0,measured_performance,False
P-52146:WC-1986,historical,71,71,0,71,71,0,measured_performance,False
P-52148:WC-1970,historical,68,68,0,68,68,0,measured_performance,False
P-52149:WC-1974,historical,70,70,0,70,70,0,measured_performance,False
P-52170:WC-1958,historical,66,66,0,66,66,0,baseline_anchor_estimate,False
P-52179:WC-1994,historical,71,71,0,71,71,0,measured_performance,False
P-52190:WC-1950,historical,88,88,0,88,88,0,measured_performance,False
P-52199:WC-1950,historical,72,72,0,72,72,0,measured_performance,False
P-52217:WC-2014,historical,71,71,0,71,71,0,measured_performance,False
P-52217:WC-2018,historical,88,88,0,88,88,0,measured_performance,False
P-52233:WC-1938,historical,66,66,0,66,66,0,baseline_anchor_estimate,False
P-52254:WC-1962,historical,72,72,0,72,72,0,measured_performance,False
P-52257:WC-1998,historical,78,78,0,78,78,0,measured_performance,False
P-52264:WC-2010,historical,79,79,0,79,79,0,measured_performance,False
P-52271:WC-1978,historical,89,89,0,88,88,0,career_stature_estimate,False
P-52271:WC-1982,historical,89,89,0,83,83,0,career_stature_estimate,False
P-52310:WC-1998,historical,88,88,0,88,88,0,measured_performance,False
P-52319:WC-2014,historical,72,72,0,72,72,0,measured_performance,False
P-52323:WC-1930,historical,77,78,1,77,78,1,measured_performance,False
P-52358:WC-1998,historical,71,71,0,71,71,0,measured_performance,False
P-52358:WC-2002,historical,73,73,0,73,73,0,measured_performance,False
P-52362:WC-2010,historical,71,71,0,71,71,0,measured_performance,False
P-52378:WC-2010,historical,75,76,1,75,76,1,measured_performance,False
P-52378:WC-2014,historical,75,76,1,75,76,1,measured_performance,False
P-52379:WC-1990,historical,71,72,1,71,72,1,measured_performance,False
P-52416:WC-1962,historical,72,72,0,72,72,0,measured_performance,False
P-52416:WC-1966,historical,71,71,0,71,71,0,measured_performance,False
P-52418:WC-2018,historical,87,87,0,87,87,0,measured_performance,False
P-52419:WC-1978,historical,71,72,1,71,72,1,measured_performance,False
P-52425:WC-1962,historical,71,71,0,71,71,0,measured_performance,False
P-52437:WC-2006,historical,87,87,0,87,87,0,measured_performance,False
P-52444:WC-2018,historical,72,72,0,72,72,0,measured_performance,False
P-52446:WC-1990,historical,71,71,0,71,71,0,measured_performance,False
P-52450:WC-1954,historical,71,72,1,71,72,1,measured_performance,False
P-52456:WC-1954,historical,66,66,0,66,66,0,baseline_anchor_estimate,False
P-52458:WC-2006,historical,80,80,0,80,80,0,measured_performance,False
P-52458:WC-2014,historical,86,86,0,86,86,0,measured_performance,False
P-52461:WC-1978,historical,73,73,0,73,73,0,measured_performance,False
P-52461:WC-1982,historical,88,88,0,88,88,0,measured_performance,False
P-52464:WC-2014,historical,71,71,0,71,71,0,measured_performance,False
P-52469:WC-1998,historical,79,80,1,79,80,1,measured_performance,False
P-52474:WC-1994,historical,88,88,0,88,88,0,measured_performance,False
P-52474:WC-1998,historical,81,82,1,81,82,1,measured_performance,False
P-52480:WC-2006,historical,80,80,0,80,80,0,measured_performance,False
P-52481:WC-2006,historical,74,75,1,74,75,1,measured_performance,False
P-52493:WC-1938,historical,79,79,0,79,79,0,measured_performance,False
P-52495:WC-1950,historical,66,66,0,66,66,0,baseline_anchor_estimate,False
P-52500:WC-1990,historical,81,82,1,81,82,1,measured_performance,False
P-52510:WC-2010,historical,72,72,0,72,72,0,measured_performance,False
P-52528:WC-1934,historical,88,88,0,88,88,0,measured_performance,False
P-52528:WC-1938,historical,76,77,1,76,77,1,measured_performance,False
P-52552:WC-1938,historical,66,66,0,66,66,0,baseline_anchor_estimate,False
P-52593:WC-2014,historical,71,71,0,71,71,0,measured_performance,False
P-52595:WC-1986,historical,88,88,0,88,88,0,measured_performance,False
P-52641:WC-1998,historical,71,71,0,71,71,0,measured_performance,False
P-52641:WC-2002,historical,84,84,0,84,84,0,measured_performance,False
P-52641:WC-2006,historical,84,84,0,84,84,0,measured_performance,False
P-52647:WC-1962,historical,75,76,1,75,76,1,measured_performance,False
P-52655:WC-1934,historical,72,72,0,72,72,0,measured_performance,False
P-52655:WC-1938,historical,72,72,0,72,72,0,measured_performance,False
P-52656:WC-1950,historical,71,71,0,71,71,0,measured_performance,False
P-52658:WC-1978,historical,88,88,0,88,88,0,measured_performance,False
P-52676:WC-2014,historical,78,79,1,78,79,1,measured_performance,False
P-52697:WC-2022,historical,79,79,0,79,79,0,measured_performance,False
P-52742:WC-1982,historical,72,72,0,72,72,0,measured_performance,False
P-52771:WC-1982,historical,87,87,0,87,87,0,measured_performance,False
P-52780:WC-1966,historical,73,73,0,73,73,0,measured_performance,False
P-52784:WC-1998,historical,71,71,0,71,71,0,measured_performance,False
P-52784:WC-2002,historical,88,88,0,88,88,0,measured_performance,False
P-52784:WC-2010,historical,88,88,0,88,88,0,measured_performance,False
P-52787:WC-1966,historical,73,73,0,73,73,0,measured_performance,False
P-52793:WC-1986,historical,72,72,0,72,72,0,measured_performance,False
P-52794:WC-1986,historical,72,72,0,72,72,0,measured_performance,False
P-52816:WC-1962,historical,91,91,0,81,82,1,career_stature_estimate,True
P-52816:WC-1966,historical,92,92,0,88,88,0,career_stature_estimate,True
P-52816:WC-1970,historical,90,90,0,86,86,0,career_stature_estimate,True
P-52837:WC-2018,historical,70,70,0,70,70,0,measured_performance,False
P-52841:WC-1954,historical,73,73,0,73,73,0,measured_performance,False
P-52850:WC-2006,historical,74,75,1,74,75,1,measured_performance,False
P-52878:WC-1994,historical,76,77,1,76,77,1,measured_performance,False
P-52878:WC-1998,historical,86,86,0,86,86,0,measured_performance,False
P-52902:WC-1990,historical,73,74,1,73,74,1,measured_performance,False
P-52906:WC-1970,historical,72,73,1,72,73,1,measured_performance,False
P-52936:WC-1990,historical,72,72,0,72,72,0,measured_performance,False
P-52938:WC-1990,historical,72,72,0,72,72,0,measured_performance,False
P-52946:WC-2014,historical,73,73,0,73,73,0,measured_performance,False
P-52951:WC-1934,historical,72,72,0,72,72,0,measured_performance,False
P-52963:WC-1990,historical,71,71,0,71,71,0,measured_performance,False
P-52963:WC-1994,historical,78,79,1,78,79,1,measured_performance,False
P-52965:WC-1986,historical,72,72,0,72,72,0,measured_performance,False
P-52968:WC-1982,historical,72,72,0,72,72,0,measured_performance,False
P-52978:WC-1970,historical,80,80,0,80,80,0,measured_performance,False
P-52989:WC-1974,historical,86,86,0,86,86,0,measured_performance,False
P-52989:WC-1978,historical,71,72,1,71,72,1,measured_performance,False
P-53019:WC-1966,historical,72,72,0,72,72,0,measured_performance,False
P-53019:WC-1970,historical,79,80,1,79,80,1,measured_performance,False
P-53023:WC-1954,historical,72,72,0,72,72,0,measured_performance,False
P-53024:WC-2006,historical,71,71,0,71,71,0,measured_performance,False
P-53028:WC-2010,historical,88,88,0,88,88,0,measured_performance,False
P-53035:WC-2014,historical,71,71,0,71,71,0,measured_performance,False
P-53044:WC-1970,historical,79,80,1,79,80,1,measured_performance,False
P-53048:WC-2014,historical,80,80,0,80,80,0,measured_performance,False
P-53048:WC-2018,historical,88,88,0,88,88,0,measured_performance,False
P-53048:WC-2022,historical,76,77,1,76,77,1,measured_performance,False
P-53055:WC-1990,historical,72,72,0,72,72,0,measured_performance,False
P-53059:WC-1934,historical,66,66,0,66,66,0,baseline_anchor_estimate,False
P-53060:WC-2010,historical,72,72,0,72,72,0,measured_performance,False
P-53060:WC-2014,historical,75,76,1,75,76,1,measured_performance,False
P-53062:WC-2006,historical,87,87,0,84,84,0,career_stature_estimate,False
P-53076:WC-2014,historical,70,70,0,70,70,0,measured_performance,False
P-53099:WC-1978,historical,71,71,0,71,71,0,measured_performance,False
P-53099:WC-1982,historical,72,72,0,72,72,0,measured_performance,False
P-53103:WC-1990,historical,71,71,0,71,71,0,measured_performance,False
P-53115:WC-1962,historical,72,72,0,72,72,0,measured_performance,False
P-53124:WC-1966,historical,72,72,0,72,72,0,measured_performance,False
P-53126:WC-1982,historical,71,71,0,71,71,0,measured_performance,False
P-53136:WC-1966,historical,78,78,0,78,78,0,measured_performance,False
P-53140:WC-1966,historical,84,84,0,84,84,0,measured_performance,False
P-53140:WC-1970,historical,88,88,0,88,88,0,measured_performance,False
P-53140:WC-1974,historical,84,84,0,84,84,0,measured_performance,False
P-53152:WC-1986,historical,78,79,1,78,79,1,measured_performance,False
P-53153:WC-1982,historical,83,83,0,83,83,0,measured_performance,False
P-53183:WC-1954,historical,79,80,1,79,80,1,measured_performance,False
P-53189:WC-1970,historical,88,88,0,88,88,0,measured_performance,False
P-53197:WC-1998,historical,78,78,0,78,78,0,measured_performance,False
P-53197:WC-2002,historical,71,71,0,71,71,0,measured_performance,False
P-53202:WC-1966,historical,73,73,0,73,73,0,measured_performance,False
P-53202:WC-1970,historical,88,88,0,88,88,0,measured_performance,False
P-53231:WC-2010,historical,70,70,0,70,70,0,measured_performance,False
P-53235:WC-1978,historical,72,73,1,72,73,1,measured_performance,False
P-53238:WC-1934,historical,88,88,0,88,88,0,measured_performance,False
P-53238:WC-1938,historical,72,72,0,72,72,0,measured_performance,False
P-53254:WC-2010,historical,88,88,0,88,88,0,measured_performance,False
P-53254:WC-2014,historical,70,70,0,70,70,0,measured_performance,False
P-53255:WC-1954,historical,89,89,0,72,73,1,career_stature_estimate,False
P-53255:WC-1958,historical,89,89,0,70,70,0,career_stature_estimate,False
P-53255:WC-1962,historical,90,90,0,74,75,1,career_stature_estimate,False
P-53257:WC-1966,historical,71,71,0,71,71,0,measured_performance,False
P-53258:WC-1994,historical,76,77,1,76,77,1,measured_performance,False
P-53262:WC-1998,historical,88,88,0,88,88,0,measured_performance,False
P-53270:WC-2018,historical,73,73,0,73,73,0,measured_performance,False
P-53272:WC-2010,historical,88,88,0,88,88,0,measured_performance,False
P-53272:WC-2014,historical,84,85,1,84,85,1,measured_performance,False
P-53272:WC-2018,historical,88,88,0,88,88,0,measured_performance,False
P-53272:WC-2022,historical,71,71,0,71,71,0,measured_performance,False
P-53278:WC-1978,historical,71,71,0,71,71,0,measured_performance,False
P-53282:WC-2018,historical,68,68,0,68,68,0,measured_performance,False
P-53282:WC-2022,historical,80,81,1,80,81,1,measured_performance,False
P-53299:WC-1990,historical,75,76,1,75,76,1,measured_performance,False
P-53302:WC-1954,historical,77,78,1,77,78,1,measured_performance,False
P-53311:WC-1982,historical,71,71,0,71,71,0,measured_performance,False
P-53341:WC-1990,historical,82,83,1,82,83,1,measured_performance,False
P-53341:WC-1994,historical,71,71,0,71,71,0,measured_performance,False
P-53344:WC-1934,historical,72,72,0,72,72,0,measured_performance,False
P-53363:WC-2010,historical,79,79,0,79,79,0,measured_performance,False
P-53363:WC-2014,historical,71,71,0,71,71,0,measured_performance,False
P-53378:WC-2006,historical,71,71,0,71,71,0,measured_performance,False
P-53385:WC-2018,historical,71,71,0,71,71,0,measured_performance,False
P-53388:WC-1982,historical,74,75,1,74,75,1,measured_performance,False
P-53390:WC-1974,historical,87,87,0,87,87,0,measured_performance,False
P-53398:WC-1990,historical,73,73,0,73,73,0,measured_performance,False
P-53399:WC-1982,historical,77,77,0,77,77,0,measured_performance,False
P-53400:WC-1962,historical,87,87,0,87,87,0,measured_performance,False
P-53409:WC-2022,historical,68,68,0,68,68,0,measured_performance,False
P-53430:WC-1990,historical,70,70,0,70,70,0,measured_performance,False
P-53448:WC-1998,historical,71,71,0,71,71,0,measured_performance,False
P-53448:WC-2002,historical,72,72,0,72,72,0,measured_performance,False
P-53448:WC-2006,historical,80,80,0,80,80,0,measured_performance,False
P-53452:WC-2010,historical,72,72,0,72,72,0,measured_performance,False
P-53452:WC-2014,historical,71,71,0,71,71,0,measured_performance,False
P-53452:WC-2022,historical,85,86,1,85,86,1,measured_performance,False
P-53464:WC-2002,historical,70,70,0,70,70,0,measured_performance,False
P-53466:WC-1938,historical,84,84,0,84,84,0,measured_performance,False
P-53489:WC-1962,historical,88,88,0,88,88,0,measured_performance,False
P-53503:WC-1994,historical,71,71,0,71,71,0,measured_performance,False
P-53533:WC-2002,historical,72,72,0,72,72,0,measured_performance,False
P-53533:WC-2010,historical,71,71,0,71,71,0,measured_performance,False
P-53545:WC-1954,historical,88,88,0,88,88,0,measured_performance,False
P-53546:WC-1998,historical,73,74,1,73,74,1,measured_performance,False
P-53572:WC-1990,historical,72,72,0,72,72,0,measured_performance,False
P-53579:WC-1958,historical,71,72,1,71,72,1,measured_performance,False
P-53581:WC-1978,historical,77,77,0,77,77,0,measured_performance,False
P-53590:WC-2002,historical,80,80,0,80,80,0,measured_performance,False
P-53593:WC-2010,historical,72,72,0,72,72,0,measured_performance,False
P-53638:WC-1966,historical,73,73,0,73,73,0,measured_performance,False
P-53641:WC-1954,historical,72,73,1,72,73,1,measured_performance,False
P-53655:WC-1950,historical,72,72,0,72,72,0,measured_performance,False
P-53668:WC-2010,historical,88,88,0,88,88,0,measured_performance,False
P-53668:WC-2014,historical,88,88,0,88,88,0,measured_performance,False
P-53680:WC-2002,historical,71,71,0,71,71,0,measured_performance,False
P-53694:WC-2018,historical,71,71,0,71,71,0,measured_performance,False
P-53694:WC-2022,historical,71,71,0,71,71,0,measured_performance,False
P-53701:WC-2018,historical,79,80,1,79,80,1,measured_performance,False
P-53716:WC-1998,historical,88,88,0,88,88,0,measured_performance,False
P-53716:WC-2002,historical,78,79,1,78,79,1,measured_performance,False
P-53723:WC-1998,historical,71,71,0,71,71,0,measured_performance,False
P-53723:WC-2002,historical,71,71,0,71,71,0,measured_performance,False
P-53735:WC-1986,historical,73,74,1,73,74,1,measured_performance,False
P-53740:WC-1938,historical,88,88,0,88,88,0,measured_performance,False
P-53754:WC-1970,historical,68,68,0,68,68,0,measured_performance,False
P-53789:WC-1982,historical,70,70,0,70,70,0,measured_performance,False
P-53791:WC-1982,historical,88,88,0,88,88,0,measured_performance,False
P-53798:WC-1982,historical,87,87,0,87,87,0,measured_performance,False
P-53798:WC-1986,historical,76,77,1,76,77,1,measured_performance,False
P-53800:WC-1966,historical,88,88,0,88,88,0,measured_performance,False
P-53800:WC-1970,historical,71,71,0,71,71,0,measured_performance,False
P-53803:WC-1986,historical,84,84,0,84,84,0,measured_performance,False
P-53809:WC-2002,historical,71,71,0,71,71,0,measured_performance,False
P-53817:WC-1994,historical,68,68,0,68,68,0,measured_performance,False
P-53821:WC-2002,historical,68,68,0,68,68,0,measured_performance,False
P-53824:WC-1986,historical,73,74,1,73,74,1,measured_performance,False
P-53829:WC-2002,historical,72,72,0,72,72,0,measured_performance,False
P-53843:WC-1982,historical,71,71,0,71,71,0,measured_performance,False
P-53843:WC-1986,historical,70,70,0,70,70,0,measured_performance,False
P-53843:WC-1990,historical,75,76,1,75,76,1,measured_performance,False
P-53856:WC-1930,historical,88,88,0,88,88,0,measured_performance,False
P-53863:WC-2010,historical,75,76,1,75,76,1,measured_performance,False
P-53874:WC-2002,historical,71,71,0,71,71,0,measured_performance,False
P-53874:WC-2006,historical,71,71,0,71,71,0,measured_performance,False
P-53878:WC-1930,historical,71,71,0,71,71,0,measured_performance,False
P-53878:WC-1934,historical,73,74,1,73,74,1,measured_performance,False
P-53882:WC-1954,historical,97,97,0,88,88,0,career_stature_estimate,False
P-53883:WC-1950,historical,71,71,0,71,71,0,measured_performance,False
P-53884:WC-1966,historical,88,88,0,88,88,0,measured_performance,False
P-53936:WC-1990,historical,77,77,0,77,77,0,measured_performance,False
P-53943:WC-2006,historical,88,88,0,88,88,0,measured_performance,False
P-53949:WC-1954,historical,66,66,0,66,66,0,baseline_anchor_estimate,False
P-53955:WC-1986,historical,72,72,0,72,72,0,measured_performance,False
P-53957:WC-2014,historical,71,71,0,71,71,0,measured_performance,False
P-53957:WC-2018,historical,83,83,0,83,83,0,measured_performance,False
P-53957:WC-2022,historical,71,71,0,71,71,0,measured_performance,False
P-53967:WC-2022,historical,72,72,0,72,72,0,measured_performance,False
P-53970:WC-1974,historical,72,72,0,72,72,0,measured_performance,False
P-53978:WC-1934,historical,88,88,0,88,88,0,measured_performance,False
P-53978:WC-1938,historical,87,87,0,87,87,0,measured_performance,False
P-54003:WC-1998,historical,86,86,0,86,86,0,measured_performance,False
P-54013:WC-2014,historical,88,88,0,88,88,0,measured_performance,False
P-54013:WC-2018,historical,88,88,0,88,88,0,measured_performance,False
P-54028:WC-1982,historical,72,72,0,72,72,0,measured_performance,False
P-54036:WC-2014,historical,88,88,0,88,88,0,measured_performance,False
P-54040:WC-1978,historical,77,78,1,77,78,1,measured_performance,False
P-54040:WC-1982,historical,88,88,0,88,88,0,measured_performance,False
P-54042:WC-2006,historical,78,79,1,78,79,1,measured_performance,False
P-54042:WC-2014,historical,88,88,0,88,88,0,measured_performance,False
P-54079:WC-1986,historical,71,71,0,71,71,0,measured_performance,False
P-54098:WC-1978,historical,88,88,0,88,88,0,measured_performance,False
P-54098:WC-1982,historical,87,87,0,87,87,0,measured_performance,False
P-54100:WC-2014,historical,75,76,1,75,76,1,measured_performance,False
P-54102:WC-2002,historical,72,72,0,72,72,0,measured_performance,False
P-54124:WC-1950,historical,79,80,1,79,80,1,measured_performance,False
P-54130:WC-1998,historical,71,71,0,71,71,0,measured_performance,False
P-54137:WC-2018,historical,71,71,0,71,71,0,measured_performance,False
P-54138:WC-2018,historical,81,82,1,81,82,1,measured_performance,False
P-54152:WC-1950,historical,66,66,0,66,66,0,baseline_anchor_estimate,False
P-54160:WC-1994,historical,71,71,0,71,71,0,measured_performance,False
P-54160:WC-1998,historical,71,71,0,71,71,0,measured_performance,False
P-54171:WC-1978,historical,88,88,0,88,88,0,measured_performance,False
P-54211:WC-2022,historical,71,71,0,71,71,0,measured_performance,False
P-54224:WC-1982,historical,70,70,0,70,70,0,measured_performance,False
P-54240:WC-1954,historical,71,72,1,71,72,1,measured_performance,False
P-54240:WC-1958,historical,71,72,1,71,72,1,measured_performance,False
P-54287:WC-1994,historical,86,86,0,86,86,0,measured_performance,False
P-54287:WC-1998,historical,79,80,1,79,80,1,measured_performance,False
P-54290:WC-1998,historical,68,68,0,68,68,0,measured_performance,False
P-54298:WC-1998,historical,84,84,0,84,84,0,measured_performance,False
P-54298:WC-2002,historical,71,71,0,71,71,0,measured_performance,False
P-54298:WC-2006,historical,84,84,0,84,84,0,measured_performance,False
P-54298:WC-2010,historical,71,71,0,71,71,0,measured_performance,False
P-54301:WC-1930,historical,77,78,1,77,78,1,measured_performance,False
P-54317:WC-1990,historical,73,74,1,73,74,1,measured_performance,False
P-54322:WC-1990,historical,72,72,0,72,72,0,measured_performance,False
P-54322:WC-1994,historical,88,88,0,88,88,0,measured_performance,False
P-54322:WC-1998,historical,71,71,0,71,71,0,measured_performance,False
P-54370:WC-1974,historical,69,69,0,69,69,0,measured_performance,False
P-54370:WC-1978,historical,68,68,0,68,68,0,measured_performance,False
P-54377:WC-1970,historical,72,73,1,72,73,1,measured_performance,False
P-54379:WC-1958,historical,80,80,0,80,80,0,measured_performance,False
P-54379:WC-1962,historical,81,81,0,81,81,0,measured_performance,False
P-54406:WC-1938,historical,73,74,1,73,74,1,measured_performance,False
P-54426:WC-1998,historical,70,70,0,70,70,0,measured_performance,False
P-54429:WC-2002,historical,71,71,0,71,71,0,measured_performance,False
P-54444:WC-1990,historical,73,74,1,73,74,1,measured_performance,False
P-54461:WC-2018,historical,88,88,0,88,88,0,measured_performance,False
P-54466:WC-1950,historical,73,73,0,73,73,0,measured_performance,False
P-54481:WC-1950,historical,88,88,0,88,88,0,measured_performance,False
P-54489:WC-1934,historical,72,72,0,72,72,0,measured_performance,False
P-54489:WC-1938,historical,88,88,0,88,88,0,measured_performance,False
P-54492:WC-2018,historical,73,73,0,73,73,0,measured_performance,False
P-54495:WC-2022,historical,71,71,0,71,71,0,measured_performance,False
P-54506:WC-2022,historical,87,87,0,87,87,0,measured_performance,False
P-54509:WC-1950,historical,73,73,0,73,73,0,baseline_anchor_estimate,False
P-54517:WC-2022,historical,88,88,0,88,88,0,measured_performance,False
P-54533:WC-2006,historical,80,80,0,80,80,0,measured_performance,False
P-54550:WC-2018,historical,68,68,0,68,68,0,measured_performance,False
P-54557:WC-1930,historical,73,74,1,73,74,1,measured_performance,False
P-54611:WC-1974,historical,71,71,0,71,71,0,measured_performance,False
P-54632:WC-1994,historical,72,72,0,72,72,0,measured_performance,False
P-54653:WC-1998,historical,73,74,1,73,74,1,measured_performance,False
P-54658:WC-2010,historical,70,70,0,70,70,0,measured_performance,False
P-54675:WC-2006,historical,74,75,1,74,75,1,measured_performance,False
P-54694:WC-2010,historical,79,79,0,79,79,0,measured_performance,False
P-54695:WC-1934,historical,81,81,0,81,81,0,measured_performance,False
P-54697:WC-1930,historical,88,88,0,88,88,0,measured_performance,False
P-54713:WC-2006,historical,71,71,0,71,71,0,measured_performance,False
P-54713:WC-2010,historical,71,71,0,71,71,0,measured_performance,False
P-54713:WC-2014,historical,80,80,0,80,80,0,measured_performance,False
P-54713:WC-2018,historical,79,80,1,79,80,1,measured_performance,False
P-54736:WC-1974,historical,72,72,0,72,72,0,measured_performance,False
P-54760:WC-1978,historical,71,71,0,71,71,0,measured_performance,False
P-54768:WC-2006,historical,71,71,0,71,71,0,measured_performance,False
P-54786:WC-1974,historical,75,76,1,75,76,1,measured_performance,False
P-54804:WC-2010,historical,72,72,0,72,72,0,measured_performance,False
P-54805:WC-1994,historical,80,80,0,80,80,0,measured_performance,False
P-54827:WC-2022,historical,88,88,0,88,88,0,measured_performance,False
P-54840:WC-1950,historical,81,82,1,81,82,1,measured_performance,False
P-54866:WC-1958,historical,72,72,0,72,72,0,measured_performance,False
P-54892:WC-1934,historical,73,73,0,73,73,0,measured_performance,False
P-54903:WC-2006,historical,71,71,0,71,71,0,measured_performance,False
P-54946:WC-1998,historical,71,71,0,71,71,0,measured_performance,False
P-54948:WC-1958,historical,83,83,0,83,83,0,measured_performance,False
P-54985:WC-1998,historical,81,81,0,81,81,0,measured_performance,False
P-55017:WC-2010,historical,71,71,0,71,71,0,measured_performance,False
P-55024:WC-1958,historical,71,72,1,71,72,1,measured_performance,False
P-55024:WC-1962,historical,90,90,0,90,90,0,measured_performance,False
P-55047:WC-1990,historical,74,75,1,74,75,1,measured_performance,False
P-55057:WC-1962,historical,74,75,1,74,75,1,measured_performance,False
P-55057:WC-1966,historical,71,71,0,71,71,0,measured_performance,False
P-55097:WC-1990,historical,75,76,1,75,76,1,measured_performance,False
P-55097:WC-1994,historical,76,77,1,76,77,1,measured_performance,False
P-55097:WC-1998,historical,78,78,0,78,78,0,measured_performance,False
P-55097:WC-2002,historical,88,88,0,88,88,0,measured_performance,False
P-55099:WC-1978,historical,72,72,0,72,72,0,measured_performance,False
P-55121:WC-1982,historical,77,77,0,77,77,0,measured_performance,False
P-55125:WC-2006,historical,78,79,1,78,79,1,measured_performance,False
P-55140:WC-2018,historical,74,75,1,74,75,1,measured_performance,False
P-55140:WC-2022,historical,71,71,0,71,71,0,measured_performance,False
P-55170:WC-2002,historical,86,86,0,86,86,0,measured_performance,False
P-55170:WC-2006,historical,82,83,1,82,83,1,measured_performance,False
P-55197:WC-1998,historical,73,73,0,73,73,0,measured_performance,False
P-55219:WC-1986,historical,71,71,0,71,71,0,measured_performance,False
P-55221:WC-1966,historical,72,72,0,72,72,0,measured_performance,False
P-55225:WC-1958,historical,88,88,0,88,88,0,measured_performance,False
P-55225:WC-1962,historical,85,85,0,85,85,0,measured_performance,False
P-55236:WC-2018,historical,72,72,0,72,72,0,measured_performance,False
P-55242:WC-1962,historical,72,72,0,72,72,0,measured_performance,False
P-55244:WC-2002,historical,68,68,0,68,68,0,measured_performance,False
P-55250:WC-1998,historical,68,68,0,68,68,0,measured_performance,False
P-55272:WC-1962,historical,79,80,1,79,80,1,measured_performance,False
P-55273:WC-1930,historical,70,70,0,70,70,0,baseline_anchor_estimate,False
P-55293:WC-2002,historical,83,83,0,83,83,0,measured_performance,False
P-55298:WC-2018,historical,79,80,1,79,80,1,measured_performance,False
P-55298:WC-2022,historical,87,87,0,87,87,0,measured_performance,False
P-55304:WC-1930,historical,86,86,0,86,86,0,measured_performance,False
P-55311:WC-1998,historical,72,72,0,72,72,0,measured_performance,False
P-55321:WC-2006,historical,72,72,0,72,72,0,measured_performance,False
P-55321:WC-2010,historical,72,73,1,72,73,1,measured_performance,False
P-55321:WC-2014,historical,73,73,0,73,73,0,measured_performance,False
P-55350:WC-1994,historical,72,72,0,72,72,0,measured_performance,False
P-55350:WC-1998,historical,75,75,0,75,75,0,measured_performance,False
P-55367:WC-2022,historical,79,79,0,79,79,0,measured_performance,False
P-55381:WC-1982,historical,74,75,1,74,75,1,measured_performance,False
P-55388:WC-2006,historical,71,71,0,71,71,0,measured_performance,False
P-55391:WC-2002,historical,68,68,0,68,68,0,measured_performance,False
P-55392:WC-1934,historical,81,81,0,81,81,0,measured_performance,False
P-55392:WC-1938,historical,72,72,0,72,72,0,measured_performance,False
P-55399:WC-1966,historical,72,72,0,72,72,0,baseline_anchor_estimate,False
P-55404:WC-2010,historical,79,79,0,79,79,0,measured_performance,False
P-55405:WC-2006,historical,80,80,0,80,80,0,measured_performance,False
P-55416:WC-2010,historical,68,68,0,68,68,0,measured_performance,False
P-55416:WC-2014,historical,78,79,1,78,79,1,measured_performance,False
P-55432:WC-1970,historical,72,72,0,72,72,0,measured_performance,False
P-55438:WC-1982,historical,72,72,0,72,72,0,measured_performance,False
P-55444:WC-1934,historical,73,74,1,73,74,1,measured_performance,False
P-55451:WC-2010,historical,71,71,0,71,71,0,measured_performance,False
P-55451:WC-2014,historical,74,75,1,74,75,1,measured_performance,False
P-55453:WC-2014,historical,78,79,1,78,79,1,measured_performance,False
P-55456:WC-2006,historical,80,80,0,80,80,0,measured_performance,False
P-55485:WC-2006,historical,68,68,0,68,68,0,measured_performance,False
P-55504:WC-2002,historical,88,88,0,88,88,0,measured_performance,False
P-55504:WC-2006,historical,88,88,0,88,88,0,measured_performance,False
P-55511:WC-1998,historical,78,78,0,78,78,0,measured_performance,False
P-55511:WC-2002,historical,78,79,1,78,79,1,measured_performance,False
P-55511:WC-2006,historical,88,88,0,88,88,0,measured_performance,False
P-55518:WC-1998,historical,78,78,0,78,78,0,measured_performance,False
P-55518:WC-2002,historical,72,72,0,72,72,0,measured_performance,False
P-55526:WC-1958,historical,68,68,0,68,68,0,measured_performance,False
P-55526:WC-1962,historical,72,72,0,72,72,0,baseline_anchor_estimate,False
P-55538:WC-2010,historical,71,71,0,71,71,0,measured_performance,False
P-55581:WC-2006,historical,71,71,0,71,71,0,measured_performance,False
P-55581:WC-2010,historical,82,83,1,82,83,1,measured_performance,False
P-55586:WC-1938,historical,73,74,1,73,74,1,measured_performance,False
P-55590:WC-2022,historical,87,87,0,87,87,0,measured_performance,False
P-55597:WC-2022,historical,68,68,0,68,68,0,measured_performance,False
P-55616:WC-2002,historical,79,79,0,79,79,0,measured_performance,False
P-55632:WC-1938,historical,72,72,0,72,72,0,measured_performance,False
P-55650:WC-1990,historical,88,88,0,88,88,0,measured_performance,False
P-55653:WC-1982,historical,77,77,0,77,77,0,measured_performance,False
P-55659:WC-2006,historical,91,91,0,88,88,0,career_stature_estimate,True
P-55659:WC-2010,historical,89,89,0,75,76,1,career_stature_estimate,True
P-55665:WC-2022,historical,68,68,0,68,68,0,measured_performance,False
P-55673:WC-2002,historical,71,71,0,71,71,0,measured_performance,False
P-55710:WC-2018,historical,81,81,0,81,81,0,measured_performance,False
P-55717:WC-2014,historical,73,73,0,73,73,0,measured_performance,False
P-55727:WC-2002,historical,68,68,0,68,68,0,measured_performance,False
P-55727:WC-2010,historical,72,73,1,72,73,1,measured_performance,False
P-55733:WC-1986,historical,73,74,1,73,74,1,measured_performance,False
P-55734:WC-1966,historical,84,84,0,84,84,0,measured_performance,False
P-55734:WC-1970,historical,72,72,0,72,72,0,measured_performance,False
P-55739:WC-2006,historical,71,71,0,71,71,0,measured_performance,False
P-55761:WC-1974,historical,83,83,0,83,83,0,measured_performance,False
P-55762:WC-2014,historical,71,71,0,71,71,0,measured_performance,False
P-55781:WC-2006,historical,71,72,1,71,72,1,measured_performance,False
P-55784:WC-2006,historical,72,72,0,72,72,0,measured_performance,False
P-55794:WC-1982,historical,87,87,0,87,87,0,measured_performance,False
P-55794:WC-1986,historical,84,84,0,84,84,0,measured_performance,False
P-55809:WC-2014,historical,71,71,0,71,71,0,measured_performance,False
P-55821:WC-2022,historical,79,79,0,79,79,0,measured_performance,False
P-55839:WC-1958,historical,66,66,0,66,66,0,baseline_anchor_estimate,False
P-55852:WC-1978,historical,71,72,1,71,72,1,measured_performance,False
P-55855:WC-1934,historical,85,86,1,85,86,1,measured_performance,False
P-55855:WC-1938,historical,88,88,0,88,88,0,measured_performance,False
P-55859:WC-1934,historical,66,66,0,66,66,0,baseline_anchor_estimate,False
P-55869:WC-1978,historical,73,74,1,73,74,1,measured_performance,False
P-55894:WC-1978,historical,84,84,0,84,84,0,measured_performance,False
P-55906:WC-1950,historical,69,69,0,69,69,0,measured_performance,False
P-55916:WC-1994,historical,68,68,0,68,68,0,measured_performance,False
P-55917:WC-1982,historical,71,71,0,71,71,0,measured_performance,False
P-55928:WC-1970,historical,74,75,1,74,75,1,measured_performance,False
P-55935:WC-2014,historical,75,76,1,75,76,1,measured_performance,False
P-55965:WC-2022,historical,82,83,1,82,83,1,measured_performance,False
P-55970:WC-1982,historical,71,71,0,71,71,0,measured_performance,False
P-55991:WC-1998,historical,90,90,0,90,90,0,career_stature_estimate,False
P-55991:WC-2002,historical,90,90,0,84,84,0,career_stature_estimate,False
P-55991:WC-2006,historical,90,90,0,88,88,0,career_stature_estimate,False
P-55994:WC-1994,historical,85,85,0,85,85,0,measured_performance,False
P-55994:WC-1998,historical,72,72,0,72,72,0,measured_performance,False
P-56006:WC-2006,historical,87,87,0,87,87,0,measured_performance,False
P-56023:WC-2006,historical,74,75,1,74,75,1,measured_performance,False
P-56029:WC-2022,historical,90,90,0,88,88,0,career_stature_estimate,True
P-56057:WC-1998,historical,71,71,0,71,71,0,measured_performance,False
P-56060:WC-1938,historical,71,71,0,71,71,0,baseline_anchor_estimate,False
P-56063:WC-1978,historical,71,71,0,71,71,0,measured_performance,False
P-56069:WC-2022,historical,76,77,1,76,77,1,measured_performance,False
P-56076:WC-1986,historical,68,68,0,68,68,0,measured_performance,False
P-56094:WC-1982,historical,81,81,0,81,81,0,measured_performance,False
P-56094:WC-1986,historical,71,71,0,71,71,0,measured_performance,False
P-56108:WC-1958,historical,83,83,0,83,83,0,measured_performance,False
P-56114:WC-1930,historical,72,72,0,72,72,0,measured_performance,False
P-56119:WC-2002,historical,68,68,0,68,68,0,measured_performance,False
P-56182:WC-2022,historical,71,71,0,71,71,0,measured_performance,False
P-56193:WC-1982,historical,71,71,0,71,71,0,measured_performance,False
P-56198:WC-1938,historical,66,66,0,66,66,0,baseline_anchor_estimate,False
P-56205:WC-1958,historical,68,68,0,68,68,0,measured_performance,False
P-56205:WC-1962,historical,69,69,0,69,69,0,measured_performance,False
P-56223:WC-1938,historical,84,84,0,84,84,0,measured_performance,False
P-56225:WC-1970,historical,70,70,0,70,70,0,measured_performance,False
P-56227:WC-1998,historical,72,72,0,72,72,0,measured_performance,False
P-56231:WC-1934,historical,88,88,0,88,88,0,measured_performance,False
P-56255:WC-1978,historical,71,71,0,71,71,0,measured_performance,False
P-56270:WC-1990,historical,72,72,0,72,72,0,measured_performance,False
P-56280:WC-2014,historical,78,79,1,78,79,1,measured_performance,False
P-56280:WC-2018,historical,72,72,0,72,72,0,measured_performance,False
P-56282:WC-2006,historical,71,71,0,71,71,0,measured_performance,False
P-56284:WC-2010,historical,79,79,0,79,79,0,measured_performance,False
P-56293:WC-2002,historical,71,71,0,71,71,0,measured_performance,False
P-56297:WC-2014,historical,78,79,1,78,79,1,measured_performance,False
P-56297:WC-2018,historical,88,88,0,88,88,0,measured_performance,False
P-56297:WC-2022,historical,88,88,0,88,88,0,measured_performance,False
P-56299:WC-2006,historical,73,73,0,73,73,0,measured_performance,False
P-56303:WC-1938,historical,72,72,0,72,72,0,measured_performance,False
P-56330:WC-2006,historical,89,89,0,71,71,0,career_stature_estimate,True
P-56330:WC-2010,historical,93,93,0,88,88,0,career_stature_estimate,True
P-56330:WC-2014,historical,90,90,0,75,76,1,career_stature_estimate,True
P-56330:WC-2018,historical,91,91,0,79,80,1,career_stature_estimate,True
P-56334:WC-1982,historical,68,68,0,68,68,0,measured_performance,False
P-56334:WC-1990,historical,75,76,1,75,76,1,measured_performance,False
P-56347:WC-2022,historical,84,85,1,84,85,1,measured_performance,False
P-56348:WC-2002,historical,68,68,0,68,68,0,measured_performance,False
P-56360:WC-1958,historical,71,71,0,71,71,0,baseline_anchor_estimate,False
P-56385:WC-1998,historical,71,71,0,71,71,0,measured_performance,False
P-56385:WC-2002,historical,71,71,0,71,71,0,measured_performance,False
P-56398:WC-2014,historical,68,68,0,68,68,0,measured_performance,False
P-56398:WC-2018,historical,86,86,0,86,86,0,measured_performance,False
P-56398:WC-2022,historical,72,73,1,72,73,1,measured_performance,False
P-56412:WC-1982,historical,68,68,0,68,68,0,measured_performance,False
P-56430:WC-1998,historical,98,98,0,88,88,0,career_stature_estimate,True
P-56430:WC-2002,historical,91,91,0,71,71,0,career_stature_estimate,True
P-56430:WC-2006,historical,98,98,0,91,91,0,career_stature_estimate,True
P-56448:WC-2010,historical,72,73,1,72,73,1,measured_performance,False
P-56453:WC-1950,historical,80,80,0,80,80,0,measured_performance,False
P-56457:WC-1966,historical,88,88,0,88,88,0,measured_performance,False
P-56459:WC-1930,historical,88,88,0,88,88,0,measured_performance,False
P-56476:WC-1934,historical,72,72,0,72,72,0,measured_performance,False
P-56486:WC-1930,historical,89,89,0,90,90,0,career_stature_estimate,False
P-56491:WC-1982,historical,81,81,0,81,81,0,measured_performance,False
P-56493:WC-1962,historical,66,66,0,66,66,0,baseline_anchor_estimate,False
P-56496:WC-1994,historical,87,87,0,87,87,0,measured_performance,False
P-56496:WC-1998,historical,72,72,0,72,72,0,measured_performance,False
P-56499:WC-1978,historical,87,87,0,87,87,0,measured_performance,False
P-56500:WC-1986,historical,68,68,0,68,68,0,measured_performance,False
P-56503:WC-2022,historical,79,79,0,79,79,0,measured_performance,False
P-56505:WC-1990,historical,68,68,0,68,68,0,measured_performance,False
P-56505:WC-1994,historical,88,88,0,88,88,0,measured_performance,False
P-56505:WC-1998,historical,88,88,0,88,88,0,measured_performance,False
P-56514:WC-1938,historical,72,72,0,72,72,0,measured_performance,False
P-56515:WC-2010,historical,82,83,1,82,83,1,measured_performance,False
P-56518:WC-1974,historical,76,77,1,76,77,1,measured_performance,False
P-56532:WC-2006,historical,80,80,0,80,80,0,measured_performance,False
P-56532:WC-2010,historical,88,88,0,88,88,0,measured_performance,False
P-56533:WC-1982,historical,78,78,0,78,78,0,measured_performance,False
P-56533:WC-1986,historical,87,87,0,87,87,0,measured_performance,False
P-56543:WC-1998,historical,78,78,0,78,78,0,measured_performance,False
P-56543:WC-2002,historical,78,79,1,78,79,1,measured_performance,False
P-56547:WC-2010,historical,75,76,1,75,76,1,measured_performance,False
P-56553:WC-2006,historical,85,85,0,85,85,0,measured_performance,False
P-56577:WC-1990,historical,73,74,1,73,74,1,measured_performance,False
P-56580:WC-1990,historical,71,71,0,71,71,0,measured_performance,False
P-56584:WC-2006,historical,82,82,0,82,82,0,measured_performance,False
P-56613:WC-2002,historical,78,79,1,78,79,1,measured_performance,False
P-56615:WC-1974,historical,71,71,0,71,71,0,measured_performance,False
P-56626:WC-2002,historical,88,88,0,88,88,0,measured_performance,False
P-56626:WC-2006,historical,71,72,1,71,72,1,measured_performance,False
P-56632:WC-2002,historical,68,68,0,68,68,0,measured_performance,False
P-56632:WC-2006,historical,73,73,0,73,73,0,measured_performance,False
P-56643:WC-1998,historical,71,71,0,71,71,0,measured_performance,False
P-56647:WC-2018,historical,73,73,0,73,73,0,measured_performance,False
P-56659:WC-2022,historical,74,74,0,74,74,0,measured_performance,False
P-56664:WC-2022,historical,70,70,0,70,70,0,measured_performance,False
P-56668:WC-1970,historical,73,73,0,73,73,0,measured_performance,False
P-56669:WC-2022,historical,68,68,0,68,68,0,measured_performance,False
P-56673:WC-1950,historical,75,76,1,75,76,1,measured_performance,False
P-56674:WC-1934,historical,75,75,0,75,75,0,measured_performance,False
P-56703:WC-1934,historical,89,89,0,89,89,0,measured_performance,False
P-56718:WC-2002,historical,86,86,0,86,86,0,measured_performance,False
P-56735:WC-1998,historical,88,88,0,88,88,0,measured_performance,False
P-56735:WC-2002,historical,78,79,1,78,79,1,measured_performance,False
P-56743:WC-1986,historical,88,88,0,88,88,0,measured_performance,False
P-56757:WC-1982,historical,70,70,0,70,70,0,measured_performance,False
P-56772:WC-1998,historical,81,81,0,81,81,0,measured_performance,False
P-56778:WC-2002,historical,86,86,0,86,86,0,measured_performance,False
P-56780:WC-1990,historical,80,81,1,80,81,1,measured_performance,False
P-56788:WC-1986,historical,85,86,1,85,86,1,measured_performance,False
P-56788:WC-1998,historical,88,88,0,88,88,0,measured_performance,False
P-56801:WC-1998,historical,71,71,0,71,71,0,measured_performance,False
P-56811:WC-1986,historical,78,79,1,78,79,1,measured_performance,False
P-56817:WC-2010,historical,72,73,1,72,73,1,measured_performance,False
P-56818:WC-1994,historical,81,81,0,81,81,0,measured_performance,False
P-56839:WC-2022,historical,72,73,1,72,73,1,measured_performance,False
P-56844:WC-2006,historical,80,80,0,80,80,0,measured_performance,False
P-56859:WC-2010,historical,75,76,1,75,76,1,measured_performance,False
P-56868:WC-2022,historical,72,73,1,72,73,1,measured_performance,False
P-56893:WC-2010,historical,72,72,0,72,72,0,measured_performance,False
P-56893:WC-2014,historical,72,73,1,72,73,1,measured_performance,False
P-56897:WC-2006,historical,72,72,0,72,72,0,measured_performance,False
P-56908:WC-1930,historical,83,83,0,83,83,0,measured_performance,False
P-56943:WC-1950,historical,76,77,1,76,77,1,measured_performance,False
P-56947:WC-1998,historical,89,89,0,88,88,0,career_stature_estimate,False
P-56947:WC-2002,historical,88,88,0,78,79,1,career_stature_estimate,False
P-56947:WC-2006,historical,89,89,0,88,88,0,career_stature_estimate,False
P-56969:WC-1994,historical,78,79,1,78,79,1,measured_performance,False
P-56969:WC-1998,historical,81,81,0,81,81,0,measured_performance,False
P-56969:WC-2002,historical,70,70,0,70,70,0,measured_performance,False
P-56970:WC-2002,historical,70,70,0,70,70,0,measured_performance,False
P-56971:WC-1970,historical,72,72,0,72,72,0,measured_performance,False
P-56998:WC-2006,historical,71,72,1,71,72,1,measured_performance,False
P-57021:WC-2002,historical,71,71,0,71,71,0,measured_performance,False
P-57021:WC-2006,historical,75,75,0,75,75,0,measured_performance,False
P-57029:WC-2022,historical,87,87,0,87,87,0,measured_performance,False
P-57041:WC-2010,historical,72,72,0,72,72,0,measured_performance,False
P-57058:WC-2010,historical,79,79,0,79,79,0,measured_performance,False
P-57062:WC-1938,historical,72,72,0,72,72,0,measured_performance,False
P-57087:WC-2022,historical,71,71,0,71,71,0,measured_performance,False
P-57098:WC-2022,historical,72,72,0,72,72,0,measured_performance,False
P-57100:WC-2022,historical,71,71,0,71,71,0,measured_performance,False
P-57113:WC-1974,historical,76,77,1,76,77,1,measured_performance,False
P-57115:WC-1930,historical,66,66,0,66,66,0,baseline_anchor_estimate,False
P-57117:WC-1950,historical,75,76,1,75,76,1,measured_performance,False
P-57150:WC-2022,historical,71,71,0,71,71,0,measured_performance,False
P-57157:WC-2018,historical,72,72,0,72,72,0,measured_performance,False
P-57162:WC-1934,historical,78,78,0,78,78,0,measured_performance,False
P-57163:WC-1958,historical,80,80,0,80,80,0,measured_performance,False
P-57174:WC-1986,historical,72,72,0,72,72,0,measured_performance,False
P-57189:WC-1986,historical,71,71,0,71,71,0,measured_performance,False
P-57189:WC-1990,historical,73,73,0,73,73,0,measured_performance,False
P-57200:WC-1954,historical,77,78,1,77,78,1,measured_performance,False
P-57208:WC-1974,historical,72,72,0,72,72,0,measured_performance,False
P-57208:WC-1982,historical,71,71,0,71,71,0,measured_performance,False
P-57240:WC-2010,historical,72,72,0,72,72,0,measured_performance,False
P-57242:WC-1954,historical,79,80,1,79,80,1,measured_performance,False
P-57248:WC-2010,historical,68,68,0,68,68,0,measured_performance,False
P-57248:WC-2014,historical,71,71,0,71,71,0,measured_performance,False
P-57255:WC-1958,historical,71,72,1,71,72,1,measured_performance,False
P-57256:WC-1934,historical,72,72,0,72,72,0,measured_performance,False
P-57256:WC-1938,historical,72,72,0,72,72,0,measured_performance,False
P-57266:WC-1974,historical,83,83,0,83,83,0,measured_performance,False
P-57272:WC-2002,historical,75,76,1,75,76,1,measured_performance,False
P-57284:WC-2002,historical,71,71,0,71,71,0,measured_performance,False
P-57289:WC-1998,historical,71,71,0,71,71,0,measured_performance,False
P-57295:WC-1934,historical,66,66,0,66,66,0,baseline_anchor_estimate,False
P-57303:WC-2018,historical,78,79,1,78,79,1,measured_performance,False
P-57303:WC-2022,historical,71,71,0,71,71,0,measured_performance,False
P-57309:WC-2006,historical,72,72,0,72,72,0,measured_performance,False
P-57315:WC-1966,historical,72,72,0,72,72,0,measured_performance,False
P-57338:WC-2002,historical,72,72,0,72,72,0,measured_performance,False
P-57343:WC-1982,historical,71,71,0,71,71,0,measured_performance,False
P-57352:WC-1930,historical,88,88,0,88,88,0,measured_performance,False
P-57361:WC-2002,historical,95,95,0,88,88,0,career_stature_estimate,True
P-57361:WC-2006,historical,93,93,0,82,82,0,career_stature_estimate,True
P-57363:WC-1934,historical,72,72,0,72,72,0,measured_performance,False
P-57366:WC-1974,historical,71,71,0,71,71,0,measured_performance,False
P-57378:WC-2002,historical,75,76,1,75,76,1,measured_performance,False
P-57401:WC-2022,historical,88,88,0,88,88,0,measured_performance,False
P-57411:WC-2018,historical,79,80,1,79,80,1,measured_performance,False
P-57417:WC-2022,historical,72,72,0,72,72,0,measured_performance,False
P-57430:WC-1962,historical,78,78,0,78,78,0,measured_performance,False
P-57440:WC-1986,historical,71,71,0,71,71,0,measured_performance,False
P-57440:WC-1990,historical,88,88,0,88,88,0,measured_performance,False
P-57447:WC-2006,historical,71,71,0,71,71,0,measured_performance,False
P-57468:WC-1990,historical,75,76,1,75,76,1,measured_performance,False
P-57476:WC-2006,historical,71,71,0,71,71,0,measured_performance,False
P-57476:WC-2018,historical,78,79,1,78,79,1,measured_performance,False
P-57482:WC-2010,historical,72,73,1,72,73,1,measured_performance,False
P-57482:WC-2014,historical,73,73,0,73,73,0,measured_performance,False
P-57494:WC-2018,historical,71,71,0,71,71,0,measured_performance,False
P-57496:WC-2002,historical,90,90,0,75,76,1,career_stature_estimate,True
P-57496:WC-2006,historical,93,93,0,88,88,0,career_stature_estimate,True
P-57511:WC-2022,historical,72,73,1,72,73,1,measured_performance,False
P-57529:WC-2006,historical,88,88,0,88,88,0,measured_performance,False
P-57535:WC-2018,historical,79,80,1,79,80,1,measured_performance,False
P-57535:WC-2022,historical,79,79,0,79,79,0,measured_performance,False
P-57546:WC-1934,historical,88,88,0,88,88,0,measured_performance,False
P-57585:WC-1978,historical,71,72,1,71,72,1,measured_performance,False
P-57586:WC-2022,historical,71,71,0,71,71,0,measured_performance,False
P-57588:WC-2002,historical,88,88,0,88,88,0,measured_performance,False
P-57595:WC-2002,historical,84,84,0,84,84,0,measured_performance,False
P-57606:WC-2010,historical,86,86,0,86,86,0,measured_performance,False
P-57615:WC-2018,historical,79,80,1,79,80,1,measured_performance,False
P-57615:WC-2022,historical,71,71,0,71,71,0,measured_performance,False
P-57616:WC-1978,historical,73,74,1,73,74,1,measured_performance,False
P-57616:WC-1982,historical,72,72,0,72,72,0,measured_performance,False
P-57624:WC-1974,historical,85,85,0,85,85,0,measured_performance,False
P-57626:WC-1998,historical,84,84,0,84,84,0,measured_performance,False
P-57626:WC-2002,historical,71,71,0,71,71,0,measured_performance,False
P-57630:WC-2002,historical,72,72,0,72,72,0,measured_performance,False
P-57631:WC-2002,historical,71,71,0,71,71,0,measured_performance,False
P-57631:WC-2006,historical,83,83,0,83,83,0,measured_performance,False
P-57682:WC-1990,historical,75,76,1,75,76,1,measured_performance,False
P-57696:WC-1998,historical,73,74,1,73,74,1,measured_performance,False
P-57715:WC-2014,historical,68,68,0,68,68,0,measured_performance,False
P-57722:WC-2006,historical,72,72,0,72,72,0,measured_performance,False
P-57722:WC-2014,historical,82,82,0,82,82,0,measured_performance,False
P-57722:WC-2018,historical,72,72,0,72,72,0,measured_performance,False
P-57731:WC-1974,historical,75,76,1,75,76,1,measured_performance,False
P-57739:WC-1954,historical,79,79,0,79,79,0,measured_performance,False
P-57759:WC-2022,historical,72,73,1,72,73,1,measured_performance,False
P-57763:WC-2018,historical,72,73,1,72,73,1,measured_performance,False
P-57771:WC-1990,historical,71,71,0,71,71,0,measured_performance,False
P-57782:WC-2022,historical,76,77,1,76,77,1,measured_performance,False
P-57787:WC-1978,historical,89,89,0,88,88,0,career_stature_estimate,False
P-57789:WC-1962,historical,72,72,0,72,72,0,measured_performance,False
P-57837:WC-1978,historical,80,81,1,80,81,1,measured_performance,False
P-57839:WC-1990,historical,71,71,0,71,71,0,measured_performance,False
P-57865:WC-2014,historical,71,71,0,71,71,0,measured_performance,False
P-57865:WC-2018,historical,72,72,0,72,72,0,measured_performance,False
P-57865:WC-2022,historical,72,72,0,72,72,0,measured_performance,False
P-57868:WC-1950,historical,66,66,0,66,66,0,baseline_anchor_estimate,False
P-57872:WC-1954,historical,77,78,1,77,78,1,measured_performance,False
P-57880:WC-1998,historical,70,70,0,70,70,0,measured_performance,False
P-57898:WC-1998,historical,86,86,0,86,86,0,measured_performance,False
P-57903:WC-2022,historical,71,71,0,71,71,0,measured_performance,False
P-57906:WC-2002,historical,72,72,0,72,72,0,measured_performance,False
P-57908:WC-1970,historical,85,85,0,85,85,0,measured_performance,False
P-57922:WC-2018,historical,73,74,1,73,74,1,measured_performance,False
P-57925:WC-1966,historical,72,72,0,72,72,0,measured_performance,False
P-57931:WC-1982,historical,88,88,0,88,88,0,measured_performance,False
P-57931:WC-1986,historical,84,85,1,84,85,1,measured_performance,False
P-57945:WC-1934,historical,73,74,1,73,74,1,measured_performance,False
P-57948:WC-2010,historical,75,76,1,75,76,1,measured_performance,False
P-57952:WC-1986,historical,76,77,1,76,77,1,measured_performance,False
P-57959:WC-1994,historical,70,70,0,70,70,0,measured_performance,False
P-57969:WC-1962,historical,72,72,0,72,72,0,measured_performance,False
P-57969:WC-1966,historical,77,77,0,77,77,0,measured_performance,False
P-57974:WC-2006,historical,68,68,0,68,68,0,measured_performance,False
P-57975:WC-2002,historical,83,84,1,83,84,1,measured_performance,False
P-57975:WC-2006,historical,72,72,0,72,72,0,measured_performance,False
P-57982:WC-2002,historical,87,87,0,87,87,0,measured_performance,False
P-57982:WC-2006,historical,88,88,0,88,88,0,measured_performance,False
P-57993:WC-1950,historical,70,70,0,70,70,0,baseline_anchor_estimate,False
P-57995:WC-1990,historical,82,83,1,82,83,1,measured_performance,False
P-58000:WC-1974,historical,72,72,0,72,72,0,measured_performance,False
P-58047:WC-1938,historical,71,71,0,71,71,0,measured_performance,False
P-58061:WC-2022,historical,71,71,0,71,71,0,measured_performance,False
P-58069:WC-2002,historical,71,72,1,71,72,1,measured_performance,False
P-58071:WC-1982,historical,72,72,0,72,72,0,measured_performance,False
P-58072:WC-1982,historical,71,71,0,71,71,0,measured_performance,False
P-58080:WC-1982,historical,92,92,0,72,72,0,career_stature_estimate,True
P-58080:WC-1990,historical,97,97,0,88,88,0,career_stature_estimate,True
P-58080:WC-1994,historical,94,94,0,79,79,0,career_stature_estimate,True
P-58088:WC-1938,historical,73,73,0,73,73,0,measured_performance,False
P-58094:WC-2010,historical,72,72,0,72,72,0,measured_performance,False
P-58138:WC-1958,historical,71,72,1,71,72,1,measured_performance,False
P-58180:WC-1954,historical,73,73,0,73,73,0,measured_performance,False
P-58196:WC-1930,historical,71,71,0,71,71,0,measured_performance,False
P-58205:WC-1934,historical,81,81,0,81,81,0,measured_performance,False
P-58212:WC-2002,historical,88,88,0,88,88,0,measured_performance,False
P-58223:WC-1950,historical,71,71,0,71,71,0,measured_performance,False
P-58241:WC-1954,historical,83,84,1,83,84,1,measured_performance,False
P-58264:WC-1974,historical,70,70,0,70,70,0,measured_performance,False
P-58282:WC-1990,historical,86,87,1,86,87,1,measured_performance,False
P-58318:WC-1998,historical,72,72,0,72,72,0,measured_performance,False
P-58348:WC-2010,historical,72,72,0,72,72,0,measured_performance,False
P-58348:WC-2014,historical,83,83,0,83,83,0,measured_performance,False
P-58349:WC-1962,historical,66,66,0,66,66,0,baseline_anchor_estimate,False
P-58363:WC-2018,historical,71,71,0,71,71,0,measured_performance,False
P-58363:WC-2022,historical,76,77,1,76,77,1,measured_performance,False
P-58367:WC-1970,historical,72,72,0,72,72,0,measured_performance,False
P-58374:WC-1990,historical,88,88,0,71,71,0,career_stature_estimate,True
P-58374:WC-1998,historical,91,91,0,91,91,0,career_stature_estimate,True
P-58374:WC-2002,historical,88,88,0,71,71,0,career_stature_estimate,True
P-58383:WC-2014,historical,78,79,1,78,79,1,measured_performance,False
P-58388:WC-2002,historical,89,89,0,73,74,1,career_stature_estimate,True
P-58388:WC-2006,historical,92,92,0,88,88,0,career_stature_estimate,True
P-58388:WC-2010,historical,90,90,0,80,81,1,career_stature_estimate,True
P-58404:WC-1990,historical,82,83,1,82,83,1,measured_performance,False
P-58408:WC-1986,historical,68,68,0,68,68,0,measured_performance,False
P-58415:WC-2006,historical,74,74,0,74,74,0,measured_performance,False
P-58415:WC-2010,historical,71,71,0,71,71,0,measured_performance,False
P-58420:WC-2022,historical,88,88,0,88,88,0,measured_performance,False
P-58423:WC-1966,historical,77,78,1,77,78,1,measured_performance,False
P-58423:WC-1978,historical,72,73,1,72,73,1,measured_performance,False
P-58429:WC-2006,historical,68,68,0,68,68,0,measured_performance,False
P-58433:WC-1966,historical,88,88,0,88,88,0,measured_performance,False
P-58445:WC-1990,historical,71,71,0,71,71,0,measured_performance,False
P-58460:WC-1930,historical,72,72,0,72,72,0,measured_performance,False
P-58464:WC-1994,historical,71,71,0,71,71,0,measured_performance,False
P-58469:WC-1962,historical,72,72,0,72,72,0,measured_performance,False
P-58476:WC-2010,historical,71,71,0,71,71,0,measured_performance,False
P-58476:WC-2014,historical,71,71,0,71,71,0,measured_performance,False
P-58500:WC-1982,historical,77,77,0,77,77,0,measured_performance,False
P-58537:WC-1930,historical,88,88,0,88,88,0,measured_performance,False
P-58540:WC-2018,historical,68,68,0,68,68,0,measured_performance,False
P-58552:WC-1978,historical,71,71,0,71,71,0,measured_performance,False
P-58563:WC-1990,historical,71,71,0,71,71,0,measured_performance,False
P-58585:WC-1962,historical,73,73,0,73,73,0,baseline_anchor_estimate,False
P-58585:WC-1966,historical,72,72,0,72,72,0,measured_performance,False
P-58634:WC-2006,historical,71,71,0,71,71,0,measured_performance,False
P-58640:WC-1938,historical,88,88,0,88,88,0,measured_performance,False
P-58649:WC-2002,historical,78,79,1,78,79,1,measured_performance,False
P-58649:WC-2006,historical,72,72,0,72,72,0,measured_performance,False
P-58656:WC-1934,historical,72,72,0,72,72,0,measured_performance,False
P-58656:WC-1938,historical,85,86,1,85,86,1,measured_performance,False
P-58665:WC-2002,historical,71,71,0,71,71,0,measured_performance,False
P-58669:WC-2018,historical,72,72,0,72,72,0,measured_performance,False
P-58669:WC-2022,historical,71,71,0,71,71,0,measured_performance,False
P-58691:WC-1934,historical,88,88,0,88,88,0,measured_performance,False
P-58691:WC-1938,historical,76,76,0,76,76,0,measured_performance,False
P-58692:WC-2018,historical,72,72,0,72,72,0,measured_performance,False
P-58692:WC-2022,historical,79,79,0,79,79,0,measured_performance,False
P-58711:WC-1998,historical,81,81,0,81,81,0,measured_performance,False
P-58728:WC-1930,historical,73,73,0,73,73,0,measured_performance,False
P-58729:WC-1974,historical,74,75,1,74,75,1,measured_performance,False
P-58731:WC-2006,historical,80,80,0,80,80,0,measured_performance,False
P-58741:WC-2014,historical,72,73,1,72,73,1,measured_performance,False
P-58755:WC-2018,historical,88,88,0,88,88,0,measured_performance,False
P-58755:WC-2022,historical,84,85,1,84,85,1,measured_performance,False
P-58761:WC-1982,historical,68,68,0,68,68,0,measured_performance,False
P-58772:WC-2018,historical,74,75,1,74,75,1,measured_performance,False
P-58791:WC-2018,historical,82,82,0,82,82,0,measured_performance,False
P-58791:WC-2022,historical,76,77,1,76,77,1,measured_performance,False
P-58795:WC-1930,historical,84,84,0,84,84,0,measured_performance,False
P-58801:WC-1970,historical,70,70,0,70,70,0,measured_performance,False
P-58822:WC-2018,historical,70,70,0,70,70,0,measured_performance,False
P-58840:WC-2010,historical,80,81,1,80,81,1,measured_performance,False
P-58852:WC-1938,historical,88,88,0,88,88,0,measured_performance,False
P-58877:WC-1986,historical,73,74,1,73,74,1,measured_performance,False
P-58878:WC-2002,historical,75,76,1,75,76,1,measured_performance,False
P-58900:WC-1962,historical,77,77,0,77,77,0,measured_performance,False
P-58907:WC-2022,historical,88,88,0,88,88,0,measured_performance,False
P-58919:WC-2006,historical,73,73,0,73,73,0,measured_performance,False
P-58924:WC-2018,historical,90,90,0,90,90,0,career_stature_estimate,False
P-58924:WC-2022,historical,90,90,0,88,88,0,career_stature_estimate,False
P-58940:WC-1958,historical,77,78,1,77,78,1,measured_performance,False
P-58940:WC-1962,historical,66,66,0,66,66,0,baseline_anchor_estimate,False
P-58952:WC-2006,historical,68,68,0,68,68,0,measured_performance,False
P-58954:WC-2002,historical,71,71,0,71,71,0,measured_performance,False
P-58955:WC-1950,historical,71,71,0,71,71,0,measured_performance,False
P-58969:WC-1938,historical,72,72,0,72,72,0,measured_performance,False
P-58983:WC-1934,historical,88,88,0,88,88,0,measured_performance,False
P-59016:WC-1982,historical,83,83,0,83,83,0,measured_performance,False
P-59016:WC-1986,historical,88,88,0,88,88,0,measured_performance,False
P-59023:WC-2010,historical,71,71,0,71,71,0,measured_performance,False
P-59033:WC-2022,historical,88,88,0,88,88,0,measured_performance,False
P-59039:WC-2006,historical,85,85,0,85,85,0,measured_performance,False
P-59058:WC-1962,historical,69,69,0,69,69,0,measured_performance,False
P-59058:WC-1966,historical,72,72,0,72,72,0,measured_performance,False
P-59059:WC-1966,historical,85,85,0,85,85,0,measured_performance,False
P-59061:WC-1930,historical,70,70,0,70,70,0,baseline_anchor_estimate,False
P-59066:WC-1954,historical,72,72,0,72,72,0,measured_performance,False
P-59110:WC-1990,historical,82,83,1,82,83,1,measured_performance,False
P-59135:WC-1994,historical,76,77,1,76,77,1,measured_performance,False
P-59138:WC-2010,historical,88,88,0,88,88,0,measured_performance,False
P-59138:WC-2014,historical,83,83,0,83,83,0,measured_performance,False
P-59138:WC-2018,historical,88,88,0,88,88,0,measured_performance,False
P-59138:WC-2022,historical,72,72,0,72,72,0,measured_performance,False
P-59147:WC-2014,historical,84,84,0,84,84,0,measured_performance,False
P-59164:WC-1990,historical,88,88,0,88,88,0,measured_performance,False
P-59164:WC-1994,historical,88,88,0,88,88,0,measured_performance,False
P-59191:WC-1998,historical,88,88,0,88,88,0,measured_performance,False
P-59199:WC-2014,historical,88,88,0,88,88,0,measured_performance,False
P-59228:WC-1966,historical,72,72,0,72,72,0,measured_performance,False
P-59235:WC-1994,historical,73,74,1,73,74,1,measured_performance,False
P-59252:WC-1950,historical,81,81,0,81,81,0,measured_performance,False
P-59270:WC-2010,historical,71,71,0,71,71,0,measured_performance,False
P-59276:WC-1950,historical,81,82,1,81,82,1,measured_performance,False
P-59285:WC-1986,historical,72,72,0,72,72,0,measured_performance,False
P-59293:WC-1950,historical,69,69,0,69,69,0,measured_performance,False
P-59295:WC-1950,historical,84,84,0,84,84,0,measured_performance,False
P-59295:WC-1958,historical,73,73,0,73,73,0,measured_performance,False
P-59298:WC-1998,historical,82,83,1,82,83,1,measured_performance,False
P-59298:WC-2002,historical,82,82,0,82,82,0,measured_performance,False
P-59301:WC-2010,historical,71,71,0,71,71,0,measured_performance,False
P-59303:WC-2022,historical,72,73,1,72,73,1,measured_performance,False
P-59315:WC-1982,historical,70,70,0,70,70,0,measured_performance,False
P-59324:WC-2002,historical,71,71,0,71,71,0,measured_performance,False
P-59324:WC-2006,historical,71,71,0,71,71,0,measured_performance,False
P-59324:WC-2010,historical,84,84,0,84,84,0,measured_performance,False
P-59353:WC-1938,historical,73,74,1,73,74,1,measured_performance,False
P-59372:WC-2002,historical,78,79,1,78,79,1,measured_performance,False
P-59388:WC-1986,historical,88,88,0,88,88,0,measured_performance,False
P-59388:WC-1990,historical,88,88,0,88,88,0,measured_performance,False
P-59388:WC-1994,historical,88,88,0,88,88,0,measured_performance,False
P-59402:WC-1990,historical,81,82,1,81,82,1,measured_performance,False
P-59402:WC-1994,historical,72,72,0,72,72,0,measured_performance,False
P-59412:WC-2002,historical,86,86,0,86,86,0,measured_performance,False
P-59548:WC-2002,historical,80,80,0,80,80,0,measured_performance,False
P-59571:WC-2022,historical,80,81,1,80,81,1,measured_performance,False
P-59574:WC-1978,historical,98,98,0,88,88,0,career_stature_estimate,True
P-59574:WC-1982,historical,98,98,0,89,89,0,career_stature_estimate,True
P-59574:WC-1986,historical,98,98,0,88,88,0,career_stature_estimate,True
P-59589:WC-1934,historical,66,66,0,66,66,0,baseline_anchor_estimate,False
P-59589:WC-1938,historical,66,66,0,66,66,0,baseline_anchor_estimate,False
P-59590:WC-1978,historical,77,78,1,77,78,1,measured_performance,False
P-59609:WC-2022,historical,71,71,0,71,71,0,measured_performance,False
P-59617:WC-2002,historical,72,72,0,72,72,0,measured_performance,False
P-59636:WC-2006,historical,74,75,1,74,75,1,measured_performance,False
P-59636:WC-2010,historical,72,72,0,72,72,0,measured_performance,False
P-59647:WC-1994,historical,88,88,0,88,88,0,measured_performance,False
P-59647:WC-1998,historical,71,71,0,71,71,0,measured_performance,False
P-59682:WC-1982,historical,77,77,0,77,77,0,measured_performance,False
P-59683:WC-2002,historical,71,71,0,71,71,0,measured_performance,False
P-59683:WC-2010,historical,71,71,0,71,71,0,measured_performance,False
P-59697:WC-1982,historical,71,71,0,71,71,0,measured_performance,False
P-59702:WC-2010,historical,72,73,1,72,73,1,measured_performance,False
P-59720:WC-2018,historical,74,75,1,74,75,1,measured_performance,False
P-59727:WC-2018,historical,68,68,0,68,68,0,measured_performance,False
P-59727:WC-2022,historical,87,87,0,87,87,0,measured_performance,False
P-59735:WC-2002,historical,71,71,0,71,71,0,measured_performance,False
P-59774:WC-1982,historical,89,89,0,77,78,1,career_stature_estimate,False
P-59774:WC-1986,historical,89,89,0,73,74,1,career_stature_estimate,False
P-59777:WC-1998,historical,79,80,1,79,80,1,measured_performance,False
P-59777:WC-2002,historical,72,72,0,72,72,0,measured_performance,False
P-59792:WC-1986,historical,81,81,0,81,81,0,measured_performance,False
P-59802:WC-2010,historical,73,73,0,73,73,0,measured_performance,False
P-59802:WC-2014,historical,71,71,0,71,71,0,measured_performance,False
P-59802:WC-2018,historical,71,71,0,71,71,0,measured_performance,False
P-59805:WC-1990,historical,72,72,0,72,72,0,measured_performance,False
P-59805:WC-1994,historical,72,72,0,72,72,0,measured_performance,False
P-59807:WC-1966,historical,66,66,0,66,66,0,baseline_anchor_estimate,False
P-59808:WC-2022,historical,72,73,1,72,73,1,measured_performance,False
P-59823:WC-2014,historical,86,86,0,86,86,0,measured_performance,False
P-59828:WC-1970,historical,72,72,0,72,72,0,measured_performance,False
P-59837:WC-2018,historical,78,79,1,78,79,1,measured_performance,False
P-59837:WC-2022,historical,88,88,0,88,88,0,measured_performance,False
P-59854:WC-1970,historical,84,85,1,84,85,1,measured_performance,False
P-59856:WC-1966,historical,78,78,0,78,78,0,measured_performance,False
P-59856:WC-1970,historical,79,80,1,79,80,1,measured_performance,False
P-59856:WC-1974,historical,76,77,1,76,77,1,measured_performance,False
P-59881:WC-1998,historical,71,71,0,71,71,0,measured_performance,False
P-59886:WC-2002,historical,81,81,0,81,81,0,measured_performance,False
P-59890:WC-1994,historical,68,68,0,68,68,0,measured_performance,False
P-59890:WC-1998,historical,86,86,0,86,86,0,measured_performance,False
P-59901:WC-2006,historical,72,72,0,72,72,0,measured_performance,False
P-59901:WC-2014,historical,75,76,1,75,76,1,measured_performance,False
P-59912:WC-1990,historical,82,83,1,82,83,1,measured_performance,False
P-59934:WC-1966,historical,69,69,0,69,69,0,measured_performance,False
P-59934:WC-1970,historical,88,88,0,88,88,0,measured_performance,False
P-59945:WC-1938,historical,72,72,0,72,72,0,measured_performance,False
P-59950:WC-2018,historical,71,71,0,71,71,0,measured_performance,False
P-59970:WC-2006,historical,71,71,0,71,71,0,measured_performance,False
P-59982:WC-1982,historical,71,71,0,71,71,0,measured_performance,False
P-59996:WC-1950,historical,72,72,0,72,72,0,baseline_anchor_estimate,False
P-59999:WC-2006,historical,68,68,0,68,68,0,measured_performance,False
P-60008:WC-2006,historical,79,80,1,79,80,1,measured_performance,False
P-60008:WC-2010,historical,79,79,0,79,79,0,measured_performance,False
P-60014:WC-1962,historical,66,66,0,66,66,0,baseline_anchor_estimate,False
P-60016:WC-2014,historical,78,78,0,78,78,0,measured_performance,False
P-60020:WC-1954,historical,71,71,0,71,71,0,measured_performance,False
P-60022:WC-1990,historical,88,88,0,88,88,0,measured_performance,False
P-60031:WC-1978,historical,72,72,0,72,72,0,measured_performance,False
P-60032:WC-2006,historical,70,70,0,70,70,0,measured_performance,False
P-60052:WC-1998,historical,71,71,0,71,71,0,measured_performance,False
P-60052:WC-2002,historical,84,84,0,84,84,0,measured_performance,False
P-60079:WC-2002,historical,70,70,0,70,70,0,measured_performance,False
P-60139:WC-2018,historical,74,75,1,74,75,1,measured_performance,False
P-60146:WC-1966,historical,84,84,0,84,84,0,measured_performance,False
P-60159:WC-2014,historical,78,79,1,78,79,1,measured_performance,False
P-60181:WC-1962,historical,72,72,0,72,72,0,measured_performance,False
P-60181:WC-1966,historical,73,74,1,73,74,1,measured_performance,False
P-60181:WC-1970,historical,72,72,0,72,72,0,measured_performance,False
P-60203:WC-1998,historical,85,85,0,85,85,0,measured_performance,False
P-60203:WC-2002,historical,72,72,0,72,72,0,measured_performance,False
P-60216:WC-1970,historical,72,73,1,72,73,1,measured_performance,False
P-60225:WC-1966,historical,88,88,0,88,88,0,measured_performance,False
P-60231:WC-1966,historical,71,71,0,71,71,0,measured_performance,False
P-60304:WC-2010,historical,84,84,0,84,84,0,measured_performance,False
P-60319:WC-1950,historical,66,66,0,66,66,0,baseline_anchor_estimate,False
P-60332:WC-1994,historical,72,72,0,72,72,0,measured_performance,False
P-60333:WC-1938,historical,86,86,0,86,86,0,measured_performance,False
P-60343:WC-1958,historical,66,66,0,66,66,0,baseline_anchor_estimate,False
P-60363:WC-1986,historical,73,74,1,73,74,1,measured_performance,False
P-60365:WC-1938,historical,72,72,0,72,72,0,measured_performance,False
P-60371:WC-1994,historical,88,88,0,88,88,0,measured_performance,False
P-60379:WC-1938,historical,66,66,0,66,66,0,baseline_anchor_estimate,False
P-60414:WC-2010,historical,70,70,0,70,70,0,measured_performance,False
P-60422:WC-2006,historical,71,71,0,71,71,0,measured_performance,False
P-60456:WC-1990,historical,81,82,1,81,82,1,measured_performance,False
P-60461:WC-1982,historical,86,86,0,86,86,0,measured_performance,False
P-60480:WC-1986,historical,71,71,0,71,71,0,measured_performance,False
P-60490:WC-1974,historical,72,73,1,72,73,1,measured_performance,False
P-60505:WC-1930,historical,83,83,0,83,83,0,measured_performance,False
P-60513:WC-1934,historical,89,89,0,90,90,0,career_stature_estimate,False
P-60513:WC-1938,historical,89,89,0,86,86,0,career_stature_estimate,False
P-60541:WC-2010,historical,88,88,0,88,88,0,measured_performance,False
P-60541:WC-2014,historical,88,88,0,88,88,0,measured_performance,False
P-60554:WC-2018,historical,83,83,0,83,83,0,measured_performance,False
P-60562:WC-2002,historical,88,88,0,88,88,0,measured_performance,False
P-60562:WC-2006,historical,72,72,0,72,72,0,measured_performance,False
P-60564:WC-2006,historical,71,71,0,71,71,0,measured_performance,False
P-60570:WC-1978,historical,77,78,1,77,78,1,measured_performance,False
P-60582:WC-1970,historical,79,80,1,79,80,1,measured_performance,False
P-60583:WC-1998,historical,68,68,0,68,68,0,measured_performance,False
P-60592:WC-2010,historical,79,79,0,79,79,0,measured_performance,False
P-60597:WC-1998,historical,80,80,0,80,80,0,measured_performance,False
P-60597:WC-2002,historical,88,88,0,88,88,0,measured_performance,False
P-60597:WC-2006,historical,72,72,0,72,72,0,measured_performance,False
P-60604:WC-1994,historical,71,71,0,71,71,0,measured_performance,False
P-60620:WC-1930,historical,85,85,0,85,85,0,measured_performance,False
P-60629:WC-1958,historical,88,88,0,88,88,0,measured_performance,False
P-60629:WC-1962,historical,72,72,0,72,72,0,measured_performance,False
P-60644:WC-1986,historical,84,84,0,84,84,0,measured_performance,False
P-60652:WC-2018,historical,88,88,0,88,88,0,measured_performance,False
P-60652:WC-2022,historical,73,73,0,73,73,0,measured_performance,False
P-60654:WC-1978,historical,72,72,0,72,72,0,measured_performance,False
P-60666:WC-1938,historical,72,72,0,72,72,0,measured_performance,False
P-60675:WC-2006,historical,82,82,0,82,82,0,measured_performance,False
P-60679:WC-1934,historical,88,88,0,88,88,0,measured_performance,False
P-60686:WC-2002,historical,72,72,0,72,72,0,measured_performance,False
P-60694:WC-1954,historical,71,72,1,71,72,1,measured_performance,False
P-60695:WC-1966,historical,66,66,0,66,66,0,baseline_anchor_estimate,False
P-60697:WC-1982,historical,71,71,0,71,71,0,measured_performance,False
P-60714:WC-1978,historical,74,75,1,74,75,1,measured_performance,False
P-60716:WC-2014,historical,73,73,0,73,73,0,measured_performance,False
P-60716:WC-2018,historical,68,68,0,68,68,0,measured_performance,False
P-60716:WC-2022,historical,72,73,1,72,73,1,measured_performance,False
P-60745:WC-1954,historical,66,66,0,66,66,0,baseline_anchor_estimate,False
P-60766:WC-2002,historical,78,79,1,78,79,1,measured_performance,False
P-60769:WC-2014,historical,71,71,0,71,71,0,measured_performance,False
P-60811:WC-1958,historical,87,87,0,87,87,0,measured_performance,False
P-60811:WC-1962,historical,72,72,0,72,72,0,measured_performance,False
P-60814:WC-1994,historical,72,72,0,72,72,0,measured_performance,False
P-60826:WC-1986,historical,71,71,0,71,71,0,measured_performance,False
P-60828:WC-1934,historical,73,73,0,73,73,0,measured_performance,False
P-60828:WC-1938,historical,66,66,0,66,66,0,baseline_anchor_estimate,False
P-60833:WC-2006,historical,68,68,0,68,68,0,measured_performance,False
P-60841:WC-1998,historical,78,78,0,78,78,0,measured_performance,False
P-60845:WC-1974,historical,69,69,0,69,69,0,measured_performance,False
P-60866:WC-1974,historical,72,73,1,72,73,1,measured_performance,False
P-60866:WC-1978,historical,73,73,0,73,73,0,measured_performance,False
P-60866:WC-1982,historical,88,88,0,88,88,0,measured_performance,False
P-60871:WC-2018,historical,74,75,1,74,75,1,measured_performance,False
P-60872:WC-2018,historical,72,72,0,72,72,0,measured_performance,False
P-60880:WC-2018,historical,74,75,1,74,75,1,measured_performance,False
P-60895:WC-1978,historical,71,72,1,71,72,1,measured_performance,False
P-60896:WC-1966,historical,88,88,0,88,88,0,measured_performance,False
P-60896:WC-1970,historical,88,88,0,88,88,0,measured_performance,False
P-60896:WC-1974,historical,88,88,0,88,88,0,measured_performance,False
P-60914:WC-2002,historical,78,79,1,78,79,1,measured_performance,False
P-60914:WC-2006,historical,87,87,0,87,87,0,measured_performance,False
P-60945:WC-2006,historical,71,71,0,71,71,0,measured_performance,False
P-60964:WC-1994,historical,72,72,0,72,72,0,measured_performance,False
P-60964:WC-1998,historical,71,71,0,71,71,0,measured_performance,False
P-60966:WC-1982,historical,77,77,0,77,77,0,measured_performance,False
P-60969:WC-1986,historical,73,74,1,73,74,1,measured_performance,False
P-60969:WC-1990,historical,88,88,0,88,88,0,measured_performance,False
P-60969:WC-1994,historical,73,73,0,73,73,0,measured_performance,False
P-60977:WC-1934,historical,88,88,0,88,88,0,measured_performance,False
P-60977:WC-1938,historical,88,88,0,88,88,0,measured_performance,False
P-60980:WC-1934,historical,80,80,0,80,80,0,measured_performance,False
P-60980:WC-1938,historical,88,88,0,88,88,0,measured_performance,False
P-61051:WC-2014,historical,88,88,0,88,88,0,measured_performance,False
P-61068:WC-2002,historical,78,79,1,78,79,1,measured_performance,False
P-61074:WC-1966,historical,76,77,1,76,77,1,measured_performance,False
P-61074:WC-1974,historical,71,71,0,71,71,0,measured_performance,False
P-61086:WC-1966,historical,66,66,0,66,66,0,baseline_anchor_estimate,False
P-61105:WC-1998,historical,71,71,0,71,71,0,measured_performance,False
P-61116:WC-1994,historical,84,84,0,84,84,0,measured_performance,False
P-61134:WC-1998,historical,72,72,0,72,72,0,measured_performance,False
P-61157:WC-1978,historical,88,88,0,88,88,0,measured_performance,False
P-61157:WC-1982,historical,88,88,0,88,88,0,measured_performance,False
P-61172:WC-2022,historical,76,77,1,76,77,1,measured_performance,False
P-61178:WC-2014,historical,86,86,0,86,86,0,measured_performance,False
P-61200:WC-1966,historical,76,77,1,76,77,1,measured_performance,False
P-61216:WC-2002,historical,72,72,0,72,72,0,measured_performance,False
P-61216:WC-2006,historical,79,80,1,79,80,1,measured_performance,False
P-61219:WC-1994,historical,72,72,0,72,72,0,measured_performance,False
P-61224:WC-1994,historical,73,74,1,73,74,1,measured_performance,False
P-61224:WC-1998,historical,73,74,1,73,74,1,measured_performance,False
P-61229:WC-2006,historical,80,80,0,80,80,0,measured_performance,False
P-61238:WC-1990,historical,71,71,0,71,71,0,measured_performance,False
P-61240:WC-1978,historical,83,83,0,83,83,0,measured_performance,False
P-61247:WC-1990,historical,72,72,0,72,72,0,measured_performance,False
P-61247:WC-1994,historical,75,75,0,75,75,0,measured_performance,False
P-61251:WC-1990,historical,92,92,0,71,72,1,career_stature_estimate,True
P-61251:WC-1994,historical,98,98,0,91,91,0,career_stature_estimate,True
P-61253:WC-1930,historical,73,74,1,73,74,1,measured_performance,False
P-61253:WC-1934,historical,73,74,1,73,74,1,measured_performance,False
P-61256:WC-2018,historical,72,72,0,72,72,0,measured_performance,False
P-61270:WC-2014,historical,72,72,0,72,72,0,measured_performance,False
P-61271:WC-1966,historical,73,73,0,73,73,0,measured_performance,False
P-61272:WC-1970,historical,86,87,1,86,87,1,measured_performance,False
P-61292:WC-2006,historical,70,70,0,70,70,0,measured_performance,False
P-61292:WC-2010,historical,88,88,0,88,88,0,measured_performance,False
P-61292:WC-2014,historical,72,72,0,72,72,0,measured_performance,False
P-61299:WC-1962,historical,71,71,0,71,71,0,measured_performance,False
P-61313:WC-1962,historical,69,69,0,69,69,0,measured_performance,False
P-61338:WC-1930,historical,88,88,0,88,88,0,measured_performance,False
P-61342:WC-1994,historical,72,72,0,72,72,0,measured_performance,False
P-61365:WC-1978,historical,87,87,0,87,87,0,measured_performance,False
P-61365:WC-1982,historical,87,87,0,87,87,0,measured_performance,False
P-61383:WC-1950,historical,73,73,0,73,73,0,measured_performance,False
P-61392:WC-1930,historical,72,72,0,72,72,0,measured_performance,False
P-61401:WC-1938,historical,72,72,0,72,72,0,measured_performance,False
P-61411:WC-1990,historical,71,72,1,71,72,1,measured_performance,False
P-61413:WC-2022,historical,68,68,0,68,68,0,measured_performance,False
P-61416:WC-2022,historical,76,77,1,76,77,1,measured_performance,False
P-61424:WC-2018,historical,79,80,1,79,80,1,measured_performance,False
P-61478:WC-2002,historical,88,88,0,88,88,0,measured_performance,False
P-61483:WC-1954,historical,88,88,0,88,88,0,measured_performance,False
P-61483:WC-1958,historical,78,79,1,78,79,1,measured_performance,False
P-61494:WC-1970,historical,72,72,0,72,72,0,measured_performance,False
P-61494:WC-1974,historical,72,72,0,72,72,0,measured_performance,False
P-61496:WC-2018,historical,78,79,1,78,79,1,measured_performance,False
P-61508:WC-1990,historical,78,78,0,78,78,0,measured_performance,False
P-61528:WC-2018,historical,74,75,1,74,75,1,measured_performance,False
P-61550:WC-2006,historical,73,73,0,73,73,0,measured_performance,False
P-61550:WC-2010,historical,71,71,0,71,71,0,measured_performance,False
P-61561:WC-1998,historical,71,71,0,71,71,0,measured_performance,False
P-61576:WC-1962,historical,84,84,0,84,84,0,measured_performance,False
P-61579:WC-1994,historical,73,74,1,73,74,1,measured_performance,False
P-61579:WC-1998,historical,73,74,1,73,74,1,measured_performance,False
P-61610:WC-2010,historical,71,71,0,71,71,0,measured_performance,False
P-61630:WC-1986,historical,74,75,1,74,75,1,measured_performance,False
P-61649:WC-2010,historical,71,71,0,71,71,0,measured_performance,False
P-61660:WC-1974,historical,72,72,0,72,72,0,measured_performance,False
P-61662:WC-1982,historical,72,72,0,72,72,0,measured_performance,False
P-61666:WC-2002,historical,78,79,1,78,79,1,measured_performance,False
P-61666:WC-2006,historical,73,73,0,73,73,0,measured_performance,False
P-61667:WC-1930,historical,72,72,0,72,72,0,measured_performance,False
P-61670:WC-2006,historical,74,75,1,74,75,1,measured_performance,False
P-61672:WC-1998,historical,78,78,0,78,78,0,measured_performance,False
P-61684:WC-2006,historical,88,88,0,88,88,0,measured_performance,False
P-61684:WC-2010,historical,72,72,0,72,72,0,measured_performance,False
P-61698:WC-1978,historical,72,73,1,72,73,1,measured_performance,False
P-61703:WC-1998,historical,84,85,1,71,71,0,career_stature_estimate,False
P-61703:WC-2002,historical,88,88,0,82,82,0,career_stature_estimate,False
P-61703:WC-2010,historical,89,89,0,87,87,0,career_stature_estimate,False
P-61703:WC-2014,historical,83,84,1,71,71,0,career_stature_estimate,False
P-61706:WC-1998,historical,73,74,1,73,74,1,measured_performance,False
P-61735:WC-1970,historical,72,72,0,72,72,0,measured_performance,False
P-61767:WC-2018,historical,68,68,0,68,68,0,measured_performance,False
P-61772:WC-1938,historical,72,72,0,72,72,0,measured_performance,False
P-61793:WC-2002,historical,90,90,0,88,88,0,career_stature_estimate,True
P-61793:WC-2006,historical,90,90,0,84,84,0,career_stature_estimate,True
P-61793:WC-2010,historical,90,90,0,90,90,0,career_stature_estimate,True
P-61793:WC-2014,historical,90,90,0,81,82,1,career_stature_estimate,True
P-61802:WC-1986,historical,72,72,0,72,72,0,measured_performance,False
P-61810:WC-2022,historical,71,71,0,71,71,0,measured_performance,False
P-61813:WC-2018,historical,71,71,0,71,71,0,measured_performance,False
P-61813:WC-2022,historical,71,71,0,71,71,0,measured_performance,False
P-61814:WC-1994,historical,73,74,1,73,74,1,measured_performance,False
P-61823:WC-1998,historical,68,68,0,68,68,0,measured_performance,False
P-61834:WC-1966,historical,66,66,0,66,66,0,baseline_anchor_estimate,False
P-61839:WC-1934,historical,81,81,0,81,81,0,measured_performance,False
P-61845:WC-2006,historical,80,80,0,80,80,0,measured_performance,False
P-61846:WC-1994,historical,84,84,0,84,84,0,measured_performance,False
P-61850:WC-2006,historical,82,82,0,82,82,0,measured_performance,False
P-61853:WC-1954,historical,76,77,1,76,77,1,measured_performance,False
P-61854:WC-1990,historical,73,74,1,73,74,1,measured_performance,False
P-61860:WC-1982,historical,72,72,0,72,72,0,measured_performance,False
P-61867:WC-1934,historical,73,74,1,73,74,1,measured_performance,False
P-61872:WC-1994,historical,73,74,1,73,74,1,measured_performance,False
P-61893:WC-2018,historical,74,75,1,74,75,1,measured_performance,False
P-61906:WC-1958,historical,77,78,1,77,78,1,measured_performance,False
P-61906:WC-1962,historical,81,82,1,81,82,1,measured_performance,False
P-61906:WC-1966,historical,85,85,0,85,85,0,measured_performance,False
P-61927:WC-2010,historical,71,71,0,71,71,0,measured_performance,False
P-61942:WC-1970,historical,79,80,1,79,80,1,measured_performance,False
P-61943:WC-2010,historical,79,79,0,79,79,0,measured_performance,False
P-61949:WC-2022,historical,71,71,0,71,71,0,measured_performance,False
P-61954:WC-1998,historical,88,88,0,88,88,0,measured_performance,False
P-61972:WC-1986,historical,72,72,0,72,72,0,measured_performance,False
P-61974:WC-2006,historical,71,71,0,71,71,0,measured_performance,False
P-61976:WC-2018,historical,79,80,1,79,80,1,measured_performance,False
P-61979:WC-2022,historical,71,71,0,71,71,0,measured_performance,False
P-61986:WC-1962,historical,72,72,0,72,72,0,measured_performance,False
P-62026:WC-1998,historical,71,71,0,71,71,0,measured_performance,False
P-62028:WC-1998,historical,71,71,0,71,71,0,measured_performance,False
P-62029:WC-2014,historical,76,77,1,76,77,1,measured_performance,False
P-62033:WC-2018,historical,71,71,0,71,71,0,measured_performance,False
P-62033:WC-2022,historical,71,71,0,71,71,0,measured_performance,False
P-62062:WC-2002,historical,68,68,0,68,68,0,measured_performance,False
P-62087:WC-1982,historical,72,72,0,72,72,0,measured_performance,False
P-62088:WC-1950,historical,71,71,0,71,71,0,measured_performance,False
P-62095:WC-1934,historical,77,77,0,77,77,0,measured_performance,False
P-62128:WC-1982,historical,72,72,0,72,72,0,measured_performance,False
P-62134:WC-1974,historical,69,69,0,69,69,0,measured_performance,False
P-62157:WC-2006,historical,90,90,0,88,88,0,career_stature_estimate,True
P-62157:WC-2010,historical,89,89,0,88,88,0,career_stature_estimate,True
P-62157:WC-2014,historical,88,88,0,75,76,1,career_stature_estimate,True
P-62162:WC-2018,historical,71,71,0,71,71,0,measured_performance,False
P-62193:WC-1990,historical,88,88,0,80,81,1,career_stature_estimate,False
P-62195:WC-1974,historical,72,72,0,72,72,0,measured_performance,False
P-62196:WC-1962,historical,66,66,0,66,66,0,baseline_anchor_estimate,False
P-62196:WC-1970,historical,71,71,0,71,71,0,measured_performance,False
P-62199:WC-1982,historical,72,72,0,72,72,0,measured_performance,False
P-62207:WC-2002,historical,70,70,0,70,70,0,measured_performance,False
P-62207:WC-2006,historical,71,71,0,71,71,0,measured_performance,False
P-62209:WC-1998,historical,81,82,1,81,82,1,measured_performance,False
P-62209:WC-2002,historical,75,76,1,75,76,1,measured_performance,False
P-62209:WC-2010,historical,75,76,1,75,76,1,measured_performance,False
P-62214:WC-1962,historical,89,89,0,71,71,0,career_stature_estimate,True
P-62214:WC-1966,historical,90,90,0,72,72,0,career_stature_estimate,True
P-62214:WC-1970,historical,93,93,0,88,88,0,career_stature_estimate,True
P-62214:WC-1974,historical,90,90,0,77,77,0,career_stature_estimate,True
P-62232:WC-1970,historical,73,73,0,73,73,0,measured_performance,False
P-62267:WC-1930,historical,70,70,0,70,70,0,baseline_anchor_estimate,False
P-62318:WC-1978,historical,88,88,0,88,88,0,measured_performance,False
P-62318:WC-1982,historical,88,88,0,88,88,0,measured_performance,False
P-62322:WC-1930,historical,66,66,0,66,66,0,baseline_anchor_estimate,False
P-62341:WC-2022,historical,90,90,0,80,81,1,career_stature_estimate,True
P-62344:WC-1998,historical,73,74,1,73,74,1,measured_performance,False
P-62351:WC-1978,historical,86,86,0,86,86,0,measured_performance,False
P-62351:WC-1982,historical,72,72,0,72,72,0,measured_performance,False
P-62364:WC-2018,historical,74,75,1,74,75,1,measured_performance,False
P-62368:WC-2022,historical,71,71,0,71,71,0,measured_performance,False
P-62375:WC-1990,historical,72,72,0,72,72,0,measured_performance,False
P-62376:WC-1930,historical,77,78,1,77,78,1,measured_performance,False
P-62376:WC-1934,historical,66,66,0,66,66,0,baseline_anchor_estimate,False
P-62376:WC-1938,historical,79,80,1,79,80,1,measured_performance,False
P-62393:WC-2010,historical,79,79,0,79,79,0,measured_performance,False
P-62393:WC-2014,historical,73,73,0,73,73,0,measured_performance,False
P-62437:WC-2006,historical,88,88,0,88,88,0,measured_performance,False
P-62448:WC-2010,historical,72,72,0,72,72,0,measured_performance,False
P-62455:WC-2018,historical,74,75,1,74,75,1,measured_performance,False
P-62487:WC-1974,historical,73,73,0,73,73,0,measured_performance,False
P-62514:WC-1990,historical,71,71,0,71,71,0,measured_performance,False
P-62529:WC-1970,historical,88,88,0,88,88,0,measured_performance,False
P-62533:WC-1966,historical,79,80,1,79,80,1,measured_performance,False
P-62543:WC-2022,historical,79,79,0,79,79,0,measured_performance,False
P-62546:WC-1986,historical,72,72,0,72,72,0,measured_performance,False
P-62564:WC-1998,historical,88,88,0,88,88,0,measured_performance,False
P-62565:WC-1982,historical,71,71,0,71,71,0,measured_performance,False
P-62565:WC-1986,historical,76,77,1,76,77,1,measured_performance,False
P-62567:WC-1994,historical,80,80,0,80,80,0,measured_performance,False
P-62568:WC-1974,historical,71,71,0,71,71,0,measured_performance,False
P-62594:WC-2018,historical,72,72,0,72,72,0,measured_performance,False
P-62594:WC-2022,historical,79,80,1,79,80,1,measured_performance,False
P-62599:WC-1982,historical,73,73,0,73,73,0,measured_performance,False
P-62599:WC-1986,historical,80,81,1,80,81,1,measured_performance,False
P-62618:WC-2022,historical,71,71,0,71,71,0,measured_performance,False
P-62621:WC-2014,historical,87,87,0,87,87,0,measured_performance,False
P-62621:WC-2018,historical,82,82,0,82,82,0,measured_performance,False
P-62622:WC-1950,historical,82,82,0,82,82,0,measured_performance,False
P-62629:WC-2018,historical,73,73,0,73,73,0,measured_performance,False
P-62631:WC-1986,historical,76,77,1,76,77,1,measured_performance,False
P-62644:WC-2006,historical,71,71,0,71,71,0,measured_performance,False
P-62660:WC-1938,historical,81,82,1,81,82,1,measured_performance,False
P-62666:WC-1978,historical,70,70,0,70,70,0,measured_performance,False
P-62668:WC-1970,historical,86,86,0,86,86,0,measured_performance,False
P-62692:WC-1954,historical,71,71,0,71,71,0,measured_performance,False
P-62720:WC-1974,historical,79,79,0,79,79,0,measured_performance,False
P-62722:WC-1994,historical,92,92,0,72,73,1,career_stature_estimate,True
P-62722:WC-1998,historical,98,98,0,91,91,0,career_stature_estimate,True
P-62722:WC-2002,historical,98,98,0,91,91,0,career_stature_estimate,True
P-62722:WC-2006,historical,98,98,0,88,88,0,career_stature_estimate,True
P-62725:WC-1938,historical,73,74,1,73,74,1,measured_performance,False
P-62751:WC-1930,historical,71,71,0,71,71,0,measured_performance,False
P-62756:WC-1966,historical,66,66,0,66,66,0,baseline_anchor_estimate,False
P-62762:WC-1974,historical,71,71,0,71,71,0,measured_performance,False
P-62769:WC-2014,historical,68,68,0,68,68,0,measured_performance,False
P-62769:WC-2018,historical,71,71,0,71,71,0,measured_performance,False
P-62807:WC-1990,historical,71,71,0,71,71,0,measured_performance,False
P-62808:WC-2002,historical,78,78,0,78,78,0,measured_performance,False
P-62813:WC-1934,historical,66,66,0,66,66,0,baseline_anchor_estimate,False
P-62815:WC-1986,historical,88,88,0,88,88,0,measured_performance,False
P-62843:WC-1950,historical,72,72,0,72,72,0,measured_performance,False
P-62854:WC-2022,historical,71,71,0,71,71,0,measured_performance,False
P-62858:WC-2022,historical,71,71,0,71,71,0,measured_performance,False
P-62861:WC-1990,historical,88,88,0,88,88,0,measured_performance,False
P-62861:WC-1998,historical,88,88,0,88,88,0,measured_performance,False
P-62861:WC-2002,historical,71,71,0,71,71,0,measured_performance,False
P-62874:WC-1998,historical,72,72,0,72,72,0,measured_performance,False
P-62878:WC-1950,historical,71,71,0,71,71,0,measured_performance,False
P-62915:WC-1998,historical,70,70,0,70,70,0,measured_performance,False
P-62939:WC-2002,historical,75,76,1,75,76,1,measured_performance,False
P-62944:WC-1986,historical,76,77,1,76,77,1,measured_performance,False
P-62952:WC-2022,historical,80,81,1,80,81,1,measured_performance,False
P-62963:WC-1970,historical,71,71,0,71,71,0,measured_performance,False
P-62977:WC-2002,historical,88,88,0,88,88,0,measured_performance,False
P-62978:WC-1990,historical,82,83,1,82,83,1,measured_performance,False
P-62981:WC-1962,historical,78,78,0,78,78,0,measured_performance,False
P-62984:WC-1986,historical,81,81,0,81,81,0,measured_performance,False
P-63012:WC-1994,historical,71,71,0,71,71,0,measured_performance,False
P-63012:WC-1998,historical,72,72,0,72,72,0,measured_performance,False
P-63023:WC-2010,historical,72,72,0,72,72,0,measured_performance,False
P-63024:WC-1994,historical,71,71,0,71,71,0,measured_performance,False
P-63026:WC-1930,historical,73,73,0,73,73,0,baseline_anchor_estimate,False
P-63053:WC-1998,historical,73,73,0,73,73,0,measured_performance,False
P-63058:WC-1974,historical,75,76,1,75,76,1,measured_performance,False
P-63068:WC-2006,historical,74,75,1,74,75,1,measured_performance,False
P-63080:WC-1958,historical,72,72,0,72,72,0,measured_performance,False
P-63089:WC-2002,historical,88,88,0,88,88,0,measured_performance,False
P-63122:WC-1962,historical,72,72,0,72,72,0,measured_performance,False
P-63129:WC-2006,historical,79,80,1,79,80,1,measured_performance,False
P-63129:WC-2010,historical,71,71,0,71,71,0,measured_performance,False
P-63158:WC-1958,historical,66,66,0,66,66,0,baseline_anchor_estimate,False
P-63158:WC-1962,historical,66,66,0,66,66,0,baseline_anchor_estimate,False
P-63160:WC-1990,historical,72,72,0,72,72,0,measured_performance,False
P-63176:WC-2006,historical,71,71,0,71,71,0,measured_performance,False
P-63184:WC-1954,historical,88,88,0,88,88,0,measured_performance,False
P-63184:WC-1958,historical,88,88,0,88,88,0,measured_performance,False
P-63184:WC-1962,historical,73,73,0,73,73,0,measured_performance,False
P-63214:WC-1986,historical,88,88,0,88,88,0,measured_performance,False
P-63214:WC-1990,historical,86,87,1,86,87,1,measured_performance,False
P-63214:WC-1994,historical,87,87,0,87,87,0,measured_performance,False
P-63214:WC-1998,historical,84,84,0,84,84,0,measured_performance,False
P-63224:WC-1966,historical,85,85,0,85,85,0,measured_performance,False
P-63224:WC-1970,historical,88,88,0,88,88,0,measured_performance,False
P-63252:WC-1962,historical,81,82,1,81,82,1,measured_performance,False
P-63252:WC-1966,historical,86,86,0,86,86,0,measured_performance,False
P-63253:WC-2010,historical,71,71,0,71,71,0,measured_performance,False
P-63266:WC-1974,historical,93,93,0,88,88,0,career_stature_estimate,True
P-63266:WC-1978,historical,93,93,0,88,88,0,career_stature_estimate,True
P-63293:WC-2022,historical,79,79,0,79,79,0,measured_performance,False
P-63312:WC-2014,historical,71,71,0,71,71,0,measured_performance,False
P-63312:WC-2018,historical,88,88,0,88,88,0,measured_performance,False
P-63312:WC-2022,historical,84,85,1,84,85,1,measured_performance,False
P-63357:WC-1950,historical,73,73,0,73,73,0,measured_performance,False
P-63360:WC-2014,historical,72,72,0,72,72,0,measured_performance,False
P-63363:WC-2014,historical,88,88,0,88,88,0,measured_performance,False
P-63363:WC-2018,historical,88,88,0,88,88,0,measured_performance,False
P-63370:WC-2014,historical,71,71,0,71,71,0,measured_performance,False
P-63385:WC-2022,historical,68,68,0,68,68,0,measured_performance,False
P-63416:WC-1998,historical,88,88,0,88,88,0,measured_performance,False
P-63420:WC-1998,historical,72,72,0,72,72,0,measured_performance,False
P-63429:WC-1994,historical,88,88,0,88,88,0,measured_performance,False
P-63431:WC-1966,historical,72,72,0,72,72,0,measured_performance,False
P-63446:WC-1970,historical,72,72,0,72,72,0,measured_performance,False
P-63462:WC-1974,historical,72,72,0,72,72,0,measured_performance,False
P-63494:WC-1970,historical,70,70,0,70,70,0,measured_performance,False
P-63522:WC-1994,historical,73,74,1,73,74,1,measured_performance,False
P-63522:WC-2002,historical,75,76,1,75,76,1,measured_performance,False
P-63525:WC-2014,historical,73,73,0,73,73,0,measured_performance,False
P-63532:WC-2022,historical,72,73,1,72,73,1,measured_performance,False
P-63553:WC-1938,historical,66,66,0,66,66,0,baseline_anchor_estimate,False
P-63564:WC-1982,historical,77,77,0,77,77,0,measured_performance,False
P-63564:WC-1986,historical,76,77,1,76,77,1,measured_performance,False
P-63567:WC-2002,historical,70,70,0,70,70,0,measured_performance,False
P-63618:WC-2006,historical,71,71,0,71,71,0,measured_performance,False
P-63620:WC-2018,historical,88,88,0,88,88,0,measured_performance,False
P-63644:WC-2014,historical,78,79,1,78,79,1,measured_performance,False
P-63647:WC-2010,historical,72,72,0,72,72,0,measured_performance,False
P-63673:WC-2014,historical,88,88,0,88,88,0,measured_performance,False
P-63673:WC-2022,historical,72,73,1,72,73,1,measured_performance,False
P-63692:WC-1990,historical,73,74,1,73,74,1,measured_performance,False
P-63692:WC-1994,historical,88,88,0,88,88,0,measured_performance,False
P-63738:WC-1954,historical,88,88,0,88,88,0,measured_performance,False
P-63744:WC-2010,historical,73,73,0,73,73,0,measured_performance,False
P-63774:WC-1994,historical,88,88,0,88,88,0,measured_performance,False
P-63774:WC-2002,historical,68,68,0,68,68,0,measured_performance,False
P-63778:WC-2002,historical,80,80,0,80,80,0,measured_performance,False
P-63778:WC-2010,historical,72,72,0,72,72,0,measured_performance,False
P-63780:WC-1958,historical,72,72,0,72,72,0,baseline_anchor_estimate,False
P-63783:WC-1986,historical,70,70,0,70,70,0,measured_performance,False
P-63796:WC-2006,historical,71,71,0,71,71,0,measured_performance,False
P-63813:WC-1990,historical,71,71,0,71,71,0,measured_performance,False
P-63826:WC-1930,historical,97,97,0,88,88,0,career_stature_estimate,False
P-63828:WC-1986,historical,76,77,1,76,77,1,measured_performance,False
P-63835:WC-1970,historical,84,84,0,84,84,0,measured_performance,False
P-63835:WC-1974,historical,82,82,0,82,82,0,measured_performance,False
P-63856:WC-2006,historical,71,71,0,71,71,0,measured_performance,False
P-63857:WC-1970,historical,73,73,0,73,73,0,measured_performance,False
P-63865:WC-2018,historical,71,71,0,71,71,0,measured_performance,False
P-63886:WC-1934,historical,72,72,0,72,72,0,measured_performance,False
P-63904:WC-1958,historical,70,71,1,70,71,1,measured_performance,False
P-63904:WC-1962,historical,74,75,1,74,75,1,measured_performance,False
P-63912:WC-1934,historical,71,71,0,71,71,0,measured_performance,False
P-63916:WC-1998,historical,86,87,1,86,87,1,measured_performance,False
P-63916:WC-2002,historical,82,82,0,82,82,0,measured_performance,False
P-63923:WC-2022,historical,72,73,1,72,73,1,measured_performance,False
P-63924:WC-1998,historical,72,72,0,72,72,0,measured_performance,False
P-63927:WC-2022,historical,84,84,0,81,82,1,measured_performance,False
P-63929:WC-2006,historical,72,72,0,72,72,0,measured_performance,False
P-63935:WC-2002,historical,72,72,0,72,72,0,measured_performance,False
P-63937:WC-1962,historical,73,73,0,73,73,0,baseline_anchor_estimate,False
P-63942:WC-2006,historical,71,71,0,71,71,0,measured_performance,False
P-63951:WC-2018,historical,71,71,0,71,71,0,measured_performance,False
P-63982:WC-1970,historical,88,88,0,88,88,0,measured_performance,False
P-63987:WC-1930,historical,73,73,0,73,73,0,baseline_anchor_estimate,False
P-64003:WC-1990,historical,73,73,0,73,73,0,measured_performance,False
P-64028:WC-1982,historical,71,71,0,71,71,0,measured_performance,False
P-64031:WC-1978,historical,73,74,1,73,74,1,measured_performance,False
P-64036:WC-1930,historical,73,74,1,73,74,1,measured_performance,False
P-64046:WC-1974,historical,76,77,1,76,77,1,measured_performance,False
P-64049:WC-2014,historical,88,88,0,88,88,0,measured_performance,False
P-64049:WC-2018,historical,88,88,0,88,88,0,measured_performance,False
P-64049:WC-2022,historical,79,79,0,79,79,0,measured_performance,False
P-64056:WC-2022,historical,71,71,0,71,71,0,measured_performance,False
P-64059:WC-1934,historical,88,88,0,88,88,0,measured_performance,False
P-64077:WC-2018,historical,96,96,0,88,88,0,career_stature_estimate,True
P-64077:WC-2022,historical,96,96,0,91,91,0,career_stature_estimate,True
P-64096:WC-2014,historical,70,70,0,70,70,0,measured_performance,False
P-64102:WC-2010,historical,77,77,0,77,77,0,measured_performance,False
P-64102:WC-2014,historical,75,76,1,75,76,1,measured_performance,False
P-64102:WC-2018,historical,73,73,0,73,73,0,measured_performance,False
P-64104:WC-2002,historical,78,79,1,78,79,1,measured_performance,False
P-64104:WC-2010,historical,79,79,0,79,79,0,measured_performance,False
P-64104:WC-2014,historical,86,86,0,86,86,0,measured_performance,False
P-64111:WC-2018,historical,70,70,0,70,70,0,measured_performance,False
P-64125:WC-2018,historical,74,75,1,74,75,1,measured_performance,False
P-64134:WC-1978,historical,83,83,0,83,83,0,measured_performance,False
P-64138:WC-1958,historical,90,90,0,88,88,0,career_stature_estimate,True
P-64138:WC-1962,historical,90,90,0,88,88,0,career_stature_estimate,True
P-64138:WC-1966,historical,90,90,0,88,88,0,career_stature_estimate,True
P-64138:WC-1970,historical,90,90,0,88,88,0,career_stature_estimate,True
P-64142:WC-1998,historical,72,72,0,72,72,0,measured_performance,False
P-64146:WC-2006,historical,71,71,0,71,71,0,measured_performance,False
P-64182:WC-2022,historical,72,72,0,72,72,0,measured_performance,False
P-64184:WC-2006,historical,82,83,1,82,83,1,measured_performance,False
P-64188:WC-1934,historical,71,71,0,71,71,0,measured_performance,False
P-64198:WC-2010,historical,72,72,0,72,72,0,measured_performance,False
P-64207:WC-1970,historical,76,77,1,76,77,1,measured_performance,False
P-64249:WC-2022,historical,70,70,0,70,70,0,measured_performance,False
P-64261:WC-2018,historical,74,75,1,74,75,1,measured_performance,False
P-64261:WC-2022,historical,71,71,0,71,71,0,measured_performance,False
P-64266:WC-1978,historical,79,80,1,79,80,1,measured_performance,False
P-64288:WC-1982,historical,72,72,0,72,72,0,measured_performance,False
P-64292:WC-2018,historical,74,75,1,74,75,1,measured_performance,False
P-64292:WC-2022,historical,80,81,1,80,81,1,measured_performance,False
P-64299:WC-2018,historical,70,70,0,70,70,0,measured_performance,False
P-64299:WC-2022,historical,71,71,0,71,71,0,measured_performance,False
P-64307:WC-1986,historical,77,78,1,77,78,1,measured_performance,False
P-64311:WC-1978,historical,73,74,1,73,74,1,measured_performance,False
P-64344:WC-2010,historical,88,88,0,88,88,0,measured_performance,False
P-64344:WC-2014,historical,84,84,0,84,84,0,measured_performance,False
P-64348:WC-2010,historical,88,88,0,88,88,0,career_stature_estimate,False
P-64348:WC-2014,historical,73,73,0,71,71,0,career_stature_estimate,False
P-64348:WC-2018,historical,88,88,0,86,86,0,career_stature_estimate,False
P-64351:WC-1934,historical,72,72,0,72,72,0,measured_performance,False
P-64352:WC-2006,historical,87,87,0,87,87,0,measured_performance,False
P-64352:WC-2010,historical,86,86,0,86,86,0,measured_performance,False
P-64353:WC-2022,historical,88,88,0,88,88,0,measured_performance,False
P-64372:WC-2002,historical,72,72,0,72,72,0,measured_performance,False
P-64372:WC-2010,historical,77,77,0,77,77,0,measured_performance,False
P-64377:WC-2002,historical,88,88,0,88,88,0,measured_performance,False
P-64379:WC-1994,historical,70,70,0,70,70,0,measured_performance,False
P-64384:WC-1982,historical,70,70,0,70,70,0,measured_performance,False
P-64408:WC-2002,historical,68,68,0,68,68,0,measured_performance,False
P-64415:WC-1998,historical,82,83,1,82,83,1,measured_performance,False
P-64424:WC-2018,historical,68,68,0,68,68,0,measured_performance,False
P-64425:WC-1934,historical,83,83,0,83,83,0,measured_performance,False
P-64425:WC-1938,historical,87,87,0,87,87,0,measured_performance,False
P-64427:WC-1934,historical,66,66,0,66,66,0,baseline_anchor_estimate,False
P-64427:WC-1938,historical,66,66,0,66,66,0,baseline_anchor_estimate,False
P-64438:WC-2022,historical,88,88,0,88,88,0,measured_performance,False
P-64443:WC-2010,historical,71,71,0,71,71,0,measured_performance,False
P-64443:WC-2014,historical,81,82,1,81,82,1,measured_performance,False
P-64450:WC-1962,historical,72,72,0,72,72,0,measured_performance,False
P-64457:WC-1970,historical,72,72,0,72,72,0,measured_performance,False
P-64464:WC-1978,historical,72,73,1,72,73,1,measured_performance,False
P-64475:WC-1986,historical,80,81,1,80,81,1,measured_performance,False
P-64478:WC-1990,historical,81,82,1,81,82,1,measured_performance,False
P-64492:WC-1938,historical,71,71,0,71,71,0,measured_performance,False
P-64512:WC-2014,historical,78,79,1,78,79,1,measured_performance,False
P-64532:WC-1978,historical,83,83,0,83,83,0,measured_performance,False
P-64536:WC-1934,historical,72,72,0,72,72,0,measured_performance,False
P-64551:WC-2022,historical,71,71,0,71,71,0,measured_performance,False
P-64553:WC-1966,historical,88,88,0,78,78,0,career_stature_estimate,False
P-64553:WC-1970,historical,88,88,0,86,86,0,career_stature_estimate,False
P-64569:WC-1966,historical,66,66,0,66,66,0,baseline_anchor_estimate,False
P-64577:WC-1950,historical,72,72,0,72,72,0,measured_performance,False
P-64597:WC-2018,historical,71,71,0,71,71,0,measured_performance,False
P-64611:WC-1954,historical,66,66,0,66,66,0,baseline_anchor_estimate,False
P-64619:WC-2002,historical,71,71,0,71,71,0,measured_performance,False
P-64624:WC-1998,historical,73,74,1,73,74,1,measured_performance,False
P-64659:WC-2006,historical,73,73,0,73,73,0,measured_performance,False
P-64663:WC-1966,historical,73,73,0,73,73,0,baseline_anchor_estimate,False
P-64664:WC-1966,historical,78,79,1,78,79,1,measured_performance,False
P-64668:WC-2002,historical,70,70,0,70,70,0,measured_performance,False
P-64688:WC-1986,historical,72,72,0,72,72,0,measured_performance,False
P-64688:WC-1990,historical,75,76,1,75,76,1,measured_performance,False
P-64697:WC-1930,historical,71,71,0,71,71,0,measured_performance,False
P-64711:WC-2010,historical,72,72,0,72,72,0,measured_performance,False
P-64718:WC-2014,historical,78,79,1,78,79,1,measured_performance,False
P-64718:WC-2018,historical,79,80,1,79,80,1,measured_performance,False
P-64760:WC-2006,historical,89,89,0,74,75,1,career_stature_estimate,True
P-64761:WC-1950,historical,73,73,0,73,73,0,measured_performance,False
P-64772:WC-2006,historical,74,75,1,74,75,1,measured_performance,False
P-64783:WC-1990,historical,70,70,0,70,70,0,measured_performance,False
P-64788:WC-1966,historical,89,89,0,85,85,0,career_stature_estimate,False
P-64796:WC-1990,historical,70,70,0,70,70,0,measured_performance,False
P-64835:WC-2014,historical,68,68,0,68,68,0,measured_performance,False
P-64841:WC-1974,historical,69,69,0,69,69,0,measured_performance,False
P-64843:WC-1934,historical,83,83,0,83,83,0,measured_performance,False
P-64864:WC-2006,historical,74,75,1,74,75,1,measured_performance,False
P-64864:WC-2010,historical,72,72,0,72,72,0,measured_performance,False
P-64893:WC-2002,historical,71,71,0,71,71,0,measured_performance,False
P-64893:WC-2010,historical,71,71,0,71,71,0,measured_performance,False
P-64903:WC-2014,historical,72,72,0,72,72,0,measured_performance,False
P-64908:WC-1998,historical,72,72,0,72,72,0,measured_performance,False
P-64922:WC-2002,historical,84,84,0,84,84,0,measured_performance,False
P-64924:WC-2022,historical,79,79,0,79,79,0,measured_performance,False
P-64945:WC-2010,historical,71,71,0,71,71,0,measured_performance,False
P-64948:WC-1934,historical,71,71,0,71,71,0,measured_performance,False
P-64960:WC-1978,historical,71,71,0,71,71,0,measured_performance,False
P-64961:WC-1998,historical,70,70,0,70,70,0,measured_performance,False
P-64961:WC-2002,historical,71,71,0,71,71,0,measured_performance,False
P-64962:WC-1998,historical,82,83,1,82,83,1,measured_performance,False
P-64967:WC-1954,historical,79,80,1,79,80,1,measured_performance,False
P-64968:WC-1982,historical,81,81,0,81,81,0,measured_performance,False
P-64968:WC-1986,historical,76,77,1,76,77,1,measured_performance,False
P-64968:WC-1990,historical,72,72,0,72,72,0,measured_performance,False
P-65003:WC-1982,historical,87,87,0,87,87,0,measured_performance,False
P-65016:WC-2014,historical,70,70,0,70,70,0,measured_performance,False
P-65019:WC-1998,historical,86,86,0,86,86,0,measured_performance,False
P-65040:WC-2006,historical,70,70,0,70,70,0,measured_performance,False
P-65049:WC-1994,historical,72,72,0,72,72,0,measured_performance,False
P-65059:WC-2002,historical,71,71,0,71,71,0,measured_performance,False
P-65077:WC-1998,historical,78,78,0,78,78,0,measured_performance,False
P-65081:WC-1994,historical,73,73,0,73,73,0,measured_performance,False
P-65092:WC-1986,historical,73,74,1,73,74,1,measured_performance,False
P-65099:WC-1930,historical,70,70,0,70,70,0,measured_performance,False
P-65100:WC-1974,historical,88,88,0,88,88,0,measured_performance,False
P-65105:WC-2002,historical,72,72,0,72,72,0,measured_performance,False
P-65108:WC-1998,historical,73,74,1,73,74,1,measured_performance,False
P-65108:WC-2002,historical,88,88,0,88,88,0,measured_performance,False
P-65144:WC-2018,historical,72,72,0,72,72,0,measured_performance,False
P-65146:WC-2018,historical,73,74,1,73,74,1,measured_performance,False
P-65172:WC-1974,historical,71,71,0,71,71,0,measured_performance,False
P-65174:WC-1986,historical,72,72,0,72,72,0,measured_performance,False
P-65181:WC-1970,historical,88,88,0,88,88,0,measured_performance,False
P-65181:WC-1974,historical,84,84,0,84,84,0,measured_performance,False
P-65182:WC-2018,historical,88,88,0,88,88,0,measured_performance,False
P-65182:WC-2022,historical,88,88,0,88,88,0,measured_performance,False
P-65185:WC-1930,historical,88,88,0,88,88,0,measured_performance,False
P-65199:WC-2018,historical,73,73,0,73,73,0,measured_performance,False
P-65206:WC-2014,historical,72,72,0,72,72,0,measured_performance,False
P-65214:WC-1962,historical,88,88,0,88,88,0,measured_performance,False
P-65216:WC-2010,historical,72,72,0,72,72,0,measured_performance,False
P-65220:WC-1950,historical,88,88,0,88,88,0,measured_performance,False
P-65224:WC-1982,historical,88,88,0,88,88,0,measured_performance,False
P-65241:WC-1998,historical,71,71,0,71,71,0,measured_performance,False
P-65254:WC-1938,historical,72,72,0,72,72,0,measured_performance,False
P-65280:WC-1950,historical,71,71,0,71,71,0,measured_performance,False
P-65280:WC-1954,historical,71,72,1,71,72,1,measured_performance,False
P-65283:WC-1982,historical,83,83,0,83,83,0,measured_performance,False
P-65285:WC-1934,historical,73,74,1,73,74,1,measured_performance,False
P-65298:WC-2002,historical,88,88,0,88,88,0,measured_performance,False
P-65320:WC-2014,historical,73,73,0,73,73,0,measured_performance,False
P-65320:WC-2018,historical,79,80,1,79,80,1,measured_performance,False
P-65327:WC-2010,historical,79,79,0,79,79,0,measured_performance,False
P-65339:WC-1934,historical,78,78,0,78,78,0,measured_performance,False
P-65347:WC-1934,historical,80,80,0,80,80,0,measured_performance,False
P-65348:WC-1998,historical,86,86,0,86,86,0,measured_performance,False
P-65367:WC-2014,historical,71,71,0,71,71,0,measured_performance,False
P-65381:WC-2014,historical,75,76,1,75,76,1,measured_performance,False
P-65386:WC-2022,historical,70,70,0,70,70,0,measured_performance,False
P-65387:WC-1986,historical,70,70,0,70,70,0,measured_performance,False
P-65387:WC-1990,historical,72,72,0,72,72,0,measured_performance,False
P-65411:WC-2006,historical,71,71,0,71,71,0,measured_performance,False
P-65422:WC-1938,historical,76,77,1,76,77,1,measured_performance,False
P-65425:WC-2014,historical,73,73,0,73,73,0,measured_performance,False
P-65425:WC-2018,historical,88,88,0,88,88,0,measured_performance,False
P-65434:WC-1990,historical,73,74,1,73,74,1,measured_performance,False
P-65453:WC-1998,historical,71,71,0,71,71,0,measured_performance,False
P-65462:WC-1982,historical,72,72,0,72,72,0,measured_performance,False
P-65484:WC-1958,historical,81,81,0,81,81,0,measured_performance,False
P-65495:WC-1982,historical,68,68,0,68,68,0,measured_performance,False
P-65498:WC-2018,historical,73,73,0,73,73,0,measured_performance,False
P-65504:WC-1930,historical,71,71,0,71,71,0,measured_performance,False
P-65506:WC-1958,historical,87,87,0,87,87,0,measured_performance,False
P-65512:WC-2022,historical,72,73,1,72,73,1,measured_performance,False
P-65514:WC-1958,historical,88,88,0,88,88,0,measured_performance,False
P-65525:WC-1994,historical,81,81,0,81,81,0,measured_performance,False
P-65525:WC-1998,historical,72,72,0,72,72,0,measured_performance,False
P-65532:WC-1986,historical,72,72,0,72,72,0,measured_performance,False
P-65534:WC-2006,historical,84,84,0,82,82,0,measured_performance,False
P-65534:WC-2010,historical,82,83,1,80,81,1,measured_performance,False
P-65534:WC-2014,historical,72,72,0,71,71,0,measured_performance,False
P-65590:WC-2006,historical,74,75,1,74,75,1,measured_performance,False
P-65611:WC-2002,historical,78,79,1,78,79,1,measured_performance,False
P-65611:WC-2010,historical,79,79,0,79,79,0,measured_performance,False
P-65622:WC-1970,historical,70,70,0,70,70,0,measured_performance,False
P-65631:WC-2010,historical,80,81,1,80,81,1,measured_performance,False
P-65631:WC-2014,historical,83,83,0,83,83,0,measured_performance,False
P-65653:WC-1954,historical,71,72,1,71,72,1,measured_performance,False
P-65659:WC-2014,historical,78,79,1,78,79,1,measured_performance,False
P-65659:WC-2018,historical,86,86,0,86,86,0,measured_performance,False
P-65659:WC-2022,historical,79,79,0,79,79,0,measured_performance,False
P-65664:WC-1930,historical,73,73,0,73,73,0,measured_performance,False
P-65688:WC-1962,historical,66,66,0,66,66,0,baseline_anchor_estimate,False
P-65694:WC-2006,historical,68,68,0,68,68,0,measured_performance,False
P-65696:WC-1978,historical,68,68,0,68,68,0,measured_performance,False
P-65731:WC-1990,historical,71,71,0,71,71,0,measured_performance,False
P-65733:WC-1986,historical,70,70,0,70,70,0,measured_performance,False
P-65749:WC-2006,historical,72,72,0,72,72,0,measured_performance,False
P-65777:WC-2022,historical,71,71,0,71,71,0,measured_performance,False
P-65801:WC-1982,historical,77,77,0,77,77,0,measured_performance,False
P-65801:WC-1986,historical,76,77,1,76,77,1,measured_performance,False
P-65802:WC-2006,historical,81,82,1,81,82,1,measured_performance,False
P-65802:WC-2010,historical,82,83,1,82,83,1,measured_performance,False
P-65802:WC-2014,historical,72,72,0,72,72,0,measured_performance,False
P-65804:WC-2014,historical,68,68,0,68,68,0,measured_performance,False
P-65806:WC-1998,historical,78,78,0,78,78,0,measured_performance,False
P-65806:WC-2002,historical,71,71,0,71,71,0,measured_performance,False
P-65816:WC-1998,historical,81,81,0,81,81,0,measured_performance,False
P-65840:WC-1974,historical,88,88,0,88,88,0,measured_performance,False
P-65845:WC-1966,historical,72,72,0,72,72,0,measured_performance,False
P-65859:WC-1970,historical,72,72,0,72,72,0,measured_performance,False
P-65883:WC-1938,historical,72,72,0,72,72,0,measured_performance,False
P-65885:WC-1938,historical,98,98,0,89,89,0,career_stature_estimate,False
P-65887:WC-1978,historical,71,71,0,71,71,0,measured_performance,False
P-65888:WC-1986,historical,72,72,0,72,72,0,measured_performance,False
P-65896:WC-2014,historical,72,72,0,72,72,0,measured_performance,False
P-65907:WC-2006,historical,79,80,1,79,80,1,measured_performance,False
P-65940:WC-1950,historical,88,88,0,88,88,0,measured_performance,False
P-65940:WC-1954,historical,88,88,0,88,88,0,measured_performance,False
P-65942:WC-2010,historical,79,79,0,79,79,0,measured_performance,False
P-65946:WC-2018,historical,71,71,0,71,71,0,measured_performance,False
P-65970:WC-1958,historical,70,71,1,70,71,1,measured_performance,False
P-65970:WC-1962,historical,78,78,0,78,78,0,measured_performance,False
P-65974:WC-1934,historical,73,74,1,73,74,1,measured_performance,False
P-65978:WC-2018,historical,79,80,1,79,80,1,measured_performance,False
P-65979:WC-2014,historical,75,76,1,75,76,1,measured_performance,False
P-65979:WC-2018,historical,88,88,0,88,88,0,measured_performance,False
P-65985:WC-1990,historical,68,68,0,68,68,0,measured_performance,False
P-65991:WC-1982,historical,77,77,0,77,77,0,measured_performance,False
P-66008:WC-1982,historical,77,77,0,77,77,0,measured_performance,False
P-66014:WC-1986,historical,73,74,1,73,74,1,measured_performance,False
P-66016:WC-2006,historical,74,75,1,74,75,1,measured_performance,False
P-66020:WC-2022,historical,78,79,1,78,79,1,measured_performance,False
P-66051:WC-1958,historical,69,69,0,69,69,0,measured_performance,False
P-66055:WC-1978,historical,80,81,1,80,81,1,measured_performance,False
P-66065:WC-1978,historical,77,77,0,77,77,0,measured_performance,False
P-66078:WC-1958,historical,77,78,1,77,78,1,measured_performance,False
P-66082:WC-1998,historical,78,78,0,78,78,0,measured_performance,False
P-66123:WC-2002,historical,75,76,1,75,76,1,measured_performance,False
P-66125:WC-1974,historical,76,77,1,76,77,1,measured_performance,False
P-66125:WC-1982,historical,72,72,0,72,72,0,measured_performance,False
P-66165:WC-1986,historical,73,73,0,73,73,0,measured_performance,False
P-66174:WC-1974,historical,88,88,0,88,88,0,measured_performance,False
P-66174:WC-1978,historical,68,68,0,68,68,0,measured_performance,False
P-66178:WC-1994,historical,88,88,0,88,88,0,measured_performance,False
P-66184:WC-2018,historical,74,75,1,74,75,1,measured_performance,False
P-66199:WC-1986,historical,88,88,0,88,88,0,measured_performance,False
P-66219:WC-1998,historical,78,78,0,78,78,0,measured_performance,False
P-66219:WC-2002,historical,74,75,1,74,75,1,measured_performance,False
P-66228:WC-2014,historical,80,80,0,80,80,0,measured_performance,False
P-66228:WC-2018,historical,74,75,1,74,75,1,measured_performance,False
P-66229:WC-2006,historical,88,88,0,88,88,0,measured_performance,False
P-66232:WC-1954,historical,70,70,0,70,70,0,measured_performance,False
P-66254:WC-1978,historical,88,88,0,88,88,0,measured_performance,False
P-66254:WC-1982,historical,88,88,0,88,88,0,measured_performance,False
P-66256:WC-1958,historical,88,88,0,88,88,0,measured_performance,False
P-66263:WC-1954,historical,72,72,0,72,72,0,measured_performance,False
P-66263:WC-1958,historical,68,68,0,68,68,0,measured_performance,False
P-66286:WC-2014,historical,71,71,0,71,71,0,measured_performance,False
P-66308:WC-2002,historical,88,88,0,88,88,0,measured_performance,False
P-66310:WC-2010,historical,79,79,0,79,79,0,measured_performance,False
P-66316:WC-2010,historical,88,88,0,88,88,0,measured_performance,False
P-66316:WC-2014,historical,71,71,0,71,71,0,measured_performance,False
P-66322:WC-1974,historical,72,72,0,72,72,0,measured_performance,False
P-66325:WC-1954,historical,71,71,0,71,71,0,measured_performance,False
P-66325:WC-1958,historical,88,88,0,88,88,0,measured_performance,False
P-66341:WC-1950,historical,73,73,0,73,73,0,measured_performance,False
P-66344:WC-1950,historical,69,69,0,69,69,0,measured_performance,False
P-66365:WC-1982,historical,88,88,0,88,88,0,measured_performance,False
P-66365:WC-1986,historical,73,73,0,73,73,0,measured_performance,False
P-66373:WC-1970,historical,71,71,0,71,71,0,measured_performance,False
P-66405:WC-1974,historical,74,75,1,73,74,1,measured_performance,False
P-66410:WC-1986,historical,71,71,0,71,71,0,measured_performance,False
P-66410:WC-1990,historical,72,72,0,72,72,0,measured_performance,False
P-66433:WC-2018,historical,74,75,1,74,75,1,measured_performance,False
P-66477:WC-2010,historical,72,72,0,72,72,0,measured_performance,False
P-66504:WC-1934,historical,72,72,0,72,72,0,measured_performance,False
P-66524:WC-1966,historical,72,72,0,72,72,0,measured_performance,False
P-66543:WC-1990,historical,68,68,0,68,68,0,measured_performance,False
P-66554:WC-1990,historical,70,70,0,70,70,0,measured_performance,False
P-66559:WC-1954,historical,72,73,1,72,73,1,measured_performance,False
P-66576:WC-1954,historical,79,80,1,79,80,1,measured_performance,False
P-66577:WC-2006,historical,71,71,0,71,71,0,measured_performance,False
P-66580:WC-2006,historical,71,71,0,71,71,0,measured_performance,False
P-66585:WC-1994,historical,71,71,0,71,71,0,measured_performance,False
P-66588:WC-1998,historical,79,80,1,79,80,1,measured_performance,False
P-66593:WC-1982,historical,87,87,0,87,87,0,measured_performance,False
P-66593:WC-1986,historical,68,68,0,68,68,0,measured_performance,False
P-66596:WC-2014,historical,72,72,0,72,72,0,measured_performance,False
P-66598:WC-2006,historical,71,71,0,71,71,0,measured_performance,False
P-66610:WC-1958,historical,80,80,0,80,80,0,measured_performance,False
P-66615:WC-2002,historical,68,68,0,68,68,0,measured_performance,False
P-66615:WC-2006,historical,73,74,1,73,74,1,measured_performance,False
P-66635:WC-2022,historical,68,68,0,68,68,0,measured_performance,False
P-66636:WC-2018,historical,72,72,0,72,72,0,measured_performance,False
P-66638:WC-2014,historical,75,76,1,75,76,1,measured_performance,False
P-66639:WC-1998,historical,71,71,0,71,71,0,measured_performance,False
P-66658:WC-1998,historical,78,78,0,78,78,0,measured_performance,False
P-66658:WC-2006,historical,73,73,0,73,73,0,measured_performance,False
P-66681:WC-2002,historical,71,71,0,71,71,0,measured_performance,False
P-66683:WC-1954,historical,88,88,0,88,88,0,measured_performance,False
P-66684:WC-2002,historical,83,83,0,83,83,0,measured_performance,False
P-66691:WC-1930,historical,70,70,0,70,70,0,measured_performance,False
P-66692:WC-1934,historical,72,72,0,72,72,0,measured_performance,False
P-66707:WC-1954,historical,71,72,1,71,72,1,measured_performance,False
P-66723:WC-1954,historical,71,72,1,71,72,1,measured_performance,False
P-66734:WC-1966,historical,69,69,0,69,69,0,measured_performance,False
P-66734:WC-1970,historical,82,82,0,82,82,0,measured_performance,False
P-66734:WC-1974,historical,71,71,0,71,71,0,measured_performance,False
P-66746:WC-1966,historical,78,78,0,78,78,0,measured_performance,False
P-66746:WC-1970,historical,71,71,0,71,71,0,measured_performance,False
P-66765:WC-1962,historical,73,73,0,73,73,0,measured_performance,False
P-66815:WC-2018,historical,71,71,0,71,71,0,measured_performance,False
P-66817:WC-2006,historical,84,84,0,84,84,0,measured_performance,False
P-66818:WC-1950,historical,73,73,0,73,73,0,measured_performance,False
P-66859:WC-1998,historical,71,71,0,71,71,0,measured_performance,False
P-66860:WC-1930,historical,72,72,0,72,72,0,measured_performance,False
P-66864:WC-1934,historical,71,71,0,71,71,0,measured_performance,False
P-66870:WC-2010,historical,75,76,1,75,76,1,measured_performance,False
P-66906:WC-2014,historical,71,71,0,71,71,0,measured_performance,False
P-66906:WC-2022,historical,88,88,0,88,88,0,measured_performance,False
P-66907:WC-2002,historical,83,83,0,83,83,0,measured_performance,False
P-66908:WC-2006,historical,87,87,0,87,87,0,measured_performance,False
P-66908:WC-2010,historical,72,73,1,72,73,1,measured_performance,False
P-66932:WC-1982,historical,68,68,0,68,68,0,measured_performance,False
P-66939:WC-1966,historical,71,71,0,71,71,0,measured_performance,False
P-66957:WC-1994,historical,72,72,0,72,72,0,measured_performance,False
P-66969:WC-2022,historical,68,68,0,68,68,0,measured_performance,False
P-66972:WC-2006,historical,68,68,0,68,68,0,measured_performance,False
P-66980:WC-1966,historical,72,72,0,72,72,0,measured_performance,False
P-66980:WC-1970,historical,88,88,0,88,88,0,measured_performance,False
P-67000:WC-1966,historical,73,73,0,73,73,0,measured_performance,False
P-67001:WC-1966,historical,71,72,1,71,72,1,measured_performance,False
P-67012:WC-2010,historical,75,76,1,75,76,1,measured_performance,False
P-67012:WC-2014,historical,71,71,0,71,71,0,measured_performance,False
P-67013:WC-1950,historical,73,73,0,73,73,0,baseline_anchor_estimate,False
P-67034:WC-1934,historical,72,72,0,72,72,0,measured_performance,False
P-67035:WC-2022,historical,71,71,0,71,71,0,measured_performance,False
P-67041:WC-2002,historical,71,71,0,71,71,0,measured_performance,False
P-67053:WC-1986,historical,78,79,1,78,79,1,measured_performance,False
P-67089:WC-2022,historical,71,71,0,71,71,0,measured_performance,False
P-67113:WC-2014,historical,80,81,1,80,81,1,measured_performance,False
P-67127:WC-2022,historical,78,79,1,78,79,1,measured_performance,False
P-67129:WC-2014,historical,71,71,0,71,71,0,measured_performance,False
P-67142:WC-1986,historical,72,72,0,72,72,0,measured_performance,False
P-67143:WC-1990,historical,72,72,0,72,72,0,measured_performance,False
P-67164:WC-2006,historical,72,72,0,72,72,0,measured_performance,False
P-67168:WC-1998,historical,78,78,0,78,78,0,measured_performance,False
P-67168:WC-2002,historical,78,79,1,78,79,1,measured_performance,False
P-67172:WC-1950,historical,71,71,0,71,71,0,measured_performance,False
P-67176:WC-2018,historical,72,72,0,72,72,0,measured_performance,False
P-67181:WC-1998,historical,70,70,0,70,70,0,measured_performance,False
P-67185:WC-1962,historical,88,88,0,88,88,0,measured_performance,False
P-67187:WC-1978,historical,72,73,1,72,73,1,measured_performance,False
P-67189:WC-2014,historical,71,71,0,71,71,0,measured_performance,False
P-67199:WC-1950,historical,71,71,0,71,71,0,measured_performance,False
P-67216:WC-2018,historical,72,72,0,72,72,0,measured_performance,False
P-67226:WC-1938,historical,72,72,0,72,72,0,measured_performance,False
P-67232:WC-1990,historical,72,72,0,72,72,0,measured_performance,False
P-67232:WC-1994,historical,82,83,1,82,83,1,measured_performance,False
P-67232:WC-1998,historical,72,72,0,72,72,0,measured_performance,False
P-67250:WC-2006,historical,80,80,0,80,80,0,measured_performance,False
P-67256:WC-2006,historical,74,75,1,74,75,1,measured_performance,False
P-67264:WC-2010,historical,72,72,0,72,72,0,measured_performance,False
P-67273:WC-1966,historical,66,66,0,66,66,0,baseline_anchor_estimate,False
P-67274:WC-1990,historical,88,88,0,88,88,0,measured_performance,False
P-67290:WC-2014,historical,72,72,0,72,72,0,measured_performance,False
P-67297:WC-2018,historical,88,88,0,88,88,0,measured_performance,False
P-67307:WC-1990,historical,88,88,0,88,88,0,measured_performance,False
P-67309:WC-1970,historical,73,73,0,73,73,0,measured_performance,False
P-67329:WC-1990,historical,80,81,1,80,81,1,measured_performance,False
P-67332:WC-1930,historical,70,70,0,70,70,0,measured_performance,False
P-67332:WC-1934,historical,71,71,0,71,71,0,measured_performance,False
P-67332:WC-1938,historical,79,80,1,79,80,1,measured_performance,False
P-67346:WC-1950,historical,66,66,0,66,66,0,baseline_anchor_estimate,False
P-67358:WC-1990,historical,71,71,0,71,71,0,measured_performance,False
P-67358:WC-1998,historical,73,74,1,73,74,1,measured_performance,False
P-67363:WC-1950,historical,73,73,0,73,73,0,measured_performance,False
P-67414:WC-2014,historical,88,88,0,88,88,0,measured_performance,False
P-67426:WC-1990,historical,71,71,0,71,71,0,measured_performance,False
P-67430:WC-1986,historical,71,71,0,71,71,0,measured_performance,False
P-67433:WC-1978,historical,88,88,0,88,88,0,measured_performance,False
P-67438:WC-1978,historical,76,77,1,76,77,1,measured_performance,False
P-67438:WC-1982,historical,84,84,0,84,84,0,measured_performance,False
P-67442:WC-1978,historical,72,72,0,72,72,0,measured_performance,False
P-67450:WC-1974,historical,71,71,0,71,71,0,measured_performance,False
P-67464:WC-1934,historical,66,66,0,66,66,0,baseline_anchor_estimate,False
P-67466:WC-2002,historical,71,71,0,71,71,0,measured_performance,False
P-67478:WC-1970,historical,74,75,1,74,75,1,measured_performance,False
P-67516:WC-2022,historical,80,81,1,80,81,1,measured_performance,False
P-67521:WC-1982,historical,74,75,1,74,75,1,measured_performance,False
P-67536:WC-1938,historical,72,72,0,72,72,0,measured_performance,False
P-67537:WC-1934,historical,72,72,0,72,72,0,measured_performance,False
P-67544:WC-1998,historical,86,86,0,86,86,0,measured_performance,False
P-67544:WC-2002,historical,88,88,0,88,88,0,measured_performance,False
P-67575:WC-2002,historical,75,76,1,75,76,1,measured_performance,False
P-67578:WC-2018,historical,86,86,0,86,86,0,measured_performance,False
P-67578:WC-2022,historical,87,87,0,87,87,0,measured_performance,False
P-67584:WC-1978,historical,71,71,0,71,71,0,measured_performance,False
P-67585:WC-1990,historical,83,83,0,83,83,0,measured_performance,False
P-67585:WC-1994,historical,88,88,0,88,88,0,measured_performance,False
P-67598:WC-1998,historical,71,71,0,71,71,0,measured_performance,False
P-67615:WC-2014,historical,71,71,0,71,71,0,measured_performance,False
P-67641:WC-2022,historical,71,71,0,71,71,0,measured_performance,False
P-67652:WC-1938,historical,88,88,0,89,89,0,measured_performance,False
P-67663:WC-1966,historical,88,88,0,88,88,0,measured_performance,False
P-67668:WC-2022,historical,71,71,0,71,71,0,measured_performance,False
P-67671:WC-1970,historical,88,88,0,88,88,0,measured_performance,False
P-67694:WC-1958,historical,72,72,0,72,72,0,measured_performance,False
P-67711:WC-1974,historical,69,69,0,69,69,0,measured_performance,False
P-67713:WC-1986,historical,88,88,0,88,88,0,measured_performance,False
P-67713:WC-1990,historical,88,88,0,88,88,0,measured_performance,False
P-67713:WC-1994,historical,88,88,0,88,88,0,measured_performance,False
P-67742:WC-1954,historical,73,73,0,73,73,0,measured_performance,False
P-67758:WC-1934,historical,73,74,1,73,74,1,measured_performance,False
P-67833:WC-1994,historical,70,71,1,70,71,1,measured_performance,False
P-67833:WC-1998,historical,88,88,0,88,88,0,measured_performance,False
P-67839:WC-1990,historical,88,88,0,88,88,0,measured_performance,False
P-67839:WC-1994,historical,87,87,0,87,87,0,measured_performance,False
P-67855:WC-1974,historical,71,71,0,71,71,0,measured_performance,False
P-67864:WC-1954,historical,77,78,1,77,78,1,measured_performance,False
P-67864:WC-1958,historical,77,78,1,77,78,1,measured_performance,False
P-67867:WC-2014,historical,80,80,0,80,80,0,measured_performance,False
P-67910:WC-1934,historical,73,74,1,73,74,1,measured_performance,False
P-67910:WC-1938,historical,72,72,0,72,72,0,measured_performance,False
P-67914:WC-2018,historical,68,68,0,68,68,0,measured_performance,False
P-67920:WC-1994,historical,76,77,1,76,77,1,measured_performance,False
P-67934:WC-1930,historical,73,74,1,73,74,1,measured_performance,False
P-67942:WC-1990,historical,72,72,0,72,72,0,measured_performance,False
P-67949:WC-2010,historical,70,70,0,70,70,0,measured_performance,False
P-67954:WC-1974,historical,81,82,1,81,82,1,measured_performance,False
P-67962:WC-1978,historical,73,73,0,73,73,0,measured_performance,False
P-67971:WC-1938,historical,72,72,0,72,72,0,measured_performance,False
P-68014:WC-1990,historical,71,71,0,71,71,0,measured_performance,False
P-68016:WC-2022,historical,88,88,0,88,88,0,measured_performance,False
P-68024:WC-2002,historical,71,71,0,71,71,0,measured_performance,False
P-68042:WC-2010,historical,72,72,0,72,72,0,measured_performance,False
P-68042:WC-2018,historical,85,85,0,85,85,0,measured_performance,False
P-68055:WC-1998,historical,88,88,0,88,88,0,measured_performance,False
P-68055:WC-2002,historical,75,76,1,75,76,1,measured_performance,False
P-68055:WC-2010,historical,75,76,1,75,76,1,measured_performance,False
P-68056:WC-2002,historical,71,71,0,71,71,0,measured_performance,False
P-68058:WC-2022,historical,72,73,1,72,73,1,measured_performance,False
P-68060:WC-2018,historical,70,70,0,70,70,0,measured_performance,False
P-68060:WC-2022,historical,88,88,0,88,88,0,measured_performance,False
P-68074:WC-1998,historical,71,71,0,71,71,0,measured_performance,False
P-68078:WC-1978,historical,80,81,1,80,81,1,measured_performance,False
P-68095:WC-2002,historical,71,71,0,71,71,0,measured_performance,False
P-68125:WC-2006,historical,74,75,1,74,75,1,measured_performance,False
P-68125:WC-2010,historical,88,88,0,88,88,0,measured_performance,False
P-68131:WC-2022,historical,84,84,0,84,84,0,measured_performance,False
P-68155:WC-1974,historical,71,71,0,71,71,0,measured_performance,False
P-68158:WC-1958,historical,69,69,0,69,69,0,measured_performance,False
P-68158:WC-1962,historical,70,70,0,70,70,0,baseline_anchor_estimate,False
P-68161:WC-2022,historical,71,71,0,71,71,0,measured_performance,False
P-68164:WC-2002,historical,88,88,0,88,88,0,measured_performance,False
P-68168:WC-2002,historical,70,70,0,70,70,0,measured_performance,False
P-68170:WC-1966,historical,90,90,0,78,78,0,career_stature_estimate,False
P-68170:WC-1970,historical,91,91,0,88,88,0,career_stature_estimate,False
P-68170:WC-1974,historical,89,89,0,76,77,1,career_stature_estimate,False
P-68199:WC-2010,historical,73,74,1,73,74,1,measured_performance,False
P-68218:WC-2022,historical,73,73,0,73,73,0,measured_performance,False
P-68230:WC-1994,historical,71,71,0,71,71,0,measured_performance,False
P-68231:WC-1954,historical,73,73,0,73,73,0,measured_performance,False
P-68233:WC-1994,historical,73,74,1,73,74,1,measured_performance,False
P-68329:WC-2002,historical,86,86,0,86,86,0,measured_performance,False
P-68346:WC-1982,historical,81,81,0,81,81,0,measured_performance,False
P-68346:WC-1986,historical,71,71,0,71,71,0,measured_performance,False
P-68348:WC-2018,historical,70,70,0,70,70,0,measured_performance,False
P-68375:WC-2006,historical,72,72,0,72,72,0,measured_performance,False
P-68379:WC-1998,historical,78,78,0,78,78,0,measured_performance,False
P-68379:WC-2002,historical,68,68,0,68,68,0,measured_performance,False
P-68390:WC-1974,historical,76,77,1,76,77,1,measured_performance,False
P-68395:WC-2014,historical,88,88,0,88,88,0,measured_performance,False
P-68398:WC-1966,historical,88,88,0,88,88,0,measured_performance,False
P-68408:WC-1982,historical,68,68,0,68,68,0,measured_performance,False
P-68429:WC-2022,historical,79,79,0,79,79,0,measured_performance,False
P-68430:WC-2022,historical,71,71,0,71,71,0,measured_performance,False
P-68438:WC-1974,historical,80,80,0,80,80,0,measured_performance,False
P-68463:WC-1986,historical,83,83,0,83,83,0,measured_performance,False
P-68463:WC-1990,historical,72,73,1,72,73,1,measured_performance,False
P-68471:WC-1990,historical,73,74,1,73,74,1,measured_performance,False
P-68478:WC-1958,historical,66,66,0,66,66,0,baseline_anchor_estimate,False
P-68490:WC-1994,historical,72,72,0,72,72,0,measured_performance,False
P-68499:WC-1994,historical,76,77,1,76,77,1,measured_performance,False
P-68508:WC-1962,historical,66,66,0,66,66,0,baseline_anchor_estimate,False
P-68510:WC-1990,historical,88,88,0,88,88,0,measured_performance,False
P-68512:WC-2010,historical,72,73,1,72,73,1,measured_performance,False
P-68542:WC-1982,historical,72,72,0,72,72,0,measured_performance,False
P-68542:WC-1986,historical,81,81,0,81,81,0,measured_performance,False
P-68563:WC-1994,historical,68,68,0,68,68,0,measured_performance,False
P-68567:WC-1930,historical,70,70,0,70,70,0,measured_performance,False
P-68584:WC-1974,historical,72,72,0,72,72,0,measured_performance,False
P-68584:WC-1978,historical,83,83,0,83,83,0,measured_performance,False
P-68584:WC-1982,historical,79,79,0,79,79,0,measured_performance,False
P-68585:WC-1994,historical,71,71,0,71,71,0,measured_performance,False
P-68599:WC-2022,historical,68,68,0,68,68,0,measured_performance,False
P-68603:WC-1974,historical,71,71,0,71,71,0,measured_performance,False
P-68604:WC-1938,historical,73,73,0,73,73,0,measured_performance,False
P-68611:WC-1990,historical,73,73,0,73,73,0,measured_performance,False
P-68644:WC-1954,historical,71,72,1,71,72,1,measured_performance,False
P-68649:WC-2014,historical,72,72,0,72,72,0,measured_performance,False
P-68662:WC-2010,historical,79,79,0,79,79,0,measured_performance,False
P-68671:WC-1990,historical,71,72,1,71,72,1,measured_performance,False
P-68671:WC-1994,historical,88,88,0,88,88,0,measured_performance,False
P-68671:WC-1998,historical,88,88,0,88,88,0,measured_performance,False
P-68693:WC-2014,historical,72,72,0,72,72,0,measured_performance,False
P-68716:WC-1934,historical,88,88,0,88,88,0,measured_performance,False
P-68738:WC-1982,historical,77,77,0,77,77,0,measured_performance,False
P-68768:WC-2014,historical,78,79,1,78,79,1,measured_performance,False
P-68778:WC-1954,historical,88,88,0,88,88,0,measured_performance,False
P-68779:WC-1998,historical,78,78,0,78,78,0,measured_performance,False
P-68792:WC-1966,historical,72,72,0,72,72,0,measured_performance,False
P-68792:WC-1970,historical,73,73,0,73,73,0,measured_performance,False
P-68792:WC-1974,historical,70,70,0,70,70,0,measured_performance,False
P-68803:WC-2006,historical,88,88,0,88,88,0,measured_performance,False
P-68803:WC-2010,historical,79,79,0,79,79,0,measured_performance,False
P-68817:WC-1930,historical,66,66,0,66,66,0,baseline_anchor_estimate,False
P-68818:WC-2002,historical,72,72,0,72,72,0,measured_performance,False
P-68823:WC-1982,historical,87,87,0,87,87,0,measured_performance,False
P-68833:WC-2002,historical,71,71,0,71,71,0,measured_performance,False
P-68842:WC-2022,historical,76,77,1,76,77,1,measured_performance,False
P-68890:WC-2002,historical,75,76,1,75,76,1,measured_performance,False
P-68890:WC-2006,historical,74,75,1,74,75,1,measured_performance,False
P-68901:WC-2006,historical,68,68,0,68,68,0,measured_performance,False
P-68901:WC-2010,historical,79,79,0,79,79,0,measured_performance,False
P-68903:WC-1974,historical,71,71,0,71,71,0,measured_performance,False
P-68907:WC-2002,historical,78,79,1,78,79,1,measured_performance,False
P-68929:WC-2010,historical,72,72,0,72,72,0,measured_performance,False
P-68937:WC-1998,historical,79,79,0,79,79,0,measured_performance,False
P-68952:WC-2022,historical,80,81,1,80,81,1,measured_performance,False
P-68961:WC-1950,historical,88,88,0,88,88,0,measured_performance,False
P-68967:WC-1970,historical,74,74,0,74,74,0,measured_performance,False
P-68969:WC-1978,historical,87,87,0,87,87,0,measured_performance,False
P-68969:WC-1982,historical,88,88,0,88,88,0,measured_performance,False
P-68971:WC-1986,historical,76,77,1,76,77,1,measured_performance,False
P-68971:WC-1990,historical,70,70,0,70,70,0,measured_performance,False
P-68982:WC-2010,historical,68,68,0,68,68,0,measured_performance,False
P-69019:WC-2014,historical,81,81,0,81,81,0,measured_performance,False
P-69019:WC-2018,historical,74,75,1,74,75,1,measured_performance,False
P-69029:WC-1978,historical,73,74,1,73,74,1,measured_performance,False
P-69033:WC-1934,historical,71,71,0,71,71,0,measured_performance,False
P-69034:WC-2006,historical,74,75,1,74,75,1,measured_performance,False
P-69064:WC-2010,historical,71,71,0,71,71,0,measured_performance,False
P-69073:WC-2006,historical,73,73,0,73,73,0,measured_performance,False
P-69082:WC-2022,historical,72,73,1,72,73,1,measured_performance,False
P-69088:WC-1958,historical,83,83,0,83,83,0,measured_performance,False
P-69089:WC-2006,historical,68,68,0,68,68,0,measured_performance,False
P-69089:WC-2010,historical,71,71,0,71,71,0,measured_performance,False
P-69090:WC-1958,historical,76,77,1,76,77,1,measured_performance,False
P-69103:WC-2006,historical,78,78,0,78,78,0,measured_performance,False
P-69107:WC-1962,historical,73,73,0,73,73,0,baseline_anchor_estimate,False
P-69133:WC-1934,historical,81,81,0,81,81,0,measured_performance,False
P-69140:WC-1950,historical,87,87,0,87,87,0,measured_performance,False
P-69165:WC-1986,historical,88,88,0,88,88,0,measured_performance,False
P-69168:WC-1998,historical,71,71,0,71,71,0,measured_performance,False
P-69171:WC-1958,historical,66,66,0,66,66,0,baseline_anchor_estimate,False
P-69190:WC-1950,historical,66,66,0,66,66,0,baseline_anchor_estimate,False
P-69192:WC-2018,historical,71,71,0,71,71,0,measured_performance,False
P-69200:WC-2022,historical,68,68,0,68,68,0,measured_performance,False
P-69217:WC-2022,historical,71,71,0,71,71,0,measured_performance,False
P-69227:WC-1958,historical,66,66,0,66,66,0,baseline_anchor_estimate,False
P-69235:WC-2010,historical,75,76,1,75,76,1,measured_performance,False
P-69244:WC-1930,historical,88,88,0,88,88,0,measured_performance,False
P-69257:WC-1982,historical,72,72,0,72,72,0,measured_performance,False
P-69284:WC-2010,historical,83,83,0,83,83,0,measured_performance,False
P-69286:WC-1930,historical,72,72,0,72,72,0,measured_performance,False
P-69286:WC-1934,historical,72,72,0,72,72,0,measured_performance,False
P-69289:WC-1966,historical,69,69,0,69,69,0,measured_performance,False
P-69313:WC-1938,historical,74,74,0,74,74,0,measured_performance,False
P-69323:WC-1970,historical,71,71,0,71,71,0,measured_performance,False
P-69329:WC-2014,historical,88,88,0,88,88,0,measured_performance,False
P-69340:WC-1990,historical,72,73,1,72,73,1,measured_performance,False
P-69340:WC-1994,historical,88,88,0,88,88,0,measured_performance,False
P-69356:WC-1994,historical,72,73,1,72,73,1,measured_performance,False
P-69356:WC-1998,historical,72,72,0,72,72,0,measured_performance,False
P-69368:WC-1970,historical,82,82,0,82,82,0,measured_performance,False
P-69383:WC-1974,historical,72,72,0,72,72,0,measured_performance,False
P-69383:WC-1978,historical,70,70,0,70,70,0,measured_performance,False
P-69383:WC-1982,historical,73,74,1,73,74,1,measured_performance,False
P-69430:WC-2006,historical,71,71,0,71,71,0,measured_performance,False
P-69448:WC-1998,historical,88,88,0,88,88,0,measured_performance,False
P-69451:WC-2018,historical,88,88,0,88,88,0,measured_performance,False
P-69466:WC-1934,historical,72,72,0,72,72,0,measured_performance,False
P-69496:WC-1950,historical,81,81,0,81,81,0,measured_performance,False
P-69496:WC-1954,historical,70,70,0,70,70,0,measured_performance,False
P-69496:WC-1958,historical,76,77,1,76,77,1,measured_performance,False
P-69496:WC-1962,historical,74,74,0,74,74,0,measured_performance,False
P-69496:WC-1966,historical,69,69,0,69,69,0,measured_performance,False
P-69504:WC-1990,historical,85,86,1,85,86,1,measured_performance,False
P-69504:WC-1994,historical,73,74,1,73,74,1,measured_performance,False
P-69504:WC-1998,historical,73,74,1,73,74,1,measured_performance,False
P-69529:WC-1986,historical,68,68,0,68,68,0,measured_performance,False
P-69530:WC-2010,historical,79,79,0,79,79,0,measured_performance,False
P-69530:WC-2014,historical,71,71,0,71,71,0,measured_performance,False
P-69553:WC-1978,historical,73,74,1,73,74,1,measured_performance,False
P-69594:WC-2010,historical,71,71,0,71,71,0,measured_performance,False
P-69594:WC-2018,historical,88,88,0,88,88,0,measured_performance,False
P-69594:WC-2022,historical,88,88,0,88,88,0,measured_performance,False
P-69601:WC-1974,historical,69,69,0,69,69,0,measured_performance,False
P-69606:WC-2014,historical,73,73,0,73,73,0,measured_performance,False
P-69611:WC-2006,historical,72,72,0,72,72,0,measured_performance,False
P-69619:WC-1938,historical,75,75,0,75,75,0,measured_performance,False
P-69624:WC-1974,historical,76,77,1,76,77,1,measured_performance,False
P-69635:WC-1994,historical,73,74,1,73,74,1,measured_performance,False
P-69641:WC-2010,historical,72,72,0,72,72,0,measured_performance,False
P-69644:WC-1978,historical,88,88,0,88,88,0,measured_performance,False
P-69644:WC-1982,historical,87,87,0,87,87,0,measured_performance,False
P-69644:WC-1986,historical,68,68,0,68,68,0,measured_performance,False
P-69645:WC-1934,historical,88,88,0,88,88,0,measured_performance,False
P-69659:WC-1990,historical,70,70,0,70,70,0,measured_performance,False
P-69659:WC-1994,historical,71,71,0,71,71,0,measured_performance,False
P-69659:WC-1998,historical,82,82,0,82,82,0,measured_performance,False
P-69659:WC-2002,historical,88,88,0,88,88,0,measured_performance,False
P-69661:WC-1950,historical,71,71,0,71,71,0,measured_performance,False
P-69680:WC-1998,historical,79,80,1,79,80,1,measured_performance,False
P-69681:WC-1990,historical,73,74,1,73,74,1,measured_performance,False
P-69695:WC-1970,historical,88,88,0,88,88,0,measured_performance,False
P-69695:WC-1974,historical,88,88,0,88,88,0,measured_performance,False
P-69695:WC-1978,historical,87,87,0,87,87,0,measured_performance,False
P-69700:WC-2006,historical,74,75,1,74,75,1,measured_performance,False
P-69700:WC-2010,historical,88,88,0,88,88,0,measured_performance,False
P-69703:WC-1938,historical,66,66,0,66,66,0,baseline_anchor_estimate,False
P-69712:WC-1982,historical,70,70,0,70,70,0,measured_performance,False
P-69743:WC-2006,historical,72,72,0,72,72,0,measured_performance,False
P-69750:WC-1950,historical,82,82,0,82,82,0,measured_performance,False
P-69782:WC-1950,historical,72,72,0,72,72,0,measured_performance,False
P-69785:WC-2018,historical,71,71,0,71,71,0,measured_performance,False
P-69793:WC-2018,historical,72,72,0,72,72,0,measured_performance,False
P-69793:WC-2022,historical,71,71,0,71,71,0,measured_performance,False
P-69801:WC-1938,historical,72,72,0,72,72,0,measured_performance,False
P-69813:WC-1958,historical,88,88,0,88,88,0,measured_performance,False
P-69817:WC-1990,historical,88,88,0,88,88,0,measured_performance,False
P-69817:WC-1994,historical,84,84,0,84,84,0,measured_performance,False
P-69817:WC-2002,historical,86,86,0,86,86,0,measured_performance,False
P-69826:WC-1954,historical,88,88,0,88,88,0,measured_performance,False
P-69826:WC-1958,historical,69,69,0,69,69,0,measured_performance,False
P-69827:WC-1950,historical,82,83,1,82,83,1,measured_performance,False
P-69827:WC-1954,historical,73,73,0,73,73,0,measured_performance,False
P-69834:WC-1982,historical,88,88,0,88,88,0,measured_performance,False
P-69834:WC-1986,historical,88,88,0,88,88,0,measured_performance,False
P-69852:WC-1994,historical,72,72,0,72,72,0,measured_performance,False
P-69858:WC-1982,historical,72,72,0,72,72,0,measured_performance,False
P-69864:WC-1982,historical,71,71,0,71,71,0,measured_performance,False
P-69877:WC-1930,historical,77,78,1,77,78,1,measured_performance,False
P-69885:WC-1958,historical,81,81,0,81,81,0,measured_performance,False
P-69885:WC-1962,historical,73,73,0,73,73,0,measured_performance,False
P-69887:WC-1962,historical,73,73,0,73,73,0,measured_performance,False
P-69887:WC-1966,historical,72,72,0,72,72,0,measured_performance,False
P-69896:WC-2014,historical,75,76,1,75,76,1,measured_performance,False
P-69896:WC-2018,historical,72,72,0,72,72,0,measured_performance,False
P-69898:WC-1966,historical,78,78,0,78,78,0,measured_performance,False
P-69898:WC-1970,historical,71,71,0,71,71,0,measured_performance,False
P-69901:WC-1970,historical,71,71,0,71,71,0,measured_performance,False
P-69912:WC-1998,historical,79,80,1,79,80,1,measured_performance,False
P-69913:WC-1986,historical,78,79,1,78,79,1,measured_performance,False
P-69919:WC-2014,historical,80,80,0,80,80,0,measured_performance,False
P-69919:WC-2018,historical,88,88,0,88,88,0,measured_performance,False
P-69952:WC-1990,historical,70,70,0,70,70,0,measured_performance,False
P-69953:WC-2014,historical,81,82,1,81,82,1,measured_performance,False
P-69960:WC-1990,historical,78,78,0,78,78,0,measured_performance,False
P-69995:WC-2002,historical,82,82,0,82,82,0,measured_performance,False
P-69996:WC-1970,historical,70,70,0,70,70,0,measured_performance,False
P-70006:WC-2010,historical,72,72,0,72,72,0,measured_performance,False
P-70006:WC-2014,historical,83,83,0,83,83,0,measured_performance,False
P-70032:WC-1962,historical,69,69,0,69,69,0,measured_performance,False
P-70033:WC-1986,historical,88,88,0,88,88,0,measured_performance,False
P-70034:WC-1958,historical,66,66,0,66,66,0,baseline_anchor_estimate,False
P-70038:WC-1982,historical,68,68,0,68,68,0,measured_performance,False
P-70046:WC-2014,historical,70,70,0,70,70,0,measured_performance,False
P-70067:WC-1958,historical,83,83,0,83,83,0,measured_performance,False
P-70085:WC-2018,historical,83,83,0,83,83,0,measured_performance,False
P-70088:WC-1934,historical,66,66,0,66,66,0,baseline_anchor_estimate,False
P-70099:WC-1998,historical,72,72,0,72,72,0,measured_performance,False
P-70100:WC-2002,historical,71,71,0,71,71,0,measured_performance,False
P-70102:WC-1982,historical,68,68,0,68,68,0,measured_performance,False
P-70102:WC-1986,historical,68,68,0,68,68,0,measured_performance,False
P-70115:WC-1970,historical,71,71,0,71,71,0,measured_performance,False
P-70132:WC-2018,historical,72,72,0,72,72,0,measured_performance,False
P-70140:WC-2006,historical,76,76,0,76,76,0,measured_performance,False
P-70144:WC-2002,historical,72,72,0,72,72,0,measured_performance,False
P-70144:WC-2006,historical,74,75,1,74,75,1,measured_performance,False
P-70145:WC-2022,historical,70,70,0,70,70,0,measured_performance,False
P-70166:WC-1930,historical,88,88,0,88,88,0,measured_performance,False
P-70170:WC-1930,historical,72,72,0,72,72,0,measured_performance,False
P-70177:WC-1990,historical,82,83,1,82,83,1,measured_performance,False
P-70177:WC-1994,historical,76,77,1,76,77,1,measured_performance,False
P-70204:WC-1966,historical,73,73,0,73,73,0,measured_performance,False
P-70218:WC-1990,historical,68,68,0,68,68,0,measured_performance,False
P-70227:WC-2022,historical,68,68,0,68,68,0,measured_performance,False
P-70237:WC-2014,historical,71,71,0,71,71,0,measured_performance,False
P-70241:WC-2018,historical,79,80,1,79,80,1,measured_performance,False
P-70253:WC-1978,historical,70,70,0,70,70,0,measured_performance,False
P-70254:WC-1934,historical,72,72,0,72,72,0,baseline_anchor_estimate,False
P-70254:WC-1938,historical,86,86,0,86,86,0,measured_performance,False
P-70280:WC-2014,historical,88,88,0,88,88,0,measured_performance,False
P-70280:WC-2022,historical,68,68,0,68,68,0,measured_performance,False
P-70292:WC-1966,historical,71,71,0,71,71,0,measured_performance,False
P-70294:WC-1930,historical,81,82,1,81,82,1,measured_performance,False
P-70308:WC-2002,historical,70,70,0,70,70,0,measured_performance,False
P-70338:WC-1994,historical,76,77,1,76,77,1,measured_performance,False
P-70353:WC-1978,historical,77,78,1,77,78,1,measured_performance,False
P-70353:WC-1982,historical,77,77,0,77,77,0,measured_performance,False
P-70357:WC-2022,historical,81,81,0,81,81,0,measured_performance,False
P-70361:WC-1954,historical,72,72,0,72,72,0,measured_performance,False
P-70372:WC-2002,historical,78,79,1,78,79,1,measured_performance,False
P-70389:WC-1950,historical,66,66,0,66,66,0,baseline_anchor_estimate,False
P-70408:WC-1970,historical,72,73,1,72,73,1,measured_performance,False
P-70414:WC-2014,historical,72,73,1,72,73,1,measured_performance,False
P-70419:WC-1982,historical,72,72,0,72,72,0,measured_performance,False
P-70421:WC-2010,historical,72,73,1,72,73,1,measured_performance,False
P-70432:WC-1934,historical,72,72,0,72,72,0,measured_performance,False
P-70432:WC-1938,historical,72,72,0,72,72,0,measured_performance,False
P-70442:WC-2006,historical,95,95,0,88,88,0,career_stature_estimate,True
P-70442:WC-2010,historical,95,95,0,85,86,1,career_stature_estimate,True
P-70442:WC-2014,historical,93,93,0,80,81,1,career_stature_estimate,True
P-70442:WC-2018,historical,95,95,0,88,88,0,career_stature_estimate,True
P-70442:WC-2022,historical,95,95,0,85,85,0,career_stature_estimate,True
P-70457:WC-1966,historical,73,73,0,73,73,0,baseline_anchor_estimate,False
P-70457:WC-1970,historical,71,71,0,71,71,0,measured_performance,False
P-70474:WC-2006,historical,72,72,0,72,72,0,measured_performance,False
P-70483:WC-2022,historical,72,72,0,72,72,0,measured_performance,False
P-70505:WC-1962,historical,72,72,0,72,72,0,measured_performance,False
P-70512:WC-1994,historical,71,71,0,71,71,0,measured_performance,False
P-70515:WC-2022,historical,71,71,0,71,71,0,measured_performance,False
P-70516:WC-2022,historical,76,77,1,76,77,1,measured_performance,False
P-70545:WC-2010,historical,75,76,1,75,76,1,measured_performance,False
P-70547:WC-2014,historical,86,86,0,86,86,0,measured_performance,False
P-70547:WC-2018,historical,88,88,0,88,88,0,measured_performance,False
P-70547:WC-2022,historical,79,79,0,79,79,0,measured_performance,False
P-70560:WC-2010,historical,75,76,1,75,76,1,measured_performance,False
P-70560:WC-2014,historical,71,71,0,71,71,0,measured_performance,False
P-70566:WC-1954,historical,66,66,0,66,66,0,baseline_anchor_estimate,False
P-70569:WC-1986,historical,76,77,1,76,77,1,measured_performance,False
P-70583:WC-2018,historical,81,82,1,81,82,1,measured_performance,False
P-70583:WC-2022,historical,85,86,1,85,86,1,measured_performance,False
P-70594:WC-1998,historical,75,76,1,75,76,1,measured_performance,False
P-70595:WC-2014,historical,71,71,0,71,71,0,measured_performance,False
P-70602:WC-1986,historical,70,70,0,70,70,0,measured_performance,False
P-70618:WC-2018,historical,88,88,0,88,88,0,measured_performance,False
P-70618:WC-2022,historical,88,88,0,88,88,0,measured_performance,False
P-70650:WC-2014,historical,88,88,0,88,88,0,measured_performance,False
P-70650:WC-2018,historical,86,86,0,86,86,0,measured_performance,False
P-70671:WC-2018,historical,72,72,0,72,72,0,measured_performance,False
P-70671:WC-2022,historical,71,71,0,71,71,0,measured_performance,False
P-70680:WC-1998,historical,84,85,1,84,85,1,measured_performance,False
P-70689:WC-1934,historical,66,66,0,66,66,0,baseline_anchor_estimate,False
P-70689:WC-1938,historical,73,73,0,73,73,0,measured_performance,False
P-70690:WC-1934,historical,73,74,1,73,74,1,measured_performance,False
P-70691:WC-2022,historical,71,71,0,71,71,0,measured_performance,False
P-70698:WC-2002,historical,72,72,0,72,72,0,measured_performance,False
P-70700:WC-1994,historical,76,77,1,76,77,1,measured_performance,False
P-70700:WC-2002,historical,78,79,1,78,79,1,measured_performance,False
P-70703:WC-1982,historical,78,78,0,78,78,0,measured_performance,False
P-70715:WC-2018,historical,74,75,1,74,75,1,measured_performance,False
P-70715:WC-2022,historical,88,88,0,88,88,0,measured_performance,False
P-70720:WC-1938,historical,72,72,0,72,72,0,measured_performance,False
P-70724:WC-1958,historical,88,88,0,88,88,0,measured_performance,False
P-70724:WC-1962,historical,73,73,0,73,73,0,baseline_anchor_estimate,False
P-70724:WC-1966,historical,72,72,0,72,72,0,measured_performance,False
P-70748:WC-1970,historical,79,80,1,79,80,1,measured_performance,False
P-70753:WC-1954,historical,72,73,1,72,73,1,measured_performance,False
P-70753:WC-1958,historical,72,72,0,72,72,0,measured_performance,False
P-70770:WC-1990,historical,79,79,0,79,79,0,measured_performance,False
P-70776:WC-1994,historical,71,71,0,71,71,0,measured_performance,False
P-70793:WC-2010,historical,71,71,0,71,71,0,measured_performance,False
P-70794:WC-2018,historical,73,73,0,73,73,0,measured_performance,False
P-70795:WC-1962,historical,72,72,0,72,72,0,measured_performance,False
P-70798:WC-1954,historical,88,88,0,88,88,0,measured_performance,False
P-70798:WC-1962,historical,71,72,1,71,72,1,measured_performance,False
P-70804:WC-1934,historical,81,81,0,81,81,0,measured_performance,False
P-70804:WC-1938,historical,86,86,0,86,86,0,measured_performance,False
P-70812:WC-2014,historical,84,84,0,84,84,0,measured_performance,False
P-70812:WC-2018,historical,72,72,0,72,72,0,measured_performance,False
P-70812:WC-2022,historical,72,72,0,72,72,0,measured_performance,False
P-70815:WC-2010,historical,71,71,0,71,71,0,measured_performance,False
P-70829:WC-1958,historical,72,73,1,72,73,1,measured_performance,False
P-70832:WC-1950,historical,71,71,0,71,71,0,measured_performance,False
P-70847:WC-1954,historical,73,73,0,73,73,0,measured_performance,False
P-70867:WC-2022,historical,87,87,0,87,87,0,measured_performance,False
P-70869:WC-1978,historical,72,73,1,72,73,1,measured_performance,False
P-70879:WC-2022,historical,78,79,1,78,79,1,measured_performance,False
P-70887:WC-1950,historical,73,73,0,73,73,0,measured_performance,False
P-70903:WC-2010,historical,71,71,0,71,71,0,measured_performance,False
P-70909:WC-1978,historical,70,71,1,70,71,1,measured_performance,False
P-70918:WC-1966,historical,78,79,1,78,79,1,measured_performance,False
P-70926:WC-1962,historical,74,74,0,74,74,0,measured_performance,False
P-70926:WC-1966,historical,72,72,0,72,72,0,measured_performance,False
P-70927:WC-1938,historical,88,88,0,88,88,0,measured_performance,False
P-70943:WC-1954,historical,88,88,0,88,88,0,measured_performance,False
P-70970:WC-1934,historical,73,73,0,73,73,0,baseline_anchor_estimate,False
P-70989:WC-1954,historical,97,97,0,88,88,0,career_stature_estimate,False
P-70989:WC-1958,historical,92,92,0,72,72,0,career_stature_estimate,False
P-71020:WC-1998,historical,78,78,0,78,78,0,measured_performance,False
P-71023:WC-2018,historical,71,71,0,71,71,0,measured_performance,False
P-71023:WC-2022,historical,88,88,0,88,88,0,measured_performance,False
P-71030:WC-1954,historical,71,72,1,71,72,1,measured_performance,False
P-71032:WC-1982,historical,81,81,0,81,81,0,measured_performance,False
P-71071:WC-2018,historical,79,80,1,79,80,1,measured_performance,False
P-71071:WC-2022,historical,72,73,1,72,73,1,measured_performance,False
P-71080:WC-2006,historical,71,71,0,71,71,0,measured_performance,False
P-71100:WC-2018,historical,73,73,0,73,73,0,measured_performance,False
P-71100:WC-2022,historical,72,73,1,72,73,1,measured_performance,False
P-71107:WC-1990,historical,81,82,1,81,82,1,measured_performance,False
P-71113:WC-2010,historical,68,68,0,68,68,0,measured_performance,False
P-71130:WC-2002,historical,71,71,0,71,71,0,measured_performance,False
P-71162:WC-1950,historical,73,73,0,73,73,0,measured_performance,False
P-71169:WC-1958,historical,73,73,0,73,73,0,measured_performance,False
P-71173:WC-1990,historical,86,87,1,86,87,1,measured_performance,False
P-71211:WC-2002,historical,75,76,1,75,76,1,measured_performance,False
P-71220:WC-1998,historical,72,72,0,72,72,0,measured_performance,False
P-71223:WC-1958,historical,88,88,0,88,88,0,measured_performance,False
P-71232:WC-1994,historical,68,68,0,68,68,0,measured_performance,False
P-71234:WC-1970,historical,68,68,0,68,68,0,measured_performance,False
P-71236:WC-2010,historical,71,71,0,71,71,0,measured_performance,False
P-71248:WC-2006,historical,68,68,0,68,68,0,measured_performance,False
P-71253:WC-1938,historical,88,88,0,88,88,0,measured_performance,False
P-71260:WC-1990,historical,88,88,0,88,88,0,measured_performance,False
P-71285:WC-2018,historical,73,74,1,73,74,1,measured_performance,False
P-71287:WC-1978,historical,71,71,0,71,71,0,measured_performance,False
P-71308:WC-2014,historical,80,81,1,80,81,1,measured_performance,False
P-71313:WC-1982,historical,72,72,0,72,72,0,measured_performance,False
P-71319:WC-1974,historical,71,71,0,71,71,0,measured_performance,False
P-71342:WC-1990,historical,88,88,0,88,88,0,measured_performance,False
P-71343:WC-2022,historical,88,88,0,88,88,0,measured_performance,False
P-71361:WC-2014,historical,80,80,0,80,80,0,measured_performance,False
P-71373:WC-2014,historical,70,70,0,70,70,0,measured_performance,False
P-71410:WC-1974,historical,72,72,0,72,72,0,measured_performance,False
P-71420:WC-2006,historical,88,88,0,88,88,0,measured_performance,False
P-71420:WC-2010,historical,86,86,0,86,86,0,measured_performance,False
P-71464:WC-1962,historical,72,72,0,72,72,0,measured_performance,False
P-71481:WC-1950,historical,69,69,0,69,69,0,measured_performance,False
P-71483:WC-1938,historical,71,71,0,71,71,0,measured_performance,False
P-71492:WC-1990,historical,73,74,1,73,74,1,measured_performance,False
P-71503:WC-1950,historical,73,73,0,73,73,0,measured_performance,False
P-71516:WC-1950,historical,80,80,0,80,80,0,measured_performance,False
P-71520:WC-1986,historical,81,81,0,81,81,0,measured_performance,False
P-71521:WC-1986,historical,71,71,0,71,71,0,measured_performance,False
P-71525:WC-2018,historical,71,71,0,71,71,0,measured_performance,False
P-71531:WC-2002,historical,73,73,0,73,73,0,measured_performance,False
P-71546:WC-1934,historical,73,73,0,73,73,0,measured_performance,False
P-71588:WC-1966,historical,66,66,0,66,66,0,baseline_anchor_estimate,False
P-71589:WC-1970,historical,72,72,0,72,72,0,measured_performance,False
P-71589:WC-1974,historical,72,72,0,72,72,0,measured_performance,False
P-71595:WC-1994,historical,71,71,0,71,71,0,measured_performance,False
P-71601:WC-1994,historical,68,68,0,68,68,0,measured_performance,False
P-71601:WC-1998,historical,68,68,0,68,68,0,measured_performance,False
P-71601:WC-2002,historical,72,72,0,72,72,0,measured_performance,False
P-71616:WC-1986,historical,74,75,1,74,75,1,measured_performance,False
P-71619:WC-1982,historical,71,71,0,71,71,0,measured_performance,False
P-71630:WC-1934,historical,87,87,0,87,87,0,measured_performance,False
P-71633:WC-2014,historical,86,86,0,86,86,0,measured_performance,False
P-71648:WC-1966,historical,73,73,0,73,73,0,measured_performance,False
P-71652:WC-2010,historical,70,70,0,70,70,0,measured_performance,False
P-71661:WC-2006,historical,88,88,0,88,88,0,measured_performance,False
P-71661:WC-2010,historical,87,87,0,87,87,0,measured_performance,False
P-71661:WC-2014,historical,80,81,1,80,81,1,measured_performance,False
P-71673:WC-1950,historical,81,82,1,81,82,1,measured_performance,False
P-71680:WC-1954,historical,70,70,0,70,70,0,measured_performance,False
P-71680:WC-1958,historical,66,66,0,66,66,0,baseline_anchor_estimate,False
P-71720:WC-1958,historical,87,87,0,87,87,0,measured_performance,False
P-71726:WC-2002,historical,73,73,0,73,73,0,measured_performance,False
P-71727:WC-2022,historical,68,68,0,68,68,0,measured_performance,False
P-71732:WC-1990,historical,72,72,0,72,72,0,measured_performance,False
P-71750:WC-1982,historical,77,77,0,77,77,0,measured_performance,False
P-71751:WC-2018,historical,68,68,0,68,68,0,measured_performance,False
P-71765:WC-1978,historical,70,70,0,70,70,0,measured_performance,False
P-71779:WC-1982,historical,77,77,0,77,77,0,measured_performance,False
P-71799:WC-1930,historical,72,72,0,72,72,0,measured_performance,False
P-71806:WC-1986,historical,73,73,0,73,73,0,measured_performance,False
P-71808:WC-1934,historical,73,74,1,73,74,1,measured_performance,False
P-71816:WC-2018,historical,75,76,1,75,76,1,measured_performance,False
P-71840:WC-2018,historical,81,82,1,81,82,1,measured_performance,False
P-71859:WC-2022,historical,72,73,1,72,73,1,measured_performance,False
P-71875:WC-2022,historical,71,71,0,71,71,0,measured_performance,False
P-71884:WC-1954,historical,88,88,0,88,88,0,measured_performance,False
P-71906:WC-1974,historical,70,70,0,70,70,0,measured_performance,False
P-71910:WC-1938,historical,72,72,0,72,72,0,measured_performance,False
P-71914:WC-1974,historical,79,79,0,79,79,0,measured_performance,False
P-71920:WC-1982,historical,73,73,0,73,73,0,measured_performance,False
P-71920:WC-1986,historical,71,71,0,71,71,0,measured_performance,False
P-71933:WC-2014,historical,86,86,0,86,86,0,measured_performance,False
P-71952:WC-1958,historical,87,87,0,87,87,0,measured_performance,False
P-71954:WC-1954,historical,88,88,0,88,88,0,measured_performance,False
P-71962:WC-2010,historical,72,72,0,72,72,0,measured_performance,False
P-71973:WC-1930,historical,88,88,0,88,88,0,measured_performance,False
P-71979:WC-1986,historical,73,74,1,73,74,1,measured_performance,False
P-71995:WC-2006,historical,72,72,0,72,72,0,measured_performance,False
P-72011:WC-2014,historical,89,89,0,82,82,0,career_stature_estimate,True
P-72011:WC-2018,historical,91,91,0,89,89,0,career_stature_estimate,True
P-72011:WC-2022,historical,88,88,0,72,72,0,career_stature_estimate,True
P-72028:WC-2014,historical,78,78,0,78,78,0,measured_performance,False
P-72028:WC-2018,historical,88,88,0,88,88,0,measured_performance,False
P-72028:WC-2022,historical,71,71,0,71,71,0,measured_performance,False
P-72033:WC-1970,historical,88,88,0,88,88,0,measured_performance,False
P-72035:WC-1950,historical,72,73,1,72,73,1,measured_performance,False
P-72039:WC-2010,historical,72,72,0,72,72,0,measured_performance,False
P-72041:WC-1938,historical,66,66,0,66,66,0,baseline_anchor_estimate,False
P-72049:WC-1970,historical,73,74,1,73,74,1,measured_performance,False
P-72075:WC-1938,historical,80,81,1,80,81,1,measured_performance,False
P-72094:WC-1986,historical,70,70,0,70,70,0,measured_performance,False
P-72098:WC-2010,historical,70,70,0,70,70,0,measured_performance,False
P-72128:WC-1954,historical,73,73,0,73,73,0,measured_performance,False
P-72134:WC-1994,historical,71,71,0,71,71,0,measured_performance,False
P-72134:WC-1998,historical,71,71,0,71,71,0,measured_performance,False
P-72137:WC-1974,historical,76,77,1,76,77,1,measured_performance,False
P-72141:WC-1986,historical,88,88,0,88,88,0,measured_performance,False
P-72195:WC-1938,historical,66,66,0,66,66,0,baseline_anchor_estimate,False
P-72244:WC-2014,historical,88,88,0,88,88,0,measured_performance,False
P-72288:WC-1950,historical,88,88,0,88,88,0,measured_performance,False
P-72296:WC-1994,historical,81,81,0,81,81,0,measured_performance,False
P-72296:WC-1998,historical,86,87,1,86,87,1,measured_performance,False
P-72305:WC-2010,historical,68,68,0,68,68,0,measured_performance,False
P-72332:WC-1994,historical,88,88,0,88,88,0,measured_performance,False
P-72348:WC-1974,historical,87,87,0,87,87,0,measured_performance,False
P-72363:WC-2022,historical,79,79,0,79,79,0,measured_performance,False
P-72370:WC-1950,historical,71,71,0,71,71,0,measured_performance,False
P-72373:WC-1982,historical,70,70,0,70,70,0,measured_performance,False
P-72379:WC-1990,historical,88,88,0,88,88,0,measured_performance,False
P-72399:WC-2022,historical,71,71,0,71,71,0,measured_performance,False
P-72404:WC-1998,historical,88,88,0,88,88,0,measured_performance,False
P-72404:WC-2002,historical,86,86,0,86,86,0,measured_performance,False
P-72420:WC-1958,historical,66,66,0,66,66,0,baseline_anchor_estimate,False
P-72423:WC-1934,historical,73,73,0,73,73,0,measured_performance,False
P-72441:WC-1970,historical,98,98,0,90,90,0,career_stature_estimate,True
P-72441:WC-1974,historical,98,98,0,88,88,0,career_stature_estimate,True
P-72448:WC-2006,historical,80,80,0,80,80,0,measured_performance,False
P-72460:WC-1974,historical,71,71,0,71,71,0,measured_performance,False
P-72471:WC-1994,historical,88,88,0,88,88,0,measured_performance,False
P-72471:WC-1998,historical,88,88,0,88,88,0,measured_performance,False
P-72474:WC-2010,historical,79,79,0,79,79,0,measured_performance,False
P-72479:WC-1982,historical,81,81,0,81,81,0,measured_performance,False
P-72482:WC-1998,historical,73,74,1,73,74,1,measured_performance,False
P-72487:WC-1994,historical,81,81,0,81,81,0,measured_performance,False
P-72495:WC-1998,historical,72,72,0,72,72,0,measured_performance,False
P-72495:WC-2002,historical,72,72,0,72,72,0,measured_performance,False
P-72502:WC-1958,historical,71,72,1,71,72,1,measured_performance,False
P-72529:WC-1978,historical,85,85,0,85,85,0,measured_performance,False
P-72529:WC-1982,historical,74,75,1,74,75,1,measured_performance,False
P-72587:WC-1986,historical,73,74,1,73,74,1,measured_performance,False
P-72588:WC-1954,historical,71,72,1,71,72,1,measured_performance,False
P-72591:WC-1990,historical,71,71,0,71,71,0,measured_performance,False
P-72592:WC-2018,historical,71,71,0,71,71,0,measured_performance,False
P-72592:WC-2022,historical,72,72,0,72,72,0,measured_performance,False
P-72611:WC-2010,historical,71,71,0,71,71,0,measured_performance,False
P-72637:WC-2014,historical,83,83,0,83,83,0,measured_performance,False
P-72637:WC-2018,historical,88,88,0,88,88,0,measured_performance,False
P-72637:WC-2022,historical,71,71,0,71,71,0,measured_performance,False
P-72682:WC-1982,historical,68,68,0,68,68,0,measured_performance,False
P-72683:WC-1970,historical,72,72,0,72,72,0,measured_performance,False
P-72683:WC-1974,historical,88,88,0,88,88,0,measured_performance,False
P-72685:WC-1982,historical,77,77,0,77,77,0,measured_performance,False
P-72710:WC-2018,historical,74,75,1,74,75,1,measured_performance,False
P-72726:WC-1950,historical,79,80,1,79,80,1,measured_performance,False
P-72733:WC-1978,historical,71,71,0,71,71,0,measured_performance,False
P-72736:WC-1994,historical,72,72,0,72,72,0,measured_performance,False
P-72737:WC-2014,historical,72,72,0,72,72,0,measured_performance,False
P-72738:WC-1962,historical,82,82,0,82,82,0,measured_performance,False
P-72738:WC-1966,historical,75,76,1,75,76,1,measured_performance,False
P-72757:WC-1978,historical,70,70,0,70,70,0,measured_performance,False
P-72763:WC-1998,historical,73,74,1,73,74,1,measured_performance,False
P-72763:WC-2002,historical,70,70,0,70,70,0,measured_performance,False
P-72770:WC-2018,historical,71,71,0,71,71,0,measured_performance,False
P-72770:WC-2022,historical,71,71,0,71,71,0,measured_performance,False
P-72780:WC-2002,historical,71,71,0,71,71,0,measured_performance,False
P-72794:WC-1990,historical,71,71,0,71,71,0,measured_performance,False
P-72795:WC-2010,historical,72,72,0,72,72,0,measured_performance,False
P-72797:WC-1998,historical,68,68,0,68,68,0,measured_performance,False
P-72797:WC-2002,historical,78,79,1,78,79,1,measured_performance,False
P-72803:WC-1962,historical,72,72,0,72,72,0,measured_performance,False
P-72803:WC-1966,historical,85,85,0,85,85,0,measured_performance,False
P-72803:WC-1970,historical,74,75,1,74,75,1,measured_performance,False
P-72804:WC-2006,historical,80,80,0,80,80,0,measured_performance,False
P-72804:WC-2014,historical,78,79,1,78,79,1,measured_performance,False
P-72808:WC-1930,historical,83,83,0,83,83,0,measured_performance,False
P-72819:WC-2018,historical,73,73,0,73,73,0,measured_performance,False
P-72837:WC-1962,historical,72,72,0,72,72,0,measured_performance,False
P-72859:WC-2006,historical,88,88,0,88,88,0,measured_performance,False
P-72864:WC-1966,historical,98,98,0,89,89,0,career_stature_estimate,True
P-72864:WC-1970,historical,98,98,0,88,88,0,career_stature_estimate,True
P-72864:WC-1974,historical,97,97,0,88,88,0,career_stature_estimate,True
P-72876:WC-2002,historical,78,79,1,78,79,1,measured_performance,False
P-72888:WC-1934,historical,88,88,0,88,88,0,measured_performance,False
P-72889:WC-1930,historical,72,72,0,72,72,0,measured_performance,False
P-72889:WC-1934,historical,72,72,0,72,72,0,measured_performance,False
P-72916:WC-2010,historical,72,73,1,72,73,1,measured_performance,False
P-72916:WC-2014,historical,86,86,0,86,86,0,measured_performance,False
P-72919:WC-1990,historical,83,84,1,82,83,1,measured_performance,False
P-72919:WC-1994,historical,88,88,0,88,88,0,measured_performance,False
P-72928:WC-1954,historical,72,72,0,72,72,0,measured_performance,False
P-72928:WC-1958,historical,71,71,0,71,71,0,measured_performance,False
P-72937:WC-1990,historical,71,71,0,71,71,0,measured_performance,False
P-72937:WC-1994,historical,71,71,0,71,71,0,measured_performance,False
P-72937:WC-1998,historical,81,81,0,81,81,0,measured_performance,False
P-72942:WC-1982,historical,77,77,0,77,77,0,measured_performance,False
P-72969:WC-1998,historical,68,68,0,68,68,0,measured_performance,False
P-72980:WC-1982,historical,72,72,0,72,72,0,measured_performance,False
P-73006:WC-1974,historical,71,71,0,71,71,0,measured_performance,False
P-73008:WC-1962,historical,66,66,0,66,66,0,baseline_anchor_estimate,False
P-73034:WC-1982,historical,77,77,0,77,77,0,measured_performance,False
P-73082:WC-1958,historical,66,66,0,66,66,0,baseline_anchor_estimate,False
P-73100:WC-1986,historical,71,71,0,71,71,0,measured_performance,False
P-73110:WC-1998,historical,78,78,0,78,78,0,measured_performance,False
P-73129:WC-1970,historical,71,71,0,71,71,0,measured_performance,False
P-73149:WC-1978,historical,71,71,0,71,71,0,measured_performance,False
P-73157:WC-2002,historical,73,73,0,73,73,0,measured_performance,False
P-73160:WC-2010,historical,72,72,0,72,72,0,measured_performance,False
P-73160:WC-2014,historical,71,71,0,71,71,0,measured_performance,False
P-73169:WC-2002,historical,78,79,1,78,79,1,measured_performance,False
P-73174:WC-1990,historical,71,71,0,71,71,0,measured_performance,False
P-73175:WC-2010,historical,71,71,0,71,71,0,measured_performance,False
P-73193:WC-1974,historical,72,72,0,72,72,0,measured_performance,False
P-73226:WC-1986,historical,73,74,1,73,74,1,measured_performance,False
P-73255:WC-2006,historical,72,72,0,72,72,0,measured_performance,False
P-73255:WC-2010,historical,73,73,0,73,73,0,measured_performance,False
P-73258:WC-2018,historical,72,72,0,72,72,0,measured_performance,False
P-73278:WC-1938,historical,72,72,0,72,72,0,measured_performance,False
P-73303:WC-1986,historical,72,72,0,72,72,0,measured_performance,False
P-73306:WC-2018,historical,75,76,1,75,76,1,measured_performance,False
P-73308:WC-1930,historical,66,66,0,66,66,0,baseline_anchor_estimate,False
P-73309:WC-1954,historical,71,72,1,71,72,1,measured_performance,False
P-73316:WC-1998,historical,78,78,0,78,78,0,measured_performance,False
P-73319:WC-2002,historical,72,72,0,72,72,0,measured_performance,False
P-73344:WC-2006,historical,80,80,0,80,80,0,measured_performance,False
P-73354:WC-1994,historical,90,90,0,90,90,0,measured_performance,False
P-73371:WC-1982,historical,84,84,0,84,84,0,measured_performance,False
P-73380:WC-2014,historical,70,70,0,70,70,0,measured_performance,False
P-73390:WC-1982,historical,78,79,1,77,77,0,measured_performance,False
P-73390:WC-1986,historical,88,88,0,88,88,0,measured_performance,False
P-73390:WC-1990,historical,77,77,0,75,76,1,measured_performance,False
P-73403:WC-1938,historical,73,74,1,73,74,1,measured_performance,False
P-73411:WC-1982,historical,77,77,0,77,77,0,measured_performance,False
P-73455:WC-2022,historical,79,79,0,79,79,0,measured_performance,False
P-73468:WC-2010,historical,80,81,1,80,81,1,measured_performance,False
P-73491:WC-2022,historical,71,71,0,71,71,0,measured_performance,False
P-73507:WC-1958,historical,77,77,0,77,77,0,measured_performance,False
P-73512:WC-2010,historical,70,70,0,70,70,0,measured_performance,False
P-73512:WC-2014,historical,70,70,0,70,70,0,measured_performance,False
P-73513:WC-2014,historical,70,70,0,70,70,0,measured_performance,False
P-73517:WC-1970,historical,74,75,1,74,75,1,measured_performance,False
P-73517:WC-1974,historical,72,72,0,72,72,0,measured_performance,False
P-73520:WC-2014,historical,71,71,0,71,71,0,measured_performance,False
P-73521:WC-1974,historical,75,76,1,75,76,1,measured_performance,False
P-73564:WC-2014,historical,72,72,0,72,72,0,measured_performance,False
P-73572:WC-2022,historical,72,73,1,72,73,1,measured_performance,False
P-73607:WC-1990,historical,71,71,0,71,71,0,measured_performance,False
P-73608:WC-2006,historical,79,80,1,79,80,1,measured_performance,False
P-73619:WC-2006,historical,71,71,0,71,71,0,measured_performance,False
P-73643:WC-1990,historical,68,68,0,68,68,0,measured_performance,False
P-73648:WC-1994,historical,71,72,1,71,72,1,measured_performance,False
P-73649:WC-2014,historical,71,71,0,71,71,0,measured_performance,False
P-73673:WC-1962,historical,66,66,0,66,66,0,baseline_anchor_estimate,False
P-73673:WC-1966,historical,76,77,1,76,77,1,measured_performance,False
P-73673:WC-1970,historical,88,88,0,88,88,0,measured_performance,False
P-73673:WC-1974,historical,71,71,0,71,71,0,measured_performance,False
P-73679:WC-1990,historical,73,74,1,73,74,1,measured_performance,False
P-73694:WC-2022,historical,72,73,1,72,73,1,measured_performance,False
P-73704:WC-1986,historical,87,87,0,87,87,0,measured_performance,False
P-73712:WC-2018,historical,71,71,0,71,71,0,measured_performance,False
P-73712:WC-2022,historical,88,88,0,88,88,0,measured_performance,False
P-73715:WC-1966,historical,72,72,0,72,72,0,measured_performance,False
P-73717:WC-1950,historical,72,72,0,72,72,0,measured_performance,False
P-73722:WC-2002,historical,78,79,1,78,79,1,measured_performance,False
P-73737:WC-1990,historical,88,88,0,88,88,0,measured_performance,False
P-73743:WC-1950,historical,98,98,0,88,88,0,career_stature_estimate,True
P-73764:WC-1986,historical,72,72,0,72,72,0,measured_performance,False
P-73769:WC-1958,historical,73,73,0,73,73,0,measured_performance,False
P-73770:WC-1958,historical,73,73,0,73,73,0,measured_performance,False
P-73794:WC-1990,historical,82,83,1,82,83,1,measured_performance,False
P-73814:WC-1950,historical,69,69,0,69,69,0,measured_performance,False
P-73834:WC-2018,historical,72,73,1,72,73,1,measured_performance,False
P-73834:WC-2022,historical,72,73,1,72,73,1,measured_performance,False
P-73846:WC-1974,historical,72,72,0,72,72,0,measured_performance,False
P-73866:WC-1966,historical,72,72,0,72,72,0,measured_performance,False
P-73907:WC-2018,historical,71,71,0,71,71,0,measured_performance,False
P-73911:WC-1982,historical,72,72,0,72,72,0,measured_performance,False
P-73911:WC-1986,historical,84,84,0,84,84,0,measured_performance,False
P-73911:WC-1990,historical,81,81,0,81,81,0,measured_performance,False
P-73924:WC-2006,historical,82,82,0,82,82,0,measured_performance,False
P-73924:WC-2010,historical,88,88,0,88,88,0,measured_performance,False
P-73924:WC-2014,historical,83,83,0,83,83,0,measured_performance,False
P-73933:WC-1998,historical,71,71,0,71,71,0,measured_performance,False
P-73967:WC-1962,historical,71,71,0,71,71,0,measured_performance,False
P-73968:WC-1978,historical,71,71,0,71,71,0,measured_performance,False
P-73973:WC-2006,historical,72,72,0,72,72,0,measured_performance,False
P-73975:WC-2010,historical,80,81,1,80,81,1,measured_performance,False
P-74001:WC-1934,historical,72,72,0,72,72,0,measured_performance,False
P-74007:WC-2022,historical,70,70,0,70,70,0,measured_performance,False
P-74017:WC-1974,historical,72,72,0,72,72,0,measured_performance,False
P-74027:WC-1950,historical,71,71,0,71,71,0,measured_performance,False
P-74032:WC-1986,historical,70,70,0,70,70,0,measured_performance,False
P-74032:WC-1990,historical,70,70,0,70,70,0,measured_performance,False
P-74039:WC-1998,historical,78,78,0,78,78,0,measured_performance,False
P-74058:WC-2010,historical,75,76,1,75,76,1,measured_performance,False
P-74058:WC-2014,historical,86,86,0,86,86,0,measured_performance,False
P-74058:WC-2018,historical,88,88,0,88,88,0,measured_performance,False
P-74058:WC-2022,historical,71,71,0,71,71,0,measured_performance,False
P-74059:WC-2006,historical,71,71,0,71,71,0,measured_performance,False
P-74065:WC-1998,historical,88,88,0,88,88,0,measured_performance,False
P-74065:WC-2002,historical,72,72,0,72,72,0,measured_performance,False
P-74066:WC-2010,historical,71,71,0,71,71,0,measured_performance,False
P-74071:WC-2018,historical,88,88,0,88,88,0,measured_performance,False
P-74071:WC-2022,historical,79,79,0,79,79,0,measured_performance,False
P-74098:WC-2018,historical,73,73,0,73,73,0,measured_performance,False
P-74098:WC-2022,historical,79,79,0,79,79,0,measured_performance,False
P-74111:WC-2022,historical,87,87,0,87,87,0,measured_performance,False
P-74112:WC-1966,historical,72,72,0,72,72,0,measured_performance,False
P-74113:WC-1962,historical,72,72,0,72,72,0,measured_performance,False
P-74113:WC-1966,historical,85,86,1,85,86,1,measured_performance,False
P-74131:WC-2006,historical,74,75,1,74,75,1,measured_performance,False
P-74139:WC-2002,historical,70,70,0,70,70,0,measured_performance,False
P-74144:WC-2014,historical,78,79,1,78,79,1,measured_performance,False
P-74150:WC-2006,historical,78,79,1,78,79,1,measured_performance,False
P-74155:WC-2014,historical,68,68,0,68,68,0,measured_performance,False
P-74210:WC-1934,historical,75,76,1,75,76,1,measured_performance,False
P-74221:WC-1934,historical,66,66,0,66,66,0,baseline_anchor_estimate,False
P-74225:WC-1950,historical,73,73,0,73,73,0,measured_performance,False
P-74228:WC-2002,historical,82,82,0,82,82,0,measured_performance,False
P-74235:WC-2002,historical,68,68,0,68,68,0,measured_performance,False
P-74237:WC-1990,historical,82,83,1,82,83,1,measured_performance,False
P-74242:WC-2018,historical,76,77,1,76,77,1,measured_performance,False
P-74243:WC-1982,historical,70,70,0,70,70,0,measured_performance,False
P-74248:WC-1966,historical,75,76,1,75,76,1,measured_performance,False
P-74260:WC-1986,historical,72,72,0,72,72,0,measured_performance,False
P-74261:WC-1998,historical,94,94,0,88,88,0,career_stature_estimate,True
P-74261:WC-2002,historical,94,94,0,89,89,0,career_stature_estimate,True
P-74264:WC-1998,historical,81,81,0,81,81,0,measured_performance,False
P-74278:WC-2014,historical,72,72,0,72,72,0,measured_performance,False
P-74307:WC-1986,historical,83,83,0,83,83,0,measured_performance,False
P-74320:WC-2018,historical,74,75,1,74,75,1,measured_performance,False
P-74323:WC-2002,historical,71,71,0,71,71,0,measured_performance,False
P-74337:WC-2018,historical,73,73,0,73,73,0,measured_performance,False
P-74337:WC-2022,historical,72,73,1,72,73,1,measured_performance,False
P-74340:WC-2006,historical,68,68,0,68,68,0,measured_performance,False
P-74349:WC-1934,historical,71,71,0,71,71,0,baseline_anchor_estimate,False
P-74352:WC-1954,historical,82,82,0,82,82,0,measured_performance,False
P-74352:WC-1958,historical,77,78,1,77,78,1,measured_performance,False
P-74361:WC-1982,historical,72,72,0,72,72,0,measured_performance,False
P-74361:WC-1990,historical,88,88,0,88,88,0,measured_performance,False
P-74389:WC-1974,historical,87,87,0,87,87,0,measured_performance,False
P-74402:WC-1974,historical,72,72,0,72,72,0,measured_performance,False
P-74455:WC-1966,historical,88,88,0,88,88,0,career_stature_estimate,False
P-74455:WC-1970,historical,88,88,0,85,85,0,career_stature_estimate,False
P-74479:WC-1970,historical,74,75,1,74,75,1,measured_performance,False
P-74480:WC-2010,historical,85,86,1,85,86,1,measured_performance,False
P-74480:WC-2014,historical,77,78,1,77,78,1,measured_performance,False
P-74494:WC-2014,historical,80,80,0,80,80,0,measured_performance,False
P-74506:WC-2002,historical,71,71,0,71,71,0,measured_performance,False
P-74519:WC-1998,historical,71,71,0,71,71,0,measured_performance,False
P-74529:WC-1986,historical,83,83,0,83,83,0,measured_performance,False
P-74565:WC-1978,historical,73,74,1,73,74,1,measured_performance,False
P-74565:WC-1982,historical,88,88,0,88,88,0,measured_performance,False
P-74570:WC-1986,historical,72,72,0,72,72,0,measured_performance,False
P-74612:WC-2022,historical,71,71,0,71,71,0,measured_performance,False
P-74629:WC-1990,historical,88,88,0,88,88,0,measured_performance,False
P-74629:WC-1998,historical,71,71,0,71,71,0,measured_performance,False
P-74638:WC-1994,historical,71,71,0,71,71,0,measured_performance,False
P-74655:WC-2018,historical,85,85,0,85,85,0,measured_performance,False
P-74664:WC-1998,historical,79,80,1,79,80,1,measured_performance,False
P-74676:WC-1994,historical,72,72,0,72,72,0,measured_performance,False
P-74688:WC-2022,historical,72,73,1,72,73,1,measured_performance,False
P-74707:WC-2022,historical,72,72,0,72,72,0,measured_performance,False
P-74709:WC-2002,historical,84,84,0,84,84,0,measured_performance,False
P-74745:WC-1974,historical,84,84,0,84,84,0,measured_performance,False
P-74747:WC-1966,historical,98,98,0,90,90,0,career_stature_estimate,True
P-74765:WC-1974,historical,80,81,1,80,81,1,measured_performance,False
P-74788:WC-1994,historical,72,72,0,72,72,0,measured_performance,False
P-74793:WC-1938,historical,86,86,0,86,86,0,measured_performance,False
P-74808:WC-1994,historical,84,84,0,84,84,0,measured_performance,False
P-74808:WC-1998,historical,78,78,0,78,78,0,measured_performance,False
P-74839:WC-1930,historical,72,72,0,72,72,0,measured_performance,False
P-74863:WC-2002,historical,72,72,0,72,72,0,measured_performance,False
P-74878:WC-1930,historical,78,79,1,78,79,1,measured_performance,False
P-74888:WC-2022,historical,79,79,0,79,79,0,measured_performance,False
P-74894:WC-2022,historical,71,71,0,71,71,0,measured_performance,False
P-74898:WC-1954,historical,77,78,1,77,78,1,measured_performance,False
P-74906:WC-2014,historical,72,72,0,72,72,0,measured_performance,False
P-74911:WC-1994,historical,76,77,1,76,77,1,measured_performance,False
P-74924:WC-1994,historical,80,80,0,80,80,0,measured_performance,False
P-74931:WC-1978,historical,68,68,0,68,68,0,measured_performance,False
P-74941:WC-2018,historical,70,70,0,70,70,0,measured_performance,False
P-74941:WC-2022,historical,80,81,1,80,81,1,measured_performance,False
P-74946:WC-2018,historical,79,80,1,79,80,1,measured_performance,False
P-74952:WC-1998,historical,88,88,0,88,88,0,measured_performance,False
P-74977:WC-1994,historical,72,72,0,72,72,0,measured_performance,False
P-74981:WC-2002,historical,72,72,0,72,72,0,measured_performance,False
P-75041:WC-2014,historical,70,70,0,70,70,0,measured_performance,False
P-75062:WC-1998,historical,73,74,1,73,74,1,measured_performance,False
P-75066:WC-1990,historical,70,70,0,70,70,0,measured_performance,False
P-75066:WC-1994,historical,88,88,0,88,88,0,measured_performance,False
P-75070:WC-2006,historical,68,68,0,68,68,0,measured_performance,False
P-75079:WC-1994,historical,73,74,1,73,74,1,measured_performance,False
P-75090:WC-2018,historical,71,71,0,71,71,0,measured_performance,False
P-75095:WC-2002,historical,71,71,0,71,71,0,measured_performance,False
P-75104:WC-2006,historical,80,80,0,80,80,0,measured_performance,False
P-75107:WC-1954,historical,73,73,0,73,73,0,measured_performance,False
P-75108:WC-2002,historical,75,76,1,75,76,1,measured_performance,False
P-75108:WC-2006,historical,70,70,0,70,70,0,measured_performance,False
P-75118:WC-1958,historical,71,71,0,71,71,0,measured_performance,False
P-75144:WC-1958,historical,88,88,0,72,72,0,career_stature_estimate,False
P-75144:WC-1962,historical,88,88,0,74,75,1,career_stature_estimate,False
P-75144:WC-1966,historical,83,84,1,69,69,0,career_stature_estimate,False
P-75156:WC-1950,historical,75,76,1,75,76,1,measured_performance,False
P-75161:WC-1970,historical,72,73,1,72,73,1,measured_performance,False
P-75168:WC-2006,historical,70,70,0,70,70,0,measured_performance,False
P-75179:WC-1998,historical,79,79,0,79,79,0,measured_performance,False
P-75182:WC-1982,historical,77,77,0,77,77,0,measured_performance,False
P-75191:WC-2010,historical,71,71,0,71,71,0,measured_performance,False
P-75209:WC-1950,historical,90,90,0,71,71,0,career_stature_estimate,False
P-75209:WC-1954,historical,92,92,0,76,77,1,career_stature_estimate,False
P-75230:WC-2002,historical,82,82,0,82,82,0,measured_performance,False
P-75239:WC-1994,historical,72,72,0,72,72,0,measured_performance,False
P-75249:WC-1982,historical,68,68,0,68,68,0,measured_performance,False
P-75255:WC-1998,historical,78,78,0,78,78,0,measured_performance,False
P-75255:WC-2002,historical,88,88,0,88,88,0,measured_performance,False
P-75261:WC-1962,historical,74,75,1,74,75,1,measured_performance,False
P-75272:WC-1990,historical,70,70,0,70,70,0,measured_performance,False
P-75277:WC-1994,historical,87,87,0,87,87,0,measured_performance,False
P-75277:WC-1998,historical,88,88,0,88,88,0,measured_performance,False
P-75292:WC-2010,historical,81,81,0,81,81,0,measured_performance,False
P-75292:WC-2014,historical,72,73,1,72,73,1,measured_performance,False
P-75306:WC-2010,historical,83,84,1,83,84,1,measured_performance,False
P-75309:WC-1958,historical,81,81,0,81,81,0,measured_performance,False
P-75330:WC-1998,historical,71,71,0,71,71,0,measured_performance,False
P-75361:WC-2018,historical,74,75,1,74,75,1,measured_performance,False
P-75377:WC-1998,historical,88,88,0,88,88,0,measured_performance,False
P-75377:WC-2002,historical,72,72,0,72,72,0,measured_performance,False
P-75398:WC-1934,historical,72,72,0,72,72,0,measured_performance,False
P-75402:WC-1998,historical,71,71,0,71,71,0,measured_performance,False
P-75417:WC-1990,historical,72,72,0,72,72,0,measured_performance,False
P-75418:WC-1998,historical,68,68,0,68,68,0,measured_performance,False
P-75422:WC-1982,historical,74,75,1,74,75,1,measured_performance,False
P-75443:WC-2014,historical,71,71,0,71,71,0,measured_performance,False
P-75452:WC-2010,historical,72,72,0,72,72,0,measured_performance,False
P-75462:WC-2014,historical,71,71,0,71,71,0,measured_performance,False
P-75470:WC-1982,historical,71,71,0,71,71,0,measured_performance,False
P-75487:WC-2010,historical,71,71,0,71,71,0,measured_performance,False
P-75494:WC-2002,historical,75,76,1,75,76,1,measured_performance,False
P-75509:WC-1970,historical,71,71,0,71,71,0,measured_performance,False
P-75522:WC-2022,historical,68,68,0,68,68,0,measured_performance,False
P-75527:WC-1990,historical,82,83,1,82,83,1,measured_performance,False
P-75536:WC-2002,historical,70,70,0,70,70,0,measured_performance,False
P-75538:WC-2010,historical,71,71,0,71,71,0,measured_performance,False
P-75545:WC-1990,historical,88,88,0,88,88,0,measured_performance,False
P-75570:WC-1998,historical,71,71,0,71,71,0,measured_performance,False
P-75574:WC-1962,historical,86,86,0,86,86,0,measured_performance,False
P-75574:WC-1966,historical,79,79,0,79,79,0,measured_performance,False
P-75598:WC-1998,historical,71,71,0,71,71,0,measured_performance,False
P-75618:WC-2022,historical,71,71,0,71,71,0,measured_performance,False
P-75628:WC-2022,historical,72,73,1,72,73,1,measured_performance,False
P-75651:WC-1954,historical,88,88,0,88,88,0,measured_performance,False
P-75651:WC-1958,historical,66,66,0,66,66,0,baseline_anchor_estimate,False
P-75663:WC-1970,historical,72,72,0,71,71,0,measured_performance,False
P-75667:WC-2014,historical,71,71,0,71,71,0,measured_performance,False
P-75698:WC-1954,historical,73,73,0,73,73,0,measured_performance,False
P-75724:WC-2018,historical,71,71,0,71,71,0,measured_performance,False
P-75736:WC-1982,historical,88,88,0,88,88,0,measured_performance,False
P-75751:WC-2022,historical,76,77,1,76,77,1,measured_performance,False
P-75763:WC-2006,historical,68,68,0,68,68,0,measured_performance,False
P-75763:WC-2010,historical,72,73,1,72,73,1,measured_performance,False
P-75764:WC-2014,historical,68,68,0,68,68,0,measured_performance,False
P-75772:WC-2014,historical,73,73,0,73,73,0,measured_performance,False
P-75785:WC-2014,historical,75,76,1,75,76,1,measured_performance,False
P-75785:WC-2018,historical,79,80,1,79,80,1,measured_performance,False
P-75785:WC-2022,historical,79,79,0,79,79,0,measured_performance,False
P-75813:WC-2002,historical,72,72,0,72,72,0,measured_performance,False
P-75820:WC-2022,historical,68,68,0,68,68,0,measured_performance,False
P-75829:WC-1934,historical,81,81,0,81,81,0,measured_performance,False
P-75836:WC-1998,historical,71,71,0,71,71,0,measured_performance,False
P-75890:WC-2018,historical,91,91,0,84,84,0,career_stature_estimate,True
P-75905:WC-2006,historical,71,71,0,71,71,0,measured_performance,False
P-75912:WC-2014,historical,87,87,0,87,87,0,measured_performance,False
P-75912:WC-2022,historical,87,87,0,87,87,0,measured_performance,False
P-75923:WC-2002,historical,71,71,0,71,71,0,measured_performance,False
P-75924:WC-2018,historical,68,68,0,68,68,0,measured_performance,False
P-75926:WC-2022,historical,71,71,0,71,71,0,measured_performance,False
P-75929:WC-1930,historical,88,88,0,88,88,0,measured_performance,False
P-75955:WC-1950,historical,90,90,0,72,72,0,career_stature_estimate,False
P-75955:WC-1954,historical,91,91,0,77,78,1,career_stature_estimate,False
P-75955:WC-1958,historical,92,92,0,88,88,0,career_stature_estimate,False
P-75955:WC-1962,historical,92,92,0,88,88,0,career_stature_estimate,False
P-75959:WC-2014,historical,71,71,0,71,71,0,measured_performance,False
P-75962:WC-1978,historical,71,72,1,71,72,1,measured_performance,False
P-75965:WC-2002,historical,68,68,0,68,68,0,measured_performance,False
P-75977:WC-1958,historical,88,88,0,88,88,0,measured_performance,False
P-75989:WC-2022,historical,81,82,1,81,82,1,measured_performance,False
P-75995:WC-2014,historical,72,72,0,72,72,0,measured_performance,False
P-75999:WC-1974,historical,75,76,1,75,76,1,measured_performance,False
P-76001:WC-1934,historical,66,66,0,66,66,0,baseline_anchor_estimate,False
P-76014:WC-1934,historical,72,72,0,72,72,0,measured_performance,False
P-76038:WC-1998,historical,73,74,1,73,74,1,measured_performance,False
P-76056:WC-1934,historical,74,74,0,74,74,0,measured_performance,False
P-76056:WC-1938,historical,86,86,0,86,86,0,measured_performance,False
P-76060:WC-2018,historical,71,71,0,71,71,0,measured_performance,False
P-76060:WC-2022,historical,88,88,0,88,88,0,measured_performance,False
P-76066:WC-1938,historical,88,88,0,88,88,0,measured_performance,False
P-76074:WC-1970,historical,71,71,0,71,71,0,measured_performance,False
P-76077:WC-2014,historical,71,71,0,71,71,0,measured_performance,False
P-76079:WC-1982,historical,72,72,0,72,72,0,measured_performance,False
P-76131:WC-2002,historical,78,79,1,78,79,1,measured_performance,False
P-76131:WC-2010,historical,72,73,1,72,73,1,measured_performance,False
P-76141:WC-1986,historical,85,86,1,85,86,1,measured_performance,False
P-76156:WC-1998,historical,74,74,0,74,74,0,measured_performance,False
P-76158:WC-1998,historical,72,72,0,72,72,0,measured_performance,False
P-76170:WC-1978,historical,76,76,0,76,76,0,measured_performance,False
P-76186:WC-1930,historical,73,73,0,73,73,0,baseline_anchor_estimate,False
P-76189:WC-1934,historical,71,71,0,71,71,0,measured_performance,False
P-76191:WC-1994,historical,71,71,0,71,71,0,measured_performance,False
P-76191:WC-1998,historical,79,79,0,79,79,0,measured_performance,False
P-76191:WC-2002,historical,88,88,0,88,88,0,measured_performance,False
P-76203:WC-2002,historical,71,71,0,71,71,0,measured_performance,False
P-76217:WC-1998,historical,77,78,1,77,78,1,measured_performance,False
P-76220:WC-1994,historical,71,71,0,71,71,0,measured_performance,False
P-76220:WC-2002,historical,70,70,0,70,70,0,measured_performance,False
P-76230:WC-1974,historical,75,76,1,75,76,1,measured_performance,False
P-76244:WC-2002,historical,75,76,1,75,76,1,measured_performance,False
P-76247:WC-1994,historical,70,71,1,70,71,1,measured_performance,False
P-76247:WC-1998,historical,72,72,0,72,72,0,measured_performance,False
P-76270:WC-1930,historical,92,92,0,88,88,0,career_stature_estimate,False
P-76271:WC-2014,historical,71,71,0,71,71,0,measured_performance,False
P-76282:WC-1934,historical,88,88,0,88,88,0,measured_performance,False
P-76287:WC-2022,historical,68,68,0,68,68,0,measured_performance,False
P-76289:WC-2006,historical,74,75,1,74,75,1,measured_performance,False
P-76340:WC-1986,historical,73,74,1,73,74,1,measured_performance,False
P-76340:WC-1990,historical,76,76,0,76,76,0,measured_performance,False
P-76352:WC-1962,historical,73,73,0,73,73,0,baseline_anchor_estimate,False
P-76357:WC-1974,historical,72,72,0,72,72,0,measured_performance,False
P-76368:WC-2018,historical,71,71,0,71,71,0,measured_performance,False
P-76375:WC-2002,historical,71,71,0,71,71,0,measured_performance,False
P-76392:WC-1938,historical,88,88,0,88,88,0,measured_performance,False
P-76411:WC-1990,historical,76,77,1,76,77,1,measured_performance,False
P-76440:WC-2010,historical,70,70,0,70,70,0,measured_performance,False
P-76459:WC-1990,historical,88,88,0,88,88,0,measured_performance,False
P-76463:WC-1962,historical,74,75,1,74,75,1,measured_performance,False
P-76463:WC-1966,historical,71,71,0,71,71,0,measured_performance,False
P-76468:WC-2022,historical,71,71,0,71,71,0,measured_performance,False
P-76498:WC-1994,historical,71,71,0,71,71,0,measured_performance,False
P-76498:WC-2002,historical,82,82,0,82,82,0,measured_performance,False
P-76506:WC-1978,historical,72,72,0,72,72,0,measured_performance,False
P-76506:WC-1982,historical,78,78,0,78,78,0,measured_performance,False
P-76522:WC-1970,historical,88,88,0,86,86,0,career_stature_estimate,False
P-76522:WC-1978,historical,89,89,0,87,87,0,career_stature_estimate,False
P-76532:WC-1954,historical,71,71,0,71,71,0,measured_performance,False
P-76532:WC-1958,historical,88,88,0,88,88,0,measured_performance,False
P-76542:WC-1998,historical,79,80,1,79,80,1,measured_performance,False
P-76542:WC-2002,historical,71,71,0,71,71,0,measured_performance,False
P-76544:WC-1990,historical,90,90,0,91,91,0,career_stature_estimate,False
P-76546:WC-1930,historical,79,79,0,79,79,0,measured_performance,False
P-76565:WC-1950,historical,71,71,0,71,71,0,measured_performance,False
P-76583:WC-1994,historical,68,68,0,68,68,0,measured_performance,False
P-76590:WC-1990,historical,70,70,0,70,70,0,measured_performance,False
P-76590:WC-1994,historical,84,84,0,84,84,0,measured_performance,False
P-76590:WC-1998,historical,78,78,0,78,78,0,measured_performance,False
P-76592:WC-1982,historical,89,89,0,85,85,0,career_stature_estimate,False
P-76592:WC-1986,historical,90,90,0,88,88,0,career_stature_estimate,False
P-76596:WC-2018,historical,71,71,0,71,71,0,measured_performance,False
P-76597:WC-2010,historical,70,70,0,70,70,0,measured_performance,False
P-76612:WC-2002,historical,88,88,0,88,88,0,measured_performance,False
P-76618:WC-1966,historical,71,72,1,71,72,1,measured_performance,False
P-76618:WC-1970,historical,79,80,1,79,80,1,measured_performance,False
P-76640:WC-2014,historical,72,72,0,72,72,0,measured_performance,False
P-76645:WC-1990,historical,72,72,0,72,72,0,measured_performance,False
P-76678:WC-1998,historical,78,78,0,78,78,0,measured_performance,False
P-76678:WC-2002,historical,86,86,0,86,86,0,measured_performance,False
P-76705:WC-2014,historical,75,76,1,75,76,1,measured_performance,False
P-76705:WC-2018,historical,71,71,0,71,71,0,measured_performance,False
P-76740:WC-1954,historical,85,85,0,85,85,0,measured_performance,False
P-76740:WC-1958,historical,88,88,0,88,88,0,measured_performance,False
P-76740:WC-1962,historical,88,88,0,88,88,0,measured_performance,False
P-76749:WC-1950,historical,86,86,0,86,86,0,measured_performance,False
P-76750:WC-2018,historical,73,73,0,73,73,0,measured_performance,False
P-76755:WC-2002,historical,75,76,1,75,76,1,measured_performance,False
P-76769:WC-2002,historical,78,79,1,78,79,1,measured_performance,False
P-76769:WC-2006,historical,80,80,0,80,80,0,measured_performance,False
P-76780:WC-2006,historical,73,73,0,73,73,0,measured_performance,False
P-76784:WC-1982,historical,73,73,0,73,73,0,measured_performance,False
P-76790:WC-1994,historical,72,72,0,72,72,0,measured_performance,False
P-76810:WC-1986,historical,72,72,0,72,72,0,measured_performance,False
P-76835:WC-2022,historical,72,73,1,72,73,1,measured_performance,False
P-76837:WC-2018,historical,68,68,0,68,68,0,measured_performance,False
P-76842:WC-2022,historical,88,88,0,88,88,0,measured_performance,False
P-76847:WC-1962,historical,66,66,0,66,66,0,baseline_anchor_estimate,False
P-76847:WC-1966,historical,78,78,0,78,78,0,measured_performance,False
P-76850:WC-2018,historical,72,72,0,72,72,0,measured_performance,False
P-76864:WC-2022,historical,72,73,1,72,73,1,measured_performance,False
P-76869:WC-1958,historical,71,72,1,71,72,1,measured_performance,False
P-76874:WC-1990,historical,92,92,0,73,73,0,career_stature_estimate,True
P-76882:WC-1982,historical,88,88,0,88,88,0,measured_performance,False
P-76882:WC-1986,historical,72,72,0,72,72,0,measured_performance,False
P-76884:WC-1990,historical,72,72,0,72,72,0,measured_performance,False
P-76892:WC-1978,historical,71,71,0,71,71,0,measured_performance,False
P-76896:WC-1986,historical,81,81,0,81,81,0,measured_performance,False
P-76896:WC-1990,historical,78,78,0,78,78,0,measured_performance,False
P-76922:WC-1982,historical,84,84,0,84,84,0,measured_performance,False
P-76946:WC-2002,historical,75,76,1,75,76,1,measured_performance,False
P-76946:WC-2006,historical,73,73,0,73,73,0,measured_performance,False
P-76960:WC-2010,historical,86,86,0,86,86,0,measured_performance,False
P-76960:WC-2014,historical,78,79,1,78,79,1,measured_performance,False
P-76960:WC-2018,historical,68,68,0,68,68,0,measured_performance,False
P-76961:WC-1958,historical,70,70,0,70,70,0,measured_performance,False
P-76961:WC-1962,historical,70,70,0,70,70,0,measured_performance,False
P-76981:WC-1982,historical,87,87,0,87,87,0,measured_performance,False
P-76981:WC-1986,historical,68,68,0,68,68,0,measured_performance,False
P-76995:WC-2022,historical,68,68,0,68,68,0,measured_performance,False
P-77010:WC-1998,historical,72,72,0,72,72,0,measured_performance,False
P-77029:WC-1998,historical,72,72,0,72,72,0,measured_performance,False
P-77047:WC-2010,historical,73,73,0,73,73,0,measured_performance,False
P-77047:WC-2014,historical,87,87,0,87,87,0,measured_performance,False
P-77047:WC-2018,historical,71,71,0,71,71,0,measured_performance,False
P-77051:WC-1978,historical,71,72,1,71,72,1,measured_performance,False
P-77063:WC-2006,historical,82,82,0,82,82,0,measured_performance,False
P-77063:WC-2010,historical,80,81,1,80,81,1,measured_performance,False
P-77063:WC-2014,historical,88,88,0,88,88,0,measured_performance,False
P-77063:WC-2018,historical,86,86,0,86,86,0,measured_performance,False
P-77068:WC-2014,historical,78,79,1,78,79,1,measured_performance,False
P-77071:WC-2022,historical,71,71,0,71,71,0,measured_performance,False
P-77096:WC-2002,historical,68,68,0,68,68,0,measured_performance,False
P-77098:WC-1994,historical,68,68,0,68,68,0,measured_performance,False
P-77109:WC-1982,historical,72,72,0,72,72,0,measured_performance,False
P-77110:WC-1994,historical,76,77,1,76,77,1,measured_performance,False
P-77110:WC-1998,historical,71,71,0,71,71,0,measured_performance,False
P-77114:WC-1934,historical,66,66,0,66,66,0,baseline_anchor_estimate,False
P-77118:WC-2018,historical,73,73,0,73,73,0,measured_performance,False
P-77154:WC-1990,historical,73,74,1,73,74,1,measured_performance,False
P-77194:WC-1986,historical,76,77,1,76,77,1,measured_performance,False
P-77198:WC-1990,historical,72,72,0,72,72,0,measured_performance,False
P-77198:WC-1998,historical,78,78,0,78,78,0,measured_performance,False
P-77199:WC-2002,historical,78,79,1,78,79,1,measured_performance,False
P-77199:WC-2006,historical,80,80,0,80,80,0,measured_performance,False
P-77223:WC-1970,historical,74,75,1,74,75,1,measured_performance,False
P-77224:WC-2014,historical,87,87,0,87,87,0,measured_performance,False
P-77224:WC-2018,historical,87,87,0,87,87,0,measured_performance,False
P-77224:WC-2022,historical,80,81,1,80,81,1,measured_performance,False
P-77238:WC-2002,historical,68,68,0,68,68,0,measured_performance,False
P-77238:WC-2006,historical,80,80,0,80,80,0,measured_performance,False
P-77238:WC-2010,historical,86,86,0,86,86,0,measured_performance,False
P-77249:WC-2010,historical,71,71,0,71,71,0,measured_performance,False
P-77250:WC-1990,historical,83,84,1,83,84,1,measured_performance,False
P-77257:WC-2018,historical,71,71,0,71,71,0,measured_performance,False
P-77268:WC-1986,historical,71,71,0,71,71,0,measured_performance,False
P-77276:WC-1994,historical,71,71,0,71,71,0,measured_performance,False
P-77277:WC-2006,historical,82,82,0,82,82,0,measured_performance,False
P-77277:WC-2010,historical,71,71,0,71,71,0,measured_performance,False
P-77301:WC-2018,historical,71,71,0,71,71,0,measured_performance,False
P-77302:WC-1938,historical,86,86,0,86,86,0,measured_performance,False
P-77314:WC-1962,historical,72,72,0,72,72,0,measured_performance,False
P-77314:WC-1966,historical,72,72,0,72,72,0,measured_performance,False
P-77318:WC-1930,historical,87,87,0,87,87,0,measured_performance,False
P-77330:WC-1986,historical,73,74,1,73,74,1,measured_performance,False
P-77332:WC-1966,historical,71,71,0,71,71,0,measured_performance,False
P-77335:WC-2014,historical,80,81,1,80,81,1,measured_performance,False
P-77335:WC-2018,historical,86,86,0,86,86,0,measured_performance,False
P-77335:WC-2022,historical,80,81,1,80,81,1,measured_performance,False
P-77346:WC-1958,historical,72,72,0,72,72,0,measured_performance,False
P-77348:WC-1934,historical,89,89,0,89,89,0,measured_performance,False
P-77356:WC-1982,historical,71,71,0,71,71,0,measured_performance,False
P-77382:WC-2022,historical,72,73,1,72,73,1,measured_performance,False
P-77391:WC-2018,historical,71,71,0,71,71,0,measured_performance,False
P-77395:WC-1990,historical,80,80,0,80,80,0,measured_performance,False
P-77402:WC-2022,historical,71,71,0,71,71,0,measured_performance,False
P-77413:WC-1970,historical,72,73,1,72,73,1,measured_performance,False
P-77419:WC-2014,historical,71,71,0,71,71,0,measured_performance,False
P-77419:WC-2018,historical,70,70,0,70,70,0,measured_performance,False
P-77426:WC-1962,historical,81,82,1,81,82,1,measured_performance,False
P-77426:WC-1966,historical,88,88,0,88,88,0,measured_performance,False
P-77426:WC-1970,historical,86,86,0,86,86,0,measured_performance,False
P-77430:WC-1966,historical,77,77,0,75,76,1,measured_performance,False
P-77430:WC-1970,historical,89,89,0,89,89,0,measured_performance,False
P-77430:WC-1974,historical,88,88,0,88,88,0,measured_performance,False
P-77440:WC-1982,historical,78,79,1,78,79,1,measured_performance,False
P-77455:WC-1982,historical,87,87,0,87,87,0,measured_performance,False
P-77459:WC-1954,historical,68,68,0,68,68,0,measured_performance,False
P-77459:WC-1958,historical,70,70,0,70,70,0,measured_performance,False
P-77464:WC-2010,historical,71,71,0,71,71,0,measured_performance,False
P-77465:WC-1990,historical,82,83,1,82,83,1,measured_performance,False
P-77467:WC-2006,historical,87,87,0,87,87,0,measured_performance,False
P-77469:WC-1994,historical,68,68,0,68,68,0,measured_performance,False
P-77479:WC-1966,historical,72,72,0,72,72,0,measured_performance,False
P-77484:WC-2010,historical,70,70,0,70,70,0,measured_performance,False
P-77489:WC-2014,historical,71,71,0,71,71,0,measured_performance,False
P-77490:WC-1986,historical,68,68,0,68,68,0,measured_performance,False
P-77492:WC-1954,historical,71,71,0,71,71,0,measured_performance,False
P-77492:WC-1958,historical,77,78,1,77,78,1,measured_performance,False
P-77492:WC-1962,historical,88,88,0,88,88,0,measured_performance,False
P-77521:WC-2018,historical,84,85,1,84,85,1,measured_performance,False
P-77530:WC-1970,historical,88,88,0,88,88,0,measured_performance,False
P-77532:WC-2006,historical,85,85,0,85,85,0,measured_performance,False
P-77532:WC-2010,historical,72,72,0,72,72,0,measured_performance,False
P-77552:WC-1990,historical,88,88,0,88,88,0,measured_performance,False
P-77552:WC-1994,historical,81,82,1,81,82,1,measured_performance,False
P-77552:WC-1998,historical,79,80,1,79,80,1,measured_performance,False
P-77553:WC-2010,historical,82,83,1,82,83,1,measured_performance,False
P-77553:WC-2014,historical,71,71,0,71,71,0,measured_performance,False
P-77553:WC-2018,historical,70,70,0,70,70,0,measured_performance,False
P-77556:WC-2018,historical,68,68,0,68,68,0,measured_performance,False
P-77565:WC-1998,historical,78,78,0,78,78,0,measured_performance,False
P-77566:WC-1962,historical,73,74,1,73,74,1,measured_performance,False
P-77619:WC-2014,historical,84,84,0,84,84,0,measured_performance,False
P-77661:WC-1938,historical,76,76,0,76,76,0,measured_performance,False
P-77670:WC-1974,historical,71,71,0,71,71,0,measured_performance,False
P-77685:WC-1994,historical,70,71,1,70,71,1,measured_performance,False
P-77687:WC-2006,historical,74,75,1,74,75,1,measured_performance,False
P-77705:WC-2014,historical,83,83,0,83,83,0,measured_performance,False
P-77711:WC-1998,historical,88,88,0,88,88,0,measured_performance,False
P-77729:WC-1970,historical,71,71,0,71,71,0,measured_performance,False
P-77734:WC-1966,historical,66,66,0,66,66,0,baseline_anchor_estimate,False
P-77742:WC-2010,historical,79,79,0,79,79,0,measured_performance,False
P-77743:WC-2022,historical,83,83,0,83,83,0,measured_performance,False
P-77754:WC-2018,historical,74,75,1,74,75,1,measured_performance,False
P-77757:WC-2006,historical,87,87,0,87,87,0,measured_performance,False
P-77764:WC-1990,historical,70,70,0,70,70,0,measured_performance,False
P-77765:WC-1978,historical,72,72,0,72,72,0,measured_performance,False
P-77769:WC-2022,historical,87,87,0,87,87,0,measured_performance,False
P-77789:WC-2014,historical,70,70,0,70,70,0,measured_performance,False
P-77789:WC-2018,historical,87,87,0,87,87,0,measured_performance,False
P-77800:WC-1998,historical,71,71,0,71,71,0,measured_performance,False
P-77807:WC-2006,historical,68,68,0,68,68,0,measured_performance,False
P-77815:WC-1934,historical,72,72,0,72,72,0,measured_performance,False
P-77817:WC-1986,historical,76,77,1,76,77,1,measured_performance,False
P-77827:WC-2022,historical,71,71,0,71,71,0,measured_performance,False
P-77834:WC-1970,historical,84,84,0,84,84,0,measured_performance,False
P-77851:WC-1958,historical,88,88,0,88,88,0,measured_performance,False
P-77853:WC-2018,historical,72,72,0,72,72,0,measured_performance,False
P-77856:WC-1986,historical,71,71,0,71,71,0,measured_performance,False
P-77892:WC-2018,historical,71,71,0,71,71,0,measured_performance,False
P-77916:WC-2014,historical,71,71,0,71,71,0,measured_performance,False
P-77922:WC-1938,historical,88,88,0,88,88,0,measured_performance,False
P-77939:WC-1958,historical,94,94,0,90,90,0,career_stature_estimate,True
P-77966:WC-1958,historical,71,72,1,71,72,1,measured_performance,False
P-77979:WC-2010,historical,71,71,0,71,71,0,measured_performance,False
P-77985:WC-1970,historical,72,73,1,72,73,1,measured_performance,False
P-77989:WC-1990,historical,89,89,0,86,86,0,career_stature_estimate,False
P-77989:WC-1994,historical,88,88,0,81,81,0,career_stature_estimate,False
P-77989:WC-1998,historical,88,88,0,72,72,0,career_stature_estimate,False
P-77995:WC-1934,historical,73,73,0,73,73,0,baseline_anchor_estimate,False
P-77996:WC-2014,historical,70,70,0,70,70,0,measured_performance,False
P-78005:WC-1970,historical,79,80,1,79,80,1,measured_performance,False
P-78024:WC-2014,historical,71,71,0,71,71,0,measured_performance,False
P-78049:WC-1974,historical,76,77,1,76,77,1,measured_performance,False
P-78050:WC-2006,historical,72,72,0,72,72,0,measured_performance,False
P-78056:WC-2022,historical,76,77,1,76,77,1,measured_performance,False
P-78068:WC-2002,historical,71,71,0,71,71,0,measured_performance,False
P-78068:WC-2006,historical,71,71,0,71,71,0,measured_performance,False
P-78071:WC-2006,historical,73,73,0,73,73,0,measured_performance,False
P-78077:WC-1998,historical,73,74,1,73,74,1,measured_performance,False
P-78085:WC-1998,historical,81,81,0,81,81,0,measured_performance,False
P-78091:WC-2022,historical,76,77,1,76,77,1,measured_performance,False
P-78106:WC-2018,historical,72,72,0,72,72,0,measured_performance,False
P-78107:WC-1978,historical,71,71,0,71,71,0,measured_performance,False
P-78111:WC-1982,historical,83,83,0,83,83,0,measured_performance,False
P-78113:WC-2014,historical,71,71,0,71,71,0,measured_performance,False
P-78119:WC-1954,historical,73,73,0,73,73,0,measured_performance,False
P-78126:WC-1978,historical,71,71,0,71,71,0,measured_performance,False
P-78133:WC-2006,historical,73,73,0,73,73,0,measured_performance,False
P-78149:WC-1998,historical,71,71,0,71,71,0,measured_performance,False
P-78197:WC-1958,historical,71,72,1,71,72,1,measured_performance,False
P-78197:WC-1962,historical,72,72,0,72,72,0,measured_performance,False
P-78222:WC-1994,historical,71,71,0,71,71,0,measured_performance,False
P-78227:WC-1990,historical,73,74,1,73,74,1,measured_performance,False
P-78235:WC-1938,historical,84,84,0,84,84,0,measured_performance,False
P-78264:WC-2010,historical,78,79,1,78,79,1,measured_performance,False
P-78276:WC-2014,historical,71,71,0,71,71,0,measured_performance,False
P-78277:WC-1954,historical,88,88,0,88,88,0,measured_performance,False
P-78280:WC-1994,historical,72,73,1,72,73,1,measured_performance,False
P-78296:WC-2014,historical,83,83,0,83,83,0,measured_performance,False
P-78308:WC-1994,historical,84,84,0,84,84,0,measured_performance,False
P-78308:WC-1998,historical,86,86,0,86,86,0,measured_performance,False
P-78308:WC-2006,historical,68,68,0,68,68,0,measured_performance,False
P-78318:WC-1994,historical,78,79,1,78,79,1,measured_performance,False
P-78336:WC-1974,historical,70,70,0,70,70,0,measured_performance,False
P-78347:WC-2014,historical,71,71,0,71,71,0,measured_performance,False
P-78354:WC-1934,historical,72,72,0,72,72,0,measured_performance,False
P-78377:WC-1930,historical,72,72,0,72,72,0,measured_performance,False
P-78385:WC-1994,historical,76,77,1,76,77,1,measured_performance,False
P-78387:WC-1998,historical,73,74,1,73,74,1,measured_performance,False
P-78387:WC-2002,historical,70,70,0,70,70,0,measured_performance,False
P-78416:WC-2010,historical,71,71,0,71,71,0,measured_performance,False
P-78417:WC-1954,historical,79,80,1,79,80,1,measured_performance,False
P-78417:WC-1958,historical,88,88,0,88,88,0,measured_performance,False
P-78418:WC-2010,historical,83,83,0,83,83,0,measured_performance,False
P-78418:WC-2014,historical,71,71,0,71,71,0,measured_performance,False
P-78440:WC-2010,historical,88,88,0,88,88,0,measured_performance,False
P-78440:WC-2014,historical,86,86,0,86,86,0,measured_performance,False
P-78440:WC-2018,historical,88,88,0,88,88,0,measured_performance,False
P-78440:WC-2022,historical,72,73,1,72,73,1,measured_performance,False
P-78456:WC-1978,historical,70,70,0,70,70,0,measured_performance,False
P-78477:WC-2018,historical,82,82,0,82,82,0,measured_performance,False
P-78478:WC-1958,historical,72,72,0,72,72,0,measured_performance,False
P-78483:WC-2006,historical,78,79,1,78,79,1,measured_performance,False
P-78484:WC-2022,historical,88,88,0,88,88,0,measured_performance,False
P-78533:WC-2002,historical,88,88,0,88,88,0,measured_performance,False
P-78546:WC-1990,historical,70,70,0,70,70,0,measured_performance,False
P-78557:WC-1998,historical,73,74,1,73,74,1,measured_performance,False
P-78557:WC-2002,historical,84,84,0,84,84,0,measured_performance,False
P-78559:WC-1950,historical,73,73,0,73,73,0,measured_performance,False
P-78579:WC-1950,historical,81,82,1,81,82,1,measured_performance,False
P-78579:WC-1954,historical,77,78,1,77,78,1,measured_performance,False
P-78594:WC-2010,historical,78,79,1,78,79,1,measured_performance,False
P-78594:WC-2018,historical,72,72,0,72,72,0,measured_performance,False
P-78605:WC-1982,historical,89,89,0,88,88,0,career_stature_estimate,True
P-78605:WC-1986,historical,89,89,0,88,88,0,career_stature_estimate,True
P-78630:WC-2022,historical,68,68,0,68,68,0,measured_performance,False
P-78640:WC-2010,historical,86,86,0,86,86,0,measured_performance,False
P-78654:WC-2006,historical,72,72,0,72,72,0,measured_performance,False
P-78654:WC-2010,historical,88,88,0,88,88,0,measured_performance,False
P-78666:WC-1986,historical,70,70,0,70,70,0,measured_performance,False
P-78666:WC-1990,historical,71,71,0,71,71,0,measured_performance,False
P-78670:WC-1962,historical,72,72,0,72,72,0,measured_performance,False
P-78735:WC-2010,historical,78,79,1,78,79,1,measured_performance,False
P-78735:WC-2014,historical,71,71,0,71,71,0,measured_performance,False
P-78745:WC-2014,historical,86,86,0,86,86,0,measured_performance,False
P-78745:WC-2018,historical,71,71,0,71,71,0,measured_performance,False
P-78753:WC-1994,historical,78,79,1,78,79,1,measured_performance,False
P-78753:WC-1998,historical,72,72,0,72,72,0,measured_performance,False
P-78756:WC-1990,historical,97,97,0,88,88,0,career_stature_estimate,True
P-78756:WC-1994,historical,97,97,0,89,89,0,career_stature_estimate,True
P-78756:WC-1998,historical,97,97,0,88,88,0,career_stature_estimate,True
P-78787:WC-2022,historical,76,77,1,76,77,1,measured_performance,False
P-78793:WC-1990,historical,68,68,0,68,68,0,measured_performance,False
P-78793:WC-1994,historical,88,88,0,88,88,0,measured_performance,False
P-78802:WC-1958,historical,71,72,1,71,72,1,measured_performance,False
P-78807:WC-1986,historical,81,81,0,81,81,0,measured_performance,False
P-78807:WC-1990,historical,71,71,0,71,71,0,measured_performance,False
P-78829:WC-1950,historical,71,71,0,71,71,0,measured_performance,False
P-78836:WC-2010,historical,80,81,1,80,81,1,measured_performance,False
P-78856:WC-1958,historical,83,83,0,83,83,0,measured_performance,False
P-78863:WC-2006,historical,84,84,0,84,84,0,measured_performance,False
P-78863:WC-2010,historical,84,84,0,84,84,0,measured_performance,False
P-78898:WC-1994,historical,78,79,1,78,79,1,measured_performance,False
P-78926:WC-1990,historical,78,78,0,78,78,0,measured_performance,False
P-78929:WC-1974,historical,70,70,0,70,70,0,measured_performance,False
P-78932:WC-2018,historical,73,73,0,73,73,0,measured_performance,False
P-78932:WC-2022,historical,79,79,0,79,79,0,measured_performance,False
P-78960:WC-1986,historical,76,77,1,76,77,1,measured_performance,False
P-78973:WC-1950,historical,71,71,0,71,71,0,measured_performance,False
P-78976:WC-1962,historical,70,70,0,70,70,0,baseline_anchor_estimate,False
P-78998:WC-1998,historical,88,88,0,88,88,0,measured_performance,False
P-79006:WC-1974,historical,75,75,0,75,75,0,measured_performance,False
P-79017:WC-2006,historical,71,72,1,71,72,1,measured_performance,False
P-79032:WC-1974,historical,88,88,0,88,88,0,measured_performance,False
P-79047:WC-1966,historical,66,66,0,66,66,0,baseline_anchor_estimate,False
P-79048:WC-2014,historical,86,86,0,86,86,0,measured_performance,False
P-79071:WC-1962,historical,72,72,0,72,72,0,measured_performance,False
P-79072:WC-2002,historical,71,71,0,71,71,0,measured_performance,False
P-79080:WC-1986,historical,88,88,0,88,88,0,measured_performance,False
P-79080:WC-1990,historical,88,88,0,88,88,0,measured_performance,False
P-79080:WC-1994,historical,84,84,0,84,84,0,measured_performance,False
P-79093:WC-1938,historical,70,70,0,70,70,0,measured_performance,False
P-79097:WC-1950,historical,66,66,0,66,66,0,baseline_anchor_estimate,False
P-79103:WC-1974,historical,82,82,0,82,82,0,measured_performance,False
P-79130:WC-2002,historical,88,88,0,88,88,0,measured_performance,False
P-79146:WC-1998,historical,88,88,0,88,88,0,measured_performance,False
P-79146:WC-2002,historical,84,84,0,84,84,0,measured_performance,False
P-79148:WC-1962,historical,88,88,0,88,88,0,measured_performance,False
P-79162:WC-1966,historical,75,76,1,75,76,1,measured_performance,False
P-79202:WC-2006,historical,71,71,0,71,71,0,measured_performance,False
P-79204:WC-1958,historical,72,72,0,72,72,0,measured_performance,False
P-79215:WC-2014,historical,71,71,0,71,71,0,measured_performance,False
P-79215:WC-2018,historical,88,88,0,88,88,0,measured_performance,False
P-79215:WC-2022,historical,88,88,0,88,88,0,measured_performance,False
P-79242:WC-1962,historical,74,74,0,74,74,0,measured_performance,False
P-79273:WC-1998,historical,88,88,0,88,88,0,measured_performance,False
P-79273:WC-2002,historical,72,72,0,72,72,0,measured_performance,False
P-79283:WC-2002,historical,88,88,0,88,88,0,measured_performance,False
P-79283:WC-2010,historical,71,71,0,71,71,0,measured_performance,False
P-79299:WC-2018,historical,90,90,0,83,83,0,career_stature_estimate,True
P-79316:WC-2006,historical,73,73,0,73,73,0,measured_performance,False
P-79316:WC-2010,historical,72,72,0,72,72,0,measured_performance,False
P-79327:WC-1938,historical,88,88,0,88,88,0,measured_performance,False
P-79344:WC-1982,historical,85,85,0,85,85,0,measured_performance,False
P-79344:WC-1986,historical,88,88,0,88,88,0,measured_performance,False
P-79363:WC-1950,historical,69,69,0,69,69,0,measured_performance,False
P-79374:WC-1934,historical,88,88,0,88,88,0,measured_performance,False
P-79374:WC-1938,historical,88,88,0,88,88,0,measured_performance,False
P-79380:WC-1998,historical,88,88,0,88,88,0,measured_performance,False
P-79380:WC-2002,historical,78,79,1,78,79,1,measured_performance,False
P-79390:WC-1982,historical,71,71,0,71,71,0,measured_performance,False
P-79398:WC-1950,historical,71,71,0,71,71,0,measured_performance,False
P-79409:WC-2018,historical,71,71,0,71,71,0,measured_performance,False
P-79409:WC-2022,historical,76,77,1,76,77,1,measured_performance,False
P-79456:WC-1958,historical,71,72,1,71,72,1,measured_performance,False
P-79480:WC-1950,historical,70,70,0,70,70,0,baseline_anchor_estimate,False
P-79494:WC-1998,historical,78,78,0,78,78,0,measured_performance,False
P-79497:WC-1986,historical,71,71,0,71,71,0,measured_performance,False
P-79515:WC-1930,historical,77,78,1,77,78,1,measured_performance,False
P-79551:WC-2010,historical,70,70,0,70,70,0,measured_performance,False
P-79568:WC-1970,historical,79,80,1,79,80,1,measured_performance,False
P-79578:WC-2002,historical,72,72,0,72,72,0,measured_performance,False
P-79580:WC-1938,historical,88,88,0,88,88,0,measured_performance,False
P-79585:WC-1998,historical,71,71,0,71,71,0,measured_performance,False
P-79590:WC-2018,historical,71,71,0,71,71,0,measured_performance,False
P-79597:WC-1966,historical,70,70,0,70,70,0,baseline_anchor_estimate,False
P-79597:WC-1970,historical,88,88,0,88,88,0,measured_performance,False
P-79617:WC-1982,historical,88,88,0,88,88,0,measured_performance,False
P-79617:WC-1986,historical,88,88,0,88,88,0,measured_performance,False
P-79620:WC-1950,historical,66,66,0,66,66,0,baseline_anchor_estimate,False
P-79631:WC-1954,historical,71,71,0,71,71,0,measured_performance,False
P-79632:WC-1982,historical,71,71,0,71,71,0,measured_performance,False
P-79645:WC-2006,historical,73,73,0,73,73,0,measured_performance,False
P-79649:WC-1950,historical,80,80,0,80,80,0,measured_performance,False
P-79650:WC-2022,historical,88,88,0,88,88,0,measured_performance,False
P-79669:WC-1998,historical,86,86,0,86,86,0,measured_performance,False
P-79669:WC-2002,historical,72,72,0,72,72,0,measured_performance,False
P-79689:WC-1982,historical,88,88,0,88,88,0,measured_performance,False
P-79689:WC-1986,historical,88,88,0,88,88,0,measured_performance,False
P-79702:WC-1982,historical,70,70,0,70,70,0,measured_performance,False
P-79710:WC-2014,historical,72,72,0,72,72,0,measured_performance,False
P-79720:WC-2010,historical,68,68,0,68,68,0,measured_performance,False
P-79721:WC-1990,historical,68,68,0,68,68,0,measured_performance,False
P-79723:WC-2014,historical,72,72,0,72,72,0,measured_performance,False
P-79724:WC-1982,historical,70,70,0,70,70,0,measured_performance,False
P-79750:WC-1998,historical,78,78,0,78,78,0,measured_performance,False
P-79754:WC-2022,historical,71,71,0,71,71,0,measured_performance,False
P-79755:WC-1986,historical,76,77,1,76,77,1,measured_performance,False
P-79763:WC-2014,historical,78,79,1,78,79,1,measured_performance,False
P-79763:WC-2018,historical,88,88,0,88,88,0,measured_performance,False
P-79776:WC-1934,historical,73,74,1,73,74,1,measured_performance,False
P-79803:WC-1938,historical,72,72,0,72,72,0,measured_performance,False
P-79828:WC-1938,historical,73,74,1,73,74,1,measured_performance,False
P-79836:WC-2002,historical,71,71,0,71,71,0,measured_performance,False
P-79846:WC-1970,historical,74,75,1,74,75,1,measured_performance,False
P-79863:WC-1994,historical,84,84,0,84,84,0,measured_performance,False
P-79863:WC-1998,historical,68,68,0,68,68,0,measured_performance,False
P-79864:WC-1994,historical,84,84,0,84,84,0,measured_performance,False
P-79864:WC-1998,historical,68,68,0,68,68,0,measured_performance,False
P-79871:WC-1958,historical,70,70,0,70,70,0,measured_performance,False
P-79882:WC-2014,historical,70,70,0,70,70,0,measured_performance,False
P-79884:WC-2010,historical,68,68,0,68,68,0,measured_performance,False
P-79898:WC-2010,historical,71,71,0,71,71,0,measured_performance,False
P-79900:WC-2018,historical,72,72,0,72,72,0,measured_performance,False
P-79900:WC-2022,historical,72,72,0,72,72,0,measured_performance,False
P-79943:WC-1998,historical,72,72,0,72,72,0,measured_performance,False
P-79943:WC-2002,historical,68,68,0,68,68,0,measured_performance,False
P-79953:WC-1990,historical,81,82,1,81,82,1,measured_performance,False
P-79975:WC-1958,historical,66,66,0,66,66,0,baseline_anchor_estimate,False
P-79975:WC-1962,historical,66,66,0,66,66,0,baseline_anchor_estimate,False
P-79993:WC-2002,historical,80,80,0,80,80,0,measured_performance,False
P-79995:WC-1982,historical,72,72,0,72,72,0,measured_performance,False
P-80000:WC-1982,historical,68,68,0,68,68,0,measured_performance,False
P-80043:WC-2010,historical,75,76,1,75,76,1,measured_performance,False
P-80046:WC-1978,historical,76,77,1,76,77,1,measured_performance,False
P-80056:WC-1958,historical,72,72,0,72,72,0,baseline_anchor_estimate,False
P-80057:WC-1998,historical,72,72,0,72,72,0,measured_performance,False
P-80088:WC-2018,historical,79,80,1,79,80,1,measured_performance,False
P-80088:WC-2022,historical,79,79,0,79,79,0,measured_performance,False
P-80104:WC-1962,historical,71,71,0,71,71,0,measured_performance,False
P-80104:WC-1966,historical,66,66,0,66,66,0,baseline_anchor_estimate,False
P-80105:WC-2002,historical,85,86,1,71,71,0,career_stature_estimate,False
P-80105:WC-2006,historical,88,88,0,72,72,0,career_stature_estimate,False
P-80132:WC-1994,historical,72,72,0,72,72,0,measured_performance,False
P-80138:WC-2014,historical,84,85,1,84,85,1,measured_performance,False
P-80170:WC-2002,historical,88,88,0,88,88,0,measured_performance,False
P-80170:WC-2010,historical,82,83,1,82,83,1,measured_performance,False
P-80178:WC-1994,historical,70,70,0,70,70,0,measured_performance,False
P-80178:WC-1998,historical,73,74,1,73,74,1,measured_performance,False
P-80179:WC-2010,historical,84,84,0,84,84,0,measured_performance,False
P-80182:WC-1978,historical,72,73,1,72,73,1,measured_performance,False
P-80183:WC-1998,historical,72,72,0,72,72,0,measured_performance,False
P-80183:WC-2002,historical,71,71,0,71,71,0,measured_performance,False
P-80201:WC-1950,historical,88,88,0,88,88,0,measured_performance,False
P-80201:WC-1954,historical,77,78,1,77,78,1,measured_performance,False
P-80210:WC-1970,historical,68,68,0,68,68,0,measured_performance,False
P-80262:WC-2002,historical,80,80,0,80,80,0,measured_performance,False
P-80274:WC-1954,historical,73,73,0,73,73,0,measured_performance,False
P-80274:WC-1958,historical,71,72,1,71,72,1,measured_performance,False
P-80280:WC-1954,historical,73,73,0,73,73,0,baseline_anchor_estimate,False
P-80285:WC-1966,historical,82,82,0,82,82,0,measured_performance,False
P-80289:WC-1998,historical,85,85,0,85,85,0,measured_performance,False
P-80289:WC-2002,historical,72,72,0,72,72,0,measured_performance,False
P-80307:WC-1994,historical,78,78,0,78,78,0,measured_performance,False
P-80329:WC-1938,historical,72,72,0,72,72,0,measured_performance,False
P-80363:WC-1990,historical,72,72,0,72,72,0,measured_performance,False
P-80376:WC-1978,historical,91,91,0,88,88,0,career_stature_estimate,True
P-80376:WC-1982,historical,90,90,0,87,87,0,career_stature_estimate,True
P-80376:WC-1986,historical,88,88,0,72,72,0,career_stature_estimate,True
P-80379:WC-1990,historical,88,88,0,88,88,0,measured_performance,False
P-80380:WC-1974,historical,84,84,0,84,84,0,measured_performance,False
P-80404:WC-1982,historical,99,99,0,88,88,0,career_stature_estimate,True
P-80404:WC-1986,historical,99,99,0,91,91,0,career_stature_estimate,True
P-80404:WC-1990,historical,99,99,0,88,88,0,career_stature_estimate,True
P-80404:WC-1994,historical,95,95,0,76,77,1,career_stature_estimate,True
P-80405:WC-1986,historical,72,72,0,72,72,0,measured_performance,False
P-80410:WC-2006,historical,72,72,0,72,72,0,measured_performance,False
P-80419:WC-1962,historical,71,71,0,71,71,0,measured_performance,False
P-80487:WC-1990,historical,71,71,0,71,71,0,measured_performance,False
P-80487:WC-1998,historical,84,84,0,84,84,0,measured_performance,False
P-80505:WC-2018,historical,71,71,0,71,71,0,measured_performance,False
P-80505:WC-2022,historical,71,71,0,71,71,0,measured_performance,False
P-80526:WC-1938,historical,70,70,0,70,70,0,baseline_anchor_estimate,False
P-80565:WC-1970,historical,86,86,0,86,86,0,measured_performance,False
P-80578:WC-1962,historical,72,72,0,72,72,0,measured_performance,False
P-80578:WC-1966,historical,72,72,0,72,72,0,measured_performance,False
P-80606:WC-1982,historical,84,84,0,84,84,0,measured_performance,False
P-80609:WC-1958,historical,88,88,0,88,88,0,measured_performance,False
P-80623:WC-1950,historical,86,86,0,86,86,0,measured_performance,False
P-80623:WC-1954,historical,83,84,1,83,84,1,measured_performance,False
P-80628:WC-1974,historical,71,71,0,71,71,0,measured_performance,False
P-80634:WC-2010,historical,71,71,0,71,71,0,measured_performance,False
P-80644:WC-1954,historical,74,74,0,74,74,0,measured_performance,False
P-80654:WC-1934,historical,81,81,0,81,81,0,measured_performance,False
P-80656:WC-2022,historical,72,72,0,72,72,0,measured_performance,False
P-80668:WC-2010,historical,88,88,0,88,88,0,measured_performance,False
P-80668:WC-2014,historical,80,80,0,80,80,0,measured_performance,False
P-80680:WC-1998,historical,88,88,0,88,88,0,measured_performance,False
P-80680:WC-2002,historical,72,72,0,72,72,0,measured_performance,False
P-80682:WC-1950,historical,70,70,0,70,70,0,baseline_anchor_estimate,False
P-80695:WC-1994,historical,71,71,0,71,71,0,measured_performance,False
P-80696:WC-1970,historical,71,71,0,71,71,0,measured_performance,False
P-80697:WC-1994,historical,72,72,0,72,72,0,measured_performance,False
P-80720:WC-1962,historical,69,69,0,69,69,0,measured_performance,False
P-80725:WC-1974,historical,87,87,0,87,87,0,measured_performance,False
P-80738:WC-2018,historical,74,75,1,74,75,1,measured_performance,False
P-80738:WC-2022,historical,72,73,1,72,73,1,measured_performance,False
P-80753:WC-1998,historical,86,86,0,86,86,0,measured_performance,False
P-80821:WC-1986,historical,88,88,0,88,88,0,measured_performance,False
P-80826:WC-2006,historical,71,71,0,71,71,0,measured_performance,False
P-80826:WC-2010,historical,71,71,0,71,71,0,measured_performance,False
P-80826:WC-2014,historical,88,88,0,88,88,0,measured_performance,False
P-80826:WC-2018,historical,88,88,0,88,88,0,measured_performance,False
P-80826:WC-2022,historical,84,85,1,84,85,1,measured_performance,False
P-80838:WC-2022,historical,68,68,0,68,68,0,measured_performance,False
P-80851:WC-1978,historical,73,73,0,73,73,0,measured_performance,False
P-80859:WC-2006,historical,71,72,1,71,72,1,measured_performance,False
P-80874:WC-1954,historical,66,66,0,66,66,0,baseline_anchor_estimate,False
P-80877:WC-1990,historical,72,72,0,72,72,0,measured_performance,False
P-80898:WC-1998,historical,86,86,0,86,86,0,measured_performance,False
P-80902:WC-2006,historical,71,71,0,71,71,0,measured_performance,False
P-80905:WC-2018,historical,71,71,0,71,71,0,measured_performance,False
P-80908:WC-2006,historical,86,86,0,86,86,0,measured_performance,False
P-80930:WC-2022,historical,68,68,0,68,68,0,measured_performance,False
P-80966:WC-1994,historical,71,71,0,71,71,0,measured_performance,False
P-80986:WC-2022,historical,79,79,0,79,79,0,measured_performance,False
P-80996:WC-2022,historical,76,77,1,76,77,1,measured_performance,False
P-81006:WC-1938,historical,86,86,0,86,86,0,measured_performance,False
P-81007:WC-1982,historical,71,71,0,71,71,0,measured_performance,False
P-81010:WC-1958,historical,71,72,1,71,72,1,measured_performance,False
P-81023:WC-1958,historical,72,72,0,72,72,0,measured_performance,False
P-81025:WC-2010,historical,71,71,0,71,71,0,measured_performance,False
P-81025:WC-2014,historical,71,71,0,71,71,0,measured_performance,False
P-81047:WC-1994,historical,84,84,0,84,84,0,measured_performance,False
P-81049:WC-1998,historical,89,89,0,81,81,0,career_stature_estimate,True
P-81049:WC-2002,historical,91,91,0,88,88,0,career_stature_estimate,True
P-81049:WC-2006,historical,91,91,0,88,88,0,career_stature_estimate,True
P-81063:WC-1990,historical,71,72,1,71,72,1,measured_performance,False
P-81067:WC-2014,historical,71,71,0,71,71,0,measured_performance,False
P-81085:WC-1998,historical,88,88,0,88,88,0,measured_performance,False
P-81097:WC-1994,historical,73,73,0,73,73,0,measured_performance,False
P-81126:WC-2010,historical,79,79,0,79,79,0,measured_performance,False
P-81131:WC-1990,historical,75,76,1,75,76,1,measured_performance,False
P-81141:WC-2010,historical,81,81,0,81,81,0,measured_performance,False
P-81142:WC-2022,historical,71,71,0,71,71,0,measured_performance,False
P-81166:WC-1930,historical,70,70,0,70,70,0,measured_performance,False
P-81177:WC-1994,historical,68,68,0,68,68,0,measured_performance,False
P-81185:WC-1934,historical,66,66,0,66,66,0,baseline_anchor_estimate,False
P-81185:WC-1938,historical,72,72,0,72,72,0,baseline_anchor_estimate,False
P-81234:WC-1954,historical,84,84,0,84,84,0,measured_performance,False
P-81262:WC-1954,historical,88,88,0,88,88,0,measured_performance,False
P-81262:WC-1958,historical,76,77,1,76,77,1,measured_performance,False
P-81262:WC-1962,historical,74,74,0,74,74,0,measured_performance,False
P-81270:WC-1990,historical,78,78,0,78,78,0,measured_performance,False
P-81281:WC-1966,historical,72,72,0,72,72,0,measured_performance,False
P-81297:WC-2006,historical,82,82,0,79,80,1,measured_performance,False
P-81297:WC-2010,historical,88,88,0,88,88,0,measured_performance,False
P-81297:WC-2014,historical,74,74,0,72,72,0,measured_performance,False
P-81303:WC-1962,historical,74,75,1,74,75,1,measured_performance,False
P-81306:WC-1962,historical,72,72,0,72,72,0,measured_performance,False
P-81321:WC-1998,historical,72,72,0,72,72,0,measured_performance,False
P-81322:WC-1938,historical,88,88,0,88,88,0,measured_performance,False
P-81323:WC-1962,historical,71,72,1,71,72,1,measured_performance,False
P-81341:WC-1974,historical,71,71,0,71,71,0,measured_performance,False
P-81343:WC-1982,historical,74,75,1,74,75,1,measured_performance,False
P-81360:WC-1978,historical,73,74,1,73,74,1,measured_performance,False
P-81366:WC-1982,historical,72,72,0,72,72,0,measured_performance,False
P-81374:WC-1954,historical,73,73,0,73,73,0,measured_performance,False
P-81377:WC-2014,historical,68,68,0,68,68,0,measured_performance,False
P-81384:WC-1954,historical,77,78,1,77,78,1,measured_performance,False
P-81384:WC-1958,historical,75,76,1,75,76,1,measured_performance,False
P-81392:WC-2014,historical,88,88,0,88,88,0,career_stature_estimate,False
P-81392:WC-2018,historical,88,88,0,84,85,1,career_stature_estimate,False
P-81392:WC-2022,historical,88,88,0,84,85,1,career_stature_estimate,False
P-81393:WC-2002,historical,71,71,0,71,71,0,measured_performance,False
P-81402:WC-1986,historical,73,73,0,73,73,0,measured_performance,False
P-81402:WC-1990,historical,75,76,1,75,76,1,measured_performance,False
P-81409:WC-1958,historical,66,66,0,66,66,0,baseline_anchor_estimate,False
P-81414:WC-2006,historical,71,71,0,71,71,0,measured_performance,False
P-81415:WC-1974,historical,88,88,0,88,88,0,measured_performance,False
P-81427:WC-2022,historical,71,71,0,71,71,0,measured_performance,False
P-81432:WC-1954,historical,71,72,1,71,72,1,measured_performance,False
P-81433:WC-2022,historical,72,72,0,72,72,0,measured_performance,False
P-81440:WC-1934,historical,71,71,0,71,71,0,baseline_anchor_estimate,False
P-81440:WC-1938,historical,66,66,0,66,66,0,baseline_anchor_estimate,False
P-81444:WC-1986,historical,80,81,1,80,81,1,measured_performance,False
P-81445:WC-1934,historical,72,72,0,72,72,0,measured_performance,False
P-81447:WC-2014,historical,88,88,0,88,88,0,measured_performance,False
P-81447:WC-2018,historical,73,73,0,73,73,0,measured_performance,False
P-81455:WC-1970,historical,72,72,0,72,72,0,measured_performance,False
P-81466:WC-2018,historical,78,78,0,78,78,0,measured_performance,False
P-81466:WC-2022,historical,75,76,1,75,76,1,measured_performance,False
P-81476:WC-1986,historical,70,70,0,70,70,0,measured_performance,False
P-81477:WC-2006,historical,78,79,1,78,79,1,measured_performance,False
P-81505:WC-2022,historical,85,85,0,85,85,0,measured_performance,False
P-81510:WC-1958,historical,79,79,0,79,79,0,measured_performance,False
P-81517:WC-1950,historical,66,66,0,66,66,0,baseline_anchor_estimate,False
P-81537:WC-1958,historical,71,72,1,71,72,1,measured_performance,False
P-81554:WC-1930,historical,72,72,0,72,72,0,measured_performance,False
P-81597:WC-1950,historical,73,73,0,73,73,0,measured_performance,False
P-81643:WC-2002,historical,88,88,0,88,88,0,measured_performance,False
P-81643:WC-2006,historical,71,72,1,71,72,1,measured_performance,False
P-81648:WC-1994,historical,89,89,0,90,90,0,career_stature_estimate,False
P-81648:WC-1998,historical,82,83,1,72,72,0,career_stature_estimate,False
P-81649:WC-1934,historical,72,72,0,72,72,0,measured_performance,False
P-81653:WC-1950,historical,73,73,0,73,73,0,measured_performance,False
P-81689:WC-2018,historical,79,80,1,79,80,1,measured_performance,False
P-81706:WC-2018,historical,79,80,1,79,80,1,measured_performance,False
P-81706:WC-2022,historical,79,79,0,79,79,0,measured_performance,False
P-81709:WC-1958,historical,72,72,0,72,72,0,measured_performance,False
P-81717:WC-1950,historical,72,72,0,72,72,0,measured_performance,False
P-81755:WC-1954,historical,72,72,0,72,72,0,measured_performance,False
P-81778:WC-2006,historical,88,88,0,88,88,0,measured_performance,False
P-81778:WC-2010,historical,88,88,0,88,88,0,measured_performance,False
P-81779:WC-2014,historical,88,88,0,88,88,0,measured_performance,False
P-81829:WC-1934,historical,73,74,1,73,74,1,measured_performance,False
P-81864:WC-1982,historical,72,72,0,72,72,0,measured_performance,False
P-81872:WC-2010,historical,71,71,0,71,71,0,measured_performance,False
P-81883:WC-1986,historical,71,71,0,71,71,0,measured_performance,False
P-81883:WC-1990,historical,73,73,0,73,73,0,measured_performance,False
P-81929:WC-1962,historical,85,85,0,85,85,0,measured_performance,False
P-81929:WC-1970,historical,88,88,0,88,88,0,measured_performance,False
P-81929:WC-1974,historical,72,72,0,72,72,0,measured_performance,False
P-81947:WC-2018,historical,71,71,0,71,71,0,measured_performance,False
P-81947:WC-2022,historical,71,71,0,71,71,0,measured_performance,False
P-81950:WC-2010,historical,71,71,0,71,71,0,measured_performance,False
P-81968:WC-2002,historical,71,71,0,71,71,0,measured_performance,False
P-81972:WC-2010,historical,72,73,1,72,73,1,measured_performance,False
P-81972:WC-2014,historical,73,73,0,73,73,0,measured_performance,False
P-81972:WC-2018,historical,86,86,0,86,86,0,measured_performance,False
P-81972:WC-2022,historical,87,87,0,87,87,0,measured_performance,False
P-81979:WC-1954,historical,66,66,0,66,66,0,baseline_anchor_estimate,False
P-81990:WC-1990,historical,79,79,0,79,79,0,measured_performance,False
P-81997:WC-2022,historical,70,70,0,70,70,0,measured_performance,False
P-81999:WC-2014,historical,70,70,0,70,70,0,measured_performance,False
P-82000:WC-2022,historical,88,88,0,88,88,0,measured_performance,False
P-82010:WC-2022,historical,84,84,0,84,84,0,measured_performance,False
P-82012:WC-1990,historical,72,73,1,72,73,1,measured_performance,False
P-82026:WC-1938,historical,86,86,0,86,86,0,measured_performance,False
P-82033:WC-1974,historical,85,85,0,85,85,0,measured_performance,False
P-82053:WC-1958,historical,70,71,1,70,71,1,measured_performance,False
P-82053:WC-1962,historical,71,71,0,71,71,0,measured_performance,False
P-82054:WC-2014,historical,68,68,0,68,68,0,measured_performance,False
P-82056:WC-2022,historical,71,71,0,71,71,0,measured_performance,False
P-82099:WC-1938,historical,75,75,0,75,75,0,measured_performance,False
P-82124:WC-1994,historical,72,72,0,72,72,0,measured_performance,False
P-82124:WC-1998,historical,78,78,0,78,78,0,measured_performance,False
P-82133:WC-1962,historical,72,72,0,72,72,0,measured_performance,False
P-82143:WC-2022,historical,71,71,0,71,71,0,measured_performance,False
P-82150:WC-1962,historical,69,69,0,69,69,0,measured_performance,False
P-82150:WC-1966,historical,66,66,0,66,66,0,baseline_anchor_estimate,False
P-82154:WC-2018,historical,70,70,0,70,70,0,measured_performance,False
P-82174:WC-1978,historical,72,72,0,72,72,0,measured_performance,False
P-82183:WC-1958,historical,73,73,0,73,73,0,measured_performance,False
P-82183:WC-1962,historical,88,88,0,88,88,0,measured_performance,False
P-82186:WC-1962,historical,70,71,1,70,71,1,measured_performance,False
P-82186:WC-1966,historical,87,87,0,87,87,0,measured_performance,False
P-82186:WC-1970,historical,87,87,0,87,87,0,measured_performance,False
P-82189:WC-1990,historical,82,83,1,82,83,1,measured_performance,False
P-82190:WC-1958,historical,83,83,0,83,83,0,measured_performance,False
P-82191:WC-2002,historical,72,72,0,72,72,0,measured_performance,False
P-82202:WC-1958,historical,72,72,0,72,72,0,measured_performance,False
P-82210:WC-1994,historical,76,77,1,76,77,1,measured_performance,False
P-82210:WC-2002,historical,71,71,0,71,71,0,measured_performance,False
P-82212:WC-2002,historical,88,88,0,88,88,0,measured_performance,False
P-82213:WC-2014,historical,78,79,1,78,79,1,measured_performance,False
P-82216:WC-2022,historical,84,84,0,84,84,0,measured_performance,False
P-82218:WC-1974,historical,87,87,0,87,87,0,measured_performance,False
P-82222:WC-1962,historical,72,72,0,72,72,0,measured_performance,False
P-82223:WC-2018,historical,74,75,1,74,75,1,measured_performance,False
P-82297:WC-1986,historical,76,77,1,76,77,1,measured_performance,False
P-82307:WC-2006,historical,82,82,0,82,82,0,measured_performance,False
P-82311:WC-1950,historical,88,88,0,88,88,0,measured_performance,False
P-82312:WC-1958,historical,88,88,0,88,88,0,measured_performance,False
P-82313:WC-2022,historical,72,73,1,72,73,1,measured_performance,False
P-82329:WC-1998,historical,84,85,1,84,85,1,measured_performance,False
P-82332:WC-1986,historical,71,71,0,71,71,0,measured_performance,False
P-82336:WC-1958,historical,85,85,0,85,85,0,measured_performance,False
P-82339:WC-1950,historical,73,73,0,73,73,0,measured_performance,False
P-82355:WC-1974,historical,71,71,0,71,71,0,measured_performance,False
P-82387:WC-1974,historical,72,72,0,72,72,0,measured_performance,False
P-82415:WC-1958,historical,83,83,0,83,83,0,measured_performance,False
P-82421:WC-1950,historical,66,66,0,66,66,0,baseline_anchor_estimate,False
P-82422:WC-1930,historical,71,71,0,71,71,0,measured_performance,False
P-82447:WC-2022,historical,84,84,0,84,84,0,measured_performance,False
P-82456:WC-2010,historical,71,71,0,71,71,0,measured_performance,False
P-82458:WC-1998,historical,86,86,0,86,86,0,measured_performance,False
P-82458:WC-2002,historical,86,86,0,86,86,0,measured_performance,False
P-82458:WC-2006,historical,80,80,0,80,80,0,measured_performance,False
P-82458:WC-2010,historical,71,71,0,71,71,0,measured_performance,False
P-82483:WC-1994,historical,72,72,0,72,72,0,measured_performance,False
P-82486:WC-1978,historical,72,72,0,72,72,0,measured_performance,False
P-82492:WC-1994,historical,72,72,0,72,72,0,measured_performance,False
P-82507:WC-1978,historical,70,70,0,70,70,0,measured_performance,False
P-82507:WC-1982,historical,74,75,1,74,75,1,measured_performance,False
P-82512:WC-1950,historical,72,72,0,72,72,0,measured_performance,False
P-82512:WC-1954,historical,76,77,1,76,77,1,measured_performance,False
P-82516:WC-1966,historical,88,88,0,88,88,0,measured_performance,False
P-82522:WC-2010,historical,71,71,0,71,71,0,measured_performance,False
P-82525:WC-1958,historical,83,83,0,83,83,0,measured_performance,False
P-82525:WC-1962,historical,88,88,0,88,88,0,measured_performance,False
P-82525:WC-1966,historical,73,73,0,73,73,0,measured_performance,False
P-82532:WC-2018,historical,72,72,0,72,72,0,measured_performance,False
P-82536:WC-1934,historical,80,80,0,80,80,0,measured_performance,False
P-82537:WC-2018,historical,70,70,0,70,70,0,measured_performance,False
P-82549:WC-2006,historical,74,75,1,74,75,1,measured_performance,False
P-82555:WC-2010,historical,75,76,1,75,76,1,measured_performance,False
P-82601:WC-2002,historical,71,71,0,71,71,0,measured_performance,False
P-82614:WC-1998,historical,73,73,0,73,73,0,measured_performance,False
P-82650:WC-1954,historical,71,71,0,71,71,0,measured_performance,False
P-82657:WC-2022,historical,71,71,0,71,71,0,measured_performance,False
P-82662:WC-2010,historical,71,71,0,71,71,0,measured_performance,False
P-82662:WC-2014,historical,78,79,1,78,79,1,measured_performance,False
P-82670:WC-1978,historical,88,88,0,88,88,0,measured_performance,False
P-82715:WC-1986,historical,72,72,0,72,72,0,measured_performance,False
P-82719:WC-1970,historical,79,80,1,79,80,1,measured_performance,False
P-82719:WC-1974,historical,72,72,0,72,72,0,measured_performance,False
P-82723:WC-1990,historical,80,81,1,80,81,1,measured_performance,False
P-82723:WC-1994,historical,84,84,0,84,84,0,measured_performance,False
P-82734:WC-2014,historical,70,70,0,70,70,0,measured_performance,False
P-82747:WC-1994,historical,71,71,0,71,71,0,measured_performance,False
P-82751:WC-1954,historical,71,71,0,71,71,0,measured_performance,False
P-82792:WC-2018,historical,88,88,0,88,88,0,measured_performance,False
P-82803:WC-1934,historical,72,72,0,72,72,0,measured_performance,False
P-82806:WC-1938,historical,88,88,0,88,88,0,measured_performance,False
P-82814:WC-2006,historical,80,80,0,80,80,0,measured_performance,False
P-82814:WC-2010,historical,68,68,0,68,68,0,measured_performance,False
P-82839:WC-2018,historical,73,73,0,73,73,0,measured_performance,False
P-82850:WC-1934,historical,66,66,0,66,66,0,baseline_anchor_estimate,False
P-82853:WC-2006,historical,71,71,0,71,71,0,measured_performance,False
P-82861:WC-2014,historical,68,68,0,68,68,0,measured_performance,False
P-82870:WC-1998,historical,71,71,0,71,71,0,measured_performance,False
P-82870:WC-2002,historical,78,79,1,78,79,1,measured_performance,False
P-82870:WC-2006,historical,80,80,0,80,80,0,measured_performance,False
P-82871:WC-1990,historical,70,70,0,70,70,0,measured_performance,False
P-82877:WC-2022,historical,79,79,0,79,79,0,measured_performance,False
P-82889:WC-2022,historical,87,87,0,87,87,0,measured_performance,False
P-82907:WC-1958,historical,73,73,0,73,73,0,measured_performance,False
P-82931:WC-1966,historical,72,72,0,72,72,0,measured_performance,False
P-82945:WC-2022,historical,76,77,1,76,77,1,measured_performance,False
P-82949:WC-1990,historical,77,77,0,77,77,0,measured_performance,False
P-82949:WC-1994,historical,76,77,1,76,77,1,measured_performance,False
P-82949:WC-1998,historical,78,78,0,78,78,0,measured_performance,False
P-82956:WC-2022,historical,79,79,0,79,79,0,measured_performance,False
P-82967:WC-2018,historical,73,74,1,73,74,1,measured_performance,False
P-82971:WC-1958,historical,88,88,0,88,88,0,measured_performance,False
P-82971:WC-1962,historical,87,87,0,87,87,0,measured_performance,False
P-82971:WC-1966,historical,72,72,0,72,72,0,measured_performance,False
P-83005:WC-1974,historical,69,69,0,69,69,0,measured_performance,False
P-83005:WC-1978,historical,88,88,0,88,88,0,measured_performance,False
P-83020:WC-2018,historical,71,71,0,71,71,0,measured_performance,False
P-83054:WC-1930,historical,79,79,0,79,79,0,measured_performance,False
P-83060:WC-1962,historical,81,82,1,81,82,1,measured_performance,False
P-83061:WC-1994,historical,83,83,0,83,83,0,measured_performance,False
P-83083:WC-1986,historical,71,71,0,71,71,0,measured_performance,False
P-83086:WC-1950,historical,82,83,1,82,83,1,measured_performance,False
P-83096:WC-1982,historical,87,87,0,87,87,0,measured_performance,False
P-83096:WC-1986,historical,81,81,0,81,81,0,measured_performance,False
P-83098:WC-1970,historical,74,75,1,74,75,1,measured_performance,False
P-83122:WC-1994,historical,73,74,1,73,74,1,measured_performance,False
P-83122:WC-1998,historical,73,74,1,73,74,1,measured_performance,False
P-83122:WC-2002,historical,75,76,1,75,76,1,measured_performance,False
P-83141:WC-1966,historical,72,72,0,72,72,0,baseline_anchor_estimate,False
P-83141:WC-1970,historical,86,86,0,86,86,0,measured_performance,False
P-83152:WC-1994,historical,72,72,0,72,72,0,measured_performance,False
P-83152:WC-1998,historical,71,71,0,71,71,0,measured_performance,False
P-83158:WC-1954,historical,66,66,0,66,66,0,baseline_anchor_estimate,False
P-83165:WC-2010,historical,71,71,0,71,71,0,measured_performance,False
P-83169:WC-2022,historical,73,73,0,73,73,0,measured_performance,False
P-83190:WC-2006,historical,73,73,0,73,73,0,measured_performance,False
P-83198:WC-2018,historical,71,71,0,71,71,0,measured_performance,False
P-83199:WC-1994,historical,72,73,1,72,73,1,measured_performance,False
P-83210:WC-1982,historical,84,84,0,84,84,0,measured_performance,False
P-83211:WC-2018,historical,79,80,1,79,80,1,measured_performance,False
P-83216:WC-2014,historical,88,88,0,88,88,0,measured_performance,False
P-83216:WC-2018,historical,87,87,0,87,87,0,measured_performance,False
P-83261:WC-1998,historical,71,71,0,71,71,0,measured_performance,False
P-83265:WC-1994,historical,70,70,0,70,70,0,measured_performance,False
P-83291:WC-1930,historical,79,79,0,79,79,0,measured_performance,False
P-83293:WC-2018,historical,79,80,1,79,80,1,measured_performance,False
P-83344:WC-1998,historical,86,86,0,86,86,0,measured_performance,False
P-83361:WC-1990,historical,71,71,0,71,71,0,measured_performance,False
P-83363:WC-2018,historical,88,88,0,88,88,0,measured_performance,False
P-83366:WC-1934,historical,84,84,0,84,84,0,measured_performance,False
P-83367:WC-2018,historical,81,82,1,81,82,1,measured_performance,False
P-83389:WC-1974,historical,75,76,1,75,76,1,measured_performance,False
P-83394:WC-1994,historical,72,72,0,72,72,0,measured_performance,False
P-83394:WC-2002,historical,78,79,1,78,79,1,measured_performance,False
P-83399:WC-1938,historical,72,72,0,72,72,0,measured_performance,False
P-83403:WC-1998,historical,88,88,0,88,88,0,measured_performance,False
P-83403:WC-2002,historical,68,68,0,68,68,0,measured_performance,False
P-83403:WC-2006,historical,88,88,0,88,88,0,measured_performance,False
P-83418:WC-2002,historical,71,71,0,71,71,0,measured_performance,False
P-83421:WC-2014,historical,72,72,0,72,72,0,measured_performance,False
P-83431:WC-1950,historical,82,82,0,82,82,0,measured_performance,False
P-83431:WC-1954,historical,72,73,1,72,73,1,measured_performance,False
P-83436:WC-2002,historical,68,68,0,68,68,0,measured_performance,False
P-83441:WC-1966,historical,83,84,1,83,84,1,measured_performance,False
P-83449:WC-1986,historical,73,73,0,73,73,0,measured_performance,False
P-83453:WC-1990,historical,78,78,0,78,78,0,measured_performance,False
P-83456:WC-1966,historical,88,88,0,88,88,0,measured_performance,False
P-83478:WC-1934,historical,71,71,0,71,71,0,measured_performance,False
P-83478:WC-1938,historical,71,71,0,71,71,0,measured_performance,False
P-83507:WC-1986,historical,81,81,0,81,81,0,measured_performance,False
P-83518:WC-2018,historical,84,85,1,84,85,1,measured_performance,False
P-83522:WC-1998,historical,72,72,0,72,72,0,measured_performance,False
P-83544:WC-2002,historical,88,88,0,88,88,0,measured_performance,False
P-83544:WC-2006,historical,71,71,0,71,71,0,measured_performance,False
P-83560:WC-2018,historical,72,72,0,72,72,0,measured_performance,False
P-83560:WC-2022,historical,72,73,1,72,73,1,measured_performance,False
P-83566:WC-2006,historical,80,80,0,80,80,0,measured_performance,False
P-83566:WC-2010,historical,75,76,1,75,76,1,measured_performance,False
P-83573:WC-1986,historical,73,73,0,73,73,0,measured_performance,False
P-83575:WC-1954,historical,70,70,0,70,70,0,baseline_anchor_estimate,False
P-83591:WC-1994,historical,71,71,0,71,71,0,measured_performance,False
P-83591:WC-1998,historical,71,71,0,71,71,0,measured_performance,False
P-83595:WC-1998,historical,71,71,0,71,71,0,measured_performance,False
P-83598:WC-1954,historical,71,72,1,71,72,1,measured_performance,False
P-83610:WC-2022,historical,80,81,1,80,81,1,measured_performance,False
P-83613:WC-1990,historical,71,71,0,71,71,0,measured_performance,False
P-83615:WC-1994,historical,85,85,0,85,85,0,measured_performance,False
P-83625:WC-2010,historical,71,71,0,71,71,0,measured_performance,False
P-83642:WC-2014,historical,83,83,0,83,83,0,measured_performance,False
P-83642:WC-2018,historical,71,71,0,71,71,0,measured_performance,False
P-83669:WC-1970,historical,73,74,1,73,74,1,measured_performance,False
P-83674:WC-1978,historical,71,72,1,71,72,1,measured_performance,False
P-83693:WC-1982,historical,72,72,0,72,72,0,measured_performance,False
P-83693:WC-1990,historical,73,74,1,73,74,1,measured_performance,False
P-83705:WC-1958,historical,66,66,0,66,66,0,baseline_anchor_estimate,False
P-83711:WC-2006,historical,71,71,0,71,71,0,measured_performance,False
P-83726:WC-2014,historical,71,71,0,71,71,0,measured_performance,False
P-83734:WC-2018,historical,72,72,0,72,72,0,measured_performance,False
P-83744:WC-1986,historical,73,73,0,73,73,0,measured_performance,False
P-83747:WC-1970,historical,88,88,0,88,88,0,measured_performance,False
P-83771:WC-1950,historical,73,73,0,73,73,0,measured_performance,False
P-83778:WC-1934,historical,72,72,0,72,72,0,measured_performance,False
P-83784:WC-1950,historical,73,73,0,73,73,0,measured_performance,False
P-83805:WC-1986,historical,71,71,0,71,71,0,measured_performance,False
P-83805:WC-1990,historical,73,74,1,73,74,1,measured_performance,False
P-83822:WC-2022,historical,71,71,0,71,71,0,measured_performance,False
P-83823:WC-2002,historical,70,70,0,70,70,0,measured_performance,False
P-83823:WC-2006,historical,73,73,0,73,73,0,measured_performance,False
P-83836:WC-1998,historical,73,73,0,73,73,0,measured_performance,False
P-83836:WC-2002,historical,82,82,0,82,82,0,measured_performance,False
P-83836:WC-2006,historical,88,88,0,88,88,0,measured_performance,False
P-83849:WC-2018,historical,79,80,1,79,80,1,measured_performance,False
P-83876:WC-1986,historical,71,71,0,71,71,0,measured_performance,False
P-83876:WC-1990,historical,71,72,1,71,72,1,measured_performance,False
P-83900:WC-2006,historical,73,73,0,73,73,0,measured_performance,False
P-83900:WC-2014,historical,71,71,0,71,71,0,measured_performance,False
P-83904:WC-2010,historical,88,88,0,88,88,0,measured_performance,False
P-83927:WC-2010,historical,84,84,0,84,84,0,measured_performance,False
P-83931:WC-1970,historical,87,87,0,87,87,0,measured_performance,False
P-83931:WC-1974,historical,71,71,0,71,71,0,measured_performance,False
P-83934:WC-2014,historical,68,68,0,68,68,0,measured_performance,False
P-83943:WC-2002,historical,72,72,0,72,72,0,measured_performance,False
P-83945:WC-1962,historical,74,74,0,74,74,0,measured_performance,False
P-83945:WC-1966,historical,66,66,0,66,66,0,baseline_anchor_estimate,False
P-83956:WC-1994,historical,72,72,0,72,72,0,measured_performance,False
P-83968:WC-1990,historical,88,88,0,88,88,0,measured_performance,False
P-83968:WC-1994,historical,88,88,0,88,88,0,measured_performance,False
P-83968:WC-1998,historical,86,86,0,86,86,0,measured_performance,False
P-83987:WC-1930,historical,82,82,0,82,82,0,measured_performance,False
P-84003:WC-2002,historical,88,88,0,88,88,0,career_stature_estimate,False
P-84003:WC-2006,historical,88,88,0,88,88,0,career_stature_estimate,False
P-84013:WC-1970,historical,72,73,1,72,73,1,measured_performance,False
P-84022:WC-2002,historical,72,72,0,72,72,0,measured_performance,False
P-84022:WC-2006,historical,87,87,0,87,87,0,measured_performance,False
P-84034:WC-1962,historical,69,69,0,69,69,0,measured_performance,False
P-84043:WC-1990,historical,71,72,1,71,72,1,measured_performance,False
P-84056:WC-1986,historical,68,68,0,68,68,0,measured_performance,False
P-84079:WC-1994,historical,72,72,0,72,72,0,measured_performance,False
P-84091:WC-1934,historical,72,72,0,72,72,0,measured_performance,False
P-84093:WC-2002,historical,71,71,0,71,71,0,measured_performance,False
P-84101:WC-1934,historical,72,72,0,72,72,0,measured_performance,False
P-84116:WC-2014,historical,78,78,0,78,78,0,measured_performance,False
P-84123:WC-1982,historical,72,72,0,72,72,0,measured_performance,False
P-84133:WC-1982,historical,68,68,0,68,68,0,measured_performance,False
P-84137:WC-1978,historical,72,72,0,72,72,0,measured_performance,False
P-84152:WC-1998,historical,73,74,1,73,74,1,measured_performance,False
P-84152:WC-2002,historical,75,76,1,75,76,1,measured_performance,False
P-84160:WC-1970,historical,71,71,0,71,71,0,measured_performance,False
P-84173:WC-1978,historical,77,78,1,77,78,1,measured_performance,False
P-84190:WC-2022,historical,88,88,0,88,88,0,measured_performance,False
P-84197:WC-1990,historical,71,71,0,71,71,0,measured_performance,False
P-84201:WC-2010,historical,79,79,0,79,79,0,measured_performance,False
P-84226:WC-2006,historical,68,68,0,68,68,0,measured_performance,False
P-84232:WC-1934,historical,73,73,0,73,73,0,baseline_anchor_estimate,False
P-84240:WC-1982,historical,72,72,0,72,72,0,measured_performance,False
P-84269:WC-2022,historical,70,70,0,70,70,0,measured_performance,False
P-84295:WC-1974,historical,73,73,0,73,73,0,measured_performance,False
P-84297:WC-1930,historical,73,73,0,73,73,0,measured_performance,False
P-84301:WC-2018,historical,88,88,0,88,88,0,measured_performance,False
P-84312:WC-2010,historical,71,71,0,71,71,0,measured_performance,False
P-84312:WC-2014,historical,87,87,0,87,87,0,measured_performance,False
P-84320:WC-1978,historical,87,87,0,87,87,0,measured_performance,False
P-84346:WC-1938,historical,78,78,0,78,78,0,measured_performance,False
P-84364:WC-1982,historical,75,75,0,75,75,0,measured_performance,False
P-84364:WC-1986,historical,74,75,1,74,75,1,measured_performance,False
P-84375:WC-1998,historical,72,72,0,72,72,0,measured_performance,False
P-84378:WC-2002,historical,75,76,1,75,76,1,measured_performance,False
P-84378:WC-2006,historical,82,82,0,82,82,0,measured_performance,False
P-84380:WC-1978,historical,71,71,0,71,71,0,measured_performance,False
P-84380:WC-1982,historical,88,88,0,88,88,0,measured_performance,False
P-84382:WC-2022,historical,71,71,0,71,71,0,measured_performance,False
P-84395:WC-2006,historical,71,71,0,71,71,0,measured_performance,False
P-84406:WC-2014,historical,75,76,1,75,76,1,measured_performance,False
P-84406:WC-2018,historical,70,70,0,70,70,0,measured_performance,False
P-84407:WC-1982,historical,71,71,0,71,71,0,measured_performance,False
P-84412:WC-2014,historical,75,76,1,75,76,1,measured_performance,False
P-84420:WC-1990,historical,75,76,1,75,76,1,measured_performance,False
P-84420:WC-1994,historical,71,71,0,71,71,0,measured_performance,False
P-84424:WC-2018,historical,88,88,0,88,88,0,measured_performance,False
P-84424:WC-2022,historical,73,73,0,73,73,0,measured_performance,False
P-84430:WC-2022,historical,88,88,0,88,88,0,measured_performance,False
P-84458:WC-1998,historical,71,71,0,71,71,0,measured_performance,False
P-84475:WC-1934,historical,66,66,0,66,66,0,baseline_anchor_estimate,False
P-84477:WC-2002,historical,78,79,1,78,79,1,measured_performance,False
P-84486:WC-2006,historical,79,80,1,79,80,1,measured_performance,False
P-84486:WC-2010,historical,72,72,0,72,72,0,measured_performance,False
P-84486:WC-2014,historical,75,76,1,75,76,1,measured_performance,False
P-84524:WC-2010,historical,79,79,0,79,79,0,measured_performance,False
P-84531:WC-1954,historical,68,68,0,68,68,0,measured_performance,False
P-84532:WC-2014,historical,85,85,0,85,85,0,measured_performance,False
P-84534:WC-1998,historical,88,88,0,88,88,0,measured_performance,False
P-84534:WC-2002,historical,88,88,0,88,88,0,measured_performance,False
P-84535:WC-2010,historical,72,72,0,72,72,0,measured_performance,False
P-84536:WC-2018,historical,71,71,0,71,71,0,measured_performance,False
P-84542:WC-1994,historical,90,90,0,88,88,0,career_stature_estimate,True
P-84542:WC-1998,historical,90,90,0,88,88,0,career_stature_estimate,True
P-84542:WC-2002,historical,89,89,0,82,82,0,career_stature_estimate,True
P-84550:WC-2002,historical,71,71,0,71,71,0,measured_performance,False
P-84561:WC-1986,historical,70,70,0,70,70,0,measured_performance,False
P-84563:WC-2018,historical,74,75,1,74,75,1,measured_performance,False
P-84563:WC-2022,historical,71,71,0,71,71,0,measured_performance,False
P-84569:WC-1974,historical,75,76,1,75,76,1,measured_performance,False
P-84614:WC-2010,historical,70,70,0,70,70,0,measured_performance,False
P-84644:WC-1982,historical,77,77,0,77,77,0,measured_performance,False
P-84648:WC-1974,historical,88,88,0,88,88,0,measured_performance,False
P-84659:WC-1982,historical,71,71,0,71,71,0,measured_performance,False
P-84660:WC-1950,historical,88,88,0,88,88,0,measured_performance,False
P-84660:WC-1954,historical,73,73,0,73,73,0,measured_performance,False
P-84663:WC-1958,historical,72,72,0,72,72,0,measured_performance,False
P-84663:WC-1962,historical,78,78,0,78,78,0,measured_performance,False
P-84687:WC-1938,historical,73,74,1,73,74,1,measured_performance,False
P-84722:WC-1998,historical,84,84,0,84,84,0,measured_performance,False
P-84722:WC-2002,historical,73,73,0,73,73,0,measured_performance,False
P-84745:WC-2018,historical,83,83,0,83,83,0,measured_performance,False
P-84762:WC-1998,historical,82,83,1,82,83,1,measured_performance,False
P-84762:WC-2002,historical,71,71,0,71,71,0,measured_performance,False
P-84787:WC-2022,historical,82,83,1,82,83,1,measured_performance,False
P-84807:WC-2010,historical,85,86,1,85,86,1,measured_performance,False
P-84807:WC-2014,historical,80,81,1,80,81,1,measured_performance,False
P-84807:WC-2018,historical,72,72,0,72,72,0,measured_performance,False
P-84808:WC-1986,historical,72,72,0,72,72,0,measured_performance,False
P-84816:WC-1982,historical,84,84,0,84,84,0,measured_performance,False
P-84816:WC-1986,historical,88,88,0,88,88,0,measured_performance,False
P-84831:WC-1950,historical,75,75,0,75,75,0,measured_performance,False
P-84833:WC-1930,historical,72,72,0,72,72,0,measured_performance,False
P-84852:WC-2014,historical,84,84,0,84,84,0,measured_performance,False
P-84852:WC-2018,historical,88,88,0,88,88,0,measured_performance,False
P-84852:WC-2022,historical,71,71,0,71,71,0,measured_performance,False
P-84868:WC-1954,historical,71,71,0,71,71,0,measured_performance,False
P-84868:WC-1958,historical,72,72,0,72,72,0,measured_performance,False
P-84878:WC-2002,historical,88,88,0,88,88,0,measured_performance,False
P-84885:WC-1994,historical,73,74,1,73,74,1,measured_performance,False
P-84885:WC-1998,historical,72,72,0,72,72,0,measured_performance,False
P-84890:WC-1934,historical,66,66,0,66,66,0,baseline_anchor_estimate,False
P-84893:WC-1994,historical,87,87,0,87,87,0,measured_performance,False
P-84893:WC-1998,historical,71,71,0,71,71,0,measured_performance,False
P-84905:WC-1966,historical,69,69,0,69,69,0,measured_performance,False
P-84927:WC-1938,historical,89,89,0,72,72,0,career_stature_estimate,False
P-84943:WC-2002,historical,73,73,0,73,73,0,measured_performance,False
P-84945:WC-2010,historical,71,71,0,71,71,0,measured_performance,False
P-85003:WC-1982,historical,71,71,0,71,71,0,measured_performance,False
P-85003:WC-1986,historical,84,84,0,84,84,0,measured_performance,False
P-85003:WC-1990,historical,82,83,1,82,83,1,measured_performance,False
P-85003:WC-1998,historical,84,84,0,84,84,0,measured_performance,False
P-85009:WC-1954,historical,88,88,0,88,88,0,measured_performance,False
P-85018:WC-1986,historical,72,72,0,72,72,0,measured_performance,False
P-85019:WC-1998,historical,71,71,0,71,71,0,measured_performance,False
P-85019:WC-2002,historical,71,71,0,71,71,0,measured_performance,False
P-85024:WC-1982,historical,72,72,0,72,72,0,measured_performance,False
P-85046:WC-2010,historical,75,76,1,75,76,1,measured_performance,False
P-85095:WC-1958,historical,66,66,0,66,66,0,baseline_anchor_estimate,False
P-85116:WC-2018,historical,79,80,1,79,80,1,measured_performance,False
P-85128:WC-2006,historical,74,75,1,74,75,1,measured_performance,False
P-85132:WC-1998,historical,71,71,0,71,71,0,measured_performance,False
P-85140:WC-1998,historical,72,72,0,72,72,0,measured_performance,False
P-85142:WC-1930,historical,70,70,0,70,70,0,measured_performance,False
P-85176:WC-1998,historical,91,91,0,88,88,0,career_stature_estimate,True
P-85176:WC-2002,historical,91,91,0,88,88,0,career_stature_estimate,True
P-85176:WC-2006,historical,91,91,0,87,87,0,career_stature_estimate,True
P-85178:WC-1998,historical,86,87,1,86,87,1,measured_performance,False
P-85181:WC-1982,historical,75,75,0,75,75,0,measured_performance,False
P-85199:WC-2006,historical,82,82,0,82,82,0,measured_performance,False
P-85204:WC-2022,historical,71,71,0,71,71,0,measured_performance,False
P-85237:WC-1998,historical,70,70,0,70,70,0,measured_performance,False
P-85257:WC-1954,historical,89,89,0,89,89,0,measured_performance,False
P-85271:WC-1990,historical,71,71,0,71,71,0,measured_performance,False
P-85276:WC-1934,historical,80,80,0,80,80,0,measured_performance,False
P-85276:WC-1938,historical,79,80,1,79,80,1,measured_performance,False
P-85283:WC-1938,historical,84,84,0,84,84,0,measured_performance,False
P-85296:WC-1990,historical,72,72,0,72,72,0,measured_performance,False
P-85306:WC-1990,historical,81,82,1,81,82,1,measured_performance,False
P-85317:WC-1954,historical,71,72,1,71,72,1,measured_performance,False
P-85317:WC-1958,historical,87,87,0,87,87,0,measured_performance,False
P-85324:WC-2014,historical,80,81,1,80,81,1,measured_performance,False
P-85324:WC-2018,historical,71,71,0,71,71,0,measured_performance,False
P-85328:WC-1950,historical,73,73,0,73,73,0,baseline_anchor_estimate,False
P-85334:WC-1934,historical,85,86,1,85,86,1,measured_performance,False
P-85334:WC-1938,historical,88,88,0,88,88,0,measured_performance,False
P-85347:WC-1938,historical,70,70,0,70,70,0,baseline_anchor_estimate,False
P-85347:WC-1950,historical,88,88,0,88,88,0,measured_performance,False
P-85355:WC-1998,historical,88,88,0,88,88,0,measured_performance,False
P-85374:WC-1978,historical,71,71,0,71,71,0,measured_performance,False
P-85374:WC-1982,historical,74,75,1,74,75,1,measured_performance,False
P-85379:WC-1970,historical,82,82,0,82,82,0,measured_performance,False
P-85432:WC-2002,historical,88,88,0,88,88,0,measured_performance,False
P-85432:WC-2006,historical,71,71,0,71,71,0,measured_performance,False
P-85438:WC-2018,historical,78,79,1,78,79,1,measured_performance,False
P-85438:WC-2022,historical,84,85,1,84,85,1,measured_performance,False
P-85443:WC-1930,historical,71,71,0,71,71,0,measured_performance,False
P-85443:WC-1934,historical,84,84,0,84,84,0,measured_performance,False
P-85443:WC-1938,historical,72,72,0,72,72,0,measured_performance,False
P-85453:WC-1998,historical,71,71,0,71,71,0,measured_performance,False
P-85453:WC-2010,historical,72,72,0,72,72,0,measured_performance,False
P-85465:WC-2010,historical,71,71,0,71,71,0,measured_performance,False
P-85472:WC-2018,historical,86,86,0,86,86,0,measured_performance,False
P-85473:WC-2002,historical,70,70,0,70,70,0,measured_performance,False
P-85474:WC-1974,historical,70,70,0,70,70,0,measured_performance,False
P-85499:WC-2014,historical,70,70,0,70,70,0,measured_performance,False
P-85532:WC-2018,historical,82,82,0,82,82,0,measured_performance,False
P-85559:WC-2014,historical,71,71,0,71,71,0,measured_performance,False
P-85569:WC-1930,historical,77,78,1,77,78,1,measured_performance,False
P-85569:WC-1934,historical,73,74,1,73,74,1,measured_performance,False
P-85577:WC-2022,historical,72,72,0,72,72,0,measured_performance,False
P-85579:WC-2018,historical,73,73,0,73,73,0,measured_performance,False
P-85579:WC-2022,historical,71,71,0,71,71,0,measured_performance,False
P-85613:WC-1994,historical,71,71,0,71,71,0,measured_performance,False
P-85622:WC-1930,historical,72,72,0,72,72,0,measured_performance,False
P-85624:WC-1998,historical,73,74,1,73,74,1,measured_performance,False
P-85630:WC-2022,historical,71,71,0,71,71,0,measured_performance,False
P-85637:WC-1950,historical,82,82,0,82,82,0,measured_performance,False
P-85649:WC-1950,historical,66,66,0,66,66,0,baseline_anchor_estimate,False
P-85670:WC-2022,historical,76,77,1,76,77,1,measured_performance,False
P-85684:WC-1966,historical,71,71,0,71,71,0,measured_performance,False
P-85689:WC-1938,historical,66,66,0,66,66,0,baseline_anchor_estimate,False
P-85695:WC-1934,historical,88,88,0,88,88,0,measured_performance,False
P-85696:WC-2018,historical,83,83,0,83,83,0,measured_performance,False
P-85696:WC-2022,historical,85,86,1,85,86,1,measured_performance,False
P-85698:WC-2014,historical,88,88,0,88,88,0,measured_performance,False
P-85724:WC-1998,historical,70,70,0,70,70,0,measured_performance,False
P-85729:WC-1974,historical,71,71,0,71,71,0,measured_performance,False
P-85736:WC-2002,historical,71,71,0,71,71,0,measured_performance,False
P-85737:WC-1950,historical,73,73,0,73,73,0,measured_performance,False
P-85775:WC-1974,historical,71,71,0,71,71,0,measured_performance,False
P-85778:WC-1970,historical,88,88,0,88,88,0,measured_performance,False
P-85778:WC-1974,historical,88,88,0,88,88,0,measured_performance,False
P-85778:WC-1978,historical,76,76,0,75,75,0,measured_performance,False
P-85795:WC-1934,historical,72,72,0,72,72,0,measured_performance,False
P-85795:WC-1938,historical,79,80,1,79,80,1,measured_performance,False
P-85798:WC-1958,historical,73,73,0,73,73,0,measured_performance,False
P-85808:WC-1970,historical,74,75,1,74,75,1,measured_performance,False
P-85818:WC-2002,historical,84,84,0,84,84,0,measured_performance,False
P-85818:WC-2006,historical,84,84,0,84,84,0,measured_performance,False
P-85818:WC-2014,historical,84,85,1,84,85,1,measured_performance,False
P-85823:WC-2022,historical,73,73,0,73,73,0,measured_performance,False
P-85824:WC-2010,historical,71,71,0,71,71,0,measured_performance,False
P-85824:WC-2014,historical,73,73,0,73,73,0,measured_performance,False
P-85827:WC-1982,historical,71,71,0,71,71,0,measured_performance,False
P-85837:WC-1986,historical,83,83,0,83,83,0,measured_performance,False
P-85841:WC-1978,historical,71,71,0,71,71,0,measured_performance,False
P-85853:WC-1954,historical,71,72,1,71,72,1,measured_performance,False
P-85860:WC-2018,historical,72,72,0,72,72,0,measured_performance,False
P-85860:WC-2022,historical,85,86,1,85,86,1,measured_performance,False
P-85878:WC-2022,historical,71,71,0,71,71,0,measured_performance,False
P-85884:WC-1934,historical,81,81,0,81,81,0,measured_performance,False
P-85884:WC-1938,historical,72,72,0,72,72,0,measured_performance,False
P-85893:WC-1990,historical,88,88,0,88,88,0,measured_performance,False
P-85916:WC-2010,historical,79,79,0,79,79,0,measured_performance,False
P-85922:WC-1954,historical,72,73,1,72,73,1,measured_performance,False
P-85922:WC-1958,historical,71,71,0,71,71,0,measured_performance,False
P-85929:WC-2014,historical,72,72,0,72,72,0,measured_performance,False
P-85944:WC-1938,historical,74,74,0,74,74,0,measured_performance,False
P-85952:WC-1934,historical,72,72,0,72,72,0,measured_performance,False
P-85955:WC-1966,historical,73,73,0,73,73,0,baseline_anchor_estimate,False
P-85966:WC-1958,historical,66,66,0,66,66,0,baseline_anchor_estimate,False
P-85975:WC-2002,historical,78,79,1,78,79,1,measured_performance,False
P-85975:WC-2006,historical,73,73,0,73,73,0,measured_performance,False
P-85977:WC-1978,historical,71,71,0,71,71,0,measured_performance,False
P-85997:WC-1982,historical,81,81,0,81,81,0,measured_performance,False
P-86004:WC-2018,historical,88,88,0,88,88,0,measured_performance,False
P-86015:WC-1966,historical,81,81,0,81,81,0,measured_performance,False
P-86015:WC-1970,historical,72,72,0,72,72,0,measured_performance,False
P-86017:WC-1990,historical,71,71,0,71,71,0,measured_performance,False
P-86020:WC-2018,historical,73,73,0,73,73,0,measured_performance,False
P-86028:WC-2014,historical,74,75,1,74,75,1,measured_performance,False
P-86043:WC-1978,historical,71,71,0,71,71,0,measured_performance,False
P-86056:WC-2006,historical,80,80,0,80,80,0,measured_performance,False
P-86080:WC-2018,historical,81,81,0,81,81,0,measured_performance,False
P-86082:WC-1930,historical,70,70,0,70,70,0,measured_performance,False
P-86087:WC-2002,historical,84,84,0,78,78,0,career_stature_estimate,False
P-86087:WC-2010,historical,89,89,0,91,91,0,career_stature_estimate,False
P-86087:WC-2014,historical,77,78,1,71,71,0,career_stature_estimate,False
P-86095:WC-2022,historical,71,71,0,71,71,0,measured_performance,False
P-86098:WC-2006,historical,73,73,0,73,73,0,measured_performance,False
P-86109:WC-2002,historical,71,71,0,71,71,0,measured_performance,False
P-86109:WC-2006,historical,71,71,0,71,71,0,measured_performance,False
P-86117:WC-1970,historical,73,73,0,73,73,0,measured_performance,False
P-86132:WC-2010,historical,70,70,0,70,70,0,measured_performance,False
P-86163:WC-2010,historical,88,88,0,88,88,0,measured_performance,False
P-86176:WC-1982,historical,71,71,0,71,71,0,measured_performance,False
P-86181:WC-1970,historical,72,72,0,72,72,0,measured_performance,False
P-86201:WC-1982,historical,70,70,0,70,70,0,measured_performance,False
P-86211:WC-1998,historical,68,68,0,68,68,0,measured_performance,False
P-86226:WC-2006,historical,71,72,1,71,72,1,measured_performance,False
P-86227:WC-2006,historical,74,75,1,74,75,1,measured_performance,False
P-86268:WC-1958,historical,79,79,0,79,79,0,measured_performance,False
P-86276:WC-1966,historical,88,88,0,88,88,0,measured_performance,False
P-86276:WC-1970,historical,76,77,1,76,77,1,measured_performance,False
P-86290:WC-2006,historical,88,88,0,88,88,0,measured_performance,False
P-86293:WC-1966,historical,69,69,0,69,69,0,measured_performance,False
P-86314:WC-1970,historical,72,72,0,72,72,0,measured_performance,False
P-86320:WC-1950,historical,86,86,0,86,86,0,measured_performance,False
P-86323:WC-1982,historical,72,72,0,72,72,0,measured_performance,False
P-86323:WC-1986,historical,78,79,1,78,79,1,measured_performance,False
P-86324:WC-1978,historical,68,68,0,68,68,0,measured_performance,False
P-86345:WC-1998,historical,68,68,0,68,68,0,measured_performance,False
P-86345:WC-2002,historical,86,86,0,86,86,0,measured_performance,False
P-86401:WC-1934,historical,72,72,0,72,72,0,measured_performance,False
P-86404:WC-2014,historical,71,71,0,71,71,0,measured_performance,False
P-86410:WC-2022,historical,72,73,1,72,73,1,measured_performance,False
P-86448:WC-2002,historical,84,84,0,84,84,0,measured_performance,False
P-86464:WC-1994,historical,70,71,1,70,71,1,measured_performance,False
P-86464:WC-1998,historical,72,72,0,72,72,0,measured_performance,False
P-86464:WC-2002,historical,71,71,0,71,71,0,measured_performance,False
P-86465:WC-2002,historical,78,79,1,78,79,1,measured_performance,False
P-86465:WC-2010,historical,79,79,0,79,79,0,measured_performance,False
P-86466:WC-2022,historical,72,73,1,72,73,1,measured_performance,False
P-86499:WC-2010,historical,80,81,1,80,81,1,measured_performance,False
P-86499:WC-2014,historical,88,88,0,88,88,0,measured_performance,False
P-86509:WC-1994,historical,76,76,0,76,76,0,measured_performance,False
P-86511:WC-2014,historical,70,70,0,70,70,0,measured_performance,False
P-86518:WC-1934,historical,92,92,0,80,80,0,career_stature_estimate,False
P-86518:WC-1938,historical,90,90,0,72,72,0,career_stature_estimate,False
P-86524:WC-2014,historical,77,78,1,77,78,1,measured_performance,False
P-86528:WC-1990,historical,73,74,1,73,74,1,measured_performance,False
P-86528:WC-1994,historical,81,82,1,81,82,1,measured_performance,False
P-86534:WC-2006,historical,72,72,0,72,72,0,measured_performance,False
P-86570:WC-1950,historical,73,73,0,73,73,0,baseline_anchor_estimate,False
P-86570:WC-1954,historical,80,80,0,80,80,0,measured_performance,False
P-86570:WC-1958,historical,73,73,0,73,73,0,baseline_anchor_estimate,False
P-86570:WC-1962,historical,73,73,0,73,73,0,baseline_anchor_estimate,False
P-86608:WC-1986,historical,76,77,1,76,77,1,measured_performance,False
P-86625:WC-2010,historical,71,71,0,71,71,0,measured_performance,False
P-86625:WC-2014,historical,73,73,0,73,73,0,measured_performance,False
P-86644:WC-2022,historical,74,74,0,74,74,0,measured_performance,False
P-86650:WC-2006,historical,93,93,0,88,88,0,career_stature_estimate,True
P-86677:WC-1986,historical,85,86,1,85,86,1,measured_performance,False
P-86677:WC-1990,historical,73,74,1,73,74,1,measured_performance,False
P-86679:WC-1982,historical,72,72,0,72,72,0,measured_performance,False
P-86721:WC-1966,historical,78,78,0,78,78,0,measured_performance,False
P-86728:WC-2006,historical,73,73,0,73,73,0,measured_performance,False
P-86766:WC-1990,historical,68,68,0,68,68,0,measured_performance,False
P-86777:WC-1978,historical,72,72,0,72,72,0,measured_performance,False
P-86777:WC-1982,historical,71,71,0,71,71,0,measured_performance,False
P-86786:WC-1958,historical,66,66,0,66,66,0,baseline_anchor_estimate,False
P-86786:WC-1962,historical,69,69,0,69,69,0,measured_performance,False
P-86801:WC-1994,historical,71,71,0,71,71,0,measured_performance,False
P-86811:WC-2006,historical,72,72,0,72,72,0,measured_performance,False
P-86813:WC-1950,historical,72,72,0,72,72,0,measured_performance,False
P-86813:WC-1954,historical,82,82,0,82,82,0,measured_performance,False
P-86813:WC-1958,historical,77,77,0,77,77,0,measured_performance,False
P-86817:WC-1986,historical,84,84,0,84,84,0,measured_performance,False
P-86817:WC-1990,historical,82,83,1,82,83,1,measured_performance,False
P-86826:WC-1986,historical,84,84,0,84,84,0,measured_performance,False
P-86826:WC-1990,historical,75,76,1,75,76,1,measured_performance,False
P-86843:WC-1958,historical,71,72,1,71,72,1,measured_performance,False
P-86871:WC-2022,historical,71,71,0,71,71,0,measured_performance,False
P-86878:WC-2022,historical,72,73,1,72,73,1,measured_performance,False
P-86884:WC-1998,historical,72,72,0,72,72,0,measured_performance,False
P-86899:WC-1986,historical,71,71,0,71,71,0,measured_performance,False
P-86900:WC-1982,historical,83,83,0,83,83,0,measured_performance,False
P-86909:WC-2022,historical,80,81,1,80,81,1,measured_performance,False
P-86920:WC-2022,historical,88,88,0,88,88,0,measured_performance,False
P-86931:WC-1970,historical,74,75,1,74,75,1,measured_performance,False
P-86931:WC-1974,historical,80,80,0,80,80,0,measured_performance,False
P-86931:WC-1978,historical,72,72,0,72,72,0,measured_performance,False
P-86932:WC-1930,historical,73,74,1,73,74,1,measured_performance,False
P-86937:WC-2022,historical,71,71,0,71,71,0,measured_performance,False
P-86942:WC-1978,historical,88,88,0,88,88,0,measured_performance,False
P-86942:WC-1982,historical,71,71,0,71,71,0,measured_performance,False
P-86943:WC-2002,historical,72,72,0,72,72,0,measured_performance,False
P-86943:WC-2006,historical,87,87,0,87,87,0,measured_performance,False
P-86951:WC-2022,historical,76,77,1,76,77,1,measured_performance,False
P-87003:WC-2022,historical,71,71,0,71,71,0,measured_performance,False
P-87008:WC-2014,historical,91,91,0,88,88,0,career_stature_estimate,True
P-87008:WC-2018,historical,91,91,0,88,88,0,career_stature_estimate,True
P-87008:WC-2022,historical,90,90,0,85,86,1,career_stature_estimate,True
P-87016:WC-2002,historical,70,70,0,70,70,0,measured_performance,False
P-87023:WC-1966,historical,72,72,0,72,72,0,measured_performance,False
P-87036:WC-1990,historical,72,72,0,72,72,0,measured_performance,False
P-87036:WC-1994,historical,70,70,0,70,70,0,measured_performance,False
P-87039:WC-2006,historical,71,72,1,71,72,1,measured_performance,False
P-87058:WC-1974,historical,76,77,1,76,77,1,measured_performance,False
P-87059:WC-1998,historical,86,86,0,86,86,0,measured_performance,False
P-87073:WC-1950,historical,88,88,0,88,88,0,measured_performance,False
P-87112:WC-1994,historical,71,71,0,71,71,0,measured_performance,False
P-87114:WC-2006,historical,80,80,0,80,80,0,measured_performance,False
P-87116:WC-1958,historical,71,72,1,71,72,1,measured_performance,False
P-87139:WC-1958,historical,72,73,1,72,73,1,measured_performance,False
P-87143:WC-1962,historical,72,72,0,72,72,0,measured_performance,False
P-87169:WC-2022,historical,88,88,0,88,88,0,measured_performance,False
P-87187:WC-2002,historical,78,79,1,78,79,1,measured_performance,False
P-87187:WC-2006,historical,71,71,0,71,71,0,measured_performance,False
P-87190:WC-2022,historical,79,79,0,79,79,0,measured_performance,False
P-87191:WC-1986,historical,87,87,0,87,87,0,measured_performance,False
P-87197:WC-1986,historical,68,68,0,68,68,0,measured_performance,False
P-87199:WC-2018,historical,71,71,0,71,71,0,measured_performance,False
P-87203:WC-1966,historical,88,88,0,88,88,0,measured_performance,False
P-87205:WC-2002,historical,68,68,0,68,68,0,measured_performance,False
P-87214:WC-1934,historical,73,74,1,73,74,1,measured_performance,False
P-87221:WC-2006,historical,72,72,0,72,72,0,measured_performance,False
P-87223:WC-2006,historical,70,70,0,70,70,0,measured_performance,False
P-87229:WC-2002,historical,75,76,1,75,76,1,measured_performance,False
P-87231:WC-1994,historical,88,88,0,88,88,0,measured_performance,False
P-87231:WC-1998,historical,79,80,1,79,80,1,measured_performance,False
P-87249:WC-1962,historical,66,66,0,66,66,0,baseline_anchor_estimate,False
P-87266:WC-2018,historical,71,71,0,71,71,0,measured_performance,False
P-87284:WC-2018,historical,71,71,0,71,71,0,measured_performance,False
P-87284:WC-2022,historical,79,79,0,79,79,0,measured_performance,False
P-87288:WC-1958,historical,71,72,1,71,72,1,measured_performance,False
P-87288:WC-1962,historical,72,72,0,72,72,0,measured_performance,False
P-87315:WC-1998,historical,73,74,1,73,74,1,measured_performance,False
P-87316:WC-2010,historical,75,76,1,75,76,1,measured_performance,False
P-87363:WC-1962,historical,80,80,0,80,80,0,measured_performance,False
P-87363:WC-1966,historical,72,72,0,72,72,0,measured_performance,False
P-87388:WC-1970,historical,72,72,0,72,72,0,measured_performance,False
P-87405:WC-1934,historical,77,77,0,77,77,0,measured_performance,False
P-87406:WC-1954,historical,70,70,0,70,70,0,measured_performance,False
P-87409:WC-2022,historical,72,72,0,72,72,0,measured_performance,False
P-87412:WC-1998,historical,73,74,1,73,74,1,measured_performance,False
P-87420:WC-1958,historical,66,66,0,66,66,0,baseline_anchor_estimate,False
P-87449:WC-2014,historical,88,88,0,88,88,0,measured_performance,False
P-87452:WC-1950,historical,72,72,0,72,72,0,measured_performance,False
P-87458:WC-1994,historical,71,71,0,71,71,0,measured_performance,False
P-87474:WC-1934,historical,88,88,0,88,88,0,measured_performance,False
P-87506:WC-1974,historical,75,76,1,75,76,1,measured_performance,False
P-87514:WC-2022,historical,80,81,1,80,81,1,measured_performance,False
P-87531:WC-1934,historical,85,85,0,85,85,0,measured_performance,False
P-87563:WC-1994,historical,73,74,1,73,74,1,measured_performance,False
P-87569:WC-2022,historical,71,71,0,71,71,0,measured_performance,False
P-87575:WC-1986,historical,72,72,0,72,72,0,measured_performance,False
P-87592:WC-2002,historical,71,71,0,71,71,0,measured_performance,False
P-87592:WC-2006,historical,70,70,0,70,70,0,measured_performance,False
P-87604:WC-2006,historical,73,73,0,73,73,0,measured_performance,False
P-87631:WC-1970,historical,74,75,1,74,75,1,measured_performance,False
P-87641:WC-1986,historical,68,68,0,68,68,0,measured_performance,False
P-87653:WC-1990,historical,71,71,0,71,71,0,measured_performance,False
P-87661:WC-2014,historical,71,71,0,71,71,0,measured_performance,False
P-87668:WC-1998,historical,80,80,0,80,80,0,measured_performance,False
P-87702:WC-2002,historical,78,79,1,78,79,1,measured_performance,False
P-87723:WC-1974,historical,72,72,0,72,72,0,measured_performance,False
P-87726:WC-1986,historical,84,84,0,84,84,0,measured_performance,False
P-87730:WC-1950,historical,77,78,1,77,78,1,measured_performance,False
P-87730:WC-1954,historical,71,72,1,71,72,1,measured_performance,False
P-87740:WC-1934,historical,73,74,1,73,74,1,measured_performance,False
P-87744:WC-1974,historical,88,88,0,88,88,0,measured_performance,False
P-87765:WC-2006,historical,80,80,0,80,80,0,measured_performance,False
P-87765:WC-2010,historical,72,73,1,72,73,1,measured_performance,False
P-87767:WC-1978,historical,71,71,0,71,71,0,measured_performance,False
P-87777:WC-1954,historical,71,72,1,71,72,1,measured_performance,False
P-87786:WC-2018,historical,72,72,0,72,72,0,measured_performance,False
P-87786:WC-2022,historical,71,71,0,71,71,0,measured_performance,False
P-87788:WC-1974,historical,72,72,0,72,72,0,measured_performance,False
P-87796:WC-2002,historical,72,72,0,72,72,0,measured_performance,False
P-87801:WC-1970,historical,71,71,0,71,71,0,measured_performance,False
P-87803:WC-1958,historical,66,66,0,66,66,0,baseline_anchor_estimate,False
P-87807:WC-1962,historical,72,72,0,72,72,0,measured_performance,False
P-87810:WC-1962,historical,81,81,0,81,81,0,measured_performance,False
P-87821:WC-1986,historical,84,84,0,84,84,0,measured_performance,False
P-87822:WC-1974,historical,71,71,0,71,71,0,measured_performance,False
P-87826:WC-1950,historical,77,78,1,77,78,1,measured_performance,False
P-87829:WC-1950,historical,71,71,0,71,71,0,measured_performance,False
P-87830:WC-1994,historical,76,77,1,76,77,1,measured_performance,False
P-87830:WC-1998,historical,72,72,0,72,72,0,measured_performance,False
P-87852:WC-2018,historical,79,80,1,79,80,1,measured_performance,False
P-87859:WC-2010,historical,86,86,0,86,86,0,measured_performance,False
P-87958:WC-2022,historical,68,68,0,68,68,0,measured_performance,False
P-87968:WC-1998,historical,71,71,0,71,71,0,measured_performance,False
P-87975:WC-1982,historical,71,71,0,71,71,0,measured_performance,False
P-87975:WC-1986,historical,72,72,0,72,72,0,measured_performance,False
P-87995:WC-1994,historical,88,88,0,88,88,0,measured_performance,False
P-88002:WC-1990,historical,73,74,1,73,74,1,measured_performance,False
P-88002:WC-1994,historical,88,88,0,88,88,0,measured_performance,False
P-88002:WC-1998,historical,88,88,0,88,88,0,measured_performance,False
P-88006:WC-1974,historical,76,77,1,76,77,1,measured_performance,False
P-88006:WC-1978,historical,71,71,0,71,71,0,measured_performance,False
P-88012:WC-1986,historical,72,72,0,72,72,0,measured_performance,False
P-88041:WC-1994,historical,79,79,0,79,79,0,measured_performance,False
P-88041:WC-1998,historical,82,83,1,82,83,1,measured_performance,False
P-88041:WC-2002,historical,71,71,0,71,71,0,measured_performance,False
P-88041:WC-2006,historical,82,83,1,82,83,1,measured_performance,False
P-88043:WC-2002,historical,88,88,0,88,88,0,measured_performance,False
P-88043:WC-2006,historical,71,71,0,71,71,0,measured_performance,False
P-88070:WC-1982,historical,84,84,0,84,84,0,measured_performance,False
P-88070:WC-1994,historical,71,71,0,71,71,0,measured_performance,False
P-88081:WC-1966,historical,66,66,0,66,66,0,baseline_anchor_estimate,False
P-88088:WC-1974,historical,84,84,0,84,84,0,measured_performance,False
P-88101:WC-2010,historical,88,88,0,88,88,0,measured_performance,False
P-88101:WC-2014,historical,72,72,0,72,72,0,measured_performance,False
P-88108:WC-1982,historical,74,75,1,74,75,1,measured_performance,False
P-88110:WC-1954,historical,73,73,0,73,73,0,measured_performance,False
P-88114:WC-1990,historical,72,73,1,72,73,1,measured_performance,False
P-88147:WC-1938,historical,76,76,0,76,76,0,measured_performance,False
P-88148:WC-2010,historical,73,73,0,73,73,0,measured_performance,False
P-88160:WC-2010,historical,72,72,0,72,72,0,measured_performance,False
P-88171:WC-2006,historical,72,72,0,72,72,0,measured_performance,False
P-88192:WC-1990,historical,70,70,0,70,70,0,measured_performance,False
P-88196:WC-1982,historical,71,71,0,71,71,0,measured_performance,False
P-88203:WC-1998,historical,81,82,1,81,82,1,measured_performance,False
P-88203:WC-2002,historical,71,71,0,71,71,0,measured_performance,False
P-88221:WC-1954,historical,66,66,0,66,66,0,baseline_anchor_estimate,False
P-88235:WC-1930,historical,73,74,1,73,74,1,measured_performance,False
P-88263:WC-2006,historical,78,78,0,78,78,0,measured_performance,False
P-88273:WC-2022,historical,87,87,0,87,87,0,measured_performance,False
P-88284:WC-1954,historical,71,71,0,71,71,0,measured_performance,False
P-88328:WC-1958,historical,71,72,1,71,72,1,measured_performance,False
P-88340:WC-1998,historical,85,86,1,85,86,1,measured_performance,False
P-88346:WC-1962,historical,84,84,0,84,84,0,measured_performance,False
P-88360:WC-2022,historical,71,71,0,71,71,0,measured_performance,False
P-88370:WC-2010,historical,71,71,0,71,71,0,measured_performance,False
P-88416:WC-1934,historical,88,88,0,88,88,0,measured_performance,False
P-88416:WC-1938,historical,72,72,0,72,72,0,measured_performance,False
P-88425:WC-1974,historical,80,80,0,80,80,0,measured_performance,False
P-88425:WC-1978,historical,72,72,0,72,72,0,measured_performance,False
P-88428:WC-1998,historical,84,85,1,84,85,1,measured_performance,False
P-88428:WC-2002,historical,84,84,0,84,84,0,measured_performance,False
P-88428:WC-2010,historical,83,84,1,83,84,1,measured_performance,False
P-88433:WC-2022,historical,88,88,0,88,88,0,measured_performance,False
P-88434:WC-1954,historical,73,73,0,73,73,0,measured_performance,False
P-88467:WC-1978,historical,82,82,0,82,82,0,measured_performance,False
P-88467:WC-1982,historical,88,88,0,88,88,0,measured_performance,False
P-88474:WC-1954,historical,73,73,0,73,73,0,measured_performance,False
P-88482:WC-1974,historical,69,69,0,69,69,0,measured_performance,False
P-88486:WC-1994,historical,71,71,0,71,71,0,measured_performance,False
P-88492:WC-1978,historical,71,71,0,71,71,0,measured_performance,False
P-88506:WC-1990,historical,82,83,1,82,83,1,measured_performance,False
P-88510:WC-1994,historical,88,88,0,88,88,0,measured_performance,False
P-88526:WC-1978,historical,71,71,0,71,71,0,measured_performance,False
P-88529:WC-2022,historical,68,68,0,68,68,0,measured_performance,False
P-88535:WC-1982,historical,77,77,0,77,77,0,measured_performance,False
P-88535:WC-1986,historical,76,77,1,76,77,1,measured_performance,False
P-88592:WC-2018,historical,71,71,0,71,71,0,measured_performance,False
P-88598:WC-1982,historical,72,72,0,72,72,0,measured_performance,False
P-88607:WC-1982,historical,72,72,0,72,72,0,measured_performance,False
P-88639:WC-1962,historical,72,72,0,72,72,0,measured_performance,False
P-88653:WC-1986,historical,80,81,1,80,81,1,measured_performance,False
P-88661:WC-1986,historical,80,81,1,80,81,1,measured_performance,False
P-88680:WC-2010,historical,86,86,0,86,86,0,measured_performance,False
P-88704:WC-1998,historical,73,74,1,73,74,1,measured_performance,False
P-88715:WC-2018,historical,73,73,0,73,73,0,measured_performance,False
P-88715:WC-2022,historical,71,71,0,71,71,0,measured_performance,False
P-88716:WC-2002,historical,70,70,0,70,70,0,measured_performance,False
P-88728:WC-1970,historical,73,73,0,73,73,0,measured_performance,False
P-88732:WC-2010,historical,71,71,0,71,71,0,measured_performance,False
P-88732:WC-2014,historical,71,71,0,71,71,0,measured_performance,False
P-88739:WC-1966,historical,73,73,0,73,73,0,measured_performance,False
P-88751:WC-2010,historical,72,73,1,72,73,1,measured_performance,False
P-88758:WC-1954,historical,85,85,0,85,85,0,measured_performance,False
P-88800:WC-2002,historical,75,76,1,75,76,1,measured_performance,False
P-88804:WC-1962,historical,71,72,1,71,72,1,measured_performance,False
P-88814:WC-2014,historical,71,71,0,71,71,0,measured_performance,False
P-88818:WC-2018,historical,71,71,0,71,71,0,measured_performance,False
P-88830:WC-2006,historical,72,72,0,72,72,0,measured_performance,False
P-88846:WC-1954,historical,73,73,0,73,73,0,measured_performance,False
P-88851:WC-2010,historical,75,76,1,75,76,1,measured_performance,False
P-88857:WC-1970,historical,72,73,1,72,73,1,measured_performance,False
P-88863:WC-1998,historical,93,93,0,88,88,0,career_stature_estimate,True
P-88863:WC-2002,historical,91,91,0,78,79,1,career_stature_estimate,True
P-88863:WC-2006,historical,94,94,0,89,89,0,career_stature_estimate,True
P-88863:WC-2010,historical,91,91,0,79,79,0,career_stature_estimate,True
P-88869:WC-2018,historical,71,71,0,71,71,0,measured_performance,False
P-88869:WC-2022,historical,72,73,1,72,73,1,measured_performance,False
P-88871:WC-1986,historical,72,72,0,72,72,0,measured_performance,False
P-88896:WC-2014,historical,71,71,0,71,71,0,measured_performance,False
P-88896:WC-2018,historical,71,71,0,71,71,0,measured_performance,False
P-88899:WC-2002,historical,83,84,1,83,84,1,measured_performance,False
P-88899:WC-2006,historical,80,80,0,80,80,0,measured_performance,False
P-88903:WC-1982,historical,72,72,0,72,72,0,measured_performance,False
P-88903:WC-1986,historical,88,88,0,88,88,0,measured_performance,False
P-88921:WC-1998,historical,72,72,0,72,72,0,measured_performance,False
P-88928:WC-2022,historical,84,84,0,84,84,0,measured_performance,False
P-88929:WC-1934,historical,78,78,0,78,78,0,measured_performance,False
P-88933:WC-1982,historical,72,72,0,72,72,0,measured_performance,False
P-88939:WC-2010,historical,88,88,0,88,88,0,measured_performance,False
P-88939:WC-2014,historical,81,82,1,81,82,1,measured_performance,False
P-88945:WC-1986,historical,72,73,1,72,73,1,measured_performance,False
P-88946:WC-1998,historical,83,83,0,83,83,0,measured_performance,False
P-88955:WC-1974,historical,72,72,0,72,72,0,measured_performance,False
P-88961:WC-1954,historical,66,66,0,66,66,0,baseline_anchor_estimate,False
P-88971:WC-1982,historical,71,71,0,71,71,0,measured_performance,False
P-88982:WC-1950,historical,82,82,0,82,82,0,measured_performance,False
P-88984:WC-2006,historical,71,71,0,71,71,0,measured_performance,False
P-89031:WC-1970,historical,73,73,0,73,73,0,measured_performance,False
P-89034:WC-1934,historical,81,81,0,81,81,0,measured_performance,False
P-89034:WC-1938,historical,89,89,0,89,89,0,measured_performance,False
P-89070:WC-2018,historical,72,72,0,72,72,0,measured_performance,False
P-89070:WC-2022,historical,71,71,0,71,71,0,measured_performance,False
P-89076:WC-1930,historical,70,70,0,70,70,0,measured_performance,False
P-89078:WC-1998,historical,71,71,0,71,71,0,measured_performance,False
P-89086:WC-1934,historical,73,74,1,73,74,1,measured_performance,False
P-89092:WC-1998,historical,72,72,0,72,72,0,measured_performance,False
P-89106:WC-1982,historical,72,73,1,72,73,1,measured_performance,False
P-89113:WC-2018,historical,88,88,0,88,88,0,measured_performance,False
P-89117:WC-1974,historical,88,88,0,88,88,0,measured_performance,False
P-89133:WC-1994,historical,77,78,1,77,78,1,measured_performance,False
P-89154:WC-1998,historical,72,72,0,72,72,0,measured_performance,False
P-89154:WC-2002,historical,75,76,1,75,76,1,measured_performance,False
P-89154:WC-2006,historical,74,75,1,74,75,1,measured_performance,False
P-89177:WC-2006,historical,88,88,0,80,80,0,career_stature_estimate,True
P-89177:WC-2010,historical,89,89,0,88,88,0,career_stature_estimate,True
P-89177:WC-2014,historical,88,88,0,78,79,1,career_stature_estimate,True
P-89177:WC-2018,historical,89,89,0,86,86,0,career_stature_estimate,True
P-89198:WC-1934,historical,72,72,0,72,72,0,measured_performance,False
P-89205:WC-1998,historical,71,71,0,71,71,0,measured_performance,False
P-89217:WC-2022,historical,87,87,0,87,87,0,measured_performance,False
P-89218:WC-1974,historical,77,77,0,77,77,0,measured_performance,False
P-89248:WC-2018,historical,71,71,0,71,71,0,measured_performance,False
P-89248:WC-2022,historical,78,79,1,78,79,1,measured_performance,False
P-89257:WC-1974,historical,77,77,0,77,77,0,measured_performance,False
P-89259:WC-1958,historical,72,72,0,72,72,0,measured_performance,False
P-89266:WC-2022,historical,76,77,1,76,77,1,measured_performance,False
P-89287:WC-1986,historical,72,72,0,72,72,0,measured_performance,False
P-89288:WC-1950,historical,81,81,0,81,81,0,measured_performance,False
P-89292:WC-2002,historical,71,71,0,71,71,0,measured_performance,False
P-89292:WC-2006,historical,72,72,0,72,72,0,measured_performance,False
P-89297:WC-2002,historical,88,88,0,88,88,0,measured_performance,False
P-89297:WC-2006,historical,74,75,1,74,75,1,measured_performance,False
P-89297:WC-2010,historical,80,81,1,80,81,1,measured_performance,False
P-89298:WC-1982,historical,72,72,0,72,72,0,measured_performance,False
P-89305:WC-2014,historical,70,70,0,70,70,0,measured_performance,False
P-89311:WC-1974,historical,88,88,0,88,88,0,measured_performance,False
P-89311:WC-1978,historical,88,88,0,88,88,0,measured_performance,False
P-89321:WC-2014,historical,78,79,1,78,79,1,measured_performance,False
P-89321:WC-2018,historical,86,86,0,86,86,0,measured_performance,False
P-89321:WC-2022,historical,87,87,0,87,87,0,measured_performance,False
P-89353:WC-1962,historical,66,66,0,66,66,0,baseline_anchor_estimate,False
P-89353:WC-1966,historical,66,66,0,66,66,0,baseline_anchor_estimate,False
P-89367:WC-1958,historical,66,66,0,66,66,0,baseline_anchor_estimate,False
P-89372:WC-2014,historical,73,73,0,73,73,0,measured_performance,False
P-89392:WC-2014,historical,90,90,0,90,90,0,career_stature_estimate,False
P-89392:WC-2018,historical,88,88,0,74,75,1,career_stature_estimate,False
P-89412:WC-1986,historical,88,88,0,88,88,0,measured_performance,False
P-89420:WC-2018,historical,88,88,0,88,88,0,measured_performance,False
P-89438:WC-2006,historical,85,85,0,85,85,0,measured_performance,False
P-89452:WC-2022,historical,87,87,0,87,87,0,measured_performance,False
P-89453:WC-1950,historical,82,82,0,82,82,0,measured_performance,False
P-89481:WC-1930,historical,87,87,0,87,87,0,measured_performance,False
P-89509:WC-1962,historical,66,66,0,66,66,0,baseline_anchor_estimate,False
P-89519:WC-1974,historical,75,76,1,75,76,1,measured_performance,False
P-89519:WC-1978,historical,88,88,0,88,88,0,measured_performance,False
P-89519:WC-1982,historical,72,72,0,72,72,0,measured_performance,False
P-89521:WC-1974,historical,88,88,0,88,88,0,measured_performance,False
P-89521:WC-1978,historical,87,87,0,87,87,0,measured_performance,False
P-89534:WC-1962,historical,73,73,0,73,73,0,measured_performance,False
P-89534:WC-1966,historical,72,72,0,72,72,0,measured_performance,False
P-89543:WC-1986,historical,73,74,1,73,74,1,measured_performance,False
P-89554:WC-1974,historical,88,88,0,88,88,0,measured_performance,False
P-89554:WC-1978,historical,88,88,0,88,88,0,measured_performance,False
P-89573:WC-2018,historical,70,70,0,70,70,0,measured_performance,False
P-89573:WC-2022,historical,71,71,0,71,71,0,measured_performance,False
P-89577:WC-1962,historical,71,72,1,71,72,1,measured_performance,False
P-89582:WC-2014,historical,72,72,0,72,72,0,measured_performance,False
P-89598:WC-2022,historical,76,77,1,76,77,1,measured_performance,False
P-89601:WC-2010,historical,88,88,0,88,88,0,measured_performance,False
P-89601:WC-2014,historical,88,88,0,88,88,0,measured_performance,False
P-89616:WC-1962,historical,69,69,0,69,69,0,measured_performance,False
P-89616:WC-1966,historical,69,69,0,69,69,0,measured_performance,False
P-89643:WC-1962,historical,82,83,1,82,83,1,measured_performance,False
P-89657:WC-1950,historical,66,66,0,66,66,0,baseline_anchor_estimate,False
P-89666:WC-1938,historical,72,72,0,72,72,0,measured_performance,False
P-89688:WC-1930,historical,73,73,0,73,73,0,measured_performance,False
P-89710:WC-2022,historical,79,79,0,79,79,0,measured_performance,False
P-89713:WC-2014,historical,71,71,0,71,71,0,measured_performance,False
P-89743:WC-2014,historical,75,76,1,75,76,1,measured_performance,False
P-89743:WC-2018,historical,74,75,1,74,75,1,measured_performance,False
P-89750:WC-2014,historical,84,84,0,84,84,0,measured_performance,False
P-89750:WC-2018,historical,87,87,0,87,87,0,measured_performance,False
P-89750:WC-2022,historical,88,88,0,88,88,0,measured_performance,False
P-89771:WC-1970,historical,72,72,0,72,72,0,measured_performance,False
P-89772:WC-1974,historical,88,88,0,88,88,0,measured_performance,False
P-89782:WC-1998,historical,73,73,0,73,73,0,measured_performance,False
P-89785:WC-1950,historical,72,72,0,72,72,0,measured_performance,False
P-89804:WC-2002,historical,74,74,0,74,74,0,measured_performance,False
P-89810:WC-1990,historical,72,73,1,72,73,1,measured_performance,False
P-89818:WC-1974,historical,75,76,1,75,76,1,measured_performance,False
P-89829:WC-1930,historical,72,72,0,72,72,0,measured_performance,False
P-89840:WC-2010,historical,71,71,0,71,71,0,measured_performance,False
P-89845:WC-2022,historical,72,72,0,72,72,0,measured_performance,False
P-89863:WC-2022,historical,72,73,1,72,73,1,measured_performance,False
P-89866:WC-1954,historical,79,80,1,79,80,1,measured_performance,False
P-89869:WC-2022,historical,68,68,0,68,68,0,measured_performance,False
P-89870:WC-2010,historical,79,79,0,79,79,0,measured_performance,False
P-89878:WC-2010,historical,88,88,0,88,88,0,measured_performance,False
P-89878:WC-2014,historical,71,71,0,71,71,0,measured_performance,False
P-89889:WC-2010,historical,68,68,0,68,68,0,measured_performance,False
P-89897:WC-1970,historical,88,88,0,72,72,0,career_stature_estimate,False
P-89904:WC-2014,historical,72,72,0,72,72,0,measured_performance,False
P-89920:WC-1994,historical,70,71,1,70,71,1,measured_performance,False
P-89920:WC-1998,historical,71,71,0,71,71,0,measured_performance,False
P-89922:WC-1998,historical,71,71,0,71,71,0,measured_performance,False
P-89922:WC-2002,historical,71,71,0,71,71,0,measured_performance,False
P-89928:WC-2002,historical,70,70,0,70,70,0,measured_performance,False
P-89933:WC-1958,historical,73,73,0,73,73,0,measured_performance,False
P-89934:WC-2018,historical,72,72,0,72,72,0,measured_performance,False
P-89943:WC-2006,historical,70,70,0,70,70,0,measured_performance,False
P-89948:WC-2022,historical,88,88,0,88,88,0,measured_performance,False
P-89949:WC-1982,historical,88,88,0,88,88,0,measured_performance,False
P-89966:WC-1934,historical,72,72,0,72,72,0,measured_performance,False
P-89971:WC-2002,historical,71,71,0,71,71,0,measured_performance,False
P-89971:WC-2014,historical,80,81,1,80,81,1,measured_performance,False
P-89975:WC-1982,historical,88,88,0,88,88,0,measured_performance,False
P-89975:WC-1986,historical,82,82,0,82,82,0,measured_performance,False
P-89975:WC-1990,historical,88,88,0,88,88,0,measured_performance,False
P-89984:WC-2018,historical,88,88,0,88,88,0,measured_performance,False
P-89990:WC-1954,historical,68,68,0,68,68,0,measured_performance,False
P-90001:WC-1934,historical,73,73,0,73,73,0,measured_performance,False
P-90001:WC-1938,historical,66,66,0,66,66,0,baseline_anchor_estimate,False
P-90012:WC-2022,historical,80,81,1,80,81,1,measured_performance,False
P-90033:WC-1962,historical,88,88,0,88,88,0,measured_performance,False
P-90057:WC-1998,historical,70,70,0,70,70,0,measured_performance,False
P-90061:WC-2002,historical,72,72,0,72,72,0,measured_performance,False
P-90085:WC-1954,historical,71,71,0,71,71,0,measured_performance,False
P-90087:WC-2006,historical,74,75,1,74,75,1,measured_performance,False
P-90097:WC-1990,historical,76,77,1,76,77,1,measured_performance,False
P-90120:WC-1998,historical,72,72,0,72,72,0,measured_performance,False
P-90129:WC-2018,historical,73,73,0,73,73,0,measured_performance,False
P-90145:WC-2010,historical,83,84,1,83,84,1,measured_performance,False
P-90221:WC-1978,historical,77,77,0,77,77,0,measured_performance,False
P-90221:WC-1982,historical,72,72,0,72,72,0,measured_performance,False
P-90224:WC-1962,historical,71,71,0,71,71,0,measured_performance,False
P-90267:WC-1962,historical,66,66,0,66,66,0,baseline_anchor_estimate,False
P-90303:WC-1990,historical,72,72,0,72,72,0,measured_performance,False
P-90303:WC-1994,historical,68,68,0,68,68,0,measured_performance,False
P-90321:WC-2002,historical,71,71,0,71,71,0,measured_performance,False
P-90336:WC-1938,historical,72,72,0,72,72,0,measured_performance,False
P-90350:WC-1978,historical,72,73,1,72,73,1,measured_performance,False
P-90357:WC-1994,historical,72,72,0,72,72,0,measured_performance,False
P-90361:WC-2014,historical,71,71,0,71,71,0,measured_performance,False
P-90361:WC-2018,historical,71,71,0,71,71,0,measured_performance,False
P-90366:WC-1970,historical,72,72,0,72,72,0,measured_performance,False
P-90384:WC-1998,historical,68,68,0,68,68,0,measured_performance,False
P-90384:WC-2002,historical,68,68,0,68,68,0,measured_performance,False
P-90391:WC-1974,historical,71,71,0,71,71,0,measured_performance,False
P-90409:WC-1934,historical,80,80,0,80,80,0,measured_performance,False
P-90417:WC-1966,historical,75,76,1,75,76,1,measured_performance,False
P-90423:WC-2022,historical,75,76,1,75,76,1,measured_performance,False
P-90430:WC-2006,historical,80,80,0,80,80,0,measured_performance,False
P-90430:WC-2010,historical,86,86,0,86,86,0,measured_performance,False
P-90435:WC-2002,historical,72,72,0,72,72,0,measured_performance,False
P-90435:WC-2006,historical,74,75,1,74,75,1,measured_performance,False
P-90440:WC-1974,historical,71,71,0,71,71,0,measured_performance,False
P-90473:WC-1998,historical,88,88,0,88,88,0,measured_performance,False
P-90482:WC-1958,historical,83,83,0,83,83,0,measured_performance,False
P-90487:WC-1970,historical,72,72,0,72,72,0,measured_performance,False
P-90491:WC-2010,historical,73,73,0,73,73,0,measured_performance,False
P-90491:WC-2014,historical,72,72,0,72,72,0,measured_performance,False
P-90496:WC-1954,historical,88,88,0,88,88,0,measured_performance,False
P-90524:WC-1966,historical,79,79,0,79,79,0,measured_performance,False
P-90524:WC-1970,historical,79,80,1,79,80,1,measured_performance,False
P-90526:WC-1994,historical,70,70,0,70,70,0,measured_performance,False
P-90549:WC-1958,historical,71,72,1,71,72,1,measured_performance,False
P-90575:WC-1994,historical,71,71,0,71,71,0,measured_performance,False
P-90611:WC-1938,historical,70,70,0,70,70,0,measured_performance,False
P-90625:WC-1962,historical,72,72,0,72,72,0,measured_performance,False
P-90626:WC-2022,historical,79,79,0,79,79,0,measured_performance,False
P-90628:WC-1982,historical,74,75,1,74,75,1,measured_performance,False
P-90633:WC-1998,historical,71,71,0,71,71,0,measured_performance,False
P-90633:WC-2002,historical,72,72,0,72,72,0,measured_performance,False
P-90635:WC-1986,historical,88,88,0,88,88,0,measured_performance,False
P-90635:WC-1990,historical,88,88,0,88,88,0,measured_performance,False
P-90655:WC-1958,historical,72,72,0,72,72,0,measured_performance,False
P-90655:WC-1962,historical,78,78,0,78,78,0,measured_performance,False
P-90670:WC-1990,historical,68,68,0,68,68,0,measured_performance,False
P-90675:WC-2018,historical,74,75,1,74,75,1,measured_performance,False
P-90689:WC-2022,historical,72,73,1,72,73,1,measured_performance,False
P-90719:WC-1982,historical,70,70,0,70,70,0,measured_performance,False
P-90721:WC-1982,historical,71,71,0,71,71,0,measured_performance,False
P-90721:WC-1986,historical,77,77,0,77,77,0,measured_performance,False
P-90721:WC-1990,historical,71,71,0,71,71,0,measured_performance,False
P-90725:WC-2002,historical,78,79,1,78,79,1,measured_performance,False
P-90725:WC-2006,historical,80,80,0,80,80,0,measured_performance,False
P-90775:WC-1958,historical,71,72,1,71,72,1,measured_performance,False
P-90792:WC-1994,historical,76,77,1,76,77,1,measured_performance,False
P-90796:WC-2022,historical,79,79,0,79,79,0,measured_performance,False
P-90799:WC-1974,historical,71,71,0,71,71,0,measured_performance,False
P-90805:WC-1938,historical,77,78,1,77,78,1,measured_performance,False
P-90807:WC-2010,historical,71,71,0,71,71,0,measured_performance,False
P-90839:WC-1934,historical,66,66,0,66,66,0,baseline_anchor_estimate,False
P-90840:WC-1974,historical,84,84,0,84,84,0,measured_performance,False
P-90842:WC-1986,historical,88,88,0,88,88,0,measured_performance,False
P-90842:WC-1990,historical,82,83,1,82,83,1,measured_performance,False
P-90842:WC-1994,historical,88,88,0,88,88,0,measured_performance,False
P-90846:WC-1978,historical,68,68,0,68,68,0,measured_performance,False
P-90857:WC-2002,historical,78,79,1,78,79,1,measured_performance,False
P-90857:WC-2006,historical,71,71,0,71,71,0,measured_performance,False
P-90867:WC-2018,historical,81,82,1,81,82,1,measured_performance,False
P-90867:WC-2022,historical,72,73,1,72,73,1,measured_performance,False
P-90871:WC-1954,historical,66,66,0,66,66,0,baseline_anchor_estimate,False
P-90883:WC-1978,historical,72,73,1,72,73,1,measured_performance,False
P-90883:WC-1982,historical,88,88,0,88,88,0,measured_performance,False
P-90888:WC-1990,historical,71,71,0,71,71,0,measured_performance,False
P-90908:WC-2014,historical,89,89,0,73,73,0,career_stature_estimate,False
P-90908:WC-2018,historical,91,91,0,89,89,0,career_stature_estimate,False
P-90908:WC-2022,historical,91,91,0,83,83,0,career_stature_estimate,False
P-90911:WC-1974,historical,83,83,0,83,83,0,measured_performance,False
P-90913:WC-2022,historical,71,71,0,71,71,0,measured_performance,False
P-90951:WC-2010,historical,72,72,0,72,72,0,measured_performance,False
P-90988:WC-1986,historical,68,68,0,68,68,0,measured_performance,False
P-91027:WC-1950,historical,88,88,0,88,88,0,measured_performance,False
P-91029:WC-2022,historical,84,84,0,84,84,0,measured_performance,False
P-91035:WC-1958,historical,72,72,0,72,72,0,measured_performance,False
P-91038:WC-2010,historical,75,76,1,75,76,1,measured_performance,False
P-91040:WC-1966,historical,70,70,0,70,70,0,baseline_anchor_estimate,False
P-91106:WC-1994,historical,78,79,1,78,79,1,measured_performance,False
P-91106:WC-2002,historical,70,70,0,70,70,0,measured_performance,False
P-91107:WC-1994,historical,71,71,0,71,71,0,measured_performance,False
P-91114:WC-2014,historical,86,86,0,86,86,0,measured_performance,False
P-91148:WC-1998,historical,78,78,0,78,78,0,measured_performance,False
P-91148:WC-2002,historical,72,72,0,72,72,0,measured_performance,False
P-91151:WC-1958,historical,71,71,0,71,71,0,measured_performance,False
P-91166:WC-1938,historical,72,72,0,72,72,0,measured_performance,False
P-91171:WC-1930,historical,86,86,0,86,86,0,measured_performance,False
P-91175:WC-1986,historical,71,71,0,71,71,0,measured_performance,False
P-91177:WC-1938,historical,72,72,0,72,72,0,measured_performance,False
P-91180:WC-1986,historical,88,88,0,88,88,0,measured_performance,False
P-91190:WC-2002,historical,72,72,0,72,72,0,measured_performance,False
P-91190:WC-2006,historical,70,70,0,70,70,0,measured_performance,False
P-91195:WC-1966,historical,85,85,0,84,84,0,measured_performance,False
P-91195:WC-1970,historical,88,88,0,88,88,0,measured_performance,False
P-91195:WC-1974,historical,77,77,0,75,76,1,measured_performance,False
P-91215:WC-1970,historical,71,71,0,71,71,0,measured_performance,False
P-91238:WC-1930,historical,86,86,0,86,86,0,measured_performance,False
P-91257:WC-1966,historical,88,88,0,88,88,0,measured_performance,False
P-91259:WC-1934,historical,71,71,0,71,71,0,measured_performance,False
P-91268:WC-2018,historical,71,71,0,71,71,0,measured_performance,False
P-91268:WC-2022,historical,76,77,1,76,77,1,measured_performance,False
P-91280:WC-2006,historical,73,73,0,73,73,0,measured_performance,False
P-91286:WC-1934,historical,73,74,1,73,74,1,measured_performance,False
P-91291:WC-2018,historical,72,72,0,72,72,0,measured_performance,False
P-91294:WC-2014,historical,68,68,0,68,68,0,measured_performance,False
P-91294:WC-2018,historical,88,88,0,88,88,0,measured_performance,False
P-91294:WC-2022,historical,70,70,0,70,70,0,measured_performance,False
P-91295:WC-1930,historical,81,82,1,81,82,1,measured_performance,False
P-91301:WC-2010,historical,73,73,0,73,73,0,measured_performance,False
P-91308:WC-2002,historical,71,71,0,71,71,0,measured_performance,False
P-91324:WC-2022,historical,88,88,0,88,88,0,measured_performance,False
P-91329:WC-2018,historical,72,72,0,72,72,0,measured_performance,False
P-91339:WC-1990,historical,71,71,0,71,71,0,measured_performance,False
P-91350:WC-2022,historical,72,72,0,72,72,0,measured_performance,False
P-91357:WC-2006,historical,71,71,0,71,71,0,measured_performance,False
P-91373:WC-1990,historical,88,88,0,88,88,0,measured_performance,False
P-91373:WC-1994,historical,88,88,0,88,88,0,measured_performance,False
P-91373:WC-1998,historical,88,88,0,88,88,0,measured_performance,False
P-91378:WC-1934,historical,72,72,0,72,72,0,measured_performance,False
P-91386:WC-1958,historical,71,72,1,71,72,1,measured_performance,False
P-91408:WC-2010,historical,75,76,1,75,76,1,measured_performance,False
P-91411:WC-1982,historical,88,88,0,88,88,0,measured_performance,False
P-91413:WC-1934,historical,72,72,0,72,72,0,measured_performance,False
P-91430:WC-2010,historical,72,72,0,72,72,0,measured_performance,False
P-91431:WC-2022,historical,88,88,0,88,88,0,measured_performance,False
P-91438:WC-2014,historical,73,73,0,73,73,0,measured_performance,False
P-91455:WC-2018,historical,79,80,1,79,80,1,measured_performance,False
P-91463:WC-1978,historical,71,71,0,71,71,0,measured_performance,False
P-91472:WC-2014,historical,77,77,0,77,77,0,measured_performance,False
P-91477:WC-1990,historical,71,71,0,71,71,0,measured_performance,False
P-91484:WC-2010,historical,75,76,1,75,76,1,measured_performance,False
P-91486:WC-2002,historical,72,72,0,72,72,0,measured_performance,False
P-91486:WC-2006,historical,68,68,0,68,68,0,measured_performance,False
P-91516:WC-1998,historical,72,72,0,72,72,0,measured_performance,False
P-91516:WC-2002,historical,71,71,0,71,71,0,measured_performance,False
P-91516:WC-2010,historical,71,71,0,71,71,0,measured_performance,False
P-91524:WC-1978,historical,73,74,1,73,74,1,measured_performance,False
P-91529:WC-1938,historical,72,72,0,72,72,0,measured_performance,False
P-91543:WC-2022,historical,88,88,0,88,88,0,measured_performance,False
P-91558:WC-1958,historical,71,72,1,71,72,1,measured_performance,False
P-91562:WC-1978,historical,71,71,0,71,71,0,measured_performance,False
P-91562:WC-1982,historical,81,81,0,81,81,0,measured_performance,False
P-91562:WC-1986,historical,72,72,0,72,72,0,measured_performance,False
P-91590:WC-2014,historical,71,71,0,71,71,0,measured_performance,False
P-91602:WC-2006,historical,70,70,0,70,70,0,measured_performance,False
P-91608:WC-1994,historical,71,71,0,71,71,0,measured_performance,False
P-91614:WC-2014,historical,75,76,1,75,76,1,measured_performance,False
P-91620:WC-1982,historical,71,71,0,71,71,0,measured_performance,False
P-91649:WC-2006,historical,88,88,0,88,88,0,measured_performance,False
P-91655:WC-2018,historical,74,75,1,74,75,1,measured_performance,False
P-91705:WC-1978,historical,70,70,0,70,70,0,measured_performance,False
P-91707:WC-2018,historical,68,68,0,68,68,0,measured_performance,False
P-91710:WC-1998,historical,73,74,1,73,74,1,measured_performance,False
P-91717:WC-1978,historical,98,98,0,89,89,0,career_stature_estimate,True
P-91717:WC-1982,historical,98,98,0,91,91,0,career_stature_estimate,True
P-91717:WC-1986,historical,91,91,0,71,71,0,career_stature_estimate,True
P-91718:WC-1994,historical,89,89,0,88,88,0,career_stature_estimate,True
P-91718:WC-1998,historical,89,89,0,88,88,0,career_stature_estimate,True
P-91718:WC-2002,historical,89,89,0,88,88,0,career_stature_estimate,True
P-91718:WC-2006,historical,89,89,0,87,87,0,career_stature_estimate,True
P-91752:WC-1966,historical,72,72,0,72,72,0,measured_performance,False
P-91754:WC-1998,historical,71,71,0,71,71,0,measured_performance,False
P-91786:WC-2006,historical,68,68,0,68,68,0,measured_performance,False
P-91793:WC-2010,historical,80,81,1,80,81,1,measured_performance,False
P-91793:WC-2014,historical,75,76,1,75,76,1,measured_performance,False
P-91793:WC-2018,historical,79,80,1,79,80,1,measured_performance,False
P-91831:WC-2002,historical,71,71,0,71,71,0,measured_performance,False
P-91832:WC-2006,historical,87,87,0,87,87,0,measured_performance,False
P-91832:WC-2010,historical,79,79,0,79,79,0,measured_performance,False
P-91855:WC-1958,historical,81,81,0,81,81,0,measured_performance,False
P-91871:WC-1994,historical,71,71,0,71,71,0,measured_performance,False
P-91888:WC-2002,historical,84,84,0,84,84,0,measured_performance,False
P-91889:WC-2018,historical,73,73,0,73,73,0,measured_performance,False
P-91889:WC-2022,historical,71,71,0,71,71,0,measured_performance,False
P-91890:WC-1938,historical,66,66,0,66,66,0,baseline_anchor_estimate,False
P-91900:WC-1930,historical,72,72,0,72,72,0,measured_performance,False
P-91914:WC-1966,historical,72,73,1,72,73,1,measured_performance,False
P-91914:WC-1970,historical,73,73,0,73,73,0,measured_performance,False
P-91925:WC-2002,historical,75,76,1,75,76,1,measured_performance,False
P-91932:WC-1986,historical,72,72,0,72,72,0,measured_performance,False
P-91946:WC-1938,historical,79,79,0,79,79,0,measured_performance,False
P-91947:WC-1978,historical,72,73,1,72,73,1,measured_performance,False
P-91949:WC-1994,historical,84,84,0,84,84,0,measured_performance,False
P-91963:WC-1974,historical,87,87,0,87,87,0,measured_performance,False
P-91970:WC-1986,historical,81,81,0,81,81,0,measured_performance,False
P-91976:WC-2002,historical,75,76,1,75,76,1,measured_performance,False
P-91976:WC-2006,historical,74,75,1,74,75,1,measured_performance,False
P-91976:WC-2010,historical,71,71,0,71,71,0,measured_performance,False
P-91976:WC-2014,historical,86,86,0,86,86,0,measured_performance,False
P-91983:WC-2018,historical,71,71,0,71,71,0,measured_performance,False
P-92000:WC-2010,historical,86,86,0,86,86,0,measured_performance,False
P-92000:WC-2014,historical,71,71,0,71,71,0,measured_performance,False
P-92004:WC-2018,historical,73,74,1,73,74,1,measured_performance,False
P-92004:WC-2022,historical,72,72,0,72,72,0,measured_performance,False
P-92064:WC-2002,historical,88,88,0,88,88,0,measured_performance,False
P-92120:WC-1938,historical,72,72,0,72,72,0,measured_performance,False
P-92121:WC-2010,historical,71,71,0,71,71,0,measured_performance,False
P-92129:WC-2002,historical,71,71,0,71,71,0,measured_performance,False
P-92135:WC-2022,historical,72,73,1,72,73,1,measured_performance,False
P-92139:WC-1986,historical,72,72,0,72,72,0,measured_performance,False
P-92146:WC-2002,historical,78,79,1,78,79,1,measured_performance,False
P-92146:WC-2006,historical,87,87,0,87,87,0,measured_performance,False
P-92151:WC-1998,historical,72,72,0,72,72,0,measured_performance,False
P-92151:WC-2002,historical,75,76,1,75,76,1,measured_performance,False
P-92154:WC-1970,historical,88,88,0,88,88,0,measured_performance,False
P-92154:WC-1974,historical,71,71,0,71,71,0,measured_performance,False
P-92173:WC-1974,historical,88,88,0,88,88,0,measured_performance,False
P-92179:WC-1950,historical,71,71,0,71,71,0,measured_performance,False
P-92190:WC-1934,historical,73,74,1,73,74,1,measured_performance,False
P-92191:WC-1938,historical,84,84,0,84,84,0,measured_performance,False
P-92215:WC-1994,historical,76,77,1,76,77,1,measured_performance,False
P-92243:WC-1950,historical,77,78,1,77,78,1,measured_performance,False
P-92252:WC-2022,historical,76,77,1,76,77,1,measured_performance,False
P-92279:WC-2010,historical,72,72,0,72,72,0,measured_performance,False
P-92292:WC-1986,historical,81,81,0,81,81,0,measured_performance,False
P-92300:WC-1962,historical,70,71,1,70,71,1,measured_performance,False
P-92300:WC-1966,historical,79,80,1,79,80,1,measured_performance,False
P-92301:WC-1938,historical,71,71,0,71,71,0,measured_performance,False
P-92307:WC-2002,historical,75,76,1,75,76,1,measured_performance,False
P-92307:WC-2006,historical,88,88,0,88,88,0,measured_performance,False
P-92316:WC-2006,historical,80,80,0,80,80,0,measured_performance,False
P-92316:WC-2010,historical,79,79,0,79,79,0,measured_performance,False
P-92317:WC-1982,historical,85,85,0,85,85,0,measured_performance,False
P-92333:WC-1934,historical,75,76,1,75,76,1,measured_performance,False
P-92339:WC-1990,historical,72,72,0,72,72,0,measured_performance,False
P-92339:WC-1994,historical,88,88,0,88,88,0,measured_performance,False
P-92343:WC-2022,historical,68,68,0,68,68,0,measured_performance,False
P-92353:WC-2022,historical,73,73,0,73,73,0,measured_performance,False
P-92367:WC-1998,historical,79,80,1,79,80,1,measured_performance,False
P-92370:WC-1938,historical,71,71,0,71,71,0,measured_performance,False
P-92379:WC-1962,historical,70,71,1,70,71,1,measured_performance,False
P-92384:WC-1986,historical,86,86,0,86,86,0,measured_performance,False
P-92384:WC-1990,historical,80,81,1,80,81,1,measured_performance,False
P-92391:WC-1990,historical,88,88,0,78,78,0,career_stature_estimate,True
P-92391:WC-1994,historical,88,88,0,78,79,1,career_stature_estimate,True
P-92425:WC-1958,historical,70,70,0,70,70,0,measured_performance,False
P-92427:WC-1930,historical,77,78,1,77,78,1,measured_performance,False
P-92440:WC-1958,historical,83,83,0,83,83,0,measured_performance,False
P-92456:WC-1954,historical,86,86,0,86,86,0,measured_performance,False
P-92458:WC-1994,historical,71,71,0,71,71,0,measured_performance,False
P-92458:WC-1998,historical,88,88,0,88,88,0,measured_performance,False
P-92476:WC-2018,historical,71,71,0,71,71,0,measured_performance,False
P-92482:WC-2022,historical,71,71,0,71,71,0,measured_performance,False
P-92483:WC-1958,historical,66,66,0,66,66,0,baseline_anchor_estimate,False
P-92483:WC-1962,historical,66,66,0,66,66,0,baseline_anchor_estimate,False
P-92503:WC-2010,historical,68,68,0,68,68,0,measured_performance,False
P-92513:WC-2022,historical,71,71,0,71,71,0,measured_performance,False
P-92520:WC-2018,historical,72,72,0,72,72,0,measured_performance,False
P-92547:WC-1998,historical,79,80,1,79,80,1,measured_performance,False
P-92547:WC-2002,historical,72,72,0,72,72,0,measured_performance,False
P-92547:WC-2006,historical,71,71,0,71,71,0,measured_performance,False
P-92554:WC-1938,historical,73,73,0,73,73,0,measured_performance,False
P-92579:WC-1934,historical,70,70,0,70,70,0,baseline_anchor_estimate,False
P-92587:WC-1938,historical,72,72,0,72,72,0,measured_performance,False
P-92595:WC-1986,historical,85,86,1,85,86,1,measured_performance,False
P-92600:WC-1930,historical,73,74,1,73,74,1,measured_performance,False
P-92623:WC-1950,historical,71,71,0,71,71,0,measured_performance,False
P-92626:WC-2014,historical,80,80,0,80,80,0,measured_performance,False
P-92627:WC-2006,historical,72,72,0,72,72,0,measured_performance,False
P-92628:WC-2018,historical,88,88,0,88,88,0,measured_performance,False
P-92628:WC-2022,historical,88,88,0,88,88,0,measured_performance,False
P-92631:WC-1970,historical,85,85,0,85,85,0,measured_performance,False
P-92635:WC-1970,historical,71,71,0,71,71,0,measured_performance,False
P-92649:WC-2010,historical,88,88,0,88,88,0,measured_performance,False
P-92656:WC-1958,historical,77,78,1,77,78,1,measured_performance,False
P-92656:WC-1962,historical,78,78,0,78,78,0,measured_performance,False
P-92656:WC-1966,historical,79,80,1,79,80,1,measured_performance,False
P-92672:WC-1994,historical,84,84,0,84,84,0,measured_performance,False
P-92673:WC-2006,historical,71,71,0,71,71,0,measured_performance,False
P-92673:WC-2010,historical,71,71,0,71,71,0,measured_performance,False
P-92676:WC-1986,historical,84,84,0,84,84,0,measured_performance,False
P-92695:WC-1990,historical,82,83,1,82,83,1,measured_performance,False
P-92695:WC-1994,historical,72,72,0,72,72,0,measured_performance,False
P-92698:WC-1986,historical,71,71,0,71,71,0,measured_performance,False
P-92709:WC-1962,historical,69,69,0,69,69,0,measured_performance,False
P-92710:WC-2022,historical,73,73,0,73,73,0,measured_performance,False
P-92720:WC-1978,historical,87,87,0,87,87,0,measured_performance,False
P-92720:WC-1982,historical,87,87,0,87,87,0,measured_performance,False
P-92761:WC-2022,historical,72,73,1,72,73,1,measured_performance,False
P-92768:WC-1934,historical,72,72,0,72,72,0,measured_performance,False
P-92768:WC-1938,historical,72,72,0,72,72,0,measured_performance,False
P-92771:WC-2014,historical,86,86,0,86,86,0,measured_performance,False
P-92775:WC-2006,historical,74,75,1,74,75,1,measured_performance,False
P-92780:WC-1950,historical,71,71,0,71,71,0,measured_performance,False
P-92795:WC-1930,historical,72,72,0,72,72,0,measured_performance,False
P-92800:WC-1994,historical,73,74,1,73,74,1,measured_performance,False
P-92802:WC-1998,historical,78,78,0,78,78,0,measured_performance,False
P-92804:WC-1994,historical,73,74,1,73,74,1,measured_performance,False
P-92804:WC-1998,historical,88,88,0,88,88,0,measured_performance,False
P-92811:WC-1958,historical,76,77,1,76,77,1,measured_performance,False
P-92812:WC-2022,historical,89,89,0,84,84,0,career_stature_estimate,False
P-92838:WC-1930,historical,66,66,0,66,66,0,baseline_anchor_estimate,False
P-92848:WC-1958,historical,88,88,0,72,72,0,career_stature_estimate,False
P-92848:WC-1962,historical,88,88,0,74,75,1,career_stature_estimate,False
P-92848:WC-1966,historical,88,88,0,72,73,1,career_stature_estimate,False
P-92865:WC-1950,historical,77,78,1,77,78,1,measured_performance,False
P-92866:WC-2014,historical,71,71,0,71,71,0,measured_performance,False
P-92866:WC-2018,historical,86,86,0,86,86,0,measured_performance,False
P-92867:WC-1974,historical,89,89,0,89,89,0,measured_performance,False
P-92867:WC-1978,historical,85,85,0,85,85,0,measured_performance,False
P-92867:WC-1982,historical,83,83,0,83,83,0,measured_performance,False
P-92874:WC-2010,historical,80,81,1,79,79,0,measured_performance,False
P-92874:WC-2014,historical,80,80,0,78,79,1,measured_performance,False
P-92882:WC-1950,historical,73,73,0,73,73,0,measured_performance,False
P-92882:WC-1954,historical,71,72,1,71,72,1,measured_performance,False
P-92882:WC-1958,historical,66,66,0,66,66,0,baseline_anchor_estimate,False
P-92883:WC-1954,historical,87,87,0,87,87,0,measured_performance,False
P-92891:WC-2022,historical,68,68,0,68,68,0,measured_performance,False
P-92892:WC-2006,historical,71,71,0,71,71,0,measured_performance,False
P-92893:WC-1966,historical,71,71,0,71,71,0,measured_performance,False
P-92893:WC-1970,historical,71,71,0,71,71,0,measured_performance,False
P-92902:WC-1962,historical,66,66,0,66,66,0,baseline_anchor_estimate,False
P-92929:WC-1974,historical,71,71,0,71,71,0,measured_performance,False
P-92932:WC-1998,historical,71,71,0,71,71,0,measured_performance,False
P-92932:WC-2002,historical,71,71,0,71,71,0,measured_performance,False
P-92932:WC-2006,historical,88,88,0,88,88,0,measured_performance,False
P-92937:WC-1938,historical,75,75,0,75,75,0,measured_performance,False
P-92939:WC-2010,historical,71,71,0,71,71,0,measured_performance,False
P-92960:WC-1998,historical,68,68,0,68,68,0,measured_performance,False
P-92968:WC-1970,historical,71,71,0,71,71,0,measured_performance,False
P-92981:WC-1958,historical,79,79,0,79,79,0,measured_performance,False
P-92987:WC-2022,historical,87,87,0,87,87,0,measured_performance,False
P-93008:WC-1998,historical,68,68,0,68,68,0,measured_performance,False
P-93017:WC-1994,historical,71,71,0,71,71,0,measured_performance,False
P-93042:WC-1990,historical,68,68,0,68,68,0,measured_performance,False
P-93046:WC-1990,historical,71,71,0,71,71,0,measured_performance,False
P-93048:WC-2002,historical,71,71,0,71,71,0,measured_performance,False
P-93048:WC-2006,historical,88,88,0,88,88,0,measured_performance,False
P-93051:WC-1986,historical,81,81,0,81,81,0,measured_performance,False
P-93059:WC-2010,historical,84,84,0,84,84,0,measured_performance,False
P-93059:WC-2014,historical,84,85,1,84,85,1,measured_performance,False
P-93072:WC-1958,historical,72,72,0,72,72,0,measured_performance,False
P-93072:WC-1962,historical,81,82,1,81,82,1,measured_performance,False
P-93072:WC-1966,historical,88,88,0,88,88,0,measured_performance,False
P-93072:WC-1970,historical,88,88,0,88,88,0,measured_performance,False
P-93110:WC-1986,historical,70,70,0,70,70,0,measured_performance,False
P-93118:WC-1954,historical,72,72,0,72,72,0,measured_performance,False
P-93161:WC-1966,historical,72,72,0,72,72,0,measured_performance,False
P-93168:WC-1966,historical,71,71,0,71,71,0,measured_performance,False
P-93173:WC-2022,historical,72,73,1,72,73,1,measured_performance,False
P-93191:WC-1994,historical,71,71,0,71,71,0,measured_performance,False
P-93209:WC-2010,historical,79,79,0,79,79,0,measured_performance,False
P-93209:WC-2014,historical,78,79,1,78,79,1,measured_performance,False
P-93209:WC-2022,historical,72,73,1,72,73,1,measured_performance,False
P-93217:WC-1994,historical,70,70,0,70,70,0,measured_performance,False
P-93218:WC-1982,historical,72,72,0,72,72,0,measured_performance,False
P-93236:WC-2002,historical,75,75,0,75,75,0,measured_performance,False
P-93241:WC-2006,historical,87,87,0,87,87,0,measured_performance,False
P-93241:WC-2010,historical,72,72,0,72,72,0,measured_performance,False
P-93253:WC-1954,historical,71,72,1,71,72,1,measured_performance,False
P-93262:WC-2010,historical,71,71,0,71,71,0,measured_performance,False
P-93278:WC-1930,historical,73,73,0,73,73,0,measured_performance,False
P-93287:WC-2014,historical,70,70,0,70,70,0,measured_performance,False
P-93298:WC-1954,historical,71,71,0,71,71,0,measured_performance,False
P-93316:WC-2022,historical,70,70,0,70,70,0,measured_performance,False
P-93318:WC-1990,historical,88,88,0,88,88,0,measured_performance,False
P-93318:WC-1998,historical,86,87,1,86,87,1,measured_performance,False
P-93334:WC-1954,historical,88,88,0,88,88,0,measured_performance,False
P-93337:WC-2002,historical,79,79,0,79,79,0,measured_performance,False
P-93344:WC-1930,historical,80,81,1,80,81,1,measured_performance,False
P-93346:WC-1978,historical,82,83,1,82,83,1,measured_performance,False
P-93346:WC-1982,historical,77,77,0,77,77,0,measured_performance,False
P-93364:WC-1930,historical,73,74,1,73,74,1,measured_performance,False
P-93377:WC-1998,historical,72,72,0,72,72,0,measured_performance,False
P-93386:WC-1994,historical,88,88,0,88,88,0,measured_performance,False
P-93395:WC-1982,historical,71,71,0,71,71,0,measured_performance,False
P-93402:WC-1990,historical,71,71,0,71,71,0,measured_performance,False
P-93402:WC-1994,historical,76,77,1,76,77,1,measured_performance,False
P-93402:WC-1998,historical,84,84,0,84,84,0,measured_performance,False
P-93402:WC-2002,historical,71,71,0,71,71,0,measured_performance,False
P-93412:WC-1974,historical,71,71,0,71,71,0,measured_performance,False
P-93415:WC-1954,historical,71,71,0,71,71,0,measured_performance,False
P-93416:WC-1958,historical,66,66,0,66,66,0,baseline_anchor_estimate,False
P-93416:WC-1962,historical,81,82,1,81,82,1,measured_performance,False
P-93437:WC-1954,historical,71,71,0,71,71,0,measured_performance,False
P-93437:WC-1958,historical,66,66,0,66,66,0,baseline_anchor_estimate,False
P-93449:WC-2010,historical,75,76,1,75,76,1,measured_performance,False
P-93477:WC-1930,historical,72,72,0,72,72,0,measured_performance,False
P-93505:WC-1950,historical,72,72,0,72,72,0,measured_performance,False
P-93505:WC-1954,historical,72,73,1,72,73,1,measured_performance,False
P-93539:WC-1958,historical,81,82,1,81,82,1,measured_performance,False
P-93565:WC-1982,historical,71,71,0,71,71,0,measured_performance,False
P-93567:WC-2014,historical,72,72,0,72,72,0,measured_performance,False
P-93586:WC-2018,historical,71,71,0,71,71,0,measured_performance,False
P-93612:WC-1978,historical,72,72,0,72,72,0,measured_performance,False
P-93619:WC-2014,historical,72,72,0,72,72,0,measured_performance,False
P-93627:WC-1990,historical,83,84,1,83,84,1,measured_performance,False
P-93628:WC-1962,historical,71,71,0,71,71,0,measured_performance,False
P-93633:WC-1998,historical,81,81,0,81,81,0,measured_performance,False
P-93633:WC-2006,historical,74,75,1,74,75,1,measured_performance,False
P-93664:WC-1970,historical,72,73,1,72,73,1,measured_performance,False
P-93667:WC-2014,historical,80,80,0,80,80,0,measured_performance,False
P-93674:WC-1998,historical,71,71,0,71,71,0,measured_performance,False
P-93674:WC-2002,historical,71,71,0,71,71,0,measured_performance,False
P-93679:WC-1994,historical,72,72,0,72,72,0,measured_performance,False
P-93680:WC-1982,historical,84,84,0,84,84,0,measured_performance,False
P-93687:WC-1974,historical,70,70,0,70,70,0,measured_performance,False
P-93688:WC-2018,historical,81,82,1,81,82,1,measured_performance,False
P-93688:WC-2022,historical,71,71,0,71,71,0,measured_performance,False
P-93701:WC-1986,historical,72,72,0,72,72,0,measured_performance,False
P-93703:WC-1974,historical,82,82,0,82,82,0,measured_performance,False
P-93712:WC-1934,historical,66,66,0,66,66,0,baseline_anchor_estimate,False
P-93713:WC-1930,historical,73,74,1,73,74,1,measured_performance,False
P-93728:WC-1966,historical,73,73,0,73,73,0,measured_performance,False
P-93732:WC-1994,historical,72,72,0,72,72,0,measured_performance,False
P-93745:WC-1998,historical,73,74,1,73,74,1,measured_performance,False
P-93750:WC-2010,historical,79,79,0,79,79,0,measured_performance,False
P-93750:WC-2014,historical,78,79,1,78,79,1,measured_performance,False
P-93772:WC-1954,historical,72,72,0,72,72,0,measured_performance,False
P-93781:WC-2022,historical,68,68,0,68,68,0,measured_performance,False
P-93788:WC-1978,historical,85,85,0,85,85,0,measured_performance,False
P-93788:WC-1982,historical,88,88,0,88,88,0,measured_performance,False
P-93788:WC-1986,historical,70,70,0,70,70,0,measured_performance,False
P-93792:WC-1986,historical,84,84,0,84,84,0,measured_performance,False
P-93801:WC-1934,historical,72,72,0,72,72,0,measured_performance,False
P-93801:WC-1938,historical,73,73,0,73,73,0,measured_performance,False
P-93803:WC-2018,historical,71,71,0,71,71,0,measured_performance,False
P-93811:WC-1970,historical,75,75,0,75,75,0,measured_performance,False
P-93812:WC-2002,historical,71,71,0,71,71,0,measured_performance,False
P-93813:WC-1950,historical,72,72,0,72,72,0,measured_performance,False
P-93825:WC-1934,historical,72,72,0,72,72,0,measured_performance,False
P-93828:WC-2018,historical,68,68,0,68,68,0,measured_performance,False
P-93839:WC-1998,historical,78,78,0,78,78,0,measured_performance,False
P-93848:WC-1986,historical,80,81,1,80,81,1,measured_performance,False
P-93850:WC-1962,historical,66,66,0,66,66,0,baseline_anchor_estimate,False
P-93850:WC-1966,historical,69,69,0,69,69,0,measured_performance,False
P-93859:WC-1966,historical,72,73,1,72,73,1,measured_performance,False
P-93882:WC-1966,historical,66,66,0,66,66,0,baseline_anchor_estimate,False
P-93884:WC-2014,historical,84,84,0,84,84,0,measured_performance,False
P-93884:WC-2018,historical,88,88,0,88,88,0,measured_performance,False
P-93884:WC-2022,historical,88,88,0,88,88,0,measured_performance,False
P-93894:WC-1962,historical,71,71,0,71,71,0,measured_performance,False
P-93900:WC-1994,historical,88,88,0,88,88,0,measured_performance,False
P-93906:WC-1934,historical,73,73,0,73,73,0,baseline_anchor_estimate,False
P-93906:WC-1938,historical,73,73,0,73,73,0,baseline_anchor_estimate,False
P-93911:WC-1970,historical,74,75,1,74,75,1,measured_performance,False
P-93918:WC-1986,historical,70,70,0,70,70,0,measured_performance,False
P-93920:WC-2018,historical,74,75,1,74,75,1,measured_performance,False
P-93920:WC-2022,historical,76,77,1,76,77,1,measured_performance,False
P-93922:WC-2010,historical,68,68,0,68,68,0,measured_performance,False
P-93922:WC-2014,historical,75,76,1,75,76,1,measured_performance,False
P-93941:WC-2014,historical,71,71,0,71,71,0,measured_performance,False
P-93949:WC-1954,historical,66,66,0,66,66,0,baseline_anchor_estimate,False
P-93951:WC-2010,historical,68,68,0,68,68,0,measured_performance,False
P-93951:WC-2018,historical,71,71,0,71,71,0,measured_performance,False
P-93959:WC-1986,historical,77,77,0,77,77,0,measured_performance,False
P-93990:WC-1934,historical,73,74,1,73,74,1,measured_performance,False
P-94002:WC-1998,historical,73,74,1,73,74,1,measured_performance,False
P-94002:WC-2002,historical,70,70,0,70,70,0,measured_performance,False
P-94005:WC-1934,historical,83,83,0,83,83,0,measured_performance,False
P-94008:WC-1978,historical,73,74,1,73,74,1,measured_performance,False
P-94008:WC-1982,historical,71,71,0,71,71,0,measured_performance,False
P-94009:WC-2010,historical,79,79,0,79,79,0,measured_performance,False
P-94011:WC-1990,historical,82,83,1,82,83,1,measured_performance,False
P-94024:WC-1986,historical,87,87,0,87,87,0,measured_performance,False
P-94024:WC-1994,historical,88,88,0,88,88,0,measured_performance,False
P-94024:WC-1998,historical,71,71,0,71,71,0,measured_performance,False
P-94036:WC-1982,historical,88,88,0,88,88,0,measured_performance,False
P-94047:WC-1970,historical,71,71,0,71,71,0,measured_performance,False
P-94051:WC-1990,historical,82,83,1,82,83,1,measured_performance,False
P-94051:WC-1994,historical,88,88,0,88,88,0,measured_performance,False
P-94058:WC-1934,historical,72,72,0,72,72,0,measured_performance,False
P-94060:WC-2002,historical,71,71,0,71,71,0,measured_performance,False
P-94060:WC-2006,historical,78,79,1,78,79,1,measured_performance,False
P-94060:WC-2010,historical,88,88,0,88,88,0,measured_performance,False
P-94089:WC-1966,historical,72,72,0,72,72,0,measured_performance,False
P-94091:WC-2022,historical,70,70,0,70,70,0,measured_performance,False
P-94093:WC-2022,historical,72,72,0,72,72,0,measured_performance,False
P-94095:WC-2014,historical,72,72,0,72,72,0,measured_performance,False
P-94106:WC-1990,historical,73,74,1,73,74,1,measured_performance,False
P-94106:WC-1994,historical,71,71,0,71,71,0,measured_performance,False
P-94112:WC-1954,historical,73,73,0,73,73,0,measured_performance,False
P-94114:WC-1934,historical,72,72,0,72,72,0,measured_performance,False
P-94135:WC-1930,historical,92,92,0,84,84,0,career_stature_estimate,False
P-94155:WC-2014,historical,71,71,0,71,71,0,measured_performance,False
P-94161:WC-2006,historical,80,80,0,80,80,0,measured_performance,False
P-94161:WC-2010,historical,71,71,0,71,71,0,measured_performance,False
P-94161:WC-2014,historical,71,71,0,71,71,0,measured_performance,False
P-94201:WC-2006,historical,72,72,0,72,72,0,measured_performance,False
P-94202:WC-2014,historical,75,76,1,75,76,1,measured_performance,False
P-94204:WC-1934,historical,73,73,0,73,73,0,measured_performance,False
P-94204:WC-1938,historical,87,87,0,87,87,0,measured_performance,False
P-94216:WC-1986,historical,68,68,0,68,68,0,measured_performance,False
P-94232:WC-1990,historical,71,71,0,71,71,0,measured_performance,False
P-94249:WC-2014,historical,78,79,1,78,79,1,measured_performance,False
P-94271:WC-2022,historical,88,88,0,88,88,0,measured_performance,False
P-94275:WC-2010,historical,81,82,1,81,82,1,measured_performance,False
P-94304:WC-2006,historical,72,73,1,72,73,1,measured_performance,False
P-94317:WC-2022,historical,71,71,0,71,71,0,measured_performance,False
P-94330:WC-1966,historical,66,66,0,66,66,0,baseline_anchor_estimate,False
P-94391:WC-1990,historical,88,88,0,88,88,0,measured_performance,False
P-94413:WC-1974,historical,88,88,0,88,88,0,measured_performance,False
P-94422:WC-2018,historical,79,80,1,79,80,1,measured_performance,False
P-94422:WC-2022,historical,72,73,1,72,73,1,measured_performance,False
P-94425:WC-1930,historical,75,75,0,75,75,0,measured_performance,False
P-94434:WC-2014,historical,72,72,0,72,72,0,measured_performance,False
P-94440:WC-2010,historical,71,71,0,71,71,0,measured_performance,False
P-94447:WC-2018,historical,83,83,0,83,83,0,measured_performance,False
P-94452:WC-2002,historical,68,68,0,68,68,0,measured_performance,False
P-94465:WC-1994,historical,72,72,0,72,72,0,measured_performance,False
P-94465:WC-1998,historical,71,71,0,71,71,0,measured_performance,False
P-94477:WC-1966,historical,66,66,0,66,66,0,baseline_anchor_estimate,False
P-94478:WC-1998,historical,72,72,0,72,72,0,measured_performance,False
P-94481:WC-1938,historical,72,72,0,72,72,0,measured_performance,False
P-94500:WC-2022,historical,71,71,0,71,71,0,measured_performance,False
P-94511:WC-2002,historical,71,71,0,71,71,0,measured_performance,False
P-94551:WC-2010,historical,88,88,0,88,88,0,measured_performance,False
P-94551:WC-2014,historical,83,83,0,83,83,0,measured_performance,False
P-94559:WC-2002,historical,88,88,0,88,88,0,measured_performance,False
P-94563:WC-2018,historical,83,83,0,83,83,0,measured_performance,False
P-94570:WC-2006,historical,68,68,0,68,68,0,measured_performance,False
P-94570:WC-2014,historical,78,79,1,78,79,1,measured_performance,False
P-94579:WC-2022,historical,79,79,0,79,79,0,measured_performance,False
P-94594:WC-2006,historical,73,73,0,73,73,0,measured_performance,False
P-94596:WC-2018,historical,72,72,0,72,72,0,measured_performance,False
P-94605:WC-1954,historical,95,95,0,79,80,1,career_stature_estimate,True
P-94605:WC-1958,historical,98,98,0,88,88,0,career_stature_estimate,True
P-94617:WC-1934,historical,78,79,1,78,79,1,measured_performance,False
P-94643:WC-2010,historical,68,68,0,68,68,0,measured_performance,False
P-94646:WC-1970,historical,88,88,0,73,73,0,career_stature_estimate,False
P-94647:WC-2022,historical,72,72,0,72,72,0,measured_performance,False
P-94649:WC-2014,historical,73,73,0,73,73,0,measured_performance,False
P-94668:WC-1998,historical,73,74,1,73,74,1,measured_performance,False
P-94668:WC-2002,historical,71,71,0,71,71,0,measured_performance,False
P-94706:WC-1978,historical,72,72,0,72,72,0,measured_performance,False
P-94715:WC-1938,historical,73,73,0,73,73,0,baseline_anchor_estimate,False
P-94720:WC-1994,historical,70,70,0,70,70,0,measured_performance,False
P-94723:WC-1986,historical,72,72,0,72,72,0,measured_performance,False
P-94731:WC-1986,historical,84,84,0,84,84,0,measured_performance,False
P-94736:WC-1998,historical,71,71,0,71,71,0,measured_performance,False
P-94736:WC-2002,historical,72,72,0,72,72,0,measured_performance,False
P-94749:WC-1954,historical,71,71,0,71,71,0,measured_performance,False
P-94749:WC-1958,historical,71,71,0,71,71,0,measured_performance,False
P-94752:WC-1990,historical,72,72,0,72,72,0,measured_performance,False
P-94752:WC-1994,historical,73,74,1,73,74,1,measured_performance,False
P-94763:WC-1938,historical,66,66,0,66,66,0,baseline_anchor_estimate,False
P-94774:WC-2014,historical,80,80,0,80,80,0,measured_performance,False
P-94774:WC-2018,historical,70,70,0,70,70,0,measured_performance,False
P-94779:WC-2022,historical,76,77,1,76,77,1,measured_performance,False
P-94783:WC-1966,historical,85,85,0,85,85,0,measured_performance,False
P-94783:WC-1974,historical,83,83,0,83,83,0,measured_performance,False
P-94788:WC-1934,historical,83,83,0,83,83,0,measured_performance,False
P-94788:WC-1938,historical,79,79,0,79,79,0,measured_performance,False
P-94815:WC-2022,historical,73,73,0,73,73,0,measured_performance,False
P-94822:WC-1998,historical,71,71,0,71,71,0,measured_performance,False
P-94823:WC-2014,historical,71,71,0,71,71,0,measured_performance,False
P-94825:WC-1998,historical,72,72,0,72,72,0,measured_performance,False
P-94825:WC-2002,historical,73,73,0,73,73,0,measured_performance,False
P-94830:WC-1994,historical,78,79,1,78,79,1,measured_performance,False
P-94838:WC-2014,historical,88,88,0,88,88,0,measured_performance,False
P-94838:WC-2018,historical,88,88,0,88,88,0,measured_performance,False
P-94864:WC-1978,historical,72,72,0,72,72,0,measured_performance,False
P-94871:WC-1986,historical,68,68,0,68,68,0,measured_performance,False
P-94877:WC-2014,historical,84,85,1,84,85,1,measured_performance,False
P-94877:WC-2022,historical,71,71,0,71,71,0,measured_performance,False
P-94880:WC-2010,historical,71,71,0,71,71,0,measured_performance,False
P-94904:WC-1998,historical,70,70,0,70,70,0,measured_performance,False
P-94928:WC-2014,historical,71,71,0,71,71,0,measured_performance,False
P-94928:WC-2018,historical,71,71,0,71,71,0,measured_performance,False
P-94928:WC-2022,historical,71,71,0,71,71,0,measured_performance,False
P-94935:WC-1958,historical,71,71,0,71,71,0,baseline_anchor_estimate,False
P-94965:WC-1930,historical,73,73,0,73,73,0,measured_performance,False
P-94977:WC-1978,historical,72,73,1,72,73,1,measured_performance,False
P-94995:WC-1986,historical,72,72,0,72,72,0,measured_performance,False
P-94998:WC-1970,historical,79,80,1,79,80,1,measured_performance,False
P-95008:WC-1930,historical,66,66,0,66,66,0,baseline_anchor_estimate,False
P-95009:WC-2014,historical,86,86,0,86,86,0,measured_performance,False
P-95036:WC-2022,historical,88,88,0,88,88,0,measured_performance,False
P-95038:WC-2010,historical,71,71,0,71,71,0,measured_performance,False
P-95062:WC-2022,historical,72,72,0,72,72,0,measured_performance,False
P-95083:WC-1974,historical,72,72,0,72,72,0,measured_performance,False
P-95105:WC-1966,historical,66,66,0,66,66,0,baseline_anchor_estimate,False
P-95106:WC-1986,historical,70,70,0,70,70,0,measured_performance,False
P-95116:WC-2002,historical,71,71,0,71,71,0,measured_performance,False
P-95122:WC-1994,historical,76,77,1,76,77,1,measured_performance,False
P-95122:WC-2002,historical,88,88,0,88,88,0,measured_performance,False
P-95122:WC-2006,historical,84,84,0,84,84,0,measured_performance,False
P-95122:WC-2010,historical,71,71,0,71,71,0,measured_performance,False
P-95129:WC-1954,historical,71,72,1,71,72,1,measured_performance,False
P-95172:WC-2010,historical,75,76,1,75,76,1,measured_performance,False
P-95181:WC-2022,historical,70,70,0,70,70,0,measured_performance,False
P-95196:WC-2010,historical,88,88,0,88,88,0,measured_performance,False
P-95196:WC-2014,historical,71,71,0,71,71,0,measured_performance,False
P-95198:WC-2022,historical,71,71,0,71,71,0,measured_performance,False
P-95210:WC-1934,historical,86,86,0,86,86,0,measured_performance,False
P-95256:WC-1954,historical,72,72,0,72,72,0,measured_performance,False
P-95259:WC-2002,historical,86,86,0,86,86,0,measured_performance,False
P-95259:WC-2006,historical,71,71,0,71,71,0,measured_performance,False
P-95267:WC-1986,historical,88,88,0,88,88,0,measured_performance,False
P-95267:WC-1990,historical,88,88,0,88,88,0,measured_performance,False
P-95269:WC-2014,historical,86,86,0,86,86,0,measured_performance,False
P-95269:WC-2018,historical,88,88,0,88,88,0,measured_performance,False
P-95273:WC-2014,historical,78,79,1,78,79,1,measured_performance,False
P-95273:WC-2022,historical,72,73,1,72,73,1,measured_performance,False
P-95278:WC-2018,historical,79,80,1,79,80,1,measured_performance,False
P-95279:WC-1938,historical,71,71,0,71,71,0,measured_performance,False
P-95291:WC-1938,historical,88,88,0,88,88,0,measured_performance,False
P-95299:WC-1986,historical,88,88,0,88,88,0,measured_performance,False
P-95299:WC-1990,historical,82,83,1,82,83,1,measured_performance,False
P-95302:WC-2002,historical,86,86,0,86,86,0,measured_performance,False
P-95312:WC-2022,historical,72,72,0,72,72,0,measured_performance,False
P-95345:WC-2018,historical,79,80,1,79,80,1,measured_performance,False
P-95366:WC-2006,historical,74,75,1,74,75,1,measured_performance,False
P-95369:WC-2002,historical,68,68,0,68,68,0,measured_performance,False
P-95371:WC-1982,historical,72,72,0,72,72,0,measured_performance,False
P-95374:WC-2018,historical,72,72,0,72,72,0,measured_performance,False
P-95374:WC-2022,historical,76,77,1,76,77,1,measured_performance,False
P-95376:WC-1970,historical,72,72,0,72,72,0,measured_performance,False
P-95383:WC-1970,historical,74,75,1,74,75,1,measured_performance,False
P-95392:WC-1986,historical,88,88,0,88,88,0,measured_performance,False
P-95402:WC-2014,historical,88,88,0,88,88,0,measured_performance,False
P-95438:WC-1990,historical,71,71,0,71,71,0,measured_performance,False
P-95453:WC-2014,historical,84,85,1,84,85,1,measured_performance,False
P-95453:WC-2018,historical,88,88,0,88,88,0,measured_performance,False
P-95458:WC-2010,historical,79,79,0,79,79,0,measured_performance,False
P-95472:WC-1954,historical,70,70,0,70,70,0,baseline_anchor_estimate,False
P-95482:WC-2010,historical,79,79,0,79,79,0,measured_performance,False
P-95482:WC-2018,historical,73,73,0,73,73,0,measured_performance,False
P-95491:WC-1990,historical,81,82,1,81,82,1,measured_performance,False
P-95491:WC-1994,historical,86,86,0,86,86,0,measured_performance,False
P-95497:WC-1938,historical,71,71,0,71,71,0,measured_performance,False
P-95498:WC-1958,historical,71,72,1,71,72,1,measured_performance,False
P-95507:WC-2014,historical,71,71,0,71,71,0,measured_performance,False
P-95507:WC-2018,historical,79,80,1,79,80,1,measured_performance,False
P-95542:WC-1966,historical,72,72,0,72,72,0,measured_performance,False
P-95563:WC-1990,historical,75,76,1,75,76,1,measured_performance,False
P-95567:WC-2014,historical,72,73,1,72,73,1,measured_performance,False
P-95570:WC-1990,historical,71,71,0,71,71,0,measured_performance,False
P-95590:WC-2014,historical,78,79,1,78,79,1,measured_performance,False
P-95616:WC-2010,historical,75,76,1,75,76,1,measured_performance,False
P-95616:WC-2014,historical,71,71,0,71,71,0,measured_performance,False
P-95620:WC-1934,historical,72,72,0,72,72,0,measured_performance,False
P-95626:WC-1990,historical,75,76,1,75,76,1,measured_performance,False
P-95634:WC-1974,historical,88,88,0,88,88,0,measured_performance,False
P-95634:WC-1978,historical,84,84,0,84,84,0,measured_performance,False
P-95637:WC-1962,historical,81,82,1,81,82,1,measured_performance,False
P-95637:WC-1966,historical,85,85,0,85,85,0,measured_performance,False
P-95639:WC-1994,historical,71,71,0,71,71,0,measured_performance,False
P-95664:WC-1986,historical,87,87,0,73,74,1,career_stature_estimate,False
P-95664:WC-1990,historical,87,87,0,73,74,1,career_stature_estimate,False
P-95664:WC-1994,historical,87,87,0,73,74,1,career_stature_estimate,False
P-95667:WC-1982,historical,84,84,0,84,84,0,measured_performance,False
P-95667:WC-1990,historical,88,88,0,88,88,0,measured_performance,False
P-95667:WC-1994,historical,71,71,0,71,71,0,measured_performance,False
P-95670:WC-2018,historical,83,83,0,83,83,0,measured_performance,False
P-95677:WC-2006,historical,71,71,0,71,71,0,measured_performance,False
P-95707:WC-1998,historical,72,72,0,72,72,0,measured_performance,False
P-95747:WC-1978,historical,84,84,0,84,84,0,measured_performance,False
P-95747:WC-1982,historical,76,76,0,76,76,0,measured_performance,False
P-95754:WC-2022,historical,76,77,1,76,77,1,measured_performance,False
P-95763:WC-2022,historical,71,71,0,71,71,0,measured_performance,False
P-95766:WC-2022,historical,72,72,0,72,72,0,measured_performance,False
P-95773:WC-1966,historical,66,66,0,66,66,0,baseline_anchor_estimate,False
P-95800:WC-1930,historical,71,71,0,71,71,0,measured_performance,False
P-95808:WC-1986,historical,76,77,1,76,77,1,measured_performance,False
P-95816:WC-1962,historical,74,75,1,74,75,1,measured_performance,False
P-95816:WC-1966,historical,69,69,0,69,69,0,measured_performance,False
P-95817:WC-1954,historical,71,72,1,71,72,1,measured_performance,False
P-95822:WC-1982,historical,68,68,0,68,68,0,measured_performance,False
P-95834:WC-1966,historical,92,92,0,78,78,0,career_stature_estimate,True
P-95834:WC-1974,historical,91,91,0,76,77,1,career_stature_estimate,True
P-95834:WC-1982,historical,91,91,0,77,77,0,career_stature_estimate,True
P-95843:WC-1954,historical,73,73,0,73,73,0,measured_performance,False
P-95847:WC-2018,historical,74,75,1,74,75,1,measured_performance,False
P-95847:WC-2022,historical,80,81,1,80,81,1,measured_performance,False
P-95869:WC-1970,historical,73,73,0,73,73,0,measured_performance,False
P-95875:WC-1962,historical,71,71,0,71,71,0,measured_performance,False
P-95888:WC-1994,historical,70,71,1,70,71,1,measured_performance,False
P-95896:WC-1970,historical,79,80,1,79,80,1,measured_performance,False
P-95900:WC-2006,historical,72,72,0,72,72,0,measured_performance,False
P-95911:WC-1950,historical,83,83,0,83,83,0,measured_performance,False
P-95927:WC-1982,historical,72,72,0,72,72,0,measured_performance,False
P-95938:WC-2002,historical,71,71,0,71,71,0,measured_performance,False
P-95996:WC-2006,historical,78,79,1,78,79,1,measured_performance,False
P-96009:WC-2010,historical,72,72,0,72,72,0,measured_performance,False
P-96029:WC-2018,historical,71,71,0,71,71,0,measured_performance,False
P-96043:WC-1934,historical,72,72,0,72,72,0,measured_performance,False
P-96044:WC-2002,historical,68,68,0,68,68,0,measured_performance,False
P-96053:WC-1994,historical,88,88,0,88,88,0,measured_performance,False
P-96053:WC-1998,historical,78,78,0,78,78,0,measured_performance,False
P-96067:WC-2018,historical,70,70,0,70,70,0,measured_performance,False
P-96092:WC-1962,historical,66,66,0,66,66,0,baseline_anchor_estimate,False
P-96110:WC-1998,historical,88,88,0,88,88,0,measured_performance,False
P-96110:WC-2002,historical,71,71,0,71,71,0,measured_performance,False
P-96120:WC-1938,historical,66,66,0,66,66,0,baseline_anchor_estimate,False
P-96122:WC-1990,historical,88,88,0,88,88,0,measured_performance,False
P-96122:WC-1994,historical,84,84,0,84,84,0,measured_performance,False
P-96131:WC-1998,historical,70,70,0,70,70,0,measured_performance,False
P-96131:WC-2006,historical,87,87,0,87,87,0,measured_performance,False
P-96131:WC-2010,historical,73,73,0,73,73,0,measured_performance,False
P-96142:WC-1982,historical,71,71,0,71,71,0,measured_performance,False
P-96162:WC-2006,historical,71,71,0,71,71,0,measured_performance,False
P-96166:WC-1998,historical,72,72,0,72,72,0,measured_performance,False
P-96174:WC-2006,historical,74,75,1,74,75,1,measured_performance,False
P-96177:WC-1970,historical,86,86,0,86,86,0,measured_performance,False
P-96178:WC-1994,historical,82,83,1,82,83,1,measured_performance,False
P-96178:WC-1998,historical,73,74,1,73,74,1,measured_performance,False
P-96178:WC-2002,historical,80,80,0,80,80,0,measured_performance,False
P-96191:WC-1958,historical,72,72,0,72,72,0,measured_performance,False
P-96211:WC-2010,historical,87,87,0,87,87,0,measured_performance,False
P-96259:WC-2022,historical,72,72,0,72,72,0,measured_performance,False
P-96267:WC-1998,historical,78,78,0,78,78,0,measured_performance,False
P-96267:WC-2002,historical,88,88,0,88,88,0,measured_performance,False
P-96319:WC-2014,historical,80,80,0,80,80,0,measured_performance,False
P-96339:WC-1950,historical,71,71,0,71,71,0,measured_performance,False
P-96340:WC-2014,historical,75,76,1,75,76,1,measured_performance,False
P-96343:WC-2006,historical,88,88,0,88,88,0,measured_performance,False
P-96343:WC-2010,historical,71,71,0,71,71,0,measured_performance,False
P-96347:WC-2022,historical,79,79,0,79,79,0,measured_performance,False
P-96358:WC-1998,historical,73,74,1,73,74,1,measured_performance,False
P-96363:WC-2006,historical,71,71,0,71,71,0,measured_performance,False
P-96371:WC-1974,historical,73,73,0,73,73,0,measured_performance,False
P-96391:WC-1978,historical,71,72,1,71,72,1,measured_performance,False
P-96391:WC-1982,historical,81,81,0,81,81,0,measured_performance,False
P-96407:WC-1934,historical,66,66,0,66,66,0,baseline_anchor_estimate,False
P-96412:WC-1962,historical,74,75,1,74,75,1,measured_performance,False
P-96457:WC-2010,historical,68,68,0,68,68,0,measured_performance,False
P-96488:WC-1994,historical,70,70,0,70,70,0,measured_performance,False
P-96490:WC-2006,historical,80,80,0,80,80,0,measured_performance,False
P-96497:WC-2014,historical,75,76,1,75,76,1,measured_performance,False
P-96510:WC-2022,historical,68,68,0,68,68,0,measured_performance,False
P-96512:WC-2006,historical,88,88,0,88,88,0,measured_performance,False
P-96535:WC-1994,historical,74,75,1,74,75,1,measured_performance,False
P-96540:WC-1998,historical,75,75,0,75,75,0,measured_performance,False
P-96540:WC-2002,historical,75,76,1,75,76,1,measured_performance,False
P-96540:WC-2006,historical,88,88,0,88,88,0,measured_performance,False
P-96547:WC-2018,historical,71,71,0,71,71,0,measured_performance,False
P-96566:WC-2002,historical,84,84,0,84,84,0,measured_performance,False
P-96621:WC-1962,historical,88,88,0,88,88,0,measured_performance,False
P-96627:WC-1934,historical,80,80,0,80,80,0,measured_performance,False
P-96632:WC-1982,historical,68,68,0,68,68,0,measured_performance,False
P-96639:WC-2014,historical,88,88,0,88,88,0,measured_performance,False
P-96650:WC-1982,historical,71,71,0,71,71,0,measured_performance,False
P-96652:WC-1954,historical,72,72,0,72,72,0,measured_performance,False
P-96660:WC-1958,historical,73,73,0,73,73,0,measured_performance,False
P-96662:WC-2022,historical,71,71,0,71,71,0,measured_performance,False
P-96679:WC-1994,historical,71,71,0,71,71,0,measured_performance,False
P-96694:WC-2018,historical,72,72,0,72,72,0,measured_performance,False
P-96697:WC-2022,historical,80,81,1,80,81,1,measured_performance,False
P-96711:WC-2010,historical,75,76,1,75,76,1,measured_performance,False
P-96771:WC-1990,historical,71,71,0,71,71,0,measured_performance,False
P-96776:WC-1978,historical,71,71,0,71,71,0,measured_performance,False
P-96784:WC-1982,historical,71,71,0,71,71,0,measured_performance,False
P-96789:WC-1934,historical,72,72,0,72,72,0,measured_performance,False
P-96792:WC-1974,historical,83,83,0,83,83,0,measured_performance,False
P-96824:WC-1994,historical,72,72,0,72,72,0,measured_performance,False
P-96824:WC-1998,historical,78,78,0,78,78,0,measured_performance,False
P-96839:WC-1938,historical,72,72,0,72,72,0,measured_performance,False
P-96873:WC-1970,historical,79,79,0,79,79,0,measured_performance,False
P-96877:WC-1958,historical,71,72,1,71,72,1,measured_performance,False
P-96890:WC-2010,historical,72,72,0,72,72,0,measured_performance,False
P-96893:WC-1970,historical,72,72,0,72,72,0,measured_performance,False
P-96896:WC-2006,historical,68,68,0,68,68,0,measured_performance,False
P-96913:WC-1986,historical,88,88,0,88,88,0,measured_performance,False
P-96930:WC-2002,historical,71,71,0,71,71,0,measured_performance,False
P-96934:WC-2014,historical,73,73,0,73,73,0,measured_performance,False
P-96937:WC-2014,historical,71,71,0,71,71,0,measured_performance,False
P-96946:WC-1986,historical,74,74,0,74,74,0,measured_performance,False
P-96960:WC-1990,historical,88,88,0,88,88,0,measured_performance,False
P-96963:WC-1974,historical,75,76,1,75,76,1,measured_performance,False
P-96969:WC-1982,historical,81,81,0,81,81,0,measured_performance,False
P-96979:WC-1970,historical,98,98,0,89,89,0,career_stature_estimate,True
P-96979:WC-1978,historical,98,98,0,88,88,0,career_stature_estimate,True
P-96979:WC-1982,historical,93,93,0,74,75,1,career_stature_estimate,True
P-96984:WC-1994,historical,71,71,0,71,71,0,measured_performance,False
P-96985:WC-1982,historical,88,88,0,88,88,0,measured_performance,False
P-96985:WC-1986,historical,71,71,0,71,71,0,measured_performance,False
P-96992:WC-1990,historical,68,68,0,68,68,0,measured_performance,False
P-96996:WC-1982,historical,87,87,0,87,87,0,measured_performance,False
P-96996:WC-1986,historical,88,88,0,88,88,0,measured_performance,False
P-97008:WC-2006,historical,82,82,0,82,82,0,measured_performance,False
P-97008:WC-2014,historical,78,79,1,78,79,1,measured_performance,False
P-97018:WC-1986,historical,76,77,1,76,77,1,measured_performance,False
P-97042:WC-1966,historical,73,73,0,73,73,0,measured_performance,False
P-97048:WC-1962,historical,72,72,0,72,72,0,measured_performance,False
P-97050:WC-2014,historical,72,72,0,72,72,0,measured_performance,False
P-97066:WC-1974,historical,72,72,0,72,72,0,measured_performance,False
P-97086:WC-1954,historical,76,77,1,76,77,1,measured_performance,False
P-97093:WC-2010,historical,74,74,0,74,74,0,measured_performance,False
P-97102:WC-1934,historical,87,87,0,87,87,0,measured_performance,False
P-97113:WC-1970,historical,76,77,1,76,77,1,measured_performance,False
P-97126:WC-1930,historical,66,66,0,66,66,0,baseline_anchor_estimate,False
P-97143:WC-2006,historical,87,87,0,87,87,0,measured_performance,False
P-97143:WC-2010,historical,75,76,1,75,76,1,measured_performance,False
P-97143:WC-2014,historical,70,70,0,70,70,0,measured_performance,False
P-97154:WC-2006,historical,75,76,1,75,76,1,measured_performance,False
P-97223:WC-1950,historical,71,71,0,71,71,0,measured_performance,False
P-97239:WC-1986,historical,72,72,0,72,72,0,measured_performance,False
P-97252:WC-2002,historical,72,72,0,72,72,0,measured_performance,False
P-97255:WC-1962,historical,72,72,0,72,72,0,measured_performance,False
P-97255:WC-1966,historical,84,84,0,84,84,0,measured_performance,False
P-97258:WC-2010,historical,88,88,0,88,88,0,measured_performance,False
P-97258:WC-2014,historical,80,80,0,80,80,0,measured_performance,False
P-97275:WC-2018,historical,72,72,0,72,72,0,measured_performance,False
P-97279:WC-1994,historical,72,73,1,72,73,1,measured_performance,False
P-97283:WC-1974,historical,75,76,1,75,76,1,measured_performance,False
P-97290:WC-1958,historical,66,66,0,66,66,0,baseline_anchor_estimate,False
P-97291:WC-1934,historical,77,77,0,77,77,0,measured_performance,False
P-97294:WC-2006,historical,68,68,0,68,68,0,measured_performance,False
P-97295:WC-1974,historical,69,69,0,69,69,0,measured_performance,False
P-97302:WC-1986,historical,73,74,1,73,74,1,measured_performance,False
P-97314:WC-1954,historical,71,72,1,71,72,1,measured_performance,False
P-97331:WC-1950,historical,71,71,0,71,71,0,measured_performance,False
P-97354:WC-1930,historical,73,74,1,73,74,1,measured_performance,False
P-97362:WC-1986,historical,71,71,0,71,71,0,measured_performance,False
P-97369:WC-1998,historical,71,71,0,71,71,0,measured_performance,False
P-97395:WC-1990,historical,71,71,0,71,71,0,measured_performance,False
P-97414:WC-1986,historical,88,88,0,88,88,0,measured_performance,False
P-97414:WC-1990,historical,85,86,1,85,86,1,measured_performance,False
P-97414:WC-1994,historical,78,79,1,78,79,1,measured_performance,False
P-97414:WC-1998,historical,72,72,0,72,72,0,measured_performance,False
P-97422:WC-2014,historical,68,68,0,68,68,0,measured_performance,False
P-97422:WC-2022,historical,71,71,0,71,71,0,measured_performance,False
P-97434:WC-2006,historical,87,87,0,87,87,0,measured_performance,False
P-97434:WC-2010,historical,86,86,0,86,86,0,measured_performance,False
P-97434:WC-2014,historical,73,73,0,73,73,0,measured_performance,False
P-97459:WC-1994,historical,70,70,0,70,70,0,measured_performance,False
P-97459:WC-1998,historical,73,74,1,73,74,1,measured_performance,False
P-97459:WC-2002,historical,80,80,0,80,80,0,measured_performance,False
P-97459:WC-2006,historical,74,75,1,74,75,1,measured_performance,False
P-97482:WC-1994,historical,72,72,0,72,72,0,measured_performance,False
P-97485:WC-2022,historical,70,70,0,70,70,0,measured_performance,False
P-97493:WC-2018,historical,86,86,0,86,86,0,measured_performance,False
P-97522:WC-1986,historical,73,73,0,73,73,0,measured_performance,False
P-97528:WC-1950,historical,69,69,0,69,69,0,measured_performance,False
P-97535:WC-1986,historical,68,68,0,68,68,0,measured_performance,False
P-97544:WC-1998,historical,72,72,0,72,72,0,measured_performance,False
P-97548:WC-1974,historical,88,88,0,88,88,0,measured_performance,False
P-97548:WC-1978,historical,80,81,1,80,81,1,measured_performance,False
P-97584:WC-1986,historical,73,73,0,73,73,0,measured_performance,False
P-97589:WC-2006,historical,71,71,0,71,71,0,measured_performance,False
P-97601:WC-1938,historical,88,88,0,88,88,0,measured_performance,False
P-97602:WC-1990,historical,71,72,1,71,72,1,measured_performance,False
P-97610:WC-1994,historical,73,74,1,73,74,1,measured_performance,False
P-97615:WC-2022,historical,88,88,0,88,88,0,measured_performance,False
P-97635:WC-2014,historical,71,71,0,71,71,0,measured_performance,False
P-97666:WC-1994,historical,87,87,0,87,87,0,measured_performance,False
P-97678:WC-1986,historical,72,72,0,72,72,0,measured_performance,False
P-97689:WC-2010,historical,72,72,0,72,72,0,measured_performance,False
P-97692:WC-1982,historical,71,71,0,71,71,0,measured_performance,False
P-97698:WC-2022,historical,79,79,0,79,79,0,measured_performance,False
P-97704:WC-2006,historical,73,73,0,73,73,0,measured_performance,False
P-97724:WC-1970,historical,70,70,0,70,70,0,measured_performance,False
P-97727:WC-1962,historical,74,75,1,74,75,1,measured_performance,False
P-97727:WC-1966,historical,72,72,0,72,72,0,measured_performance,False
P-97759:WC-1934,historical,73,74,1,73,74,1,measured_performance,False
P-97762:WC-1938,historical,88,88,0,88,88,0,measured_performance,False
P-97775:WC-2014,historical,72,72,0,72,72,0,measured_performance,False
P-97778:WC-2018,historical,83,83,0,83,83,0,measured_performance,True
P-97778:WC-2022,historical,83,83,0,83,83,0,measured_performance,True
P-97784:WC-2002,historical,75,76,1,75,76,1,measured_performance,False
P-97784:WC-2006,historical,72,72,0,72,72,0,measured_performance,False
P-97800:WC-2022,historical,76,77,1,76,77,1,measured_performance,False
P-97832:WC-1958,historical,73,73,0,73,73,0,measured_performance,False
P-97838:WC-2022,historical,68,68,0,68,68,0,measured_performance,False
P-97840:WC-1998,historical,86,86,0,86,86,0,measured_performance,False
P-97840:WC-2002,historical,88,88,0,88,88,0,measured_performance,False
P-97840:WC-2006,historical,71,71,0,71,71,0,measured_performance,False
P-97867:WC-2014,historical,71,71,0,71,71,0,measured_performance,False
P-97878:WC-1998,historical,70,70,0,70,70,0,measured_performance,False
P-97894:WC-1950,historical,66,66,0,66,66,0,baseline_anchor_estimate,False
P-97894:WC-1954,historical,84,84,0,84,84,0,measured_performance,False
P-97894:WC-1962,historical,72,72,0,72,72,0,measured_performance,False
P-97896:WC-1934,historical,72,72,0,72,72,0,measured_performance,False
P-97902:WC-1994,historical,76,77,1,76,77,1,measured_performance,False
P-97912:WC-2014,historical,86,86,0,86,86,0,measured_performance,False
P-97912:WC-2018,historical,73,73,0,73,73,0,measured_performance,False
P-97912:WC-2022,historical,79,79,0,79,79,0,measured_performance,False
P-97920:WC-1994,historical,72,72,0,72,72,0,measured_performance,False
P-97927:WC-2006,historical,71,71,0,71,71,0,measured_performance,False
P-97943:WC-1930,historical,70,70,0,70,70,0,measured_performance,False
P-97960:WC-1982,historical,77,77,0,77,77,0,measured_performance,False
P-97960:WC-1986,historical,72,72,0,72,72,0,measured_performance,False
P-97963:WC-2002,historical,71,71,0,71,71,0,measured_performance,False
P-98016:WC-2014,historical,68,68,0,68,68,0,measured_performance,False
P-98022:WC-2006,historical,71,71,0,71,71,0,measured_performance,False
P-98031:WC-2002,historical,78,79,1,78,79,1,measured_performance,False
P-98031:WC-2006,historical,80,80,0,80,80,0,measured_performance,False
P-98036:WC-2002,historical,80,80,0,80,80,0,measured_performance,False
P-98036:WC-2006,historical,72,72,0,72,72,0,measured_performance,False
P-98051:WC-1998,historical,82,83,1,82,83,1,measured_performance,False
P-98051:WC-2002,historical,72,72,0,72,72,0,measured_performance,False
P-98071:WC-2006,historical,72,72,0,72,72,0,measured_performance,False
P-98071:WC-2010,historical,75,76,1,75,76,1,measured_performance,False
P-98074:WC-2014,historical,72,72,0,72,72,0,measured_performance,False
P-98075:WC-1930,historical,72,72,0,72,72,0,measured_performance,False
P-98081:WC-1978,historical,77,78,1,77,78,1,measured_performance,False
P-98099:WC-1966,historical,66,66,0,66,66,0,baseline_anchor_estimate,False
P-98143:WC-2014,historical,71,71,0,71,71,0,measured_performance,False
P-98153:WC-2018,historical,73,73,0,73,73,0,measured_performance,False
P-98161:WC-1986,historical,77,77,0,77,77,0,measured_performance,False
P-98173:WC-1994,historical,72,72,0,72,72,0,measured_performance,False
P-98173:WC-1998,historical,78,78,0,78,78,0,measured_performance,False
P-98173:WC-2002,historical,78,79,1,78,79,1,measured_performance,False
P-98173:WC-2010,historical,71,71,0,71,71,0,measured_performance,False
P-98192:WC-1994,historical,71,71,0,71,71,0,measured_performance,False
P-98199:WC-2022,historical,76,77,1,76,77,1,measured_performance,False
P-98210:WC-2010,historical,68,68,0,68,68,0,measured_performance,False
P-98216:WC-1930,historical,86,86,0,86,86,0,measured_performance,False
P-98228:WC-1994,historical,82,83,1,82,83,1,measured_performance,False
P-98228:WC-1998,historical,73,73,0,73,73,0,measured_performance,False
P-98252:WC-1962,historical,88,88,0,88,88,0,measured_performance,False
P-98252:WC-1966,historical,73,73,0,73,73,0,measured_performance,False
P-98262:WC-1970,historical,85,85,0,85,85,0,measured_performance,False
P-98280:WC-1958,historical,81,81,0,81,81,0,measured_performance,False
P-98287:WC-2018,historical,88,88,0,88,88,0,measured_performance,False
P-98373:WC-2010,historical,83,84,1,83,84,1,measured_performance,False
P-98378:WC-2014,historical,68,68,0,68,68,0,measured_performance,False
P-98380:WC-1982,historical,72,72,0,72,72,0,measured_performance,False
P-98382:WC-1986,historical,71,71,0,71,71,0,measured_performance,False
P-98382:WC-1990,historical,71,71,0,71,71,0,measured_performance,False
P-98385:WC-1958,historical,66,66,0,66,66,0,baseline_anchor_estimate,False
P-98387:WC-2006,historical,87,87,0,87,87,0,measured_performance,False
P-98414:WC-1966,historical,66,66,0,66,66,0,baseline_anchor_estimate,False
P-98422:WC-1974,historical,72,72,0,72,72,0,measured_performance,False
P-98422:WC-1978,historical,77,78,1,77,78,1,measured_performance,False
P-98429:WC-2014,historical,71,71,0,71,71,0,measured_performance,False
P-98435:WC-2022,historical,79,79,0,79,79,0,measured_performance,False
P-98480:WC-1982,historical,71,71,0,71,71,0,measured_performance,False
P-98482:WC-1954,historical,73,73,0,73,73,0,measured_performance,False
P-98486:WC-2006,historical,87,87,0,87,87,0,measured_performance,False
P-98486:WC-2010,historical,86,86,0,86,86,0,measured_performance,False
P-98500:WC-2006,historical,73,73,0,73,73,0,measured_performance,False
P-98511:WC-1998,historical,71,71,0,71,71,0,measured_performance,False
P-98511:WC-2002,historical,75,76,1,75,76,1,measured_performance,False
P-98511:WC-2006,historical,88,88,0,88,88,0,measured_performance,False
P-98512:WC-1998,historical,88,88,0,88,88,0,measured_performance,False
P-98520:WC-1950,historical,75,76,1,75,76,1,measured_performance,False
P-98520:WC-1954,historical,73,73,0,73,73,0,measured_performance,False
P-98528:WC-2010,historical,88,88,0,88,88,0,measured_performance,False
P-98535:WC-1990,historical,71,71,0,71,71,0,measured_performance,False
P-98535:WC-1994,historical,71,71,0,71,71,0,measured_performance,False
P-98541:WC-1962,historical,82,82,0,82,82,0,measured_performance,False
P-98546:WC-1966,historical,73,73,0,73,73,0,measured_performance,False
P-98547:WC-1950,historical,80,80,0,80,80,0,measured_performance,False
P-98547:WC-1954,historical,72,73,1,72,73,1,measured_performance,False
P-98547:WC-1962,historical,73,73,0,73,73,0,measured_performance,False
P-98569:WC-1954,historical,96,96,0,88,88,0,career_stature_estimate,False
P-98569:WC-1958,historical,92,92,0,72,72,0,career_stature_estimate,False
P-98571:WC-1982,historical,71,71,0,71,71,0,measured_performance,False
P-98593:WC-2010,historical,71,71,0,71,71,0,measured_performance,False
P-98607:WC-2006,historical,88,88,0,88,88,0,measured_performance,False
P-98607:WC-2010,historical,88,88,0,88,88,0,measured_performance,False
P-98609:WC-1982,historical,77,77,0,77,77,0,measured_performance,False
P-98623:WC-1994,historical,71,71,0,71,71,0,measured_performance,False
P-98626:WC-2010,historical,87,87,0,87,87,0,measured_performance,False
P-98630:WC-1962,historical,66,66,0,66,66,0,baseline_anchor_estimate,False
P-98659:WC-1950,historical,69,69,0,69,69,0,measured_performance,False
P-98663:WC-2002,historical,70,70,0,70,70,0,measured_performance,False
P-98667:WC-1970,historical,71,71,0,71,71,0,measured_performance,False
P-98680:WC-2002,historical,72,73,1,72,73,1,measured_performance,False
P-98689:WC-1986,historical,70,70,0,70,70,0,measured_performance,False
P-98693:WC-2010,historical,72,72,0,72,72,0,measured_performance,False
P-98693:WC-2014,historical,75,76,1,75,76,1,measured_performance,False
P-98697:WC-1986,historical,75,76,1,75,76,1,measured_performance,False
P-98706:WC-1966,historical,71,71,0,71,71,0,measured_performance,False
P-98708:WC-1986,historical,76,77,1,76,77,1,measured_performance,False
P-98745:WC-1970,historical,79,80,1,79,80,1,measured_performance,False
P-98747:WC-2018,historical,71,71,0,71,71,0,measured_performance,False
P-98747:WC-2022,historical,72,73,1,72,73,1,measured_performance,False
P-98757:WC-1998,historical,70,70,0,70,70,0,measured_performance,False
P-98775:WC-2014,historical,72,72,0,72,72,0,measured_performance,False
P-98775:WC-2018,historical,72,72,0,72,72,0,measured_performance,False
P-98775:WC-2022,historical,72,73,1,72,73,1,measured_performance,False
P-98806:WC-2014,historical,86,86,0,86,86,0,measured_performance,False
P-98806:WC-2018,historical,73,73,0,73,73,0,measured_performance,False
P-98826:WC-2010,historical,72,72,0,72,72,0,measured_performance,False
P-98837:WC-1934,historical,71,71,0,71,71,0,measured_performance,False
P-98853:WC-2002,historical,68,68,0,68,68,0,measured_performance,False
P-98864:WC-1962,historical,82,82,0,82,82,0,measured_performance,False
P-98872:WC-2014,historical,73,73,0,73,73,0,measured_performance,False
P-98886:WC-2010,historical,71,71,0,71,71,0,measured_performance,False
P-98896:WC-1954,historical,70,70,0,70,70,0,measured_performance,False
P-98909:WC-1998,historical,79,79,0,79,79,0,measured_performance,False
P-98924:WC-1982,historical,74,75,1,74,75,1,measured_performance,False
P-98924:WC-1986,historical,70,70,0,70,70,0,measured_performance,False
P-98926:WC-1938,historical,86,86,0,86,86,0,measured_performance,False
P-98929:WC-2022,historical,71,71,0,71,71,0,measured_performance,False
P-98936:WC-1970,historical,74,75,1,74,75,1,measured_performance,False
P-98948:WC-1982,historical,88,88,0,88,88,0,measured_performance,False
P-98965:WC-1970,historical,71,71,0,71,71,0,measured_performance,False
P-98982:WC-2010,historical,71,71,0,71,71,0,measured_performance,False
P-98986:WC-2006,historical,72,72,0,72,72,0,measured_performance,False
P-99025:WC-2022,historical,79,79,0,79,79,0,measured_performance,False
P-99042:WC-1986,historical,70,70,0,70,70,0,measured_performance,False
P-99050:WC-1982,historical,81,81,0,81,81,0,measured_performance,False
P-99050:WC-1986,historical,73,74,1,73,74,1,measured_performance,False
P-99064:WC-1986,historical,73,74,1,73,74,1,measured_performance,False
P-99080:WC-1998,historical,71,71,0,71,71,0,measured_performance,False
P-99082:WC-1970,historical,79,80,1,79,80,1,measured_performance,False
P-99083:WC-2006,historical,73,73,0,73,73,0,measured_performance,False
P-99087:WC-1930,historical,84,84,0,84,84,0,measured_performance,False
P-99089:WC-2018,historical,79,80,1,79,80,1,measured_performance,False
P-99091:WC-1970,historical,68,68,0,68,68,0,measured_performance,False
P-99095:WC-1962,historical,74,75,1,74,75,1,measured_performance,False
P-99095:WC-1966,historical,69,69,0,69,69,0,measured_performance,False
P-99116:WC-1998,historical,72,72,0,72,72,0,measured_performance,False
P-99122:WC-1938,historical,72,72,0,72,72,0,measured_performance,False
P-99127:WC-1970,historical,71,71,0,71,71,0,measured_performance,False
P-99127:WC-1974,historical,71,71,0,71,71,0,measured_performance,False
P-99151:WC-1978,historical,68,68,0,68,68,0,measured_performance,False
P-99158:WC-1954,historical,84,84,0,84,84,0,measured_performance,False
P-99163:WC-2014,historical,78,79,1,78,79,1,measured_performance,False
P-99164:WC-1978,historical,72,73,1,72,73,1,measured_performance,False
P-99166:WC-1994,historical,72,73,1,72,73,1,measured_performance,False
P-99177:WC-2018,historical,74,75,1,74,75,1,measured_performance,False
P-99177:WC-2022,historical,70,70,0,70,70,0,measured_performance,False
P-99185:WC-1978,historical,71,72,1,71,72,1,measured_performance,False
P-99185:WC-1982,historical,86,86,0,86,86,0,measured_performance,False
P-99200:WC-1974,historical,76,77,1,76,77,1,measured_performance,False
P-99207:WC-1990,historical,71,71,0,71,71,0,measured_performance,False
P-99207:WC-1994,historical,72,72,0,72,72,0,measured_performance,False
P-99212:WC-1982,historical,71,71,0,71,71,0,measured_performance,False
P-99214:WC-1934,historical,72,72,0,72,72,0,measured_performance,False
P-99214:WC-1938,historical,86,86,0,86,86,0,measured_performance,False
P-99230:WC-1930,historical,77,78,1,77,78,1,measured_performance,False
P-99251:WC-1970,historical,71,71,0,71,71,0,measured_performance,False
P-99270:WC-2002,historical,71,71,0,71,71,0,measured_performance,False
P-99270:WC-2006,historical,84,84,0,84,84,0,measured_performance,False
P-99271:WC-1994,historical,86,86,0,86,86,0,measured_performance,False
P-99271:WC-1998,historical,72,72,0,72,72,0,measured_performance,False
P-99390:WC-1978,historical,70,71,1,70,71,1,measured_performance,False
P-99392:WC-1982,historical,72,72,0,72,72,0,measured_performance,False
P-99403:WC-2006,historical,71,71,0,71,71,0,measured_performance,False
P-99407:WC-2010,historical,71,71,0,71,71,0,measured_performance,False
P-99407:WC-2014,historical,72,72,0,72,72,0,measured_performance,False
P-99417:WC-1930,historical,72,72,0,72,72,0,measured_performance,False
P-99418:WC-1998,historical,72,72,0,72,72,0,measured_performance,False
P-99420:WC-1998,historical,81,81,0,81,81,0,measured_performance,False
P-99436:WC-1950,historical,88,88,0,88,88,0,measured_performance,False
P-99442:WC-1966,historical,74,75,1,74,75,1,measured_performance,False
P-99461:WC-2022,historical,72,73,1,72,73,1,measured_performance,False
P-99466:WC-2006,historical,90,90,0,80,80,0,career_stature_estimate,True
P-99466:WC-2010,historical,91,91,0,83,84,1,career_stature_estimate,True
P-99466:WC-2014,historical,89,89,0,72,72,0,career_stature_estimate,True
P-99473:WC-2006,historical,88,88,0,88,88,0,measured_performance,False
P-99479:WC-1986,historical,70,70,0,70,70,0,measured_performance,False
P-99498:WC-1962,historical,72,72,0,72,72,0,measured_performance,False
P-99498:WC-1966,historical,73,73,0,73,73,0,measured_performance,False
P-99499:WC-1986,historical,88,88,0,88,88,0,measured_performance,False
P-99499:WC-1990,historical,72,72,0,72,72,0,measured_performance,False
P-99499:WC-1994,historical,76,77,1,76,77,1,measured_performance,False
P-99521:WC-2002,historical,83,83,0,83,83,0,measured_performance,False
P-99522:WC-1930,historical,84,84,0,84,84,0,measured_performance,False
P-99522:WC-1934,historical,73,74,1,73,74,1,measured_performance,False
P-99537:WC-2006,historical,90,90,0,88,88,0,career_stature_estimate,True
P-99537:WC-2010,historical,85,85,0,71,71,0,career_stature_estimate,True
P-99537:WC-2014,historical,88,88,0,75,76,1,career_stature_estimate,True
P-99558:WC-2002,historical,72,72,0,72,72,0,measured_performance,False
P-99575:WC-1990,historical,72,72,0,72,72,0,measured_performance,False
P-99590:WC-2014,historical,88,88,0,88,88,0,measured_performance,False
P-99590:WC-2018,historical,74,75,1,74,75,1,measured_performance,False
P-99590:WC-2022,historical,71,71,0,71,71,0,measured_performance,False
P-99591:WC-1938,historical,72,72,0,72,72,0,measured_performance,False
P-99592:WC-1934,historical,73,73,0,73,73,0,measured_performance,False
P-99593:WC-1978,historical,88,88,0,88,88,0,measured_performance,False
P-99593:WC-1982,historical,78,78,0,78,78,0,measured_performance,False
P-99616:WC-1998,historical,71,71,0,71,71,0,measured_performance,False
P-99636:WC-1978,historical,84,84,0,84,84,0,measured_performance,False
P-99681:WC-2002,historical,71,71,0,71,71,0,measured_performance,False
P-99684:WC-1986,historical,68,68,0,68,68,0,measured_performance,False
P-99685:WC-1994,historical,76,77,1,76,77,1,measured_performance,False
P-99704:WC-1986,historical,76,77,1,76,77,1,measured_performance,False
P-99707:WC-1978,historical,71,72,1,71,72,1,measured_performance,False
P-99707:WC-1982,historical,72,72,0,72,72,0,measured_performance,False
P-99710:WC-1966,historical,73,73,0,73,73,0,measured_performance,False
P-99710:WC-1970,historical,88,88,0,88,88,0,measured_performance,False
P-99710:WC-1974,historical,75,76,1,75,76,1,measured_performance,False
P-99719:WC-1990,historical,82,83,1,82,83,1,measured_performance,False
P-99721:WC-2002,historical,71,71,0,71,71,0,measured_performance,False
P-99732:WC-1998,historical,84,85,1,84,85,1,measured_performance,False
P-99758:WC-1938,historical,73,74,1,73,74,1,measured_performance,False
P-99771:WC-1998,historical,68,68,0,68,68,0,measured_performance,False
P-99788:WC-1978,historical,88,88,0,88,88,0,measured_performance,False
P-99788:WC-1982,historical,88,88,0,88,88,0,measured_performance,False
P-99788:WC-1986,historical,84,85,1,84,84,0,measured_performance,False
P-99794:WC-1970,historical,71,71,0,71,71,0,measured_performance,False
P-99803:WC-1998,historical,72,72,0,72,72,0,measured_performance,False
P-99805:WC-2018,historical,72,72,0,72,72,0,measured_performance,False
P-99813:WC-1986,historical,80,81,1,80,81,1,measured_performance,False
P-99817:WC-2018,historical,79,80,1,79,80,1,measured_performance,False
P-99817:WC-2022,historical,70,70,0,70,70,0,measured_performance,False
P-99821:WC-2022,historical,71,71,0,71,71,0,measured_performance,False
P-99830:WC-2002,historical,71,71,0,71,71,0,measured_performance,False
P-99830:WC-2006,historical,71,71,0,71,71,0,measured_performance,False
P-99834:WC-1990,historical,75,76,1,75,76,1,measured_performance,False
P-99847:WC-2002,historical,75,76,1,75,76,1,measured_performance,False
P-99850:WC-1986,historical,78,79,1,78,79,1,measured_performance,False
P-99888:WC-2006,historical,73,73,0,73,73,0,measured_performance,False
P-99900:WC-2018,historical,71,71,0,71,71,0,measured_performance,False
P-99905:WC-1998,historical,78,78,0,78,78,0,measured_performance,False
P-99914:WC-2002,historical,75,76,1,75,76,1,measured_performance,False
P-99918:WC-1954,historical,71,71,0,71,71,0,measured_performance,False
P-99934:WC-2006,historical,85,85,0,85,85,0,measured_performance,False
P-99934:WC-2010,historical,88,88,0,88,88,0,measured_performance,False
P-99934:WC-2014,historical,88,88,0,88,88,0,measured_performance,False
P-99943:WC-1958,historical,71,72,1,71,72,1,measured_performance,False
P-99957:WC-2014,historical,72,72,0,72,72,0,measured_performance,False
P-99965:WC-2010,historical,84,85,1,84,85,1,measured_performance,False
P-99966:WC-1998,historical,71,71,0,71,71,0,measured_performance,False
P-99967:WC-2006,historical,73,73,0,73,73,0,measured_performance,False
P-99967:WC-2010,historical,73,73,0,73,73,0,measured_performance,False
P-99967:WC-2014,historical,80,81,1,80,81,1,measured_performance,False
P-99975:WC-1978,historical,88,88,0,88,88,0,measured_performance,False
P-99975:WC-1982,historical,72,72,0,72,72,0,measured_performance,False
P-99987:WC-1990,historical,80,80,0,80,80,0,measured_performance,False
P-99988:WC-2018,historical,75,75,0,75,75,0,measured_performance,False
P-99988:WC-2022,historical,88,88,0,88,88,0,measured_performance,False
P-99989:WC-1978,historical,83,83,0,83,83,0,measured_performance,False
P-99989:WC-1982,historical,88,88,0,88,88,0,measured_performance,False
P-99991:WC-1978,historical,76,76,0,76,76,0,measured_performance,False
P-99991:WC-1982,historical,88,88,0,88,88,0,measured_performance,False
P-99991:WC-1986,historical,88,88,0,88,88,0,measured_performance,False
