card_id,player_id,common_name,tournament_id,position,link_status,age,caps,intl_goals,old_overall,new_overall,display_delta,current_overall,old_basis,new_basis,old_age_factor,old_goals_percentile,new_goals_percentile,old_caps_percentile,new_caps_percentile,old_projected_raw_score,new_projected_raw_score,old_projected_modulation,new_projected_modulation,old_career_stature_index,new_career_stature_index,old_stature_target_score,new_stature_target_score,old_stature_model_weight,new_stature_model_weight,old_legend,new_legend,career_score_0_100,current_score_0_100
P-00232:WC-2026,P-00232,Rochet,WC-2026,GK,linked,33,35,0,78,75,-3,75,measured_performance,measured_performance,0.925,0.5,0.5,0.734483,0.626866,0.73331,0.708096,0.0,0.0,,,,,0.0,0.0,False,False,45.7829,45.7829
P-00809:WC-2026,P-00809,Millar,WC-2026,MF,linked,26,40,1,84,83,-1,83,measured_performance,measured_performance,1.0,0.359079,0.378109,0.635501,0.699005,0.791967,0.81391,0.0,0.0,,,,,0.0,0.0,False,False,56.0,56.0
P-01196:WC-2026,P-01196,Erlić,WC-2026,DF,linked,28,12,1,71,71,0,71,measured_performance,measured_performance,1.0,0.570071,0.569652,0.295724,0.256219,0.521748,0.502785,0.0,0.0,,,,,0.0,0.0,False,False,32.8893,32.8893
P-01505:WC-2026,P-01505,Arias,WC-2026,DF,linked,34,67,0,81,77,-4,77,measured_performance,measured_performance,0.9,0.225653,0.141791,0.896675,0.751244,0.767164,0.740397,0.0,0.0,,,,,0.0,0.0,False,False,48.526997,48.526997
P-01729:WC-2026,P-01729,Mvogo,WC-2026,GK,linked,32,13,0,76,73,-3,73,measured_performance,measured_performance,0.95,0.5,0.5,0.548276,0.472637,0.702014,0.678866,0.0,0.0,,,,,0.0,0.0,False,False,43.131513,43.131513
P-01925:WC-2026,P-01925,Larin,WC-2026,FW,linked,31,89,30,88,88,0,88,measured_performance,measured_performance,0.975,0.895498,0.850746,0.906752,0.865672,0.93041,0.920149,0.0,0.0,0.048,0.054,,,0.0,0.0,False,False,62.0,62.0
P-01930:WC-2026,P-01930,Ali,WC-2026,FW,linked,29,115,55,83,82,-1,82,measured_performance,measured_performance,1.0,0.961415,0.967662,0.953376,0.970149,0.790715,0.794976,0.0,0.0,,,,,0.0,0.0,False,False,53.9,53.9
P-02305:WC-2026,P-02305,Casemiro,WC-2026,MF,linked,34,85,9,88,88,0,88,measured_performance,measured_performance,0.9,0.857724,0.699005,0.930894,0.793532,0.929502,0.902746,0.0,0.0,,,,,0.0,0.0,False,False,62.0,62.0
P-02839:WC-2026,P-02839,Rodríguez,WC-2026,FW,linked,26,31,2,71,71,0,71,measured_performance,measured_performance,1.0,0.307074,0.308458,0.599678,0.636816,0.562308,0.567263,0.0,0.0,,,,,0.0,0.0,False,False,34.9538,34.9538
P-03484:WC-2026,P-03484,Aaronson,WC-2026,FW,linked,25,57,9,88,88,0,88,measured_performance,measured_performance,1.0,0.694534,0.773632,0.808682,0.902985,0.857074,0.896866,0.0,0.0,,,,,0.0,0.0,False,False,62.0,62.0
P-03945:WC-2026,P-03945,Upamecano,WC-2026,DF,linked,27,36,2,84,84,0,84,measured_performance,measured_performance,1.0,0.745843,0.773632,0.668646,0.71393,0.79995,0.821686,0.0,0.0,0.2,0.144,,,0.0,0.0,False,False,56.818865,56.818865
P-04157:WC-2026,P-04157,Jo,WC-2026,GK,linked,34,48,0,76,73,-3,73,measured_performance,measured_performance,0.9,0.5,0.5,0.796552,0.651741,0.70651,0.675236,0.0,0.0,,,,,0.0,0.0,False,False,42.83237,42.83237
P-04541:WC-2026,P-04541,Torabi,WC-2026,MF,linked,31,52,7,76,72,-4,72,measured_performance,measured_performance,0.975,0.811653,0.731343,0.739837,0.574627,0.702488,0.64871,0.0,0.0,,,,,0.0,0.0,False,False,40.736,40.736
P-05164:WC-2026,P-05164,Paquetá,WC-2026,MF,linked,28,62,13,88,87,-1,87,measured_performance,measured_performance,1.0,0.930894,0.930348,0.802168,0.80597,0.861356,0.862346,0.0,0.0,,,,,0.0,0.0,False,False,60.734,60.734
P-05174:WC-2026,P-05174,Valverde,WC-2026,MF,linked,27,73,9,88,88,0,88,measured_performance,career_stature_estimate,1.0,0.857724,0.878109,0.876694,0.91791,0.957171,0.972955,0.0,0.08,,0.4,,0.6,0.0,0.5,False,False,65.0,62.0
P-06076:WC-2026,P-06076,Kobel,WC-2026,GK,linked,28,20,0,79,82,3,82,measured_performance,measured_performance,1.0,0.5,0.5,0.617241,0.723881,0.748276,0.799463,0.0,0.0,,,,,0.0,0.0,False,False,54.5379,54.5379
P-07089:WC-2026,P-07089,Saliba,WC-2026,DF,linked,25,31,0,85,87,2,87,measured_performance,measured_performance,1.0,0.225653,0.261194,0.618765,0.723881,0.807007,0.857463,0.0,0.0,,,,,0.0,0.0,False,False,60.1778,60.1778
P-07233:WC-2026,P-07233,Moon-hwan,WC-2026,DF,linked,30,35,0,75,73,-2,73,measured_performance,measured_performance,1.0,0.225653,0.199005,0.65677,0.564677,0.69505,0.650845,0.0,0.0,,,,,0.0,0.0,False,False,40.874,40.874
P-07670:WC-2026,P-07670,Kovačić,WC-2026,MF,linked,32,112,5,88,88,0,88,measured_performance,measured_performance,0.95,0.738482,0.599502,0.971545,0.955224,0.940514,0.930209,0.0,0.0,0.0503,0.056588,,,0.0,0.0,False,False,62.0,62.0
P-07796:WC-2026,P-07796,Mojica,WC-2026,DF,linked,33,44,1,86,79,-7,79,measured_performance,measured_performance,0.925,0.570071,0.430348,0.73753,0.527363,0.837463,0.763134,0.0,0.0,,,,,0.0,0.0,False,False,50.7244,50.7244
P-07875:WC-2026,P-07875,Partey,WC-2026,MF,linked,32,57,15,88,88,0,88,measured_performance,measured_performance,0.95,0.955285,0.902985,0.771003,0.572139,0.92519,0.878149,0.0,0.0,,,,,0.0,0.0,False,False,62.0,62.0
P-08125:WC-2026,P-08125,Abdulhamid,WC-2026,DF,linked,26,53,1,88,88,0,88,measured_performance,measured_performance,1.0,0.570071,0.621891,0.811164,0.890547,0.868359,0.906463,0.0,0.0,,,,,0.0,0.0,False,False,62.0,62.0
P-08169:WC-2026,P-08169,Henderson,WC-2026,MF,linked,35,89,3,88,84,-4,84,measured_performance,measured_performance,0.875,0.605691,0.325871,0.943089,0.791045,0.879415,0.830388,0.0,0.0,0.2,0.144,,,0.0,0.0,False,False,57.574219,57.574219
P-08714:WC-2026,P-08714,Nordfeldt,WC-2026,GK,linked,36,20,0,71,71,0,71,measured_performance,measured_performance,0.85,0.5,0.5,0.617241,0.353234,0.569434,0.487152,0.0,0.0,,,,,0.0,0.0,False,False,32.1739,32.1739
P-09292:WC-2026,P-09292,Diatta,WC-2026,DF,linked,27,60,2,88,88,0,88,measured_performance,measured_performance,1.0,0.745843,0.773632,0.85867,0.90796,0.891162,0.914821,0.0,0.0,,,,,0.0,0.0,False,False,62.0,62.0
P-09614:WC-2026,P-09614,Mazraoui,WC-2026,DF,linked,28,44,2,88,88,0,88,measured_performance,measured_performance,1.0,0.745843,0.748756,0.73753,0.751244,0.864014,0.870597,0.0,0.0,,,,,0.0,0.0,False,False,61.682911,61.682911
P-09658:WC-2026,P-09658,Courtois,WC-2026,GK,linked,34,108,0,89,89,0,88,career_stature_estimate,career_stature_estimate,0.9,0.5,0.5,0.968966,0.965174,0.898593,0.943284,0.06,0.06,0.5522,0.520428,0.676393,0.656271,1.0,1.0,False,False,71.627107,62.0
P-09867:WC-2026,P-09867,Hernandez,WC-2026,DF,linked,28,42,2,78,77,-1,77,measured_performance,measured_performance,1.0,0.745843,0.748756,0.718527,0.731343,0.724693,0.730845,0.0,0.0,0.2,0.144,,,0.0,0.0,False,False,47.698899,47.698899
P-09877:WC-2026,P-09877,Vásquez,WC-2026,DF,linked,27,45,2,86,87,1,87,measured_performance,measured_performance,1.0,0.745843,0.773632,0.751781,0.80597,0.839855,0.865866,0.0,0.0,,,,,0.0,0.0,False,False,61.0618,61.0618
P-09945:WC-2026,P-09945,Díaz,WC-2026,MF,linked,29,56,17,84,80,-4,80,measured_performance,measured_performance,1.0,0.974255,0.972637,0.757453,0.701493,0.802403,0.785976,0.0,0.0,,,,,0.0,0.0,False,False,52.5106,52.5106
P-10014:WC-2026,P-10014,Muslera,WC-2026,GK,linked,39,134,0,79,83,4,83,measured_performance,measured_performance,0.8,0.5,0.5,0.989655,0.940299,0.742428,0.813744,0.0,0.0,,,,,0.0,0.0,False,False,55.811537,55.811537
P-10244:WC-2026,P-10244,Ryan,WC-2026,GK,linked,34,104,0,88,88,0,88,measured_performance,measured_performance,0.9,0.5,0.5,0.962069,0.945274,0.895614,0.933732,0.0,0.0,0.084394,0.07435,,,0.0,0.0,False,False,62.0,62.0
P-10712:WC-2026,P-10712,Dias,WC-2026,DF,linked,29,74,3,88,88,0,88,measured_performance,measured_performance,1.0,0.84323,0.828358,0.912114,0.912935,0.947815,0.948209,0.07,0.0,0.386,0.27792,0.6,,0.383333,0.0,False,False,62.0,62.0
P-10739:WC-2026,P-10739,Fernández,WC-2026,MF,linked,25,40,6,88,88,0,88,measured_performance,measured_performance,1.0,0.777778,0.843284,0.635501,0.743781,0.872358,0.916119,0.0,0.0,0.165,0.187,,,0.0,0.0,False,False,62.0,62.0
P-10907:WC-2026,P-10907,Al-Dawsari,WC-2026,MF,linked,27,42,0,72,72,0,72,measured_performance,measured_performance,1.0,0.130081,0.126866,0.666667,0.691542,0.614176,0.620722,0.0,0.0,,,,,0.0,0.0,False,False,38.483,38.483
P-11737:WC-2026,P-11737,Pulisic,WC-2026,FW,linked,27,85,33,88,88,0,88,measured_performance,measured_performance,1.0,0.900322,0.942786,0.895498,0.945274,0.910576,0.931836,0.0,0.0,0.089654,0.080316,,,0.0,0.0,False,False,62.0,62.0
P-11878:WC-2026,P-11878,Sow,WC-2026,MF,linked,29,51,0,82,78,-4,78,measured_performance,measured_performance,1.0,0.130081,0.114428,0.733062,0.671642,0.776097,0.755403,0.0,0.0,,,,,0.0,0.0,False,False,49.8488,49.8488
P-11879:WC-2026,P-11879,Bronn,WC-2026,DF,linked,30,52,2,81,77,-4,77,measured_performance,measured_performance,1.0,0.745843,0.696517,0.801663,0.753731,0.764598,0.741591,0.0,0.0,,,,,0.0,0.0,False,False,48.844,48.844
P-12335:WC-2026,P-12335,Al-Amri,WC-2026,DF,linked,29,41,1,78,75,-3,75,measured_performance,measured_performance,1.0,0.570071,0.539801,0.712589,0.681592,0.721843,0.706964,0.0,0.0,,,,,0.0,0.0,False,False,45.7018,45.7018
P-12635:WC-2026,P-12635,Johnston,WC-2026,DF,linked,27,57,1,82,82,0,82,measured_performance,measured_performance,1.0,0.570071,0.597015,0.836105,0.885572,0.78113,0.804875,0.0,0.0,,,,,0.0,0.0,False,False,55.1086,55.1086
P-12810:WC-2026,P-12810,Khoukhi,WC-2026,DF,linked,35,115,20,79,80,1,80,measured_performance,measured_performance,0.875,0.998812,0.995025,0.984561,0.950249,0.743716,0.78632,0.0,0.0,0.0568,0.0639,,,0.0,0.0,False,False,52.5241,52.5241
P-13162:WC-2026,P-13162,Martínez,WC-2026,GK,linked,33,59,0,88,86,-2,86,measured_performance,measured_performance,0.925,0.5,0.5,0.844828,0.781095,0.855104,0.854926,0.0,0.0,0.255,0.289,,,0.0,0.0,False,False,60.1143,60.1143
P-13613:WC-2026,P-13613,Thuram,WC-2026,FW,linked,28,33,3,75,73,-2,73,measured_performance,measured_performance,1.0,0.392283,0.340796,0.623794,0.589552,0.695077,0.672433,0.0,0.0,,,,,0.0,0.0,False,False,42.3256,42.3256
P-13973:WC-2026,P-13973,Plata,WC-2026,FW,linked,25,49,8,80,82,2,82,measured_performance,measured_performance,1.0,0.670418,0.743781,0.747588,0.845771,0.760461,0.798654,0.0,0.0,,,,,0.0,0.0,False,False,54.211429,54.211429
P-14060:WC-2026,P-14060,Bremer,WC-2026,DF,linked,29,7,1,71,71,0,71,measured_performance,measured_performance,1.0,0.570071,0.539801,0.19715,0.141791,0.573632,0.54706,0.0,0.0,,,,,0.0,0.0,False,False,34.2785,34.2785
P-14151:WC-2026,P-14151,Adams,WC-2026,MF,linked,27,53,2,87,87,0,87,measured_performance,measured_performance,1.0,0.506775,0.514925,0.745257,0.781095,0.851935,0.863821,0.0,0.0,,,,,0.0,0.0,False,False,60.772275,60.772275
P-14179:WC-2026,P-14179,Semenyo,WC-2026,MF,linked,26,34,3,85,86,1,86,measured_performance,measured_performance,1.0,0.605691,0.651741,0.559621,0.609453,0.817464,0.840657,0.0,0.0,,,,,0.0,0.0,False,False,59.1111,59.1111
P-14360:WC-2026,P-14360,Min-jae,WC-2026,DF,linked,29,79,4,88,88,0,88,measured_performance,measured_performance,1.0,0.9038,0.89801,0.927553,0.932836,0.924225,0.926761,0.0,0.0,0.2,0.144,,,0.0,0.0,False,False,62.0,62.0
P-14499:WC-2026,P-14499,Quintero,WC-2026,MF,linked,33,48,6,78,72,-6,72,measured_performance,measured_performance,0.925,0.777778,0.621891,0.708672,0.430348,0.724124,0.640543,0.0,0.0,0.10824,0.075768,,,0.0,0.0,False,False,40.0367,40.0367
P-14758:WC-2026,P-14758,Messi,WC-2026,FW,linked,38,198,116,99,98,-1,85,career_stature_estimate,career_stature_estimate,0.8,0.995177,0.950249,0.995177,0.950249,0.761948,0.83592,0.041734,0.066845,0.938413,0.866823,0.958942,0.911215,1.0,1.0,True,True,97.806076,58.4966
P-15566:WC-2026,P-15566,Mohamedi,WC-2026,GK,linked,37,53,0,72,71,-1,71,measured_performance,measured_performance,0.825,0.5,0.5,0.810345,0.547264,0.638497,0.580287,0.0,0.0,,,,,0.0,0.0,False,False,35.8901,35.8901
P-15674:WC-2026,P-15674,Bellingham,WC-2026,MF,linked,22,46,6,89,88,-1,88,career_stature_estimate,measured_performance,0.942857,0.777778,0.890547,0.692412,0.90796,0.86882,0.972478,0.074207,0.0,0.4625,0.333,0.641667,,1.0,0.0,False,False,62.0,62.0
P-16352:WC-2026,P-16352,Lo Celso,WC-2026,MF,linked,30,65,4,88,88,0,88,measured_performance,measured_performance,1.0,0.686992,0.609453,0.823848,0.756219,0.909171,0.874806,0.0,0.0,,,,,0.0,0.0,False,False,62.0,62.0
P-16736:WC-2026,P-16736,Cancelo,WC-2026,DF,linked,32,66,12,88,88,0,88,measured_performance,measured_performance,0.95,0.990499,0.982587,0.889549,0.808458,0.915634,0.89806,0.0,0.0,0.32,0.2304,,,0.0,0.0,False,False,62.0,62.0
P-17048:WC-2026,P-17048,Muntari,WC-2026,FW,linked,32,67,16,76,73,-3,73,measured_performance,measured_performance,0.95,0.813505,0.669154,0.837621,0.699005,0.703908,0.654976,0.0,0.0,,,,,0.0,0.0,False,False,41.0,41.0
P-17136:WC-2026,P-17136,Wood,WC-2026,FW,linked,34,89,45,88,88,0,88,measured_performance,measured_performance,0.9,0.946945,0.855721,0.906752,0.721393,0.914739,0.904627,0.0,0.0,0.068,0.0765,,,0.0,0.0,False,False,62.0,62.0
P-17496:WC-2026,P-17496,Jashari,WC-2026,MF,linked,23,7,0,71,72,1,72,measured_performance,measured_performance,0.971429,0.130081,0.151741,0.138211,0.199005,0.568929,0.592448,0.0,0.0,,,,,0.0,0.0,False,False,36.557,36.557
P-17688:WC-2026,P-17688,de Jong,WC-2026,MF,linked,29,65,2,88,87,-1,87,measured_performance,measured_performance,1.0,0.506775,0.460199,0.823848,0.79602,0.874569,0.857612,0.076507,0.0,0.3955,0.28476,0.6,,0.4625,0.0,False,False,60.221269,60.221269
P-17784:WC-2026,P-17784,Niazmand,WC-2026,GK,linked,31,15,0,72,72,0,72,measured_performance,measured_performance,0.975,0.5,0.5,0.586207,0.557214,0.591945,0.585063,0.0,0.0,,,,,0.0,0.0,False,False,36.348,36.348
P-17931:WC-2026,P-17931,Félix,WC-2026,FW,linked,26,52,12,79,80,1,80,measured_performance,measured_performance,1.0,0.765273,0.820896,0.782958,0.855721,0.749253,0.778009,0.0,0.0,,,,,0.0,0.0,False,False,51.693304,51.693304
P-18564:WC-2026,P-18564,Viña,WC-2026,DF,linked,28,43,1,78,77,-1,77,measured_performance,measured_performance,1.0,0.570071,0.569652,0.724466,0.741294,0.727544,0.735621,0.0,0.0,,,,,0.0,0.0,False,False,48.0,48.0
P-18885:WC-2026,P-18885,Núñez,WC-2026,FW,linked,26,38,13,79,79,0,79,measured_performance,measured_performance,1.0,0.78135,0.838308,0.66881,0.708955,0.741343,0.766665,0.0,0.0,,,,,0.0,0.0,False,False,50.7718,50.7718
P-19075:WC-2026,P-19075,Embolo,WC-2026,FW,linked,29,86,24,88,88,0,88,measured_performance,measured_performance,1.0,0.869775,0.865672,0.898714,0.905473,0.899965,0.899299,0.0,0.0,,,,,0.0,0.0,False,False,62.0,62.0
P-19193:WC-2026,P-19193,Elvedi,WC-2026,DF,linked,29,66,3,88,88,0,88,measured_performance,measured_performance,1.0,0.84323,0.828358,0.889549,0.890547,0.905984,0.906463,0.0,0.0,,,,,0.0,0.0,False,False,62.0,62.0
P-19408:WC-2026,P-19408,Neuer,WC-2026,GK,linked,40,124,0,92,91,-1,87,career_stature_estimate,career_stature_estimate,0.8,0.5,0.5,0.975862,0.840796,0.826731,0.855582,0.06,0.06,0.733164,0.645981,0.791004,0.735788,1.0,1.0,True,True,79.578797,60.1778
P-19776:WC-2026,P-19776,Álvarez,WC-2026,FW,linked,26,51,14,88,88,0,88,measured_performance,measured_performance,1.0,0.794212,0.855721,0.768489,0.838308,0.888135,0.918657,0.0,0.0,0.1556,0.10892,,,0.0,0.0,False,False,62.0,62.0
P-20804:WC-2026,P-20804,Raum,WC-2026,DF,linked,28,36,1,84,82,-2,82,measured_performance,measured_performance,1.0,0.570071,0.569652,0.668646,0.669154,0.79995,0.800194,0.0,0.0,,,,,0.0,0.0,False,False,54.789,54.789
P-20998:WC-2026,P-20998,Beiranvand,WC-2026,GK,linked,33,85,0,78,78,0,78,measured_performance,measured_performance,0.925,0.5,0.5,0.927586,0.910448,0.729448,0.754615,0.0,0.0,,,,,0.0,0.0,False,False,49.8488,49.8488
P-21052:WC-2026,P-21052,Ezzalzouli,WC-2026,FW,linked,24,36,2,75,77,2,77,measured_performance,measured_performance,1.0,0.307074,0.370647,0.641479,0.763682,0.697524,0.735075,0.0,0.0,,,,,0.0,0.0,False,False,47.829784,47.829784
P-21099:WC-2026,P-21099,Cornelius,WC-2026,DF,linked,28,43,1,78,77,-1,77,measured_performance,measured_performance,1.0,0.570071,0.569652,0.724466,0.741294,0.727544,0.735621,0.0,0.0,,,,,0.0,0.0,False,False,48.0,48.0
P-21531:WC-2026,P-21531,Alisson,WC-2026,GK,linked,33,77,0,88,89,1,88,measured_performance,career_stature_estimate,0.925,0.5,0.5,0.9,0.875622,0.8796,0.900299,0.0,0.06,,0.50829,,0.648584,0.0,1.0,False,False,70.858367,62.0
P-21652:WC-2026,P-21652,Onana,WC-2026,MF,linked,24,28,1,79,81,2,81,measured_performance,measured_performance,1.0,0.359079,0.415423,0.46748,0.604478,0.743577,0.793851,0.0,0.0,,,,,0.0,0.0,False,False,53.7021,53.7021
P-22110:WC-2026,P-22110,Gaber,WC-2026,DF,linked,24,31,1,72,74,2,74,measured_performance,measured_performance,1.0,0.570071,0.664179,0.618765,0.758706,0.627207,0.694379,0.0,0.0,,,,,0.0,0.0,False,False,44.3064,44.3064
P-22160:WC-2026,P-22160,Vlašić,WC-2026,MF,linked,28,62,10,88,88,0,88,measured_performance,measured_performance,1.0,0.882114,0.880597,0.802168,0.80597,0.90639,0.907194,0.0,0.0,,,,,0.0,0.0,False,False,62.0,62.0
P-22930:WC-2026,P-22930,Meunier,WC-2026,DF,linked,34,79,10,88,88,0,88,measured_performance,measured_performance,0.9,0.978622,0.955224,0.927553,0.820896,0.879703,0.87303,0.0,0.0,,,,,0.0,0.0,False,False,61.8723,61.8723
P-22983:WC-2026,P-22983,Neves,WC-2026,MF,linked,29,65,1,76,73,-3,73,measured_performance,measured_performance,1.0,0.359079,0.325871,0.823848,0.79602,0.703411,0.689021,0.0,0.0,,,,,0.0,0.0,False,False,43.8146,43.8146
P-23070:WC-2026,P-23070,Martínez,WC-2026,DF,linked,28,26,1,81,79,-2,79,measured_performance,measured_performance,1.0,0.570071,0.569652,0.541568,0.527363,0.769953,0.763134,0.0,0.0,,,,,0.0,0.0,False,False,50.7244,50.7244
P-23925:WC-2026,P-23925,Akanji,WC-2026,DF,linked,30,80,4,88,88,0,88,measured_performance,measured_performance,1.0,0.9038,0.883085,0.932304,0.922886,0.926506,0.921985,0.0,0.0,,,,,0.0,0.0,False,False,62.0,62.0
P-24062:WC-2026,P-24062,Sánchez,WC-2026,DF,linked,28,58,3,83,82,-1,82,measured_performance,measured_performance,1.0,0.84323,0.848259,0.84323,0.868159,0.78455,0.796516,0.0,0.0,,,,,0.0,0.0,False,False,53.9978,53.9978
P-24667:WC-2026,P-24667,Canobbio,WC-2026,MF,linked,27,15,1,72,72,0,72,measured_performance,measured_performance,1.0,0.359079,0.360697,0.277778,0.243781,0.600543,0.591063,0.0,0.0,,,,,0.0,0.0,False,False,36.527676,36.527676
P-24760:WC-2026,P-24760,Godoy,WC-2026,MF,linked,36,159,4,79,78,-1,78,measured_performance,measured_performance,0.85,0.686992,0.370647,0.995935,0.9801,0.753122,0.750633,0.0,0.0,0.0728,0.0819,,,0.0,0.0,False,False,49.6471,49.6471
P-24897:WC-2026,P-24897,Pedri,WC-2026,MF,linked,23,40,5,88,88,0,88,measured_performance,measured_performance,0.971429,0.738482,0.848259,0.635501,0.820896,0.855533,0.939284,0.0,0.0,,,,,0.0,0.0,False,False,62.0,62.0
P-25593:WC-2026,P-25593,Rieder,WC-2026,MF,linked,24,27,1,76,78,2,78,measured_performance,measured_performance,1.0,0.359079,0.415423,0.448509,0.58209,0.704114,0.753403,0.0,0.0,,,,,0.0,0.0,False,False,49.6471,49.6471
P-26303:WC-2026,P-26303,Nagatomo,WC-2026,DF,linked,39,145,4,80,86,6,86,measured_performance,measured_performance,0.8,0.9038,0.701493,0.997625,0.972637,0.762888,0.846666,0.0,0.0,0.0668,0.07515,,,0.0,0.0,False,False,59.6437,59.6437
P-26367:WC-2026,P-26367,Ream,WC-2026,DF,linked,38,81,1,79,75,-4,75,measured_performance,measured_performance,0.8,0.570071,0.271144,0.935867,0.708955,0.739173,0.720098,0.0,0.0,,,,,0.0,0.0,False,False,46.340758,46.340758
P-26412:WC-2026,P-26412,Romo,WC-2026,MF,linked,31,62,4,79,74,-5,74,measured_performance,measured_performance,0.975,0.686992,0.567164,0.802168,0.674129,0.751054,0.700245,0.0,0.0,,,,,0.0,0.0,False,False,44.912,44.912
P-26546:WC-2026,P-26546,Álvarez,WC-2026,DF,linked,28,97,7,87,86,-1,86,measured_performance,measured_performance,1.0,0.952494,0.960199,0.960808,0.975124,0.840988,0.84786,0.0,0.0,,,,,0.0,0.0,False,False,59.834,59.834
P-27327:WC-2026,P-27327,Vargas,WC-2026,GK,linked,37,41,0,73,72,-1,72,measured_performance,measured_performance,0.825,0.5,0.5,0.775862,0.497512,0.669641,0.601206,0.0,0.0,,,,,0.0,0.0,False,False,37.1429,37.1429
P-27349:WC-2026,P-27349,Leão,WC-2026,FW,linked,27,43,5,79,78,-1,78,measured_performance,measured_performance,1.0,0.527331,0.527363,0.702572,0.721393,0.753148,0.755418,0.0,0.0,,,,,0.0,0.0,False,False,49.8488,49.8488
P-27540:WC-2026,P-27540,Depay,WC-2026,FW,linked,32,109,55,88,88,0,88,measured_performance,measured_performance,0.95,0.961415,0.930348,0.940514,0.895522,0.865423,0.871788,0.0,0.0,0.105326,0.118492,,,0.0,0.0,False,False,61.8286,61.8286
P-27541:WC-2026,P-27541,Osorio,WC-2026,MF,linked,33,90,10,79,77,-2,77,measured_performance,measured_performance,0.925,0.882114,0.758706,0.947154,0.875622,0.751785,0.740651,0.0,0.0,,,,,0.0,0.0,False,False,48.7256,48.7256
P-27582:WC-2026,P-27582,Paredes,WC-2026,MF,linked,31,77,5,83,79,-4,79,measured_performance,measured_performance,0.975,0.738482,0.634328,0.903794,0.845771,0.789229,0.762573,0.0,0.0,,,,,0.0,0.0,False,False,50.6667,50.6667
P-28364:WC-2026,P-28364,Franco,WC-2026,MF,linked,27,57,1,79,78,-1,78,measured_performance,measured_performance,1.0,0.359079,0.360697,0.771003,0.810945,0.742592,0.754406,0.0,0.0,,,,,0.0,0.0,False,False,49.75,49.75
P-28492:WC-2026,P-28492,Hosseini,WC-2026,GK,linked,33,13,0,71,71,0,71,measured_performance,measured_performance,0.925,0.5,0.5,0.548276,0.427861,0.561035,0.522973,0.0,0.0,,,,,0.0,0.0,False,False,33.3476,33.3476
P-28517:WC-2026,P-28517,Mensah,WC-2026,DF,linked,27,40,0,85,86,1,86,measured_performance,measured_performance,1.0,0.225653,0.236318,0.703088,0.756219,0.816482,0.841985,0.0,0.0,,,,,0.0,0.0,False,False,59.5294,59.5294
P-28794:WC-2026,P-28794,Eustáquio,WC-2026,MF,linked,29,55,4,79,76,-3,76,measured_performance,measured_performance,1.0,0.686992,0.649254,0.752033,0.696517,0.745688,0.722454,0.0,0.0,,,,,0.0,0.0,False,False,46.9673,46.9673
P-28811:WC-2026,P-28811,Barsham,WC-2026,GK,linked,28,52,0,76,78,2,78,measured_performance,measured_performance,1.0,0.5,0.5,0.803448,0.910448,0.703255,0.754615,0.0,0.0,,,,,0.0,0.0,False,False,49.8488,49.8488
P-28911:WC-2026,P-28911,Gakpo,WC-2026,FW,linked,27,49,19,88,88,0,88,measured_performance,measured_performance,1.0,0.836013,0.873134,0.747588,0.781095,0.900675,0.91806,0.0,0.0,,,,,0.0,0.0,False,False,62.0,62.0
P-29491:WC-2026,P-29491,Modrić,WC-2026,MF,linked,40,197,28,99,97,-2,88,career_stature_estimate,career_stature_estimate,0.8,0.99187,0.900498,0.998645,0.975124,0.888439,0.959731,0.08,0.08,0.897806,0.832588,0.931871,0.888392,1.0,1.0,True,True,96.8392,62.0
P-29578:WC-2026,P-29578,Doku,WC-2026,FW,linked,24,42,7,86,88,2,88,measured_performance,measured_performance,1.0,0.644695,0.743781,0.696141,0.81592,0.825627,0.875672,0.0,0.0,,,,,0.0,0.0,False,False,62.0,62.0
P-29713:WC-2026,P-29713,Hincapié,WC-2026,DF,linked,24,51,3,88,88,0,88,measured_performance,measured_performance,1.0,0.84323,0.910448,0.793349,0.920398,0.890808,0.951791,0.0,0.0,,,,,0.0,0.0,False,False,62.0,62.0
P-30206:WC-2026,P-30206,Maeda,WC-2026,MF,linked,28,27,4,73,72,-1,72,measured_performance,measured_performance,1.0,0.686992,0.681592,0.448509,0.383085,0.658273,0.638394,0.0,0.0,,,,,0.0,0.0,False,False,39.869228,39.869228
P-30252:WC-2026,P-30252,Weah,WC-2026,FW,linked,26,50,7,84,84,0,84,measured_performance,measured_performance,1.0,0.644695,0.679104,0.757235,0.825871,0.801958,0.822582,0.0,0.0,,,,,0.0,0.0,False,False,56.8372,56.8372
P-30316:WC-2026,P-30316,Kimmich,WC-2026,DF,linked,31,109,10,89,88,-1,88,career_stature_estimate,measured_performance,0.975,0.978622,0.970149,0.97981,0.975124,0.937551,0.94706,0.07,0.07,0.474648,0.360166,0.647277,0.6,1.0,0.16805,False,False,62.84025,62.0
P-31301:WC-2026,P-31301,Torres,WC-2026,FW,linked,26,55,23,88,88,0,88,measured_performance,measured_performance,1.0,0.858521,0.91791,0.800643,0.868159,0.915145,0.944627,0.0,0.0,,,,,0.0,0.0,False,False,62.0,62.0
P-31431:WC-2026,P-31431,Lindelöf,WC-2026,DF,linked,31,76,3,88,88,0,88,measured_performance,measured_performance,0.975,0.84323,0.788557,0.920428,0.880597,0.94076,0.932687,0.0,0.0,,,,,0.0,0.0,False,False,62.0,62.0
P-31765:WC-2026,P-31765,Ayew,WC-2026,FW,linked,34,120,34,88,88,0,88,measured_performance,measured_performance,0.9,0.906752,0.741294,0.959807,0.880597,0.907447,0.882537,0.0,0.0,,,,,0.0,0.0,False,False,62.0,62.0
P-31839:WC-2026,P-31839,Džeko,WC-2026,FW,linked,40,148,73,88,86,-2,86,measured_performance,measured_performance,0.8,0.982315,0.776119,0.985531,0.721393,0.856518,0.84497,0.0,0.0,0.165176,0.165972,,,0.0,0.0,False,False,59.5294,59.5294
P-32222:WC-2026,P-32222,Aebischer,WC-2026,MF,linked,29,39,2,82,78,-4,78,measured_performance,measured_performance,1.0,0.506775,0.460199,0.621951,0.539801,0.782423,0.749821,0.0,0.0,,,,,0.0,0.0,False,False,49.628106,49.628106
P-32599:WC-2026,P-32599,Seung-ho,WC-2026,MF,linked,29,27,3,83,78,-5,78,measured_performance,measured_performance,1.0,0.605691,0.557214,0.448509,0.338308,0.785463,0.744418,0.0,0.0,,,,,0.0,0.0,False,False,49.15,49.15
P-32803:WC-2026,P-32803,Dahmen,WC-2026,GK,linked,29,37,0,73,75,2,75,measured_performance,measured_performance,1.0,0.5,0.5,0.744828,0.820896,0.675117,0.71163,0.0,0.0,,,,,0.0,0.0,False,False,45.931,45.931
P-33325:WC-2026,P-33325,Sulemana,WC-2026,FW,linked,24,28,1,72,72,0,72,measured_performance,measured_performance,1.0,0.194534,0.238806,0.546624,0.651741,0.614627,0.643179,0.0,0.0,,,,,0.0,0.0,False,False,40.1081,40.1081
P-33433:WC-2026,P-33433,Raya,WC-2026,GK,linked,30,12,0,78,76,-2,76,measured_performance,measured_performance,1.0,0.5,0.5,0.524138,0.517413,0.731586,0.728358,0.0,0.0,,,,,0.0,0.0,False,False,47.1617,47.1617
P-33804:WC-2026,P-33804,Ahmed,WC-2026,DF,linked,26,67,3,88,88,0,88,measured_performance,measured_performance,1.0,0.84323,0.878109,0.896675,0.955224,0.940404,0.968508,0.0,0.0,,,,,0.0,0.0,False,False,62.0,62.0
P-33958:WC-2026,P-33958,Ndiaye,WC-2026,FW,linked,26,39,4,80,79,-1,79,measured_performance,measured_performance,1.0,0.463023,0.485075,0.681672,0.726368,0.758489,0.771791,0.0,0.0,,,,,0.0,0.0,False,False,50.8988,50.8988
P-34205:WC-2026,P-34205,Silva,WC-2026,MF,linked,31,107,14,88,88,0,88,measured_performance,measured_performance,0.975,0.941734,0.895522,0.968835,0.965174,0.988341,0.98991,0.0,0.0,0.24347,0.194426,,,0.0,0.0,False,False,62.0,62.0
P-34448:WC-2026,P-34448,Rodríguez,WC-2026,MF,linked,27,69,8,84,84,0,84,measured_performance,measured_performance,1.0,0.834688,0.853234,0.853659,0.895522,0.803314,0.818931,0.0,0.0,,,,,0.0,0.0,False,False,56.6667,56.6667
P-34822:WC-2026,P-34822,Irvine,WC-2026,MF,linked,33,81,14,88,88,0,88,measured_performance,measured_performance,0.925,0.941734,0.858209,0.911924,0.791045,0.916189,0.898597,0.0,0.0,,,,,0.0,0.0,False,False,62.0,62.0
P-35173:WC-2026,P-35173,Tagliafico,WC-2026,DF,linked,33,75,1,88,88,0,88,measured_performance,measured_performance,0.925,0.570071,0.430348,0.916865,0.828358,0.886088,0.876612,0.0,0.0,,,,,0.0,0.0,False,False,62.0,62.0
P-35225:WC-2026,P-35225,Itakura,WC-2026,DF,linked,29,40,2,81,78,-3,78,measured_performance,measured_performance,1.0,0.745843,0.721393,0.703088,0.669154,0.766882,0.750594,0.0,0.0,,,,,0.0,0.0,False,False,49.6471,49.6471
P-35320:WC-2026,P-35320,Roldan,WC-2026,MF,linked,31,46,0,72,71,-1,71,measured_performance,measured_performance,0.975,0.130081,0.10199,0.692412,0.50995,0.61598,0.563648,0.0,0.0,,,,,0.0,0.0,False,False,34.794066,34.794066
P-35705:WC-2026,P-35705,Koopmeiners,WC-2026,MF,linked,28,28,3,80,77,-3,77,measured_performance,measured_performance,1.0,0.605691,0.589552,0.46748,0.405473,0.756927,0.73597,0.0,0.0,,,,,0.0,0.0,False,False,48.1143,48.1143
P-35837:WC-2026,P-35837,Leckie,WC-2026,FW,linked,35,79,14,73,71,-2,71,measured_performance,measured_performance,0.875,0.794212,0.482587,0.885852,0.621891,0.673391,0.578558,0.0,0.0,,,,,0.0,0.0,False,False,35.5493,35.5493
P-36105:WC-2026,P-36105,Seidu,WC-2026,DF,linked,26,24,1,78,78,0,78,measured_performance,measured_performance,1.0,0.570071,0.621891,0.508314,0.549751,0.722991,0.74288,0.0,0.0,,,,,0.0,0.0,False,False,48.9044,48.9044
P-36188:WC-2026,P-36188,Rulli,WC-2026,GK,linked,34,7,0,72,71,-1,71,measured_performance,measured_performance,0.9,0.5,0.5,0.406897,0.243781,0.62778,0.569015,0.0,0.0,,,,,0.0,0.0,False,False,35.0554,35.0554
P-36212:WC-2026,P-36212,Montes,WC-2026,DF,linked,29,66,4,84,83,-1,83,measured_performance,measured_performance,1.0,0.9038,0.89801,0.889549,0.890547,0.806784,0.807263,0.0,0.0,,,,,0.0,0.0,False,False,55.182872,55.182872
P-37308:WC-2026,P-37308,Al-Shehri,WC-2026,FW,linked,32,55,18,80,75,-5,75,measured_performance,measured_performance,0.95,0.826367,0.69403,0.800643,0.644279,0.753691,0.706964,0.0,0.0,,,,,0.0,0.0,False,False,45.7018,45.7018
P-37314:WC-2026,P-37314,De Paul,WC-2026,MF,linked,32,85,2,79,75,-4,75,measured_performance,measured_performance,0.95,0.506775,0.355721,0.930894,0.863184,0.744328,0.714095,0.0,0.0,,,,,0.0,0.0,False,False,46.010879,46.010879
P-37420:WC-2026,P-37420,García,WC-2026,DF,linked,25,19,0,77,78,1,78,measured_performance,measured_performance,1.0,0.225653,0.261194,0.432304,0.5,0.717506,0.75,0.0,0.0,,,,,0.0,0.0,False,False,49.6471,49.6471
P-37935:WC-2026,P-37935,Sarr,WC-2026,FW,linked,28,82,19,88,88,0,88,measured_performance,measured_performance,1.0,0.836013,0.850746,0.890675,0.920398,0.917846,0.926716,0.0,0.0,,,,,0.0,0.0,False,False,62.0,62.0
P-38594:WC-2026,P-38594,Sánchez,WC-2026,DF,linked,29,78,4,86,84,-2,84,measured_performance,measured_performance,1.0,0.9038,0.89801,0.922803,0.925373,0.822745,0.823979,0.0,0.0,,,,,0.0,0.0,False,False,56.8372,56.8372
P-38732:WC-2026,P-38732,Al-Haydos,WC-2026,FW,linked,35,185,41,78,76,-2,76,measured_performance,measured_performance,0.875,0.934084,0.781095,0.991961,0.975124,0.728592,0.728409,0.0,0.0,0.11547,0.129904,,,0.0,0.0,False,False,47.3103,47.3103
P-38927:WC-2026,P-38927,Widmer,WC-2026,DF,linked,33,59,5,88,84,-4,84,measured_performance,measured_performance,0.925,0.931116,0.865672,0.851544,0.706468,0.857086,0.818105,0.0,0.0,,,,,0.0,0.0,False,False,56.5688,56.5688
P-39347:WC-2026,P-39347,Ramírez,WC-2026,GK,linked,25,7,0,71,72,1,72,measured_performance,measured_performance,1.0,0.5,0.5,0.406897,0.567164,0.557711,0.634639,0.0,0.0,,,,,0.0,0.0,False,False,39.5405,39.5405
P-39464:WC-2026,P-39464,Sané,WC-2026,MF,linked,30,75,16,87,84,-3,84,measured_performance,measured_performance,1.0,0.96477,0.947761,0.898374,0.865672,0.841168,0.828484,0.0,0.0,,,,,0.0,0.0,False,False,57.5,57.5
P-39584:WC-2026,P-39584,Fernandes,WC-2026,MF,linked,31,87,28,88,88,0,88,measured_performance,measured_performance,0.975,0.99187,0.985075,0.937669,0.90796,0.988976,0.990627,0.0,0.0,0.2,0.144,,,0.0,0.0,False,False,62.0,62.0
P-39942:WC-2026,P-39942,Kubo,WC-2026,MF,linked,25,49,7,88,88,0,88,measured_performance,measured_performance,1.0,0.811653,0.873134,0.718157,0.835821,0.902667,0.948358,0.0,0.0,,,,,0.0,0.0,False,False,62.0,62.0
P-40007:WC-2026,P-40007,Olmo,WC-2026,FW,linked,28,48,12,88,88,0,88,measured_performance,measured_performance,1.0,0.765273,0.768657,0.734727,0.731343,0.873666,0.874478,0.0,0.0,,,,,0.0,0.0,False,False,62.0,62.0
P-40137:WC-2026,P-40137,Danilo,WC-2026,DF,linked,34,69,1,86,82,-4,82,measured_performance,measured_performance,0.9,0.570071,0.39801,0.901425,0.766169,0.818816,0.797161,0.0,0.0,,,,,0.0,0.0,False,False,54.079063,54.079063
P-40147:WC-2026,P-40147,Palacios,WC-2026,MF,linked,27,38,0,76,75,-1,75,measured_performance,measured_performance,1.0,0.130081,0.126866,0.612466,0.626866,0.707366,0.710896,0.0,0.0,,,,,0.0,0.0,False,False,45.931,45.931
P-40619:WC-2026,P-40619,Ounahi,WC-2026,MF,linked,26,48,9,88,88,0,88,measured_performance,measured_performance,1.0,0.857724,0.893035,0.708672,0.783582,0.908781,0.937134,0.0,0.0,,,,,0.0,0.0,False,False,62.0,62.0
P-40621:WC-2026,P-40621,Gueye,WC-2026,MF,linked,36,130,7,88,88,0,88,measured_performance,measured_performance,0.85,0.811653,0.58209,0.985095,0.915423,0.913613,0.915403,0.0,0.0,0.0598,0.067274,,,0.0,0.0,False,False,62.0,62.0
P-41603:WC-2026,P-41603,Dalot,WC-2026,DF,linked,27,33,3,85,85,0,85,measured_performance,measured_performance,1.0,0.84323,0.865672,0.64133,0.676617,0.817838,0.834776,0.0,0.0,,,,,0.0,0.0,False,False,58.463779,58.463779
P-41647:WC-2026,P-41647,Ramos,WC-2026,FW,linked,24,24,10,84,86,2,86,measured_performance,measured_performance,1.0,0.71865,0.825871,0.490354,0.569652,0.796556,0.844672,0.0,0.0,,,,,0.0,0.0,False,False,59.5294,59.5294
P-41902:WC-2026,P-41902,Ito,WC-2026,DF,linked,27,24,1,78,76,-2,76,measured_performance,measured_performance,1.0,0.570071,0.597015,0.508314,0.517413,0.722991,0.727358,0.0,0.0,,,,,0.0,0.0,False,False,47.1304,47.1304
P-42390:WC-2026,P-42390,Laryea,WC-2026,DF,linked,31,74,1,80,78,-2,78,measured_performance,measured_performance,0.975,0.570071,0.487562,0.912114,0.868159,0.757069,0.746916,0.0,0.0,,,,,0.0,0.0,False,False,49.2603,49.2603
P-42523:WC-2026,P-42523,Kim,WC-2026,GK,linked,35,87,0,80,80,0,80,measured_performance,measured_performance,0.875,0.5,0.5,0.941379,0.875622,0.757779,0.782699,0.0,0.0,,,,,0.0,0.0,False,False,51.9448,51.9448
P-43196:WC-2026,P-43196,Mina,WC-2026,DF,linked,31,53,8,88,84,-4,84,measured_performance,measured_performance,0.975,0.965558,0.950249,0.811164,0.728856,0.858625,0.828851,0.0,0.0,,,,,0.0,0.0,False,False,57.5,57.5
P-43367:WC-2026,P-43367,Rodríguez,WC-2026,DF,linked,33,137,9,88,88,0,88,measured_performance,measured_performance,0.925,0.972684,0.940299,0.994062,0.99005,0.951364,0.985224,0.0,0.0,,,,,0.0,0.0,False,False,62.0,62.0
P-44505:WC-2026,P-44505,Davis,WC-2026,DF,linked,35,106,9,79,79,0,79,measured_performance,measured_performance,0.875,0.972684,0.932836,0.975059,0.920398,0.739725,0.771991,0.0,0.0,,,,,0.0,0.0,False,False,50.8988,50.8988
P-45280:WC-2026,P-45280,Gueye,WC-2026,MF,linked,27,41,5,88,88,0,88,measured_performance,measured_performance,1.0,0.738482,0.761194,0.653117,0.671642,0.869886,0.879582,0.0,0.0,,,,,0.0,0.0,False,False,62.0,62.0
P-45288:WC-2026,P-45288,Hakimi,WC-2026,DF,linked,27,95,11,88,88,0,88,measured_performance,measured_performance,1.0,0.984561,0.987562,0.958432,0.9801,0.939047,0.949448,0.0,0.0,0.32,0.2304,,,0.0,0.0,False,False,62.0,62.0
P-45399:WC-2026,P-45399,Mendy,WC-2026,GK,linked,34,56,0,77,74,-3,74,measured_performance,measured_performance,0.9,0.5,0.5,0.827586,0.70398,0.719917,0.70031,0.0,0.0,0.31,0.2232,,,0.0,0.0,False,False,44.912,44.912
P-45680:WC-2026,P-45680,Ben Slimane,WC-2026,MF,linked,25,40,4,88,88,0,88,measured_performance,measured_performance,1.0,0.686992,0.768657,0.635501,0.743781,0.854927,0.901791,0.0,0.0,,,,,0.0,0.0,False,False,62.0,62.0
P-46107:WC-2026,P-46107,El Kaabi,WC-2026,FW,linked,32,71,37,83,79,-4,79,measured_performance,measured_performance,0.95,0.918006,0.855721,0.860129,0.736318,0.791813,0.776218,0.0,0.0,0.050666,0.057,,,0.0,0.0,False,False,51.1581,51.1581
P-46358:WC-2026,P-46358,Davies,WC-2026,DF,linked,25,58,15,88,88,0,88,measured_performance,measured_performance,1.0,0.995249,0.997512,0.84323,0.935323,0.88375,0.927955,0.07,0.0,0.361604,0.261016,0.6,,0.180033,0.0,False,False,62.0,62.0
P-46898:WC-2026,P-46898,Pino,WC-2026,FW,linked,23,21,4,78,80,2,80,measured_performance,measured_performance,0.971429,0.463023,0.59204,0.42926,0.539801,0.721965,0.787911,0.0,0.0,,,,,0.0,0.0,False,False,52.5702,52.5702
P-47137:WC-2026,P-47137,Rezaeian,WC-2026,DF,linked,36,73,7,76,73,-3,73,measured_performance,measured_performance,0.85,0.952494,0.858209,0.908551,0.716418,0.700889,0.674081,0.0,0.0,,,,,0.0,0.0,False,False,42.537274,42.537274
P-47182:WC-2026,P-47182,Musiala,WC-2026,MF,linked,23,41,9,87,88,1,88,measured_performance,measured_performance,0.971429,0.857724,0.937811,0.653117,0.843284,0.848701,0.928926,0.0,0.0,,,,,0.0,0.0,False,False,62.0,62.0
P-47319:WC-2026,P-47319,Afif,WC-2026,FW,linked,29,124,39,82,80,-2,80,measured_performance,measured_performance,1.0,0.92926,0.937811,0.966238,0.9801,0.780682,0.785424,0.0,0.0,0.203682,0.184234,,,0.0,0.0,False,False,52.1756,52.1756
P-47321:WC-2026,P-47321,Koulibaly,WC-2026,DF,linked,34,102,2,84,84,0,84,measured_performance,measured_performance,0.9,0.745843,0.589552,0.970309,0.920398,0.798973,0.821591,0.0,0.0,0.0463,0.052088,,,0.0,0.0,False,False,56.7659,56.7659
P-47490:WC-2026,P-47490,Aguerd,WC-2026,DF,linked,30,64,2,88,88,0,88,measured_performance,measured_performance,1.0,0.745843,0.696517,0.881235,0.853234,0.901993,0.888552,0.0,0.0,,,,,0.0,0.0,False,False,62.0,62.0
P-47815:WC-2026,P-47815,Skhiri,WC-2026,MF,linked,31,82,4,88,87,-1,87,measured_performance,measured_performance,0.975,0.686992,0.567164,0.915989,0.865672,0.891815,0.864209,0.0,0.0,,,,,0.0,0.0,False,False,60.9,60.9
P-47906:WC-2026,P-47906,Tielemans,WC-2026,MF,linked,29,84,13,88,88,0,88,measured_performance,measured_performance,1.0,0.930894,0.915423,0.924119,0.932836,0.984878,0.984418,0.0,0.0,,,,,0.0,0.0,False,False,62.0,62.0
P-48340:WC-2026,P-48340,David,WC-2026,FW,linked,26,76,39,88,88,0,88,measured_performance,measured_performance,1.0,0.92926,0.972637,0.879421,0.950249,0.919064,0.943179,0.0,0.0,0.158352,0.134952,,,0.0,0.0,False,False,62.0,62.0
P-48887:WC-2026,P-48887,Mejbri,WC-2026,MF,linked,23,45,1,84,88,4,88,measured_performance,measured_performance,0.971429,0.359079,0.430348,0.686992,0.875622,0.799174,0.874806,0.0,0.0,,,,,0.0,0.0,False,False,62.0,62.0
P-48903:WC-2026,P-48903,Turner,WC-2026,GK,linked,31,54,0,79,78,-1,78,measured_performance,measured_performance,0.975,0.5,0.5,0.817241,0.825871,0.744869,0.758818,0.0,0.0,,,,,0.0,0.0,False,False,49.9098,49.9098
P-48955:WC-2026,P-48955,De Bruyne,WC-2026,MF,linked,34,118,36,90,89,-1,88,career_stature_estimate,career_stature_estimate,0.9,0.998645,0.995025,0.979675,0.940299,0.932498,0.967851,0.08,0.08,0.550566,0.442968,0.700377,0.628645,1.0,0.858067,True,False,69.606361,62.0
P-49090:WC-2026,P-49090,Bum-keun,WC-2026,GK,linked,28,3,0,71,71,0,71,measured_performance,measured_performance,1.0,0.5,0.5,0.234483,0.233831,0.474952,0.474639,0.0,0.0,,,,,0.0,0.0,False,False,31.8154,31.8154
P-49114:WC-2026,P-49114,Otamendi,WC-2026,DF,linked,38,130,8,85,88,3,88,measured_performance,measured_performance,0.8,0.965558,0.880597,0.991686,0.930348,0.810207,0.875967,0.0,0.0,0.25337,0.20591,,,0.0,0.0,False,False,62.0,62.0
P-49806:WC-2026,P-49806,Chávez,WC-2026,MF,linked,30,44,4,78,73,-5,73,measured_performance,measured_performance,1.0,0.686992,0.609453,0.681572,0.557214,0.725395,0.674693,0.0,0.0,,,,,0.0,0.0,False,False,42.7368,42.7368
P-49934:WC-2026,P-49934,Pacho,WC-2026,DF,linked,24,34,2,83,87,4,87,measured_performance,measured_performance,1.0,0.745843,0.835821,0.648456,0.803483,0.790259,0.864672,0.0,0.0,,,,,0.0,0.0,False,False,60.9,60.9
P-50688:WC-2026,P-50688,Bounou,WC-2026,GK,linked,35,89,0,80,81,1,81,measured_performance,measured_performance,0.875,0.5,0.5,0.948276,0.895522,0.760676,0.792251,0.0,0.0,,,,,0.0,0.0,False,False,53.5172,53.5172
P-51118:WC-2026,P-51118,Behich,WC-2026,DF,linked,35,83,3,78,76,-2,76,measured_performance,measured_performance,0.875,0.84323,0.69403,0.941805,0.825871,0.725758,0.726618,0.0,0.0,,,,,0.0,0.0,False,False,47.1304,47.1304
P-51201:WC-2026,P-51201,Rüdiger,WC-2026,DF,linked,33,82,3,88,88,0,88,measured_performance,measured_performance,0.925,0.84323,0.743781,0.93943,0.870647,0.927107,0.927911,0.07,0.0,0.392,0.28224,0.6,,0.433333,0.0,False,False,62.0,62.0
P-51990:WC-2026,P-51990,Ati-Zigi,WC-2026,GK,linked,29,29,0,75,77,2,77,measured_performance,measured_performance,1.0,0.5,0.5,0.693103,0.781095,0.695089,0.737326,0.0,0.0,,,,,0.0,0.0,False,False,48.1143,48.1143
P-52697:WC-2026,P-52697,Estupiñán,WC-2026,DF,linked,28,53,4,88,88,0,88,measured_performance,measured_performance,1.0,0.9038,0.912935,0.811164,0.838308,0.868359,0.881388,0.0,0.0,,,,,0.0,0.0,False,False,62.0,62.0
P-53048:WC-2026,P-53048,Witsel,WC-2026,MF,linked,37,137,12,88,88,0,88,measured_performance,measured_performance,0.825,0.917344,0.746269,0.987805,0.905473,0.92001,0.94406,0.0,0.0,0.0618,0.069526,,,0.0,0.0,False,False,62.0,62.0
P-53282:WC-2026,P-53282,Endo,WC-2026,MF,linked,33,73,4,88,86,-2,86,measured_performance,measured_performance,0.925,0.686992,0.492537,0.876694,0.718905,0.895561,0.841612,0.0,0.0,0.04,0.024,,,0.0,0.0,False,False,59.253458,59.253458
P-53967:WC-2026,P-53967,Williams,WC-2026,FW,linked,31,26,2,74,72,-2,72,measured_performance,measured_performance,0.975,0.307074,0.186567,0.517685,0.378109,0.678352,0.622537,0.0,0.0,,,,,0.0,0.0,False,False,38.595445,38.595445
P-54506:WC-2026,P-54506,Jakobs,WC-2026,DF,linked,26,29,0,73,74,1,74,measured_performance,measured_performance,1.0,0.225653,0.248756,0.593824,0.656716,0.664836,0.695024,0.0,0.0,,,,,0.0,0.0,False,False,44.3064,44.3064
P-54517:WC-2026,P-54517,Tchouaméni,WC-2026,MF,linked,26,44,3,87,88,1,88,measured_performance,measured_performance,1.0,0.605691,0.651741,0.681572,0.753731,0.852585,0.882209,0.0,0.0,,,,,0.0,0.0,False,False,62.0,62.0
P-54827:WC-2026,P-54827,Costa,WC-2026,GK,linked,26,42,0,83,87,4,87,measured_performance,measured_performance,1.0,0.5,0.5,0.782759,0.940299,0.782924,0.858544,0.0,0.0,,,,,0.0,0.0,False,False,60.32,60.32
P-55965:WC-2026,P-55965,de Roon,WC-2026,MF,linked,35,43,1,79,72,-7,72,measured_performance,measured_performance,0.875,0.359079,0.18408,0.674797,0.298507,0.736374,0.627313,0.0,0.0,,,,,0.0,0.0,False,False,38.9474,38.9474
P-56029:WC-2026,P-56029,van Dijk,WC-2026,DF,linked,34,91,12,94,90,-4,88,career_stature_estimate,career_stature_estimate,0.9,0.990499,0.972637,0.950119,0.878109,0.920451,0.931492,0.07,0.07,0.73688,0.586845,0.813357,0.718335,1.0,1.0,True,True,78.833517,62.0
P-56069:WC-2026,P-56069,Castagne,WC-2026,DF,linked,30,62,2,88,88,0,88,measured_performance,measured_performance,1.0,0.745843,0.696517,0.871734,0.840796,0.928432,0.913582,0.0,0.0,,,,,0.0,0.0,False,False,62.0,62.0
P-56347:WC-2026,P-56347,Galíndez,WC-2026,GK,linked,39,34,0,73,71,-2,71,measured_performance,measured_performance,0.8,0.5,0.5,0.724138,0.323383,0.640469,0.517624,0.0,0.0,,,,,0.0,0.0,False,False,33.2624,33.2624
P-56659:WC-2026,P-56659,Almada,WC-2026,FW,linked,25,14,4,77,77,0,77,measured_performance,measured_performance,1.0,0.463023,0.5199,0.323151,0.355721,0.715466,0.739851,0.0,0.0,,,,,0.0,0.0,False,False,48.309775,48.309775
P-56669:WC-2026,P-56669,Debast,WC-2026,DF,linked,22,26,1,73,81,8,81,measured_performance,measured_performance,0.942857,0.570071,0.708955,0.541568,0.748756,0.674498,0.788803,0.0,0.0,,,,,0.0,0.0,False,False,52.7157,52.7157
P-56868:WC-2026,P-56868,Cömert,WC-2026,DF,linked,28,21,0,79,76,-3,76,measured_performance,measured_performance,1.0,0.225653,0.221393,0.471496,0.445274,0.736318,0.723732,0.0,0.0,,,,,0.0,0.0,False,False,46.9673,46.9673
P-57100:WC-2026,P-57100,Alaaeldin,WC-2026,FW,linked,33,67,9,73,71,-2,71,measured_performance,measured_performance,0.925,0.694534,0.475124,0.837621,0.636816,0.654456,0.577663,0.0,0.0,,,,,0.0,0.0,False,False,35.5493,35.5493
P-57401:WC-2026,P-57401,Rabiot,WC-2026,MF,linked,31,57,7,88,84,-4,84,measured_performance,measured_performance,0.975,0.811653,0.731343,0.771003,0.621891,0.874439,0.825522,0.0,0.0,,,,,0.0,0.0,False,False,57.0286,57.0286
P-57417:WC-2026,P-57417,Šutalo,WC-2026,DF,linked,26,32,0,78,79,1,79,measured_performance,measured_performance,1.0,0.225653,0.248756,0.629454,0.701493,0.731538,0.766117,0.0,0.0,,,,,0.0,0.0,False,False,50.7718,50.7718
P-57586:WC-2026,P-57586,Ueda,WC-2026,FW,linked,27,39,16,84,84,0,84,measured_performance,measured_performance,1.0,0.813505,0.848259,0.681672,0.689055,0.804062,0.81746,0.0,0.0,,,,,0.0,0.0,False,False,56.4492,56.4492
P-57759:WC-2026,P-57759,Nunes,WC-2026,MF,linked,27,19,2,79,76,-3,76,measured_performance,measured_performance,1.0,0.506775,0.514925,0.341463,0.308458,0.735642,0.727702,0.0,0.0,,,,,0.0,0.0,False,False,47.1617,47.1617
P-57865:WC-2026,P-57865,Jiménez,WC-2026,FW,linked,35,123,44,88,88,0,88,measured_performance,measured_performance,0.875,0.940514,0.80597,0.963023,0.865672,0.907379,0.90403,0.0,0.0,0.099508,0.111946,,,0.0,0.0,False,False,62.0,62.0
P-57903:WC-2026,P-57903,Lang,WC-2026,FW,linked,26,15,3,71,71,0,71,measured_performance,measured_performance,1.0,0.392283,0.402985,0.350482,0.343284,0.56308,0.566069,0.0,0.0,,,,,0.0,0.0,False,False,34.8085,34.8085
P-57922:WC-2026,P-57922,Ćaleta-Car,WC-2026,DF,linked,29,38,1,87,84,-3,84,measured_performance,measured_performance,1.0,0.570071,0.539801,0.687648,0.646766,0.840071,0.820448,0.0,0.0,,,,,0.0,0.0,False,False,56.754092,56.754092
P-58383:WC-2026,P-58383,Mandi,WC-2026,DF,linked,34,117,7,88,88,0,88,measured_performance,measured_performance,0.9,0.952494,0.893035,0.986936,0.970149,0.905356,0.944672,0.0,0.0,0.0528,0.0594,,,0.0,0.0,False,False,62.0,62.0
P-58420:WC-2026,P-58420,Gvardiol,WC-2026,DF,linked,24,47,4,88,88,0,88,measured_performance,measured_performance,1.0,0.9038,0.957711,0.767221,0.900498,0.878266,0.942239,0.0,0.0,,,,,0.0,0.0,False,False,62.0,62.0
P-58692:WC-2026,P-58692,Hwang,WC-2026,MF,linked,30,79,17,88,88,0,88,measured_performance,measured_performance,1.0,0.974255,0.965174,0.909214,0.885572,0.988911,0.980358,0.0,0.0,,,,,0.0,0.0,False,False,62.0,62.0
P-58791:WC-2026,P-58791,Bentancur,WC-2026,MF,linked,28,74,3,88,88,0,88,measured_performance,measured_performance,1.0,0.605691,0.589552,0.888889,0.910448,0.912293,0.915403,0.0,0.0,,,,,0.0,0.0,False,False,62.0,62.0
P-58907:WC-2026,P-58907,Dōan,WC-2026,MF,linked,27,65,11,88,88,0,88,measured_performance,measured_performance,1.0,0.899729,0.91791,0.823848,0.865672,0.916016,0.931552,0.0,0.0,,,,,0.0,0.0,False,False,62.0,62.0
P-58924:WC-2026,P-58924,Kane,WC-2026,FW,linked,32,112,78,90,90,0,88,career_stature_estimate,career_stature_estimate,0.95,0.985531,0.975124,0.94373,0.900498,0.923637,0.938104,0.08,0.08,0.550288,0.539919,0.700192,0.693279,1.0,1.0,False,False,77.327933,62.0
P-59727:WC-2026,P-59727,Degenek,WC-2026,DF,linked,32,56,1,76,73,-3,73,measured_performance,measured_performance,0.95,0.570071,0.457711,0.830166,0.716418,0.708756,0.674081,0.0,0.0,,,,,0.0,0.0,False,False,42.537274,42.537274
P-59837:WC-2026,P-59837,Rashford,WC-2026,FW,linked,28,70,18,88,88,0,88,measured_performance,measured_performance,1.0,0.826367,0.838308,0.853698,0.880597,0.909936,0.917463,0.0,0.0,,,,,0.0,0.0,False,False,62.0,62.0
P-61416:WC-2026,P-61416,Ciss,WC-2026,MF,linked,32,29,0,75,72,-3,72,measured_performance,measured_performance,0.95,0.130081,0.094527,0.48374,0.238806,0.696078,0.626925,0.0,0.0,,,,,0.0,0.0,False,False,38.925485,38.925485
P-61424:WC-2026,P-61424,Lerma,WC-2026,MF,linked,31,64,5,88,87,-1,87,measured_performance,measured_performance,0.975,0.738482,0.634328,0.810298,0.689055,0.905776,0.860239,0.0,0.0,,,,,0.0,0.0,False,False,60.6428,60.6428
P-61810:WC-2026,P-61810,De Ketelaere,WC-2026,FW,linked,25,29,5,79,79,0,79,measured_performance,measured_performance,1.0,0.527331,0.594527,0.569132,0.641791,0.737135,0.770045,0.0,0.0,,,,,0.0,0.0,False,False,50.8988,50.8988
P-61979:WC-2026,P-61979,Mabil,WC-2026,FW,linked,30,38,10,87,83,-4,83,measured_performance,measured_performance,1.0,0.71865,0.639303,0.66881,0.569652,0.848971,0.808507,0.0,0.0,,,,,0.0,0.0,False,False,55.2872,55.2872
P-62341:WC-2026,P-62341,Rodri,WC-2026,MF,linked,29,61,4,90,91,1,88,career_stature_estimate,career_stature_estimate,1.0,0.686992,0.649254,0.795393,0.751244,0.900976,0.881015,0.08,0.077638,0.526598,0.614884,0.684399,0.743256,1.0,1.0,True,True,82.089426,62.0
P-62543:WC-2026,P-62543,Preciado,WC-2026,DF,linked,28,54,0,86,85,-1,85,measured_performance,measured_performance,1.0,0.225653,0.221393,0.819477,0.848259,0.822749,0.836564,0.0,0.0,,,,,0.0,0.0,False,False,58.731,58.731
P-62594:WC-2026,P-62594,De Arrascaeta,WC-2026,MF,linked,32,60,13,86,81,-5,81,measured_performance,measured_performance,0.95,0.930894,0.855721,0.791328,0.61194,0.837902,0.792137,0.0,0.0,0.052,0.0364,,,0.0,0.0,False,False,53.4389,53.4389
P-62952:WC-2026,P-62952,Kamada,WC-2026,MF,linked,29,49,12,88,88,0,88,measured_performance,measured_performance,1.0,0.917344,0.89801,0.718157,0.646766,0.922959,0.898687,0.0,0.0,,,,,0.0,0.0,False,False,62.0,62.0
P-63532:WC-2026,P-63532,Madibo,WC-2026,MF,linked,29,50,0,72,71,-1,71,measured_performance,measured_performance,1.0,0.130081,0.114428,0.726287,0.659204,0.576946,0.554621,0.0,0.0,,,,,0.0,0.0,False,False,34.5683,34.5683
P-64077:WC-2026,P-64077,Mbappé,WC-2026,FW,linked,27,96,56,98,96,-2,88,career_stature_estimate,career_stature_estimate,1.0,0.971061,0.987562,0.924437,0.975124,0.970514,0.982537,0.08,0.08,0.85777,0.800552,0.90518,0.867035,1.0,1.0,True,True,94.703467,62.0
P-64182:WC-2026,P-64182,Vega,WC-2026,FW,linked,28,51,7,76,74,-2,74,measured_performance,measured_performance,1.0,0.644695,0.619403,0.768489,0.773632,0.704109,0.695621,0.0,0.0,,,,,0.0,0.0,False,False,44.3572,44.3572
P-64249:WC-2026,P-64249,Devlin,WC-2026,MF,linked,28,4,0,70,69,-1,69,measured_performance,measured_performance,1.0,0.130081,0.121891,0.079946,0.047264,0.4452,0.434215,0.0,0.0,,,,,0.0,0.0,False,False,25.8909,25.8909
P-64438:WC-2026,P-64438,Aké,WC-2026,DF,linked,31,59,5,88,88,0,88,measured_performance,measured_performance,0.975,0.931116,0.89801,0.851544,0.781095,0.908523,0.884926,0.0,0.0,,,,,0.0,0.0,False,False,62.0,62.0
P-64924:WC-2026,P-64924,Abdi,WC-2026,DF,linked,32,46,7,86,79,-7,79,measured_performance,measured_performance,0.95,0.952494,0.920398,0.761283,0.616915,0.826145,0.775119,0.0,0.0,,,,,0.0,0.0,False,False,51.1,51.1
P-65182:WC-2026,P-65182,Kramarić,WC-2026,FW,linked,34,115,36,88,87,-1,87,measured_performance,measured_performance,0.9,0.913183,0.761194,0.953376,0.855721,0.877836,0.855716,0.0,0.0,0.08811,0.099124,,,0.0,0.0,False,False,60.1778,60.1778
P-65199:WC-2026,P-65199,Guedes,WC-2026,FW,linked,29,33,7,85,81,-4,81,measured_performance,measured_performance,1.0,0.644695,0.60199,0.623794,0.549751,0.816945,0.792687,0.0,0.0,,,,,0.0,0.0,False,False,53.6,53.6
P-65659:WC-2026,P-65659,Giménez,WC-2026,DF,linked,31,99,8,88,88,0,88,measured_performance,measured_performance,0.975,0.965558,0.950249,0.967933,0.955224,0.962993,0.968508,0.0,0.0,,0.024,,,0.0,0.0,False,False,62.0,62.0
P-66020:WC-2026,P-66020,Weverton,WC-2026,GK,linked,38,10,0,72,71,-1,71,measured_performance,measured_performance,0.8,0.5,0.5,0.468966,0.174129,0.587283,0.490782,0.0,0.0,,,,,0.0,0.0,False,False,32.2791,32.2791
P-67035:WC-2026,P-67035,Al-Aqidi,WC-2026,GK,linked,26,22,0,73,79,6,79,measured_performance,measured_performance,1.0,0.5,0.5,0.644828,0.830846,0.671917,0.761206,0.0,0.0,,,,,0.0,0.0,False,False,50.635728,50.635728
P-67129:WC-2026,P-67129,Digne,WC-2026,DF,linked,32,56,0,88,86,-2,86,measured_performance,measured_performance,0.95,0.225653,0.171642,0.830166,0.716418,0.888556,0.853881,0.0,0.0,,,,,0.0,0.0,False,False,60.096763,60.096763
P-67516:WC-2026,P-67516,In-beom,WC-2026,MF,linked,29,73,6,88,86,-2,86,measured_performance,measured_performance,1.0,0.777778,0.751244,0.876694,0.868159,0.853421,0.845869,0.0,0.0,,,,,0.0,0.0,False,False,59.6437,59.6437
P-67668:WC-2026,P-67668,Sučić,WC-2026,MF,linked,23,20,1,77,79,2,79,measured_performance,measured_performance,0.971429,0.359079,0.430348,0.365854,0.522388,0.709329,0.773075,0.0,0.0,,,,,0.0,0.0,False,False,50.9189,50.9189
P-68060:WC-2026,P-68060,Freuler,WC-2026,MF,linked,34,87,11,88,88,0,88,measured_performance,measured_performance,0.9,0.899729,0.763682,0.937669,0.81592,0.904517,0.887612,0.0,0.0,,,,,0.0,0.0,False,False,62.0,62.0
P-68131:WC-2026,P-68131,Wright,WC-2026,FW,linked,28,20,7,83,80,-3,80,measured_performance,measured_performance,1.0,0.644695,0.619403,0.411576,0.365672,0.791479,0.776866,0.0,0.0,,,,,0.0,0.0,False,False,51.6365,51.6365
P-68218:WC-2026,P-68218,Williams,WC-2026,FW,linked,23,30,6,83,87,4,87,measured_performance,measured_performance,0.971429,0.594855,0.726368,0.585209,0.733831,0.786248,0.859552,0.0,0.0,,,,,0.0,0.0,False,False,60.4571,60.4571
P-68429:WC-2026,P-68429,Tomiyasu,WC-2026,DF,linked,27,43,1,82,82,0,82,measured_performance,measured_performance,1.0,0.570071,0.597015,0.724466,0.781095,0.777144,0.804326,0.0,0.0,,,,,0.0,0.0,False,False,55.0439,55.0439
P-68952:WC-2026,P-68952,McKennie,WC-2026,MF,linked,27,65,12,88,88,0,88,measured_performance,measured_performance,1.0,0.917344,0.932836,0.823848,0.865672,0.919398,0.934418,0.0,0.0,,,,,0.0,0.0,False,False,62.0,62.0
P-70145:WC-2026,P-70145,Owusu,WC-2026,MF,linked,28,20,0,72,72,0,72,measured_performance,measured_performance,1.0,0.130081,0.121891,0.365854,0.293532,0.636342,0.61394,0.0,0.0,,,,,0.0,0.0,False,False,38.0414,38.0414
P-70442:WC-2026,P-70442,Ronaldo,WC-2026,FW,linked,41,226,143,97,95,-2,86,career_stature_estimate,career_stature_estimate,0.8,0.998392,0.965174,0.998392,0.965174,0.763183,0.843084,0.042228,0.069711,0.87844,0.769903,0.91896,0.846602,1.0,1.0,True,True,91.631302,59.5294
P-70483:WC-2026,P-70483,Martinelli,WC-2026,FW,linked,24,22,4,78,79,1,79,measured_performance,measured_performance,1.0,0.463023,0.554726,0.456592,0.532338,0.731479,0.773582,0.0,0.0,,,,,0.0,0.0,False,False,50.9189,50.9189
P-70583:WC-2026,P-70583,Al-Dawsari,WC-2026,FW,linked,34,108,26,81,76,-5,76,measured_performance,measured_performance,0.9,0.884244,0.701493,0.937299,0.800995,0.767523,0.728457,0.0,0.0,,,,,0.0,0.0,False,False,47.449088,47.449088
P-70618:WC-2026,P-70618,Pickford,WC-2026,GK,linked,32,82,0,88,88,0,88,measured_performance,measured_performance,0.95,0.5,0.5,0.913793,0.925373,0.89669,0.924179,0.0,0.0,,,,,0.0,0.0,False,False,62.0,62.0
P-70867:WC-2026,P-70867,Robinson,WC-2026,DF,linked,28,53,4,88,88,0,88,measured_performance,measured_performance,1.0,0.9038,0.912935,0.811164,0.838308,0.899359,0.912388,0.0,0.0,,,,,0.0,0.0,False,False,62.0,62.0
P-71023:WC-2026,P-71023,Amrabat,WC-2026,MF,linked,29,74,0,86,84,-2,84,measured_performance,measured_performance,1.0,0.130081,0.114428,0.888889,0.883085,0.820976,0.816299,0.0,0.0,,,,,0.0,0.0,False,False,56.433141,56.433141
P-71343:WC-2026,P-71343,Mac Allister,WC-2026,MF,linked,27,44,6,88,88,0,88,measured_performance,measured_performance,1.0,0.777778,0.800995,0.681572,0.708955,0.885626,0.89797,0.0,0.0,,,,,0.0,0.0,False,False,62.0,62.0
P-71727:WC-2026,P-71727,Waterman,WC-2026,DF,linked,30,17,0,71,71,0,71,measured_performance,measured_performance,1.0,0.225653,0.199005,0.388361,0.291045,0.566213,0.519502,0.0,0.0,,,,,0.0,0.0,False,False,33.2624,33.2624
P-71859:WC-2026,P-71859,Schlotterbeck,WC-2026,DF,linked,26,26,0,79,79,0,79,measured_performance,measured_performance,1.0,0.225653,0.248756,0.541568,0.587065,0.738953,0.760791,0.0,0.0,,,,,0.0,0.0,False,False,50.4986,50.4986
P-71875:WC-2026,P-71875,Fassnacht,WC-2026,FW,linked,32,22,5,72,71,-1,71,measured_performance,measured_performance,0.95,0.527331,0.343284,0.456592,0.303483,0.612199,0.5398,0.0,0.0,,,,,0.0,0.0,False,False,34.0,34.0
P-72637:WC-2026,P-72637,Lukaku,WC-2026,FW,linked,33,125,90,88,88,0,88,measured_performance,measured_performance,0.925,0.991961,0.99005,0.969453,0.935323,0.916932,0.947657,0.0,0.0,0.250518,0.281704,,,0.0,0.0,False,False,62.0,62.0
P-72819:WC-2026,P-72819,Murillo,WC-2026,DF,linked,30,93,9,86,85,-1,85,measured_performance,measured_performance,1.0,0.972684,0.967662,0.954869,0.947761,0.838137,0.834725,0.0,0.0,,,,,0.0,0.0,False,False,58.3119,58.3119
P-73455:WC-2026,P-73455,Talbi,WC-2026,DF,linked,28,63,4,88,88,0,88,measured_performance,measured_performance,1.0,0.9038,0.912935,0.875297,0.900498,0.899143,0.911239,0.0,0.0,,,,,0.0,0.0,False,False,62.0,62.0
P-73491:WC-2026,P-73491,Alvarado,WC-2026,FW,linked,27,66,5,73,73,0,73,measured_performance,measured_performance,1.0,0.527331,0.527363,0.83119,0.885572,0.669382,0.675919,0.0,0.0,,,,,0.0,0.0,False,False,42.9254,42.9254
P-73694:WC-2026,P-73694,Porozo,WC-2026,DF,linked,25,9,1,71,71,0,71,measured_performance,measured_performance,1.0,0.570071,0.644279,0.232779,0.278607,0.491534,0.513531,0.0,0.0,,,,,0.0,0.0,False,False,33.1373,33.1373
P-74098:WC-2026,P-74098,Mohammadi,WC-2026,DF,linked,32,75,1,79,77,-2,77,measured_performance,measured_performance,0.95,0.570071,0.457711,0.916865,0.853234,0.74829,0.739752,0.0,0.0,,,,,0.0,0.0,False,False,48.3077,48.3077
P-74111:WC-2026,P-74111,Timber,WC-2026,DF,linked,24,24,0,80,83,3,83,measured_performance,measured_performance,1.0,0.225653,0.271144,0.508314,0.629353,0.753991,0.812089,0.0,0.0,,,,,0.0,0.0,False,False,55.52,55.52
P-74612:WC-2026,P-74612,Kanaanizadegan,WC-2026,DF,linked,32,64,6,78,75,-3,75,measured_performance,measured_performance,0.95,0.940618,0.89801,0.881235,0.791045,0.732043,0.709902,0.0,0.0,,,,,0.0,0.0,False,False,45.7951,45.7951
P-74688:WC-2026,P-74688,Guimarães,WC-2026,MF,linked,28,42,2,86,84,-2,84,measured_performance,measured_performance,1.0,0.506775,0.487562,0.666667,0.641791,0.829301,0.818448,0.0,0.0,,,,,0.0,0.0,False,False,56.6467,56.6467
P-75785:WC-2026,P-75785,Hajsafi,WC-2026,DF,linked,36,145,7,79,82,3,82,measured_performance,measured_performance,0.85,0.952494,0.858209,0.997625,0.99005,0.737231,0.805424,0.0,0.0,,,,,0.0,0.0,False,False,55.1086,55.1086
P-75820:WC-2026,P-75820,Theate,WC-2026,DF,linked,26,33,1,83,84,1,84,measured_performance,measured_performance,1.0,0.570071,0.621891,0.64133,0.718905,0.786838,0.824074,0.0,0.0,,,,,0.0,0.0,False,False,57.0,57.0
P-75890:WC-2026,P-75890,Salah,WC-2026,FW,linked,33,115,67,96,93,-3,88,career_stature_estimate,career_stature_estimate,0.925,0.9791,0.955224,0.953376,0.890547,0.941865,0.960746,0.08,0.08,0.80008,0.664103,0.86672,0.776069,1.0,1.0,True,True,85.606867,62.0
P-75912:WC-2026,P-75912,Valencia,WC-2026,FW,linked,36,105,49,81,79,-2,79,measured_performance,measured_performance,0.85,0.953376,0.830846,0.934084,0.696517,0.76681,0.762487,0.0,0.0,0.097464,0.109648,,,0.0,0.0,False,False,50.6667,50.6667
P-76060:WC-2026,P-76060,Marquinhos,WC-2026,DF,linked,32,104,7,88,88,0,88,measured_performance,measured_performance,0.95,0.952494,0.920398,0.972684,0.955224,0.922544,0.937508,0.0,0.0,0.0463,0.052088,,,0.0,0.0,False,False,62.0,62.0
P-76835:WC-2026,P-76835,Sarr,WC-2026,MF,linked,23,39,4,87,88,1,88,measured_performance,measured_performance,0.971429,0.686992,0.813433,0.621951,0.800995,0.842138,0.926866,0.0,0.0,,,,,0.0,0.0,False,False,62.0,62.0
P-76842:WC-2026,P-76842,Saka,WC-2026,FW,linked,24,48,14,88,88,0,88,measured_performance,measured_performance,1.0,0.794212,0.902985,0.734727,0.855721,0.884084,0.937761,0.0,0.0,,,,,0.0,0.0,False,False,62.0,62.0
P-77071:WC-2026,P-77071,Fabinho,WC-2026,MF,linked,32,32,0,71,71,0,71,measured_performance,measured_performance,0.95,0.130081,0.094527,0.531165,0.288557,0.566254,0.498454,0.0,0.0,,,,,0.0,0.0,False,False,32.6139,32.6139
P-77224:WC-2026,P-77224,Xhaka,WC-2026,MF,linked,33,145,17,88,88,0,88,measured_performance,measured_performance,0.925,0.974255,0.935323,0.993225,0.985075,0.977623,1.0,0.0,0.0,0.104974,0.097692,,,0.0,0.0,False,False,62.0,62.0
P-77335:WC-2026,P-77335,Son,WC-2026,FW,linked,33,144,56,85,85,0,85,measured_performance,measured_performance,0.925,0.971061,0.930348,0.982315,0.970149,0.8122,0.831143,0.0,0.0,0.181776,0.127242,,,0.0,0.0,False,False,57.759128,57.759128
P-77382:WC-2026,P-77382,Taniguchi,WC-2026,DF,linked,34,38,1,73,71,-2,71,measured_performance,measured_performance,0.9,0.570071,0.39801,0.687648,0.40796,0.676864,0.575621,0.0,0.0,,,,,0.0,0.0,False,False,35.5493,35.5493
P-77743:WC-2026,P-77743,Havertz,WC-2026,FW,linked,27,57,21,88,88,0,88,measured_performance,measured_performance,1.0,0.845659,0.890547,0.808682,0.850746,0.911479,0.932686,0.0,0.0,,,,,0.0,0.0,False,False,62.0,62.0
P-78484:WC-2026,P-78484,Koundé,WC-2026,DF,linked,27,46,0,88,88,0,88,measured_performance,measured_performance,1.0,0.225653,0.236318,0.761283,0.813433,0.875416,0.900448,0.0,0.0,,,,,0.0,0.0,False,False,62.0,62.0
P-78932:WC-2026,P-78932,Varela,WC-2026,DF,linked,33,28,0,75,72,-3,72,measured_performance,measured_performance,0.925,0.225653,0.156716,0.581948,0.373134,0.687785,0.608504,0.0,0.0,,,,,0.0,0.0,False,False,37.7021,37.7021
P-79299:WC-2026,P-79299,Mané,WC-2026,FW,linked,34,127,55,94,91,-3,83,career_stature_estimate,career_stature_estimate,0.9,0.961415,0.895522,0.972669,0.925373,0.796347,0.813233,0.055493,0.057771,0.748945,0.623335,0.83263,0.74889,1.0,1.0,True,True,80.666069,55.5855
P-79409:WC-2026,P-79409,Goretzka,WC-2026,MF,linked,31,69,15,88,88,0,88,measured_performance,measured_performance,0.975,0.955285,0.920398,0.853659,0.758706,0.924537,0.901224,0.0,0.0,,,,,0.0,0.0,False,False,62.0,62.0
P-79650:WC-2026,P-79650,Romero,WC-2026,DF,linked,28,49,3,88,88,0,88,measured_performance,measured_performance,1.0,0.84323,0.848259,0.779097,0.798507,0.883967,0.893283,0.0,0.0,,,,,0.0,0.0,False,False,62.0,62.0
P-80088:WC-2026,P-80088,Gallardo,WC-2026,DF,linked,31,120,3,87,87,0,87,measured_performance,measured_performance,0.975,0.84323,0.788557,0.989311,0.99005,0.842798,0.855024,0.0,0.0,,,,,0.0,0.0,False,False,60.161187,60.161187
P-80826:WC-2026,P-80826,Ochoa,WC-2026,GK,linked,40,152,0,75,81,6,81,measured_performance,measured_performance,0.8,0.5,0.5,0.996552,0.985075,0.700276,0.790436,0.0,0.0,,0.07965,,,0.0,0.0,False,False,53.0026,53.0026
P-80838:WC-2026,P-80838,Scally,WC-2026,DF,linked,23,25,0,78,83,5,83,measured_performance,measured_performance,0.971429,0.225653,0.283582,0.522565,0.68408,0.722665,0.807358,0.0,0.0,,,,,0.0,0.0,False,False,55.229789,55.229789
P-81505:WC-2026,P-81505,Martínez,WC-2026,FW,linked,28,75,36,88,88,0,88,measured_performance,measured_performance,1.0,0.913183,0.942786,0.87299,0.902985,0.912505,0.926761,0.0,0.0,0.2504,0.202464,,,0.0,0.0,False,False,62.0,62.0
P-81997:WC-2026,P-81997,Vanaken,WC-2026,MF,linked,33,33,7,75,72,-3,72,measured_performance,measured_performance,0.925,0.811653,0.669154,0.544715,0.263682,0.686462,0.601618,0.0,0.0,,,,,0.0,0.0,False,False,37.2258,37.2258
P-82216:WC-2026,P-82216,Caicedo,WC-2026,MF,linked,24,60,3,88,88,0,88,measured_performance,measured_performance,1.0,0.605691,0.71393,0.791328,0.920398,0.884195,0.942149,0.0,0.0,,,,,0.0,0.0,False,False,62.0,62.0
P-82223:WC-2026,P-82223,Trézéguet,WC-2026,FW,linked,31,95,23,79,75,-4,75,measured_performance,measured_performance,0.975,0.858521,0.783582,0.921222,0.895522,0.739324,0.719752,0.0,0.0,,,,,0.0,0.0,False,False,46.3,46.3
P-82447:WC-2026,P-82447,Tanaka,WC-2026,MF,linked,27,38,8,88,88,0,88,measured_performance,measured_performance,1.0,0.834688,0.853234,0.612466,0.626866,0.87665,0.884358,0.0,0.0,,,,,0.0,0.0,False,False,62.0,62.0
P-82537:WC-2026,P-82537,Al-Khaibari,WC-2026,MF,linked,29,38,0,72,71,-1,71,measured_performance,measured_performance,1.0,0.130081,0.114428,0.612466,0.532338,0.598566,0.572484,0.0,0.0,,,,,0.0,0.0,False,False,35.1795,35.1795
P-82945:WC-2026,P-82945,Hrustic,WC-2026,FW,linked,29,37,4,73,72,-1,72,measured_performance,measured_performance,1.0,0.463023,0.385572,0.654341,0.584577,0.674609,0.638355,0.0,0.0,,,,,0.0,0.0,False,False,39.7976,39.7976
P-83169:WC-2026,P-83169,Raphinha,WC-2026,FW,linked,29,38,11,88,85,-3,85,measured_performance,measured_performance,1.0,0.742765,0.70398,0.66881,0.604478,0.857653,0.83597,0.0,0.0,,,,,0.0,0.0,False,False,58.6428,58.6428
P-83560:WC-2026,P-83560,Zakaria,WC-2026,MF,linked,29,64,3,88,85,-3,85,measured_performance,measured_performance,1.0,0.605691,0.557214,0.810298,0.778607,0.855658,0.837224,0.0,0.0,,,,,0.0,0.0,False,False,58.755252,58.755252
P-84424:WC-2026,P-84424,Hernandez,WC-2026,DF,linked,30,41,0,86,80,-6,80,measured_performance,measured_performance,1.0,0.225653,0.199005,0.712589,0.639303,0.821043,0.785865,0.0,0.0,,,,,0.0,0.0,False,False,52.490065,52.490065
P-84430:WC-2026,P-84430,Molina,WC-2026,DF,linked,28,58,1,88,88,0,88,measured_performance,measured_performance,1.0,0.570071,0.569652,0.84323,0.868159,0.91475,0.926716,0.0,0.0,,,,,0.0,0.0,False,False,62.0,62.0
P-84524:WC-2026,P-84524,Smith,WC-2026,DF,linked,36,56,2,87,79,-8,79,measured_performance,measured_performance,0.85,0.745843,0.529851,0.830166,0.524876,0.848708,0.76194,0.0,0.0,,,,,0.0,0.0,False,False,50.6667,50.6667
P-84787:WC-2026,P-84787,Rice,WC-2026,MF,linked,27,72,6,88,88,0,88,measured_performance,measured_performance,1.0,0.777778,0.800995,0.865854,0.90796,0.938699,0.955284,0.0,0.0,,,,,0.0,0.0,False,False,62.0,62.0
P-85204:WC-2026,P-85204,Sá,WC-2026,GK,linked,33,4,0,72,71,-1,71,measured_performance,measured_performance,0.925,0.5,0.5,0.306897,0.189055,0.616262,0.570746,0.0,0.0,,,,,0.0,0.0,False,False,35.15,35.15
P-85438:WC-2026,P-85438,Al-Owais,WC-2026,GK,linked,34,63,0,78,76,-2,76,measured_performance,measured_performance,0.9,0.5,0.5,0.858621,0.766169,0.733324,0.730161,0.0,0.0,,,,,0.0,0.0,False,False,47.6279,47.6279
P-85577:WC-2026,P-85577,Okafor,WC-2026,FW,linked,26,24,2,74,73,-1,73,measured_performance,measured_performance,1.0,0.307074,0.308458,0.490354,0.507463,0.679389,0.68194,0.0,0.0,,,,,0.0,0.0,False,False,43.2872,43.2872
P-85670:WC-2026,P-85670,Koné,WC-2026,MF,linked,23,39,4,85,88,3,88,measured_performance,measured_performance,0.971429,0.686992,0.813433,0.621951,0.800995,0.808138,0.892866,0.0,0.0,,,,,0.0,0.0,False,False,62.0,62.0
P-85823:WC-2026,P-85823,Vargas,WC-2026,FW,linked,27,61,11,88,88,0,88,measured_performance,measured_performance,1.0,0.742765,0.763682,0.821543,0.870647,0.875981,0.889403,0.0,0.0,,,,,0.0,0.0,False,False,62.0,62.0
P-85860:WC-2026,P-85860,Taremi,WC-2026,FW,linked,33,104,60,85,84,-1,84,measured_performance,measured_performance,0.925,0.975884,0.945274,0.930868,0.830846,0.808096,0.8198,0.0,0.0,0.104804,0.117904,,,0.0,0.0,False,False,56.75,56.75
P-85878:WC-2026,P-85878,Reyna,WC-2026,MF,linked,23,37,9,86,88,2,88,measured_performance,measured_performance,0.971429,0.857724,0.937811,0.597561,0.776119,0.833158,0.909582,0.0,0.0,,,,,0.0,0.0,False,False,62.0,62.0
P-86080:WC-2026,P-86080,El Shenawy,WC-2026,GK,linked,37,76,0,73,73,0,73,measured_performance,measured_performance,0.825,0.5,0.5,0.893103,0.731343,0.671269,0.668645,0.0,0.0,,,,,0.0,0.0,False,False,41.7,41.7
P-86466:WC-2026,P-86466,Jakić,WC-2026,DF,linked,29,17,2,73,72,-1,72,measured_performance,measured_performance,1.0,0.745843,0.721393,0.388361,0.323383,0.665413,0.634224,0.0,0.0,,,,,0.0,0.0,False,False,39.5405,39.5405
P-86871:WC-2026,P-86871,Llorente,WC-2026,DF,linked,31,23,0,79,73,-6,73,measured_performance,measured_performance,0.975,0.225653,0.18408,0.494062,0.373134,0.741221,0.689104,0.0,0.0,,,,,0.0,0.0,False,False,43.8146,43.8146
P-86878:WC-2026,P-86878,de la Cruz,WC-2026,MF,linked,29,34,5,80,76,-4,76,measured_performance,measured_performance,1.0,0.738482,0.708955,0.559621,0.465174,0.754559,0.721689,0.0,0.0,0.052,0.0364,,,0.0,0.0,False,False,46.9673,46.9673
P-86909:WC-2026,P-86909,Ito,WC-2026,MF,linked,33,69,15,84,79,-5,79,measured_performance,measured_performance,0.925,0.955285,0.88806,0.853659,0.674129,0.794273,0.761857,0.0,0.0,,,,,0.0,0.0,False,False,50.6667,50.6667
P-86920:WC-2026,P-86920,Konaté,WC-2026,DF,linked,27,27,0,82,80,-2,80,measured_performance,measured_performance,1.0,0.225653,0.236318,0.565321,0.579602,0.781354,0.788209,0.0,0.0,,,,,0.0,0.0,False,False,52.5702,52.5702
P-86937:WC-2026,P-86937,Jackson,WC-2026,FW,linked,24,32,8,84,86,2,86,measured_performance,measured_performance,1.0,0.670418,0.776119,0.614148,0.736318,0.794048,0.846761,0.0,0.0,,,,,0.0,0.0,False,False,59.7838,59.7838
P-87003:WC-2026,P-87003,Mendes,WC-2026,DF,linked,23,43,1,85,88,3,88,measured_performance,measured_performance,0.971429,0.570071,0.686567,0.724466,0.902985,0.816808,0.912433,0.0,0.0,,,,,0.0,0.0,False,False,62.0,62.0
P-87008:WC-2026,P-87008,Neymar,WC-2026,FW,linked,34,128,79,93,91,-2,88,career_stature_estimate,career_stature_estimate,0.9,0.988746,0.970149,0.975884,0.935323,0.855149,0.890892,0.079014,0.08,0.681783,0.600323,0.787855,0.733549,1.0,1.0,True,True,81.354867,62.0
P-87169:WC-2026,P-87169,Gue-sung,WC-2026,FW,linked,28,44,12,79,77,-2,77,measured_performance,measured_performance,1.0,0.765273,0.768657,0.705788,0.691542,0.739993,0.739502,0.0,0.0,,,,,0.0,0.0,False,False,48.2667,48.2667
P-87514:WC-2026,P-87514,Kang-in,WC-2026,MF,linked,25,47,11,88,88,0,88,measured_performance,measured_performance,1.0,0.899729,0.950249,0.700542,0.810945,0.880504,0.922,0.0,0.0,,,,,0.0,0.0,False,False,62.0,62.0
P-87786:WC-2026,P-87786,Ghoddos,WC-2026,MF,linked,32,67,3,74,72,-2,72,measured_performance,measured_performance,0.95,0.605691,0.437811,0.841463,0.69403,0.683502,0.62674,0.0,0.0,,,,,0.0,0.0,False,False,38.9241,38.9241
P-88433:WC-2026,P-88433,Gavi,WC-2026,MF,linked,21,28,5,84,88,4,88,measured_performance,measured_performance,0.914286,0.738482,0.875622,0.46748,0.736318,0.792729,0.920179,0.0,0.0,,,,,0.0,0.0,False,False,62.0,62.0
P-88869:WC-2026,P-88869,Tagnaouti,WC-2026,GK,linked,30,3,0,69,68,-1,68,measured_performance,measured_performance,1.0,0.5,0.5,0.234483,0.174129,0.430152,0.401182,0.0,0.0,,,,,0.0,0.0,False,False,23.9771,23.9771
P-88928:WC-2026,P-88928,Dieng,WC-2026,FW,linked,26,22,2,73,72,-1,72,measured_performance,measured_performance,1.0,0.307074,0.308458,0.456592,0.465174,0.644338,0.645866,0.0,0.0,,,,,0.0,0.0,False,False,40.4444,40.4444
P-89217:WC-2026,P-89217,Souttar,WC-2026,DF,linked,27,37,11,86,87,1,87,measured_performance,measured_performance,1.0,0.984561,0.987562,0.678147,0.728856,0.835511,0.859851,0.0,0.0,,,,,0.0,0.0,False,False,60.571952,60.571952
P-89248:WC-2026,P-89248,Ederson,WC-2026,GK,linked,32,32,0,75,73,-2,73,measured_performance,measured_performance,0.95,0.5,0.5,0.713793,0.671642,0.68789,0.684788,0.0,0.0,,,,,0.0,0.0,False,False,43.3488,43.3488
P-89266:WC-2026,P-89266,Vitinha,WC-2026,MF,linked,26,37,0,76,75,-1,75,measured_performance,measured_performance,1.0,0.130081,0.131841,0.597561,0.654229,0.703073,0.719731,0.0,0.0,,,,,0.0,0.0,False,False,46.2169,46.2169
P-89392:WC-2026,P-89392,Rodríguez,WC-2026,MF,linked,34,125,31,89,89,0,87,career_stature_estimate,career_stature_estimate,0.9,0.995935,0.9801,0.982385,0.950249,0.823932,0.859051,0.056252,0.068853,0.524095,0.515159,0.68273,0.676773,1.0,1.0,False,False,74.562527,60.4444
P-89452:WC-2026,P-89452,Dest,WC-2026,DF,linked,25,38,3,80,84,4,84,measured_performance,measured_performance,1.0,0.84323,0.89801,0.687648,0.81592,0.759471,0.821042,0.0,0.0,,,,,0.0,0.0,False,False,56.7659,56.7659
P-89845:WC-2026,P-89845,Al-Buraikan,WC-2026,FW,linked,26,69,15,81,82,1,82,measured_performance,measured_performance,1.0,0.805466,0.863184,0.848875,0.920398,0.771633,0.800994,0.0,0.0,,,,,0.0,0.0,False,False,54.8649,54.8649
P-89869:WC-2026,P-89869,Araújo,WC-2026,DF,linked,27,27,1,82,80,-2,80,measured_performance,measured_performance,1.0,0.570071,0.597015,0.565321,0.579602,0.781354,0.788209,0.0,0.0,,,,,0.0,0.0,False,False,52.5702,52.5702
P-89948:WC-2026,P-89948,Pašalić,WC-2026,MF,linked,31,84,11,88,88,0,88,measured_performance,measured_performance,0.975,0.899729,0.833333,0.924119,0.878109,0.933922,0.918895,0.0,0.0,,,,,0.0,0.0,False,False,62.0,62.0
P-90796:WC-2026,P-90796,Olivera,WC-2026,DF,linked,28,35,2,84,81,-3,81,measured_performance,measured_performance,1.0,0.745843,0.748756,0.65677,0.651741,0.79425,0.791836,0.0,0.0,,,,,0.0,0.0,False,False,53.4035,53.4035
P-91268:WC-2026,P-91268,Kanno,WC-2026,MF,linked,31,75,8,84,80,-4,80,measured_performance,measured_performance,0.975,0.834688,0.758706,0.898374,0.830846,0.805717,0.782155,0.0,0.0,,,,,0.0,0.0,False,False,51.9448,51.9448
P-91350:WC-2026,P-91350,Stanišić,WC-2026,DF,linked,26,30,0,81,82,1,82,measured_performance,measured_performance,1.0,0.225653,0.248756,0.606888,0.671642,0.770306,0.801388,0.0,0.0,,,,,0.0,0.0,False,False,54.95,54.95
P-91431:WC-2026,P-91431,Montiel,WC-2026,DF,linked,29,38,2,77,73,-4,73,measured_performance,measured_performance,1.0,0.745843,0.721393,0.687648,0.646766,0.709871,0.690248,0.0,0.0,,,,,0.0,0.0,False,False,43.859789,43.859789
P-91455:WC-2026,P-91455,Escobar,WC-2026,DF,linked,31,98,4,82,80,-2,80,measured_performance,measured_performance,0.975,0.9038,0.863184,0.964371,0.947761,0.781526,0.785125,0.0,0.0,,,,,0.0,0.0,False,False,52.0578,52.0578
P-91590:WC-2026,P-91590,Mahrez,WC-2026,FW,linked,35,114,38,81,78,-3,78,measured_performance,measured_performance,0.875,0.92283,0.753731,0.946945,0.798507,0.769921,0.746964,0.0,0.0,0.208354,0.18358,,,0.0,0.0,False,False,49.44,49.44
P-92628:WC-2026,P-92628,Stones,WC-2026,DF,linked,32,87,3,88,88,0,88,measured_performance,measured_performance,0.95,0.84323,0.766169,0.944181,0.900498,0.940547,0.942239,0.0,0.0,0.2,0.144,,,0.0,0.0,False,False,62.0,62.0
P-92812:WC-2026,P-92812,Júnior,WC-2026,FW,linked,25,48,9,87,90,3,88,measured_performance,career_stature_estimate,1.0,0.694534,0.773632,0.734727,0.825871,0.848199,0.887612,0.0,0.08,0.2,0.5114,,0.674267,0.0,1.0,False,False,75.426667,62.0
P-93173:WC-2026,P-93173,Al-Tambakti,WC-2026,DF,linked,27,51,0,80,80,0,80,measured_performance,measured_performance,1.0,0.225653,0.236318,0.793349,0.845771,0.760608,0.78577,0.0,0.0,,,,,0.0,0.0,False,False,52.262093,52.262093
P-93884:WC-2026,P-93884,Perišić,WC-2026,FW,linked,37,153,38,84,79,-5,79,measured_performance,measured_performance,0.825,0.92283,0.646766,0.988746,0.915423,0.801366,0.772087,0.0,0.0,0.102874,0.115732,,,0.0,0.0,False,False,50.9189,50.9189
P-93920:WC-2026,P-93920,Lee,WC-2026,MF,linked,33,105,15,88,88,0,88,measured_performance,measured_performance,0.925,0.955285,0.88806,0.966125,0.925373,0.933034,0.943015,0.0,0.0,,,,,0.0,0.0,False,False,62.0,62.0
P-94091:WC-2026,P-94091,Ugarte,WC-2026,MF,linked,25,36,1,82,83,1,83,measured_performance,measured_performance,1.0,0.359079,0.39801,0.581301,0.679104,0.776358,0.812,0.0,0.0,,,,,0.0,0.0,False,False,55.4782,55.4782
P-94271:WC-2026,P-94271,Simón,WC-2026,GK,linked,29,57,0,88,88,0,88,measured_performance,measured_performance,1.0,0.5,0.5,0.837931,0.915423,0.882207,0.919403,0.0,0.0,,,,,0.0,0.0,False,False,62.0,62.0
P-94317:WC-2026,P-94317,St. Clair,WC-2026,GK,linked,29,20,0,73,74,1,74,measured_performance,measured_performance,1.0,0.5,0.5,0.617241,0.686567,0.658676,0.691952,0.0,0.0,,,,,0.0,0.0,False,False,44.1021,44.1021
P-94838:WC-2026,P-94838,Ospina,WC-2026,GK,linked,37,130,0,76,79,3,79,measured_performance,measured_performance,0.825,0.5,0.5,0.982759,0.950249,0.706773,0.77372,0.0,0.0,0.0593,0.066712,,,0.0,0.0,False,False,50.9189,50.9189
P-95036:WC-2026,P-95036,Weghorst,WC-2026,FW,linked,33,52,14,82,75,-7,75,measured_performance,measured_performance,0.925,0.794212,0.59204,0.782958,0.552239,0.780781,0.708803,0.0,0.0,,,,,0.0,0.0,False,False,45.7951,45.7951
P-95062:WC-2026,P-95062,Pellistri,WC-2026,FW,linked,24,39,2,71,72,1,72,measured_performance,measured_performance,1.0,0.307074,0.370647,0.681672,0.79602,0.572147,0.608755,0.0,0.0,,,,,0.0,0.0,False,False,37.7021,37.7021
P-95198:WC-2026,P-95198,Pineda,WC-2026,MF,linked,30,91,12,87,86,-1,86,measured_performance,measured_performance,1.0,0.917344,0.878109,0.949864,0.945274,0.846891,0.838036,0.0,0.0,,,,,0.0,0.0,False,False,59.009707,59.009707
P-95312:WC-2026,P-95312,Trossard,WC-2026,FW,linked,31,50,11,88,83,-5,83,measured_performance,measured_performance,0.975,0.742765,0.629353,0.757235,0.634328,0.859307,0.812686,0.0,0.0,,,,,0.0,0.0,False,False,55.5855,55.5855
P-95374:WC-2026,P-95374,Ezatolahi,WC-2026,MF,linked,29,82,1,73,73,0,73,measured_performance,measured_performance,1.0,0.359079,0.325871,0.915989,0.91791,0.675548,0.669725,0.0,0.0,,,,,0.0,0.0,False,False,42.13286,42.13286
P-95754:WC-2026,P-95754,Boudiaf,WC-2026,MF,linked,35,117,5,77,74,-3,74,measured_performance,measured_performance,0.875,0.738482,0.495025,0.97561,0.900498,0.712719,0.697188,0.0,0.0,0.0583,0.065588,,,0.0,0.0,False,False,44.62,44.62
P-96259:WC-2026,P-96259,Buchanan,WC-2026,FW,linked,27,59,8,87,87,0,87,measured_performance,measured_performance,1.0,0.670418,0.679104,0.818328,0.865672,0.84955,0.858358,0.0,0.0,,,,,0.0,0.0,False,False,60.3158,60.3158
P-96340:WC-2026,P-96340,Bentaleb,WC-2026,MF,linked,31,59,6,88,84,-4,84,measured_performance,measured_performance,0.975,0.777778,0.68408,0.785908,0.649254,0.872283,0.824329,0.0,0.0,,,,,0.0,0.0,False,False,57.0,57.0
P-96347:WC-2026,P-96347,Torres,WC-2026,DF,linked,29,48,5,84,81,-3,81,measured_performance,measured_performance,1.0,0.931116,0.927861,0.773159,0.753731,0.800516,0.791191,0.0,0.0,,,,,0.0,0.0,False,False,53.2258,53.2258
P-96934:WC-2026,P-96934,Kolašinac,WC-2026,DF,linked,32,64,0,88,87,-1,87,measured_performance,measured_performance,0.95,0.225653,0.171642,0.881235,0.791045,0.880843,0.858702,0.0,0.0,,,,,0.0,0.0,False,False,60.34653,60.34653
P-97615:WC-2026,P-97615,Dumfries,WC-2026,DF,linked,30,71,11,88,88,0,88,measured_performance,measured_performance,1.0,0.984561,0.9801,0.906176,0.885572,0.913964,0.904075,0.0,0.0,,,,,0.0,0.0,False,False,62.0,62.0
P-97698:WC-2026,P-97698,Sandro,WC-2026,DF,linked,35,44,2,79,72,-7,72,measured_performance,measured_performance,0.875,0.745843,0.557214,0.73753,0.420398,0.739163,0.631191,0.0,0.0,,,,,0.0,0.0,False,False,39.1163,39.1163
P-97778:WC-2026,P-97778,Dembélé,WC-2026,FW,linked,29,58,7,89,81,-8,81,career_stature_estimate,measured_performance,1.0,0.644695,0.60199,0.815113,0.800995,0.808904,0.791836,0.060516,0.0,0.50732,0.3776,0.671547,,1.0,0.0,True,True,53.418673,53.418673
P-97800:WC-2026,P-97800,Hatem,WC-2026,MF,linked,36,117,11,78,76,-2,76,measured_performance,measured_performance,0.85,0.899729,0.718905,0.97561,0.860697,0.728465,0.72871,0.0,0.0,,,,,0.0,0.0,False,False,47.5739,47.5739
P-97838:WC-2026,P-97838,Khalilzadeh,WC-2026,DF,linked,37,57,2,73,71,-2,71,measured_performance,measured_performance,0.825,0.745843,0.512438,0.836105,0.5,0.661298,0.5702,0.0,0.0,,,,,0.0,0.0,False,False,35.0807,35.0807
P-98287:WC-2026,P-98287,Kanté,WC-2026,MF,linked,35,67,2,88,72,-16,72,career_stature_estimate,measured_performance,0.875,0.506775,0.263682,0.841463,0.549751,0.694387,0.606155,0.004434,0.0,0.46238,0.332914,0.641587,,1.0,0.0,False,False,37.5047,37.5047
P-98747:WC-2026,P-98747,Cheshmi,WC-2026,MF,linked,32,40,3,72,71,-1,71,measured_performance,measured_performance,0.95,0.605691,0.437811,0.635501,0.402985,0.627151,0.542919,0.0,0.0,,,,,0.0,0.0,False,False,34.0606,34.0606
P-98775:WC-2026,P-98775,Jahanbakhsh,WC-2026,MF,linked,32,98,17,86,86,0,86,measured_performance,measured_performance,0.95,0.974255,0.942786,0.95393,0.915423,0.835899,0.841857,0.0,0.0,,,,,0.0,0.0,False,False,59.5294,59.5294
P-99025:WC-2026,P-99025,Laporte,WC-2026,DF,linked,32,44,2,87,80,-7,80,measured_performance,measured_performance,0.95,0.745843,0.644279,0.73753,0.574627,0.846314,0.785821,0.0,0.0,,,,,0.0,0.0,False,False,52.3649,52.3649
P-99461:WC-2026,P-99461,Budimir,WC-2026,FW,linked,34,37,6,81,73,-8,73,measured_performance,measured_performance,0.9,0.594855,0.338308,0.654341,0.370647,0.773402,0.676269,0.0,0.0,,,,,0.0,0.0,False,False,42.9254,42.9254
P-99988:WC-2026,P-99988,Livaković,WC-2026,GK,linked,31,74,0,82,81,-1,81,measured_performance,measured_performance,0.975,0.5,0.5,0.87931,0.900498,0.773917,0.794639,0.0,0.0,,,,,0.0,0.0,False,False,53.8028,53.8028
P-W26-0001:WC-2026,P-W26-0001,Benbot,WC-2026,GK,minted,31,2,0,68,66,-2,66,measured_performance,measured_performance,0.975,0.5,0.5,0.175862,0.069652,0.399903,0.351033,0.0,0.0,,,,,0.0,0.0,False,False,20.0,20.0
P-W26-0002:WC-2026,P-W26-0002,Bensebaini,WC-2026,DF,minted,31,81,7,88,88,0,88,measured_performance,measured_performance,0.975,0.952494,0.932836,0.935867,0.90796,0.916986,0.914821,0.0,0.0,,,,,0.0,0.0,False,False,62.0,62.0
P-W26-0003:WC-2026,P-W26-0003,Zidane,WC-2026,GK,minted,28,7,0,73,74,1,74,measured_performance,measured_performance,1.0,0.5,0.5,0.406897,0.460199,0.675311,0.700896,0.0,0.0,,,,,0.0,0.0,False,False,44.912,44.912
P-W26-0004:WC-2026,P-W26-0004,Zerrouki,WC-2026,MF,minted,28,52,3,82,79,-3,79,measured_performance,measured_performance,1.0,0.605691,0.589552,0.739837,0.733831,0.780966,0.776137,0.0,0.0,,,,,0.0,0.0,False,False,51.1489,51.1489
P-W26-0005:WC-2026,P-W26-0005,Aouar,WC-2026,MF,minted,27,20,6,73,72,-1,72,measured_performance,measured_performance,1.0,0.777778,0.800995,0.365854,0.335821,0.651899,0.647707,0.0,0.0,,,,,0.0,0.0,False,False,40.736,40.736
P-W26-0006:WC-2026,P-W26-0006,Chergui,WC-2026,DF,minted,27,4,0,71,71,0,71,measured_performance,measured_performance,1.0,0.225653,0.236318,0.108076,0.10199,0.530876,0.527955,0.0,0.0,,,,,0.0,0.0,False,False,33.75,33.75
P-W26-0007:WC-2026,P-W26-0007,Belaid,WC-2026,DF,minted,27,10,1,70,70,0,70,measured_performance,measured_performance,1.0,0.570071,0.597015,0.248219,0.231343,0.449345,0.441245,0.0,0.0,,,,,0.0,0.0,False,False,29.5448,29.5448
P-W26-0008:WC-2026,P-W26-0008,Abada,WC-2026,DF,minted,26,7,1,68,68,0,68,measured_performance,measured_performance,1.0,0.570071,0.621891,0.19715,0.206468,0.424832,0.429305,0.0,0.0,,,,,0.0,0.0,False,False,24.4813,24.4813
P-W26-0009:WC-2026,P-W26-0009,Boudaoui,WC-2026,MF,minted,26,32,0,74,74,0,74,measured_performance,measured_performance,1.0,0.130081,0.131841,0.531165,0.58209,0.683951,0.698955,0.0,0.0,,,,,0.0,0.0,False,False,44.62,44.62
P-W26-0010:WC-2026,P-W26-0010,Tougai,WC-2026,DF,minted,26,29,2,72,72,0,72,measured_performance,measured_performance,1.0,0.745843,0.79602,0.593824,0.656716,0.615236,0.645424,0.0,0.0,,,,,0.0,0.0,False,False,40.4444,40.4444
P-W26-0011:WC-2026,P-W26-0011,Gouiri,WC-2026,FW,minted,26,22,8,82,81,-1,81,measured_performance,measured_performance,1.0,0.670418,0.708955,0.456592,0.465174,0.775142,0.790045,0.0,0.0,,,,,0.0,0.0,False,False,52.9697,52.9697
P-W26-0012:WC-2026,P-W26-0012,Mastil,WC-2026,GK,minted,26,1,0,68,68,0,68,measured_performance,measured_performance,1.0,0.5,0.5,0.106897,0.131841,0.413711,0.425684,0.0,0.0,,,,,0.0,0.0,False,False,24.4813,24.4813
P-W26-0013:WC-2026,P-W26-0013,Benbouali,WC-2026,FW,minted,26,3,1,68,68,0,68,measured_performance,measured_performance,1.0,0.194534,0.191542,0.085209,0.077114,0.410457,0.408409,0.0,0.0,,,,,0.0,0.0,False,False,24.1739,24.1739
P-W26-0014:WC-2026,P-W26-0014,Amoura,WC-2026,FW,minted,26,45,19,88,88,0,88,measured_performance,measured_performance,1.0,0.836013,0.89801,0.709003,0.761194,0.865045,0.893627,0.0,0.0,,,,,0.0,0.0,False,False,62.0,62.0
P-W26-0015:WC-2026,P-W26-0015,Ait-Nouri,WC-2026,DF,minted,25,28,0,83,85,2,85,measured_performance,measured_performance,1.0,0.225653,0.261194,0.581948,0.679104,0.789335,0.83597,0.0,0.0,,,,,0.0,0.0,False,False,58.505114,58.505114
P-W26-0016:WC-2026,P-W26-0016,Hadj Moussa,WC-2026,FW,minted,24,14,1,71,71,0,71,measured_performance,measured_performance,1.0,0.194534,0.238806,0.323151,0.380597,0.53821,0.561042,0.0,0.0,,,,,0.0,0.0,False,False,34.75,34.75
P-W26-0017:WC-2026,P-W26-0017,Belghali,WC-2026,DF,minted,24,12,1,72,73,1,73,measured_performance,measured_performance,1.0,0.570071,0.664179,0.295724,0.390547,0.620948,0.666463,0.0,0.0,,,,,0.0,0.0,False,False,41.6986,41.6986
P-W26-0018:WC-2026,P-W26-0018,Ghedjemis,WC-2026,FW,minted,23,1,1,71,71,0,71,measured_performance,measured_performance,0.971429,0.194534,0.266169,0.028939,0.044776,0.550405,0.580194,0.0,0.0,,,,,0.0,0.0,False,False,35.8873,35.8873
P-W26-0019:WC-2026,P-W26-0019,Chaibi,WC-2026,MF,minted,23,29,3,80,86,6,86,measured_performance,measured_performance,0.971429,0.605691,0.736318,0.48374,0.669154,0.754307,0.840089,0.0,0.0,,,,,0.0,0.0,False,False,59.0261,59.0261
P-W26-0020:WC-2026,P-W26-0020,Hadjam,WC-2026,DF,minted,23,17,3,71,72,1,72,measured_performance,measured_performance,0.971429,0.84323,0.920398,0.388361,0.537313,0.560887,0.63771,0.0,0.0,,,,,0.0,0.0,False,False,39.7976,39.7976
P-W26-0021:WC-2026,P-W26-0021,Boulbina,WC-2026,FW,minted,23,11,6,71,72,1,72,measured_performance,measured_performance,0.971429,0.594855,0.726368,0.266881,0.343284,0.56934,0.632887,0.0,0.0,,,,,0.0,0.0,False,False,39.3548,39.3548
P-W26-0022:WC-2026,P-W26-0022,Titraoui,WC-2026,MF,minted,22,5,0,70,70,0,70,measured_performance,measured_performance,0.942857,0.130081,0.156716,0.097561,0.156716,0.44724,0.472424,0.0,0.0,,,,,0.0,0.0,False,False,31.2457,31.2457
P-W26-0023:WC-2026,P-W26-0023,Maza,WC-2026,MF,minted,20,16,2,73,82,9,82,measured_performance,measured_performance,0.885714,0.506775,0.686567,0.299458,0.559701,0.668568,0.799015,0.0,0.0,,,,,0.0,0.0,False,False,54.2945,54.2945
P-W26-0024:WC-2026,P-W26-0024,Musso,WC-2026,GK,minted,32,3,0,72,71,-1,71,measured_performance,measured_performance,0.95,0.5,0.5,0.234483,0.126866,0.586924,0.540896,0.0,0.0,,,,,0.0,0.0,False,False,34.0606,34.0606
P-W26-0025:WC-2026,P-W26-0025,Gonzalez,WC-2026,MF,minted,28,50,6,88,88,0,88,measured_performance,measured_performance,1.0,0.777778,0.778607,0.726287,0.71393,0.898504,0.895104,0.0,0.0,,,,,0.0,0.0,False,False,62.0,62.0
P-W26-0026:WC-2026,P-W26-0026,Balerdi,WC-2026,DF,minted,27,11,0,72,72,0,72,measured_performance,measured_performance,1.0,0.225653,0.236318,0.269596,0.253731,0.608406,0.600791,0.0,0.0,,,,,0.0,0.0,False,False,37.1429,37.1429
P-W26-0027:WC-2026,P-W26-0027,Medina,WC-2026,DF,minted,27,7,0,71,71,0,71,measured_performance,measured_performance,1.0,0.225653,0.236318,0.19715,0.181592,0.573632,0.566164,0.0,0.0,,,,,0.0,0.0,False,False,34.8085,34.8085
P-W26-0028:WC-2026,P-W26-0028,Lopez,WC-2026,FW,minted,25,3,0,70,70,0,70,measured_performance,measured_performance,1.0,0.064309,0.069652,0.085209,0.09204,0.462776,0.46552,0.0,0.0,,,,,0.0,0.0,False,False,30.7919,30.7919
P-W26-0029:WC-2026,P-W26-0029,Simeone,WC-2026,FW,minted,23,11,1,72,72,0,72,measured_performance,measured_performance,0.971429,0.194534,0.266169,0.266881,0.343284,0.609142,0.647015,0.0,0.0,,,,,0.0,0.0,False,False,40.6141,40.6141
P-W26-0030:WC-2026,P-W26-0030,Barco,WC-2026,MF,minted,21,2,1,72,72,0,72,measured_performance,measured_performance,0.914286,0.359079,0.470149,0.036585,0.072139,0.578667,0.617045,0.0,0.0,,,,,0.0,0.0,False,False,38.1925,38.1925
P-W26-0031:WC-2026,P-W26-0031,Paz,WC-2026,FW,minted,21,8,1,71,72,1,72,measured_performance,measured_performance,0.914286,0.194534,0.323383,0.176849,0.298507,0.562432,0.631239,0.0,0.0,,,,,0.0,0.0,False,False,39.1163,39.1163
P-W26-0032:WC-2026,P-W26-0032,Geria,WC-2026,DF,minted,33,13,0,71,70,-1,70,measured_performance,measured_performance,0.925,0.225653,0.156716,0.317102,0.151741,0.520593,0.452636,0.0,0.0,,,,,0.0,0.0,False,False,29.731429,29.731429
P-W26-0033:WC-2026,P-W26-0033,Izzo,WC-2026,GK,minted,31,4,0,71,71,0,71,measured_performance,measured_performance,0.975,0.5,0.5,0.306897,0.238806,0.506028,0.477027,0.0,0.0,,,,,0.0,0.0,False,False,32.075,32.075
P-W26-0034:WC-2026,P-W26-0034,Burgess,WC-2026,DF,minted,30,26,0,72,71,-1,71,measured_performance,measured_performance,1.0,0.225653,0.199005,0.541568,0.445274,0.590153,0.543932,0.0,0.0,,,,,0.0,0.0,False,False,34.1655,34.1655
P-W26-0035:WC-2026,P-W26-0035,Oneill,WC-2026,MF,minted,27,30,0,71,71,0,71,measured_performance,measured_performance,1.0,0.130081,0.126866,0.49458,0.485075,0.564615,0.56126,0.0,0.0,,,,,0.0,0.0,False,False,34.75,34.75
P-W26-0036:WC-2026,P-W26-0036,Metcalfe,WC-2026,MF,minted,26,35,1,79,78,-1,78,measured_performance,measured_performance,1.0,0.359079,0.378109,0.570461,0.624378,0.739236,0.758418,0.0,0.0,,,,,0.0,0.0,False,False,49.89887,49.89887
P-W26-0037:WC-2026,P-W26-0037,Yengi,WC-2026,FW,minted,25,0,0,68,68,0,68,measured_performance,measured_performance,1.0,0.064309,0.069652,0.006431,0.007463,0.403723,0.40577,0.0,0.0,,,,,0.0,0.0,False,False,24.0239,24.0239
P-W26-0038:WC-2026,P-W26-0038,Velupillay,WC-2026,FW,minted,25,7,3,71,71,0,71,measured_performance,measured_performance,1.0,0.392283,0.437811,0.157556,0.169154,0.490329,0.50811,0.0,0.0,,,,,0.0,0.0,False,False,32.9883,32.9883
P-W26-0039:WC-2026,P-W26-0039,Trewin,WC-2026,DF,minted,25,5,0,70,70,0,70,measured_performance,measured_performance,1.0,0.225653,0.261194,0.142518,0.174129,0.448209,0.463382,0.0,0.0,,,,,0.0,0.0,False,False,30.6024,30.6024
P-W26-0040:WC-2026,P-W26-0040,Italiano,WC-2026,DF,minted,24,4,0,69,70,1,70,measured_performance,measured_performance,1.0,0.225653,0.271144,0.108076,0.146766,0.431676,0.450248,0.0,0.0,,,,,0.0,0.0,False,False,29.7225,29.7225
P-W26-0041:WC-2026,P-W26-0041,Bos,WC-2026,DF,minted,23,26,4,74,79,5,79,measured_performance,measured_performance,0.971429,0.9038,0.965174,0.541568,0.708955,0.681926,0.769698,0.0,0.0,,,,,0.0,0.0,False,False,50.8601,50.8601
P-W26-0042:WC-2026,P-W26-0042,Beach,WC-2026,GK,minted,22,1,0,66,70,4,70,measured_performance,measured_performance,0.942857,0.5,0.5,0.106897,0.293532,0.365979,0.458495,0.0,0.0,,,,,0.0,0.0,False,False,30.414,30.414
P-W26-0043:WC-2026,P-W26-0043,Circati,WC-2026,DF,minted,22,12,1,72,75,3,75,measured_performance,measured_performance,0.942857,0.570071,0.708955,0.295724,0.4801,0.612836,0.709448,0.0,0.0,,,,,0.0,0.0,False,False,45.7951,45.7951
P-W26-0044:WC-2026,P-W26-0044,Volpato,WC-2026,FW,minted,22,0,0,71,71,0,71,measured_performance,measured_performance,0.942857,0.064309,0.10199,0.006431,0.00995,0.501556,0.51691,0.0,0.0,,,,,0.0,0.0,False,False,33.25,33.25
P-W26-0045:WC-2026,P-W26-0045,Toure,WC-2026,FW,minted,22,9,2,72,75,3,75,measured_performance,measured_performance,0.942857,0.307074,0.442786,0.207395,0.31592,0.637695,0.707313,0.0,0.0,,,,,0.0,0.0,False,False,45.70263,45.70263
P-W26-0046:WC-2026,P-W26-0046,Okon-Engstler,WC-2026,MF,minted,21,5,0,68,68,0,68,measured_performance,measured_performance,0.914286,0.130081,0.171642,0.097561,0.186567,0.391324,0.429487,0.0,0.0,,,,,0.0,0.0,False,False,24.5257,24.5257
P-W26-0047:WC-2026,P-W26-0047,Irankunda,WC-2026,FW,minted,20,14,5,77,86,9,86,measured_performance,measured_performance,0.885714,0.527331,0.753731,0.323151,0.544776,0.71249,0.846716,0.0,0.0,,,,,0.0,0.0,False,False,59.7215,59.7215
P-W26-0048:WC-2026,P-W26-0048,Herrington,WC-2026,DF,minted,18,3,0,68,71,3,71,measured_performance,measured_performance,0.828571,0.225653,0.338308,0.08076,0.228856,0.411919,0.489651,0.0,0.0,,,,,0.0,0.0,False,False,32.2017,32.2017
P-W26-0049:WC-2026,P-W26-0049,Arnautovic,WC-2026,FW,minted,37,133,47,80,79,-1,79,measured_performance,measured_performance,0.825,0.950161,0.771144,0.9791,0.850746,0.758929,0.759501,0.0,0.0,,0.117062,,,0.0,0.0,False,False,50.131271,50.131271
P-W26-0050:WC-2026,P-W26-0050,Alaba,WC-2026,DF,minted,33,113,15,88,92,4,88,measured_performance,career_stature_estimate,0.925,0.995249,0.99005,0.982185,0.965174,0.94609,0.973284,0.0,0.07,,0.644168,,0.75464,0.0,1.0,False,True,82.463973,62.0
P-W26-0051:WC-2026,P-W26-0051,Mwene,WC-2026,DF,minted,32,30,0,80,73,-7,73,measured_performance,measured_performance,0.95,0.225653,0.171642,0.606888,0.432836,0.755741,0.686761,0.0,0.0,,,,,0.0,0.0,False,False,43.5838,43.5838
P-W26-0052:WC-2026,P-W26-0052,Schopf,WC-2026,MF,minted,32,35,6,75,72,-3,72,measured_performance,measured_performance,0.95,0.777778,0.651741,0.570461,0.338308,0.695145,0.619767,0.0,0.0,,,,,0.0,0.0,False,False,38.4314,38.4314
P-W26-0053:WC-2026,P-W26-0053,Sabitzer,WC-2026,MF,minted,32,98,26,88,88,0,88,measured_performance,measured_performance,0.95,0.987805,0.975124,0.95393,0.915423,0.947171,0.956866,0.0,0.0,,,,,0.0,0.0,False,False,62.0,62.0
P-W26-0054:WC-2026,P-W26-0054,Gregoritsch,WC-2026,FW,minted,32,75,24,88,86,-2,86,measured_performance,measured_performance,0.95,0.869775,0.763682,0.87299,0.761194,0.875984,0.845269,0.0,0.0,,,,,0.0,0.0,False,False,59.5294,59.5294
P-W26-0055:WC-2026,P-W26-0055,Grillitsch,WC-2026,MF,minted,30,58,1,79,75,-4,75,measured_performance,measured_performance,1.0,0.359079,0.308458,0.781843,0.691542,0.745714,0.709988,0.0,0.0,,,,,0.0,0.0,False,False,45.931,45.931
P-W26-0056:WC-2026,P-W26-0056,Schlager,WC-2026,GK,minted,30,26,0,74,75,1,75,measured_performance,measured_performance,1.0,0.5,0.5,0.672414,0.711443,0.685159,0.703893,0.0,0.0,,,,,0.0,0.0,False,False,45.665448,45.665448
P-W26-0057:WC-2026,P-W26-0057,Lienhart,WC-2026,DF,minted,29,41,3,86,82,-4,82,measured_performance,measured_performance,1.0,0.84323,0.828358,0.712589,0.681592,0.821043,0.806164,0.0,0.0,,,,,0.0,0.0,False,False,55.1086,55.1086
P-W26-0058:WC-2026,P-W26-0058,Pentz,WC-2026,GK,minted,29,18,0,73,73,0,73,measured_performance,measured_performance,1.0,0.5,0.5,0.596552,0.656716,0.648745,0.677624,0.0,0.0,,,,,0.0,0.0,False,False,43.080066,43.080066
P-W26-0059:WC-2026,P-W26-0059,Posch,WC-2026,DF,minted,29,52,5,88,87,-1,87,measured_performance,measured_performance,1.0,0.931116,0.927861,0.801663,0.791045,0.863798,0.858702,0.0,0.0,,,,,0.0,0.0,False,False,60.34653,60.34653
P-W26-0060:WC-2026,P-W26-0060,Laimer,WC-2026,MF,minted,29,57,7,88,87,-1,87,measured_performance,measured_performance,1.0,0.811653,0.78607,0.771003,0.723881,0.883886,0.865403,0.0,0.0,,,,,0.0,0.0,False,False,60.941528,60.941528
P-W26-0061:WC-2026,P-W26-0061,Kalajdzic,WC-2026,FW,minted,28,22,4,72,71,-1,71,measured_performance,measured_performance,1.0,0.463023,0.420398,0.456592,0.410448,0.601279,0.580397,0.0,0.0,,,,,0.0,0.0,False,False,35.892094,35.892094
P-W26-0062:WC-2026,P-W26-0062,Schlager,WC-2026,MF,minted,28,51,4,87,86,-1,86,measured_performance,measured_performance,1.0,0.686992,0.681592,0.733062,0.721393,0.849024,0.844627,0.0,0.0,,,,,0.0,0.0,False,False,59.5294,59.5294
P-W26-0063:WC-2026,P-W26-0063,Friedl,WC-2026,DF,minted,28,11,0,72,72,0,72,measured_performance,measured_performance,1.0,0.225653,0.221393,0.269596,0.228856,0.608406,0.588851,0.0,0.0,,,,,0.0,0.0,False,False,36.399344,36.399344
P-W26-0064:WC-2026,P-W26-0064,Danso,WC-2026,DF,minted,27,32,0,85,84,-1,84,measured_performance,measured_performance,1.0,0.225653,0.236318,0.629454,0.659204,0.812138,0.826418,0.0,0.0,,,,,0.0,0.0,False,False,57.230281,57.230281
P-W26-0065:WC-2026,P-W26-0065,Svoboda,WC-2026,DF,minted,27,4,0,71,71,0,71,measured_performance,measured_performance,1.0,0.225653,0.236318,0.108076,0.10199,0.530876,0.527955,0.0,0.0,,,,,0.0,0.0,False,False,33.75,33.75
P-W26-0066:WC-2026,P-W26-0066,Schmid,WC-2026,MF,minted,26,34,3,83,82,-1,82,measured_performance,measured_performance,1.0,0.605691,0.651741,0.559621,0.609453,0.783464,0.806657,0.0,0.0,,,,,0.0,0.0,False,False,55.1086,55.1086
P-W26-0067:WC-2026,P-W26-0067,Affengruber,WC-2026,DF,minted,25,1,0,71,71,0,71,measured_performance,measured_performance,1.0,0.225653,0.261194,0.032067,0.039801,0.525392,0.529104,0.0,0.0,,,,,0.0,0.0,False,False,33.75,33.75
P-W26-0068:WC-2026,P-W26-0068,Wiegele,WC-2026,GK,minted,25,1,0,68,70,2,70,measured_performance,measured_performance,1.0,0.5,0.5,0.106897,0.161692,0.413711,0.440012,0.0,0.0,,,,,0.0,0.0,False,False,29.1056,29.1056
P-W26-0069:WC-2026,P-W26-0069,Seiwald,WC-2026,MF,minted,25,47,1,82,83,1,83,measured_performance,measured_performance,1.0,0.359079,0.39801,0.700542,0.810945,0.776699,0.81597,0.0,0.0,,,,,0.0,0.0,False,False,56.1177,56.1177
P-W26-0070:WC-2026,P-W26-0070,Prass,WC-2026,MF,minted,25,19,0,72,73,1,73,measured_performance,measured_performance,1.0,0.130081,0.139303,0.341463,0.402985,0.629317,0.648806,0.0,0.0,,,,,0.0,0.0,False,False,40.874,40.874
P-W26-0071:WC-2026,P-W26-0071,Wimmer,WC-2026,FW,minted,25,30,1,72,72,0,72,measured_performance,measured_performance,1.0,0.194534,0.216418,0.585209,0.661692,0.619257,0.636314,0.0,0.0,,,,,0.0,0.0,False,False,39.6709,39.6709
P-W26-0072:WC-2026,P-W26-0072,Chukwuemeka,WC-2026,MF,minted,22,3,1,72,72,0,72,measured_performance,measured_performance,0.942857,0.359079,0.442786,0.059621,0.097015,0.587193,0.618955,0.0,0.0,,,,,0.0,0.0,False,False,38.406403,38.406403
P-W26-0073:WC-2026,P-W26-0073,Wanner,WC-2026,MF,minted,20,3,0,71,71,0,71,measured_performance,measured_performance,0.885714,0.130081,0.18408,0.059621,0.134328,0.48893,0.52563,0.0,0.0,,,,,0.0,0.0,False,False,33.6276,33.6276
P-W26-0074:WC-2026,P-W26-0074,Mechele,WC-2026,DF,minted,33,8,1,71,68,-3,68,measured_performance,measured_performance,0.925,0.570071,0.430348,0.218527,0.084577,0.476826,0.420397,0.0,0.0,,,,,0.0,0.0,False,False,24.4,24.4
P-W26-0075:WC-2026,P-W26-0075,Lukebakio,WC-2026,FW,minted,28,29,5,75,73,-2,73,measured_performance,measured_performance,1.0,0.527331,0.492537,0.569132,0.524876,0.687535,0.669698,0.0,0.0,,,,,0.0,0.0,False,False,42.0081,42.0081
P-W26-0076:WC-2026,P-W26-0076,Saelemaekers,WC-2026,MF,minted,26,24,2,78,77,-1,77,measured_performance,measured_performance,1.0,0.506775,0.544776,0.406504,0.427861,0.720374,0.733821,0.0,0.0,,,,,0.0,0.0,False,False,47.7469,47.7469
P-W26-0077:WC-2026,P-W26-0077,De Cuyper,WC-2026,DF,minted,25,18,4,76,77,1,77,measured_performance,measured_performance,1.0,0.9038,0.947761,0.410926,0.475124,0.707244,0.73806,0.0,0.0,,,,,0.0,0.0,False,False,48.2581,48.2581
P-W26-0078:WC-2026,P-W26-0078,Raskin,WC-2026,MF,minted,25,12,1,71,71,0,71,measured_performance,measured_performance,1.0,0.359079,0.39801,0.233062,0.266169,0.533265,0.550275,0.0,0.0,,,,,0.0,0.0,False,False,34.338193,34.338193
P-W26-0079:WC-2026,P-W26-0079,De Winter,WC-2026,DF,minted,23,8,0,72,72,0,72,measured_performance,measured_performance,0.971429,0.225653,0.283582,0.218527,0.335821,0.580896,0.640194,0.0,0.0,,,,,0.0,0.0,False,False,39.935922,39.935922
P-W26-0080:WC-2026,P-W26-0080,Lammens,WC-2026,GK,minted,23,2,0,71,73,2,73,measured_performance,measured_performance,0.971429,0.5,0.5,0.175862,0.393035,0.562002,0.668657,0.0,0.0,,,,,0.0,0.0,False,False,41.7,41.7
P-W26-0081:WC-2026,P-W26-0081,Ngoy,WC-2026,DF,minted,23,3,0,71,71,0,71,measured_performance,measured_performance,0.971429,0.225653,0.283582,0.08076,0.126866,0.516657,0.539896,0.0,0.0,,,,,0.0,0.0,False,False,34.0,34.0
P-W26-0082:WC-2026,P-W26-0082,Moreira,WC-2026,MF,minted,21,2,0,71,71,0,71,measured_performance,measured_performance,0.914286,0.130081,0.171642,0.036585,0.072139,0.538468,0.559731,0.0,0.0,,,,,0.0,0.0,False,False,34.75,34.75
P-W26-0083:WC-2026,P-W26-0083,Fernandez-Pardo,WC-2026,FW,minted,21,1,0,71,71,0,71,measured_performance,measured_performance,0.914286,0.064309,0.11194,0.028939,0.054726,0.503342,0.525866,0.0,0.0,,,,,0.0,0.0,False,False,33.6484,33.6484
P-W26-0084:WC-2026,P-W26-0084,Seys,WC-2026,DF,minted,21,5,0,70,71,1,71,measured_performance,measured_performance,0.914286,0.225653,0.308458,0.142518,0.266169,0.442345,0.507561,0.0,0.0,,,,,0.0,0.0,False,False,32.951591,32.951591
P-W26-0085:WC-2026,P-W26-0085,Penders,WC-2026,GK,minted,20,0,0,70,71,1,71,measured_performance,measured_performance,0.885714,0.5,0.5,0.031034,0.116915,0.465194,0.508119,0.0,0.0,,,,,0.0,0.0,False,False,33.0286,33.0286
P-W26-0086:WC-2026,P-W26-0086,Tabakovic,WC-2026,FW,minted,31,10,4,73,72,-1,72,measured_performance,measured_performance,0.975,0.463023,0.318408,0.241158,0.121891,0.669737,0.608254,0.0,0.0,,,,,0.0,0.0,False,False,37.6766,37.6766
P-W26-0087:WC-2026,P-W26-0087,Vasilj,WC-2026,GK,minted,30,25,0,81,81,0,81,measured_performance,measured_performance,1.0,0.5,0.5,0.665517,0.701493,0.771448,0.788717,0.0,0.0,,,,,0.0,0.0,False,False,52.673,52.673
P-W26-0088:WC-2026,P-W26-0088,Sunjic,WC-2026,MF,minted,29,11,0,69,68,-1,68,measured_performance,measured_performance,1.0,0.130081,0.114428,0.212737,0.134328,0.429044,0.403457,0.0,0.0,,,,,0.0,0.0,False,False,24.0,24.0
P-W26-0089:WC-2026,P-W26-0089,Katic,WC-2026,DF,minted,29,16,1,73,72,-1,72,measured_performance,measured_performance,1.0,0.570071,0.539801,0.361045,0.291045,0.652302,0.618702,0.0,0.0,,,,,0.0,0.0,False,False,38.3273,38.3273
P-W26-0090:WC-2026,P-W26-0090,Hadziahmetovic,WC-2026,MF,minted,29,35,0,78,74,-4,74,measured_performance,measured_performance,1.0,0.130081,0.114428,0.570461,0.4801,0.729268,0.700239,0.0,0.0,,,,,0.0,0.0,False,False,44.679,44.679
P-W26-0091:WC-2026,P-W26-0091,Radeljic,WC-2026,DF,minted,28,5,0,70,69,-1,69,measured_performance,measured_performance,1.0,0.225653,0.221393,0.142518,0.121891,0.448209,0.438308,0.0,0.0,,,,,0.0,0.0,False,False,27.5616,27.5616
P-W26-0092:WC-2026,P-W26-0092,Demirovic,WC-2026,FW,minted,28,39,4,78,75,-3,75,measured_performance,measured_performance,1.0,0.463023,0.420398,0.681672,0.656716,0.727489,0.709149,0.0,0.0,,,,,0.0,0.0,False,False,45.7951,45.7951
P-W26-0093:WC-2026,P-W26-0093,Mujakic,WC-2026,DF,minted,28,11,1,71,71,0,71,measured_performance,measured_performance,1.0,0.570071,0.569652,0.269596,0.228856,0.509206,0.489651,0.0,0.0,,,,,0.0,0.0,False,False,32.2017,32.2017
P-W26-0094:WC-2026,P-W26-0094,Burnic,WC-2026,MF,minted,28,19,0,72,72,0,72,measured_performance,measured_performance,1.0,0.130081,0.121891,0.341463,0.268657,0.629317,0.606776,0.0,0.0,,,,,0.0,0.0,False,False,37.5047,37.5047
P-W26-0095:WC-2026,P-W26-0095,Hadzikadunic,WC-2026,DF,minted,27,31,0,82,81,-1,81,measured_performance,measured_performance,1.0,0.225653,0.236318,0.618765,0.646766,0.776007,0.789448,0.0,0.0,,,,,0.0,0.0,False,False,52.9412,52.9412
P-W26-0096:WC-2026,P-W26-0096,Zlomislic,WC-2026,GK,minted,27,3,0,71,71,0,71,measured_performance,measured_performance,1.0,0.5,0.5,0.234483,0.268657,0.474952,0.491355,0.0,0.0,,,,,0.0,0.0,False,False,32.2791,32.2791
P-W26-0097:WC-2026,P-W26-0097,Lukic,WC-2026,FW,minted,27,2,0,66,66,0,66,measured_performance,measured_performance,1.0,0.064309,0.054726,0.057878,0.047264,0.360297,0.355573,0.0,0.0,,,,,0.0,0.0,False,False,20.0,20.0
P-W26-0098:WC-2026,P-W26-0098,Memic,WC-2026,MF,minted,25,12,1,71,71,0,71,measured_performance,measured_performance,1.0,0.359079,0.39801,0.233062,0.266169,0.533265,0.550275,0.0,0.0,,,,,0.0,0.0,False,False,34.338193,34.338193
P-W26-0099:WC-2026,P-W26-0099,Gigovic,WC-2026,MF,minted,24,19,1,71,72,1,72,measured_performance,measured_performance,1.0,0.359079,0.415423,0.341463,0.447761,0.564485,0.605916,0.0,0.0,,,,,0.0,0.0,False,False,37.4877,37.4877
P-W26-0100:WC-2026,P-W26-0100,Basic,WC-2026,MF,minted,24,16,0,70,71,1,71,measured_performance,measured_performance,1.0,0.130081,0.144279,0.299458,0.393035,0.454019,0.483696,0.0,0.0,,,,,0.0,0.0,False,False,32.1739,32.1739
P-W26-0101:WC-2026,P-W26-0101,Dedic,WC-2026,DF,minted,23,27,1,75,80,5,80,measured_performance,measured_performance,0.971429,0.570071,0.686567,0.565321,0.741294,0.693001,0.785221,0.0,0.0,,,,,0.0,0.0,False,False,52.1756,52.1756
P-W26-0102:WC-2026,P-W26-0102,Muharemovic,WC-2026,DF,minted,23,13,1,72,75,3,75,measured_performance,measured_performance,0.971429,0.570071,0.686567,0.317102,0.462687,0.62686,0.70109,0.0,0.0,,,,,0.0,0.0,False,False,45.146434,45.146434
P-W26-0103:WC-2026,P-W26-0103,Tahirovic,WC-2026,MF,minted,23,27,2,72,74,2,74,measured_performance,measured_performance,0.971429,0.506775,0.621891,0.448509,0.621891,0.617201,0.695708,0.0,0.0,,,,,0.0,0.0,False,False,44.601203,44.601203
P-W26-0104:WC-2026,P-W26-0104,Bazdar,WC-2026,FW,minted,22,12,1,71,71,0,71,measured_performance,measured_performance,0.942857,0.194534,0.29602,0.284566,0.420398,0.478027,0.536815,0.0,0.0,,,,,0.0,0.0,False,False,33.9266,33.9266
P-W26-0105:WC-2026,P-W26-0105,Bajraktarevic,WC-2026,FW,minted,21,15,1,71,72,1,72,measured_performance,measured_performance,0.914286,0.194534,0.323383,0.350482,0.532338,0.531882,0.609698,0.0,0.0,,,,,0.0,0.0,False,False,37.7572,37.7572
P-W26-0106:WC-2026,P-W26-0106,Mahmic,WC-2026,MF,minted,21,1,0,68,69,1,69,measured_performance,measured_performance,0.914286,0.130081,0.171642,0.01626,0.024876,0.424316,0.43732,0.0,0.0,,,,,0.0,0.0,False,False,27.5616,27.5616
P-W26-0107:WC-2026,P-W26-0107,Celik,WC-2026,DF,minted,19,1,0,71,71,0,71,measured_performance,measured_performance,0.857143,0.225653,0.328358,0.032067,0.097015,0.492193,0.525567,0.0,0.0,,,,,0.0,0.0,False,False,33.6276,33.6276
P-W26-0108:WC-2026,P-W26-0108,Alajbegovic,WC-2026,FW,minted,18,9,1,70,72,2,72,measured_performance,measured_performance,0.828571,0.194534,0.415423,0.207395,0.460199,0.458448,0.584576,0.0,0.0,,,,,0.0,0.0,False,False,36.348,36.348
P-W26-0109:WC-2026,P-W26-0109,Jurkas,WC-2026,GK,minted,18,0,0,66,68,2,68,measured_performance,measured_performance,0.828571,0.5,0.5,0.031034,0.179104,0.329943,0.40357,0.0,0.0,,,,,0.0,0.0,False,False,24.0,24.0
P-W26-0110:WC-2026,P-W26-0110,Santos,WC-2026,DF,minted,32,6,0,70,68,-2,68,measured_performance,measured_performance,0.95,0.225653,0.171642,0.173397,0.074627,0.458869,0.415621,0.0,0.0,,,,,0.0,0.0,False,False,24.2753,24.2753
P-W26-0111:WC-2026,P-W26-0111,Pereira,WC-2026,DF,minted,30,3,0,70,70,0,70,measured_performance,measured_performance,1.0,0.225653,0.199005,0.08076,0.049751,0.468165,0.45328,0.0,0.0,,,,,0.0,0.0,False,False,29.74,29.74
P-W26-0112:WC-2026,P-W26-0112,Magalhaes,WC-2026,DF,minted,28,17,1,75,73,-2,73,measured_performance,measured_performance,1.0,0.570071,0.569652,0.388361,0.353234,0.696413,0.679552,0.0,0.0,,,,,0.0,0.0,False,False,43.214,43.214
P-W26-0113:WC-2026,P-W26-0113,Ibanez,WC-2026,DF,minted,27,6,0,70,70,0,70,measured_performance,measured_performance,1.0,0.225653,0.236318,0.173397,0.161692,0.463031,0.457412,0.0,0.0,,,,,0.0,0.0,False,False,30.3156,30.3156
P-W26-0114:WC-2026,P-W26-0114,Cunha,WC-2026,FW,minted,27,22,1,72,72,0,72,measured_performance,measured_performance,1.0,0.194534,0.174129,0.456592,0.437811,0.634823,0.625224,0.0,0.0,,,,,0.0,0.0,False,False,38.75,38.75
P-W26-0115:WC-2026,P-W26-0115,Luiz Henrique,WC-2026,FW,minted,25,14,2,71,88,17,71,measured_performance,career_stature_estimate,1.0,0.307074,0.338308,0.323151,0.355721,0.529125,0.544277,0.0,-0.049811,,0.509,,0.672667,0.0,1.0,False,False,62.285524,34.1818
P-W26-0116:WC-2026,P-W26-0116,Santos,WC-2026,MF,minted,25,3,2,71,71,0,71,measured_performance,measured_performance,1.0,0.506775,0.574627,0.059621,0.059701,0.566072,0.579122,0.0,0.0,,,,,0.0,0.0,False,False,35.7875,35.7875
P-W26-0117:WC-2026,P-W26-0117,Igor Thiago,WC-2026,FW,minted,24,3,2,72,73,1,73,measured_performance,measured_performance,1.0,0.307074,0.370647,0.085209,0.106965,0.630772,0.656269,0.0,0.0,,,,,0.0,0.0,False,False,41.000011,41.000011
P-W26-0118:WC-2026,P-W26-0118,Wesley,WC-2026,DF,minted,22,7,0,71,72,1,72,measured_performance,measured_performance,0.942857,0.225653,0.293532,0.19715,0.350746,0.568224,0.647358,0.0,0.0,,,,,0.0,0.0,False,False,40.736,40.736
P-W26-0119:WC-2026,P-W26-0119,Endrick,WC-2026,FW,minted,19,16,3,72,81,9,81,measured_performance,measured_performance,0.857143,0.392283,0.651741,0.364952,0.636816,0.637585,0.790045,0.0,0.0,,,,,0.0,0.0,False,False,53.000941,53.000941
P-W26-0120:WC-2026,P-W26-0120,Rayan,WC-2026,FW,minted,19,2,1,72,73,1,73,measured_performance,measured_performance,0.857143,0.194534,0.378109,0.057878,0.134328,0.575981,0.662239,0.0,0.0,,,,,0.0,0.0,False,False,41.4737,41.4737
P-W26-0121:WC-2026,P-W26-0121,Crepeau,WC-2026,GK,minted,32,31,0,74,73,-1,73,measured_performance,measured_performance,0.95,0.5,0.5,0.706897,0.656716,0.684745,0.677624,0.0,0.0,,,,,0.0,0.0,False,False,43.080066,43.080066
P-W26-0122:WC-2026,P-W26-0122,Jones,WC-2026,DF,minted,28,2,0,71,71,0,71,measured_performance,measured_performance,1.0,0.225653,0.221393,0.057007,0.042289,0.537363,0.530299,0.0,0.0,,,,,0.0,0.0,False,False,33.75,33.75
P-W26-0123:WC-2026,P-W26-0123,Choiniere,WC-2026,MF,minted,27,23,0,71,71,0,71,measured_performance,measured_performance,1.0,0.130081,0.126866,0.392954,0.368159,0.535346,0.527588,0.0,0.0,,,,,0.0,0.0,False,False,33.6875,33.6875
P-W26-0124:WC-2026,P-W26-0124,Shaffelburg,WC-2026,MF,minted,26,31,6,75,75,0,75,measured_performance,measured_performance,1.0,0.777778,0.820896,0.512195,0.559701,0.694046,0.716006,0.0,0.0,,,,,0.0,0.0,False,False,46.2169,46.2169
P-W26-0125:WC-2026,P-W26-0125,Bombito,WC-2026,DF,minted,26,20,0,75,75,0,75,measured_performance,measured_performance,1.0,0.225653,0.248756,0.457245,0.49005,0.698478,0.714224,0.0,0.0,,,,,0.0,0.0,False,False,46.1766,46.1766
P-W26-0126:WC-2026,P-W26-0126,Oluwaseyi,WC-2026,FW,minted,26,23,2,74,73,-1,73,measured_performance,measured_performance,1.0,0.307074,0.308458,0.4791,0.49005,0.678039,0.679851,0.0,0.0,,,,,0.0,0.0,False,False,43.214,43.214
P-W26-0127:WC-2026,P-W26-0127,Ahmed,WC-2026,FW,minted,25,24,1,72,73,1,73,measured_performance,measured_performance,1.0,0.194534,0.216418,0.490354,0.539801,0.638875,0.652687,0.0,0.0,,,,,0.0,0.0,False,False,40.9709,40.9709
P-W26-0128:WC-2026,P-W26-0128,David,WC-2026,FW,minted,24,9,3,71,71,0,71,measured_performance,measured_performance,1.0,0.392283,0.470149,0.207395,0.251244,0.545909,0.579203,0.0,0.0,,,,,0.0,0.0,False,False,35.7875,35.7875
P-W26-0129:WC-2026,P-W26-0129,Sigur,WC-2026,DF,minted,22,18,2,71,73,2,73,measured_performance,measured_performance,0.942857,0.745843,0.868159,0.410926,0.606965,0.565773,0.671143,0.0,0.0,,,,,0.0,0.0,False,False,42.3256,42.3256
P-W26-0130:WC-2026,P-W26-0130,Goodman,WC-2026,GK,minted,22,0,0,71,71,0,71,measured_performance,measured_performance,0.942857,0.5,0.5,0.031034,0.077114,0.494045,0.517015,0.0,0.0,,,,,0.0,0.0,False,False,33.25,33.25
P-W26-0131:WC-2026,P-W26-0131,Saliba,WC-2026,MF,minted,22,14,2,71,72,1,72,measured_performance,measured_performance,0.942857,0.506775,0.639303,0.264228,0.40796,0.56069,0.637439,0.0,0.0,,,,,0.0,0.0,False,False,39.7799,39.7799
P-W26-0132:WC-2026,P-W26-0132,Fougerolles,WC-2026,DF,minted,20,12,0,71,73,2,73,measured_performance,measured_performance,0.885714,0.225653,0.318408,0.295724,0.569652,0.505525,0.653233,0.0,0.0,,,,,0.0,0.0,False,False,40.9909,40.9909
P-W26-0133:WC-2026,P-W26-0133,Cordoba,WC-2026,FW,minted,33,21,6,72,71,-1,71,measured_performance,measured_performance,0.925,0.594855,0.378109,0.42926,0.246269,0.625535,0.545472,0.0,0.0,,,,,0.0,0.0,False,False,34.2297,34.2297
P-W26-0134:WC-2026,P-W26-0134,Machado,WC-2026,DF,minted,32,15,0,72,71,-1,71,measured_performance,measured_performance,0.95,0.225653,0.171642,0.34323,0.189055,0.635513,0.569746,0.0,0.0,,,,,0.0,0.0,False,False,35.0807,35.0807
P-W26-0135:WC-2026,P-W26-0135,Montero,WC-2026,GK,minted,31,11,0,72,71,-1,71,measured_performance,measured_performance,0.975,0.5,0.5,0.493103,0.437811,0.593172,0.572549,0.0,0.0,,,,,0.0,0.0,False,False,35.2085,35.2085
P-W26-0136:WC-2026,P-W26-0136,Munoz,WC-2026,DF,minted,30,45,3,88,86,-2,86,measured_performance,measured_performance,1.0,0.84323,0.818408,0.751781,0.689055,0.870855,0.840746,0.0,0.0,,,,,0.0,0.0,False,False,59.1214,59.1214
P-W26-0137:WC-2026,P-W26-0137,Diaz,WC-2026,FW,minted,29,73,22,88,88,0,88,measured_performance,measured_performance,1.0,0.85209,0.843284,0.866559,0.870647,0.889739,0.88706,0.0,0.0,,,,,0.0,0.0,False,False,62.0,62.0
P-W26-0138:WC-2026,P-W26-0138,Arias,WC-2026,MF,minted,28,37,4,80,78,-2,78,measured_performance,measured_performance,1.0,0.686992,0.681592,0.597561,0.557214,0.7556,0.742943,0.0,0.0,,,,,0.0,0.0,False,False,48.9044,48.9044
P-W26-0139:WC-2026,P-W26-0139,Suarez,WC-2026,FW,minted,28,11,5,73,72,-1,72,measured_performance,measured_performance,1.0,0.527331,0.492537,0.266881,0.208955,0.651265,0.631788,0.0,0.0,,,,,0.0,0.0,False,False,39.2605,39.2605
P-W26-0140:WC-2026,P-W26-0140,Ditta,WC-2026,DF,minted,28,4,0,69,68,-1,68,measured_performance,measured_performance,1.0,0.225653,0.221393,0.108076,0.09204,0.431676,0.423979,0.0,0.0,,,,,0.0,0.0,False,False,24.4651,24.4651
P-W26-0141:WC-2026,P-W26-0141,Carrascal,WC-2026,MF,minted,28,23,2,73,72,-1,72,measured_performance,measured_performance,1.0,0.506775,0.487562,0.392954,0.320896,0.662072,0.63763,0.0,0.0,,,,,0.0,0.0,False,False,39.7976,39.7976
P-W26-0142:WC-2026,P-W26-0142,Lucumi,WC-2026,DF,minted,27,36,1,84,84,0,84,measured_performance,measured_performance,1.0,0.570071,0.597015,0.668646,0.71393,0.79995,0.821686,0.0,0.0,,,,,0.0,0.0,False,False,56.818865,56.818865
P-W26-0143:WC-2026,P-W26-0143,Portilla,WC-2026,MF,minted,27,9,0,71,71,0,71,measured_performance,measured_performance,1.0,0.130081,0.126866,0.174797,0.141791,0.526917,0.516794,0.0,0.0,,,,,0.0,0.0,False,False,33.25,33.25
P-W26-0144:WC-2026,P-W26-0144,Hernandez,WC-2026,FW,minted,27,8,2,73,72,-1,72,measured_performance,measured_performance,1.0,0.307074,0.283582,0.176849,0.154229,0.641769,0.630597,0.0,0.0,,,,,0.0,0.0,False,False,39.0634,39.0634
P-W26-0145:WC-2026,P-W26-0145,Campaz,WC-2026,FW,minted,26,9,1,71,70,-1,70,measured_performance,measured_performance,1.0,0.194534,0.191542,0.207395,0.201493,0.47472,0.472934,0.0,0.0,,,,,0.0,0.0,False,False,31.5595,31.5595
P-W26-0146:WC-2026,P-W26-0146,Rios,WC-2026,MF,minted,26,31,2,75,75,0,75,measured_performance,measured_performance,1.0,0.506775,0.544776,0.512195,0.559701,0.696413,0.717391,0.0,0.0,,,,,0.0,0.0,False,False,46.2169,46.2169
P-W26-0147:WC-2026,P-W26-0147,Castano,WC-2026,MF,minted,25,25,0,71,71,0,71,measured_performance,measured_performance,1.0,0.130081,0.139303,0.421409,0.497512,0.543541,0.56723,0.0,0.0,,,,,0.0,0.0,False,False,34.9538,34.9538
P-W26-0148:WC-2026,P-W26-0148,Gomez,WC-2026,FW,minted,23,7,2,71,72,1,72,measured_performance,measured_performance,0.971429,0.307074,0.405473,0.157556,0.216418,0.555155,0.60134,0.0,0.0,,,,,0.0,0.0,False,False,37.2,37.2
P-W26-0149:WC-2026,P-W26-0149,Puerta,WC-2026,DF,minted,22,5,1,72,72,0,72,measured_performance,measured_performance,0.942857,0.570071,0.708955,0.142518,0.241294,0.5745,0.625821,0.0,0.0,,,,,0.0,0.0,False,False,38.8946,38.8946
P-W26-0150:WC-2026,P-W26-0150,Pongracic,WC-2026,DF,minted,28,19,0,75,73,-2,73,measured_performance,measured_performance,1.0,0.225653,0.221393,0.432304,0.400498,0.686506,0.671239,0.0,0.0,,,,,0.0,0.0,False,False,42.3256,42.3256
P-W26-0151:WC-2026,P-W26-0151,Musa,WC-2026,FW,minted,28,11,1,71,70,-1,70,measured_performance,measured_performance,1.0,0.194534,0.151741,0.266881,0.208955,0.481858,0.459501,0.0,0.0,,,,,0.0,0.0,False,False,30.5,30.5
P-W26-0152:WC-2026,P-W26-0152,Moro,WC-2026,MF,minted,28,10,0,72,71,-1,71,measured_performance,measured_performance,1.0,0.130081,0.121891,0.192412,0.139303,0.58639,0.569522,0.0,0.0,,,,,0.0,0.0,False,False,35.0807,35.0807
P-W26-0153:WC-2026,P-W26-0153,Kotarski,WC-2026,GK,minted,26,4,0,71,71,0,71,measured_performance,measured_performance,1.0,0.5,0.5,0.306897,0.400498,0.509711,0.554639,0.0,0.0,,,,,0.0,0.0,False,False,34.5683,34.5683
P-W26-0154:WC-2026,P-W26-0154,Pandur,WC-2026,GK,minted,26,0,0,71,71,0,71,measured_performance,measured_performance,1.0,0.5,0.5,0.031034,0.029851,0.494896,0.494328,0.0,0.0,,,,,0.0,0.0,False,False,32.383,32.383
P-W26-0155:WC-2026,P-W26-0155,Pasalic,WC-2026,FW,minted,25,14,1,71,71,0,71,measured_performance,measured_performance,1.0,0.194534,0.216418,0.323151,0.355721,0.48861,0.500397,0.0,0.0,,,,,0.0,0.0,False,False,32.8067,32.8067
P-W26-0156:WC-2026,P-W26-0156,Fruk,WC-2026,MF,minted,25,7,1,71,71,0,71,measured_performance,measured_performance,1.0,0.359079,0.39801,0.138211,0.151741,0.505948,0.517319,0.0,0.0,,,,,0.0,0.0,False,False,33.25,33.25
P-W26-0157:WC-2026,P-W26-0157,Baturina,WC-2026,MF,minted,23,18,1,73,75,2,75,measured_performance,measured_performance,0.971429,0.359079,0.430348,0.318428,0.450249,0.66206,0.718299,0.0,0.0,,,,,0.0,0.0,False,False,46.2169,46.2169
P-W26-0158:WC-2026,P-W26-0158,Matanovic,WC-2026,FW,minted,23,8,2,72,73,1,73,measured_performance,measured_performance,0.971429,0.307074,0.405473,0.176849,0.243781,0.607004,0.654224,0.0,0.0,,,,,0.0,0.0,False,False,41.0,41.0
P-W26-0159:WC-2026,P-W26-0159,Sucic,WC-2026,MF,minted,22,16,1,73,76,3,76,measured_performance,measured_performance,0.942857,0.359079,0.442786,0.299458,0.465174,0.652319,0.724985,0.0,0.0,,,,,0.0,0.0,False,False,47.0545,47.0545
P-W26-0160:WC-2026,P-W26-0160,Vuskovic,WC-2026,DF,minted,19,5,1,71,72,1,72,measured_performance,measured_performance,0.857143,0.570071,0.771144,0.142518,0.333333,0.537636,0.639,0.0,0.0,,,,,0.0,0.0,False,False,39.8823,39.8823
P-W26-0161:WC-2026,P-W26-0161,Darida,WC-2026,MF,minted,35,78,8,81,75,-6,75,measured_performance,measured_performance,0.875,0.834688,0.641791,0.906504,0.686567,0.765867,0.718155,0.0,0.0,,,,,0.0,0.0,False,False,46.2169,46.2169
P-W26-0162:WC-2026,P-W26-0162,Zeleny,WC-2026,DF,minted,33,22,0,72,71,-1,71,measured_performance,measured_performance,0.925,0.225653,0.156716,0.482185,0.300995,0.59389,0.524278,0.0,0.0,,,,,0.0,0.0,False,False,33.4,33.4
P-W26-0163:WC-2026,P-W26-0163,Coufal,WC-2026,DF,minted,33,61,2,88,84,-4,84,measured_performance,measured_performance,0.925,0.745843,0.616915,0.865796,0.731343,0.863413,0.830045,0.0,0.0,,,,,0.0,0.0,False,False,57.5,57.5
P-W26-0164:WC-2026,P-W26-0164,Holes,WC-2026,DF,minted,33,40,2,75,72,-3,72,measured_performance,measured_performance,0.925,0.745843,0.616915,0.703088,0.4801,0.691971,0.610248,0.0,0.0,,,,,0.0,0.0,False,False,37.8286,37.8286
P-W26-0165:WC-2026,P-W26-0165,Chory,WC-2026,FW,minted,31,21,6,72,71,-1,71,measured_performance,measured_performance,0.975,0.594855,0.457711,0.42926,0.303483,0.638818,0.580994,0.0,0.0,,,,,0.0,0.0,False,False,36.0183,36.0183
P-W26-0166:WC-2026,P-W26-0166,Soucek,WC-2026,MF,minted,31,89,17,88,88,0,88,measured_performance,measured_performance,0.975,0.974255,0.955224,0.943089,0.91791,0.9872,0.987761,0.0,0.0,,,,,0.0,0.0,False,False,62.0,62.0
P-W26-0167:WC-2026,P-W26-0167,Schick,WC-2026,FW,minted,30,52,25,88,88,0,88,measured_performance,measured_performance,1.0,0.879421,0.855721,0.782958,0.721393,0.889547,0.873627,0.0,0.0,,,,,0.0,0.0,False,False,61.919646,61.919646
P-W26-0168:WC-2026,P-W26-0168,Stanek,WC-2026,GK,minted,30,14,0,72,72,0,72,measured_performance,measured_performance,1.0,0.5,0.5,0.568966,0.574627,0.635504,0.638221,0.0,0.0,,,,,0.0,0.0,False,False,39.7976,39.7976
P-W26-0169:WC-2026,P-W26-0169,Provod,WC-2026,MF,minted,29,37,3,74,73,-1,73,measured_performance,measured_performance,1.0,0.605691,0.557214,0.597561,0.50995,0.68559,0.651051,0.0,0.0,,,,,0.0,0.0,False,False,40.968832,40.968832
P-W26-0170:WC-2026,P-W26-0170,Kuchta,WC-2026,FW,minted,29,31,3,72,71,-1,71,measured_performance,measured_performance,1.0,0.392283,0.310945,0.599678,0.517413,0.592983,0.55383,0.0,0.0,,,,,0.0,0.0,False,False,34.4436,34.4436
P-W26-0171:WC-2026,P-W26-0171,Doudera,WC-2026,DF,minted,28,16,2,71,71,0,71,measured_performance,measured_performance,1.0,0.745843,0.748756,0.361045,0.320896,0.553102,0.53383,0.0,0.0,,,,,0.0,0.0,False,False,33.9122,33.9122
P-W26-0172:WC-2026,P-W26-0172,Krejci,WC-2026,DF,minted,27,26,5,81,79,-2,79,measured_performance,measured_performance,1.0,0.931116,0.950249,0.541568,0.549751,0.769953,0.77388,0.0,0.0,,,,,0.0,0.0,False,False,50.9242,50.9242
P-W26-0173:WC-2026,P-W26-0173,Chytil,WC-2026,FW,minted,27,22,6,73,72,-1,72,measured_performance,measured_performance,1.0,0.594855,0.594527,0.456592,0.437811,0.648739,0.646367,0.0,0.0,,,,,0.0,0.0,False,False,40.6141,40.6141
P-W26-0174:WC-2026,P-W26-0174,Sadilek,WC-2026,MF,minted,27,34,1,72,72,0,72,measured_performance,measured_performance,1.0,0.359079,0.360697,0.559621,0.564677,0.627314,0.629081,0.0,0.0,,,,,0.0,0.0,False,False,38.9913,38.9913
P-W26-0175:WC-2026,P-W26-0175,Hranac,WC-2026,DF,minted,26,13,1,72,72,0,72,measured_performance,measured_performance,1.0,0.570071,0.621891,0.317102,0.338308,0.631209,0.641388,0.0,0.0,,,,,0.0,0.0,False,False,40.043213,40.043213
P-W26-0176:WC-2026,P-W26-0176,Kovar,WC-2026,GK,minted,26,19,0,75,80,5,80,measured_performance,measured_performance,1.0,0.5,0.5,0.603448,0.781095,0.696855,0.782126,0.0,0.0,,,,,0.0,0.0,False,False,51.8,51.8
P-W26-0177:WC-2026,P-W26-0177,Jurasek,WC-2026,DF,minted,25,17,1,71,72,1,72,measured_performance,measured_performance,1.0,0.570071,0.644279,0.388361,0.450249,0.566213,0.59592,0.0,0.0,,,,,0.0,0.0,False,False,36.611807,36.611807
P-W26-0178:WC-2026,P-W26-0178,Zima,WC-2026,DF,minted,25,24,1,72,73,1,73,measured_performance,measured_performance,1.0,0.570071,0.644279,0.508314,0.589552,0.623791,0.662785,0.0,0.0,,,,,0.0,0.0,False,False,41.4737,41.4737
P-W26-0179:WC-2026,P-W26-0179,Sulc,WC-2026,FW,minted,25,20,5,77,78,1,78,measured_performance,measured_performance,1.0,0.527331,0.594527,0.411576,0.447761,0.718228,0.746761,0.0,0.0,,,,,0.0,0.0,False,False,49.2603,49.2603
P-W26-0180:WC-2026,P-W26-0180,Cerv,WC-2026,MF,minted,25,16,2,72,72,0,72,measured_performance,measured_performance,1.0,0.506775,0.574627,0.299458,0.353234,0.580745,0.60926,0.0,0.0,,,,,0.0,0.0,False,False,37.7021,37.7021
P-W26-0181:WC-2026,P-W26-0181,Hornicek,WC-2026,GK,minted,23,1,0,70,71,1,71,measured_performance,measured_performance,0.971429,0.5,0.5,0.106897,0.243781,0.457045,0.524215,0.0,0.0,,,,,0.0,0.0,False,False,33.4,33.4
P-W26-0182:WC-2026,P-W26-0182,Hlozek,WC-2026,FW,minted,23,42,5,79,84,5,84,measured_performance,measured_performance,0.971429,0.527331,0.661692,0.696141,0.840796,0.744565,0.818105,0.0,0.0,,,,,0.0,0.0,False,False,56.5688,56.5688
P-W26-0183:WC-2026,P-W26-0183,Chaloupek,WC-2026,DF,minted,23,4,0,69,70,1,70,measured_performance,measured_performance,0.971429,0.225653,0.283582,0.108076,0.166667,0.430194,0.4598,0.0,0.0,,,,,0.0,0.0,False,False,30.6024,30.6024
P-W26-0184:WC-2026,P-W26-0184,Visinsky,WC-2026,FW,minted,23,1,0,68,68,0,68,measured_performance,measured_performance,0.971429,0.064309,0.089552,0.028939,0.044776,0.405663,0.417412,0.0,0.0,,,,,0.0,0.0,False,False,24.2753,24.2753
P-W26-0185:WC-2026,P-W26-0185,Sojka,WC-2026,MF,minted,23,1,0,68,69,1,69,measured_performance,measured_performance,0.971429,0.130081,0.151741,0.01626,0.0199,0.426011,0.432065,0.0,0.0,,,,,0.0,0.0,False,False,25.7465,25.7465
P-W26-0186:WC-2026,P-W26-0186,Sochurek,WC-2026,MF,minted,18,1,0,68,70,2,70,measured_performance,measured_performance,0.828571,0.130081,0.216418,0.01626,0.047264,0.421774,0.452364,0.0,0.0,,,,,0.0,0.0,False,False,29.7225,29.7225
P-W26-0187:WC-2026,P-W26-0187,Valle,WC-2026,GK,minted,30,3,0,69,68,-1,68,measured_performance,measured_performance,1.0,0.5,0.5,0.234483,0.174129,0.430152,0.401182,0.0,0.0,,,,,0.0,0.0,False,False,23.9771,23.9771
P-W26-0188:WC-2026,P-W26-0188,Caicedo,WC-2026,FW,minted,28,19,3,71,71,0,71,measured_performance,measured_performance,1.0,0.392283,0.340796,0.401929,0.350746,0.569253,0.544576,0.0,0.0,,,,,0.0,0.0,False,False,34.1818,34.1818
P-W26-0189:WC-2026,P-W26-0189,Alcivar,WC-2026,MF,minted,26,10,1,70,70,0,70,measured_performance,measured_performance,1.0,0.359079,0.378109,0.192412,0.189055,0.467158,0.469845,0.0,0.0,,,,,0.0,0.0,False,False,31.2096,31.2096
P-W26-0190:WC-2026,P-W26-0190,Yeboah,WC-2026,FW,minted,25,22,3,73,74,1,74,measured_performance,measured_performance,1.0,0.392283,0.437811,0.456592,0.495025,0.675013,0.696015,0.0,0.0,,,,,0.0,0.0,False,False,44.6121,44.6121
P-W26-0191:WC-2026,P-W26-0191,Vite,WC-2026,MF,minted,24,16,1,71,72,1,72,measured_performance,measured_performance,1.0,0.359079,0.415423,0.299458,0.393035,0.552387,0.590155,0.0,0.0,,,,,0.0,0.0,False,False,36.5157,36.5157
P-W26-0192:WC-2026,P-W26-0192,Minda,WC-2026,MF,minted,23,19,2,73,75,2,75,measured_performance,measured_performance,0.971429,0.506775,0.621891,0.341463,0.485075,0.641652,0.710705,0.0,0.0,,,,,0.0,0.0,False,False,45.931,45.931
P-W26-0193:WC-2026,P-W26-0193,Angulo,WC-2026,FW,minted,22,13,1,72,73,1,73,measured_performance,measured_performance,0.942857,0.194534,0.29602,0.299035,0.435323,0.609864,0.668806,0.0,0.0,,,,,0.0,0.0,False,False,41.790919,41.790919
P-W26-0194:WC-2026,P-W26-0194,Valencia,WC-2026,MF,minted,22,2,1,71,71,0,71,measured_performance,measured_performance,0.942857,0.359079,0.442786,0.036585,0.059701,0.472138,0.499409,0.0,0.0,,,,,0.0,0.0,False,False,32.7659,32.7659
P-W26-0195:WC-2026,P-W26-0195,Castillo,WC-2026,MF,minted,22,5,0,70,70,0,70,measured_performance,measured_performance,0.942857,0.130081,0.156716,0.097561,0.156716,0.44724,0.472424,0.0,0.0,,,,,0.0,0.0,False,False,31.2457,31.2457
P-W26-0196:WC-2026,P-W26-0196,Ordonez,WC-2026,DF,minted,22,16,0,71,72,1,72,measured_performance,measured_performance,0.942857,0.225653,0.293532,0.361045,0.554726,0.543199,0.646068,0.0,0.0,,,,,0.0,0.0,False,False,40.5195,40.5195
P-W26-0197:WC-2026,P-W26-0197,Medina,WC-2026,DF,minted,21,5,0,70,71,1,71,measured_performance,measured_performance,0.914286,0.225653,0.308458,0.142518,0.266169,0.442345,0.507561,0.0,0.0,,,,,0.0,0.0,False,False,32.951591,32.951591
P-W26-0198:WC-2026,P-W26-0198,Arevalo,WC-2026,FW,minted,21,3,0,71,71,0,71,measured_performance,measured_performance,0.914286,0.064309,0.11194,0.085209,0.156716,0.509516,0.538104,0.0,0.0,,,,,0.0,0.0,False,False,33.9266,33.9266
P-W26-0199:WC-2026,P-W26-0199,Paez,WC-2026,MF,minted,19,25,2,72,78,6,78,measured_performance,measured_performance,0.857143,0.506775,0.711443,0.421409,0.766169,0.584629,0.754454,0.0,0.0,,,,,0.0,0.0,False,False,49.75,49.75
P-W26-0200:WC-2026,P-W26-0200,Soliman,WC-2026,GK,minted,39,0,0,66,66,0,66,measured_performance,measured_performance,0.8,0.5,0.5,0.031034,0.002488,0.329517,0.318794,0.0,0.0,,,,,0.0,0.0,False,False,20.0,20.0
P-W26-0201:WC-2026,P-W26-0201,Ibrahim,WC-2026,DF,minted,33,16,1,71,68,-3,68,measured_performance,measured_performance,0.925,0.570071,0.430348,0.361045,0.191542,0.490504,0.42214,0.0,0.0,,,,,0.0,0.0,False,False,24.437,24.437
P-W26-0202:WC-2026,P-W26-0202,Rabia,WC-2026,DF,minted,33,44,5,73,72,-1,72,measured_performance,measured_performance,0.925,0.931116,0.865672,0.73753,0.527363,0.657663,0.583334,0.0,0.0,,,,,0.0,0.0,False,False,36.1444,36.1444
P-W26-0203:WC-2026,P-W26-0203,Fathy,WC-2026,MF,minted,31,62,3,74,72,-2,72,measured_performance,measured_performance,0.975,0.605691,0.475124,0.802168,0.674129,0.681434,0.628173,0.0,0.0,,,,,0.0,0.0,False,False,38.9913,38.9913
P-W26-0204:WC-2026,P-W26-0204,Zizo,WC-2026,FW,minted,30,62,5,72,71,-1,71,measured_performance,measured_performance,1.0,0.527331,0.420398,0.824759,0.781095,0.61901,0.575275,0.0,0.0,,,,,0.0,0.0,False,False,35.5146,35.5146
P-W26-0205:WC-2026,P-W26-0205,Hany,WC-2026,DF,minted,30,41,0,73,72,-1,72,measured_performance,measured_performance,1.0,0.225653,0.199005,0.712589,0.639303,0.672243,0.637065,0.0,0.0,,,,,0.0,0.0,False,False,39.7461,39.7461
P-W26-0206:WC-2026,P-W26-0206,Hafez,WC-2026,DF,minted,30,8,0,70,68,-2,68,measured_performance,measured_performance,1.0,0.225653,0.199005,0.218527,0.134328,0.435093,0.394677,0.0,0.0,,,,,0.0,0.0,False,False,23.2,23.2
P-W26-0207:WC-2026,P-W26-0207,Emad,WC-2026,MF,minted,30,12,0,71,70,-1,70,measured_performance,measured_performance,1.0,0.130081,0.109453,0.233062,0.129353,0.489297,0.455469,0.0,0.0,,,,,0.0,0.0,False,False,29.7655,29.7655
P-W26-0208:WC-2026,P-W26-0208,Lasheen,WC-2026,MF,minted,30,22,0,71,69,-2,69,measured_performance,measured_performance,1.0,0.130081,0.109453,0.382114,0.236318,0.477824,0.431875,0.0,0.0,,,,,0.0,0.0,False,False,25.027376,25.027376
P-W26-0209:WC-2026,P-W26-0209,Ziko,WC-2026,MF,minted,29,1,1,68,68,0,68,measured_performance,measured_performance,1.0,0.359079,0.325871,0.01626,0.007463,0.416426,0.407517,0.0,0.0,,,,,0.0,0.0,False,False,24.1081,24.1081
P-W26-0210:WC-2026,P-W26-0210,Ashour,WC-2026,MF,minted,28,28,0,71,71,0,71,measured_performance,measured_performance,1.0,0.130081,0.121891,0.46748,0.405473,0.50241,0.482979,0.0,0.0,,,,,0.0,0.0,False,False,32.1339,32.1339
P-W26-0211:WC-2026,P-W26-0211,Fatouh,WC-2026,DF,minted,28,38,1,73,73,0,73,measured_performance,measured_performance,1.0,0.570071,0.569652,0.687648,0.69403,0.660271,0.663334,0.0,0.0,,,,,0.0,0.0,False,False,41.4737,41.4737
P-W26-0212:WC-2026,P-W26-0212,Attia,WC-2026,MF,minted,27,33,1,71,71,0,71,measured_performance,measured_performance,1.0,0.359079,0.360697,0.544715,0.544776,0.568621,0.568949,0.0,0.0,,,,,0.0,0.0,False,False,35.0554,35.0554
P-W26-0213:WC-2026,P-W26-0213,Alaa,WC-2026,GK,minted,27,0,0,66,66,0,66,measured_performance,measured_performance,1.0,0.5,0.5,0.031034,0.024876,0.332496,0.32954,0.0,0.0,,,,,0.0,0.0,False,False,20.0,20.0
P-W26-0214:WC-2026,P-W26-0214,Abdelmonem,WC-2026,DF,minted,27,35,3,84,83,-1,83,measured_performance,measured_performance,1.0,0.84323,0.865672,0.65677,0.696517,0.79425,0.813328,0.0,0.0,,,,,0.0,0.0,False,False,55.6203,55.6203
P-W26-0215:WC-2026,P-W26-0215,Marmoush,WC-2026,FW,minted,27,48,11,88,88,0,88,measured_performance,measured_performance,1.0,0.742765,0.763682,0.734727,0.761194,0.865563,0.876269,0.0,0.0,,,,,0.0,0.0,False,False,62.0,62.0
P-W26-0216:WC-2026,P-W26-0216,Shobeir,WC-2026,GK,minted,26,8,0,71,72,1,72,measured_performance,measured_performance,1.0,0.5,0.5,0.444828,0.587065,0.531117,0.599391,0.0,0.0,,,,,0.0,0.0,False,False,36.7074,36.7074
P-W26-0217:WC-2026,P-W26-0217,Adel,WC-2026,FW,minted,25,23,3,72,72,0,72,measured_performance,measured_performance,1.0,0.392283,0.437811,0.4791,0.524876,0.578514,0.600397,0.0,0.0,,,,,0.0,0.0,False,False,37.1429,37.1429
P-W26-0218:WC-2026,P-W26-0218,Abdelmaguid,WC-2026,DF,minted,25,13,0,71,71,0,71,measured_performance,measured_performance,1.0,0.225653,0.261194,0.317102,0.373134,0.482409,0.509304,0.0,0.0,,,,,0.0,0.0,False,False,33.1174,33.1174
P-W26-0219:WC-2026,P-W26-0219,Saber,WC-2026,MF,minted,24,15,1,71,71,0,71,measured_performance,measured_performance,1.0,0.359079,0.415423,0.277778,0.358209,0.491743,0.525725,0.0,0.0,,,,,0.0,0.0,False,False,33.6484,33.6484
P-W26-0220:WC-2026,P-W26-0220,Alaa,WC-2026,DF,minted,24,2,0,66,66,0,66,measured_performance,measured_performance,1.0,0.225653,0.271144,0.057007,0.08209,0.357563,0.369603,0.0,0.0,,,,,0.0,0.0,False,False,20.0,20.0
P-W26-0221:WC-2026,P-W26-0221,Hassan,WC-2026,FW,minted,24,3,0,71,71,0,71,measured_performance,measured_performance,1.0,0.064309,0.079602,0.085209,0.106965,0.543376,0.551493,0.0,0.0,,,,,0.0,0.0,False,False,34.433178,34.433178
P-W26-0222:WC-2026,P-W26-0222,Abdelkarim,WC-2026,FW,minted,18,1,0,71,71,0,71,measured_performance,measured_performance,0.828571,0.064309,0.144279,0.028939,0.072139,0.53206,0.570597,0.0,0.0,,,,,0.0,0.0,False,False,35.15,35.15
P-W26-0223:WC-2026,P-W26-0223,Burn,WC-2026,DF,minted,34,6,0,72,71,-1,71,measured_performance,measured_performance,0.9,0.225653,0.141791,0.173397,0.054726,0.584908,0.536268,0.0,0.0,,,,,0.0,0.0,False,False,33.9122,33.9122
P-W26-0224:WC-2026,P-W26-0224,Watkins,WC-2026,FW,minted,30,20,6,82,76,-6,76,measured_performance,measured_performance,1.0,0.594855,0.49005,0.411576,0.308458,0.773537,0.723433,0.0,0.0,,,,,0.0,0.0,False,False,46.9673,46.9673
P-W26-0225:WC-2026,P-W26-0225,Toney,WC-2026,FW,minted,30,7,1,71,69,-2,69,measured_performance,measured_performance,1.0,0.194534,0.116915,0.157556,0.089552,0.468739,0.432636,0.0,0.0,,,,,0.0,0.0,False,False,25.8909,25.8909
P-W26-0226:WC-2026,P-W26-0226,Henderson,WC-2026,GK,minted,29,4,0,72,72,0,72,measured_performance,measured_performance,1.0,0.5,0.5,0.306897,0.300995,0.627311,0.624478,0.0,0.0,,,,,0.0,0.0,False,False,38.75,38.75
P-W26-0227:WC-2026,P-W26-0227,Konsa,WC-2026,DF,minted,28,18,1,76,74,-2,74,measured_performance,measured_performance,1.0,0.570071,0.569652,0.410926,0.378109,0.707244,0.691492,0.0,0.0,,,,,0.0,0.0,False,False,44.0,44.0
P-W26-0228:WC-2026,P-W26-0228,Eze,WC-2026,MF,minted,27,16,3,79,77,-2,77,measured_performance,measured_performance,1.0,0.605691,0.621891,0.299458,0.268657,0.742537,0.736776,0.0,0.0,,,,,0.0,0.0,False,False,48.1143,48.1143
P-W26-0229:WC-2026,P-W26-0229,James,WC-2026,DF,minted,26,22,1,79,79,0,79,measured_performance,measured_performance,1.0,0.570071,0.621891,0.482185,0.5199,0.741449,0.759552,0.0,0.0,,,,,0.0,0.0,False,False,50.188595,50.188595
P-W26-0230:WC-2026,P-W26-0230,Guehi,WC-2026,DF,minted,25,27,1,82,84,2,84,measured_performance,measured_performance,1.0,0.570071,0.644279,0.565321,0.659204,0.781354,0.826418,0.0,0.0,,,,,0.0,0.0,False,False,57.230281,57.230281
P-W26-0231:WC-2026,P-W26-0231,Spence,WC-2026,DF,minted,25,4,0,71,71,0,71,measured_performance,measured_performance,1.0,0.225653,0.261194,0.108076,0.131841,0.561876,0.573284,0.0,0.0,,,,,0.0,0.0,False,False,35.2941,35.2941
P-W26-0232:WC-2026,P-W26-0232,Gordon,WC-2026,FW,minted,25,17,2,73,73,0,73,measured_performance,measured_performance,1.0,0.307074,0.338308,0.371383,0.400498,0.665113,0.679851,0.0,0.0,,,,,0.0,0.0,False,False,43.214,43.214
P-W26-0233:WC-2026,P-W26-0233,Madueke,WC-2026,FW,minted,24,10,1,72,72,0,72,measured_performance,measured_performance,1.0,0.194534,0.238806,0.241158,0.288557,0.608971,0.630597,0.0,0.0,,,,,0.0,0.0,False,False,39.0634,39.0634
P-W26-0234:WC-2026,P-W26-0234,Rogers,WC-2026,MF,minted,23,13,1,74,76,2,76,measured_performance,measured_performance,0.971429,0.359079,0.430348,0.252033,0.350746,0.677485,0.723642,0.0,0.0,,,,,0.0,0.0,False,False,46.9673,46.9673
P-W26-0235:WC-2026,P-W26-0235,Trafford,WC-2026,GK,minted,23,1,0,71,72,1,72,measured_performance,measured_performance,0.971429,0.5,0.5,0.106897,0.243781,0.529845,0.597015,0.0,0.0,,,,,0.0,0.0,False,False,36.7059,36.7059
P-W26-0236:WC-2026,P-W26-0236,Anderson,WC-2026,MF,minted,23,7,0,72,72,0,72,measured_performance,measured_performance,0.971429,0.130081,0.151741,0.138211,0.199005,0.602929,0.626448,0.0,0.0,,,,,0.0,0.0,False,False,38.9241,38.9241
P-W26-0237:WC-2026,P-W26-0237,Livramento,WC-2026,DF,minted,23,5,0,72,72,0,72,measured_performance,measured_performance,0.971429,0.225653,0.283582,0.142518,0.216418,0.576454,0.613881,0.0,0.0,,,,,0.0,0.0,False,False,38.0,38.0
P-W26-0238:WC-2026,P-W26-0238,Quansah,WC-2026,DF,minted,23,1,0,71,71,0,71,measured_performance,measured_performance,0.971429,0.225653,0.283582,0.032067,0.057214,0.493952,0.506463,0.0,0.0,,,,,0.0,0.0,False,False,32.9461,32.9461
P-W26-0239:WC-2026,P-W26-0239,O'Reilly,WC-2026,DF,minted,21,3,0,71,72,1,72,measured_performance,measured_performance,0.914286,0.225653,0.308458,0.08076,0.154229,0.545442,0.58403,0.0,0.0,,,,,0.0,0.0,False,False,36.3333,36.3333
P-W26-0240:WC-2026,P-W26-0240,Mainoo,WC-2026,MF,minted,21,12,0,72,74,2,74,measured_performance,measured_performance,0.914286,0.130081,0.171642,0.233062,0.40796,0.624203,0.690448,0.0,0.0,,,,,0.0,0.0,False,False,44.0,44.0
P-W26-0241:WC-2026,P-W26-0241,Samba,WC-2026,GK,minted,32,4,0,72,71,-1,71,measured_performance,measured_performance,0.95,0.5,0.5,0.306897,0.216418,0.591945,0.555881,0.0,0.0,,,,,0.0,0.0,False,False,34.7429,34.7429
P-W26-0242:WC-2026,P-W26-0242,Maignan,WC-2026,GK,minted,30,38,0,85,85,0,85,measured_performance,measured_performance,1.0,0.5,0.5,0.758621,0.803483,0.816138,0.837672,0.0,0.0,,,,,0.0,0.0,False,False,58.7915,58.7915
P-W26-0243:WC-2026,P-W26-0243,Mateta,WC-2026,FW,minted,28,3,2,72,72,0,72,measured_performance,measured_performance,1.0,0.307074,0.256219,0.085209,0.059701,0.630772,0.609403,0.0,0.0,,,,,0.0,0.0,False,False,37.7572,37.7572
P-W26-0244:WC-2026,P-W26-0244,Lacroix,WC-2026,DF,minted,26,2,0,71,71,0,71,measured_performance,measured_performance,1.0,0.225653,0.248756,0.057007,0.059701,0.537363,0.538656,0.0,0.0,,,,,0.0,0.0,False,False,33.9862,33.9862
P-W26-0245:WC-2026,P-W26-0245,Kone,WC-2026,MF,minted,25,12,0,72,72,0,72,measured_performance,measured_performance,1.0,0.130081,0.139303,0.233062,0.266169,0.598097,0.609403,0.0,0.0,,,,,0.0,0.0,False,False,37.7021,37.7021
P-W26-0246:WC-2026,P-W26-0246,Olise,WC-2026,FW,minted,24,15,4,75,76,1,76,measured_performance,measured_performance,1.0,0.463023,0.554726,0.350482,0.412935,0.687746,0.728254,0.0,0.0,,,,,0.0,0.0,False,False,47.1617,47.1617
P-W26-0247:WC-2026,P-W26-0247,Akliouche,WC-2026,MF,minted,24,7,1,72,72,0,72,measured_performance,measured_performance,1.0,0.359079,0.415423,0.138211,0.186567,0.614748,0.639493,0.0,0.0,,,,,0.0,0.0,False,False,39.8823,39.8823
P-W26-0248:WC-2026,P-W26-0248,Barcola,WC-2026,FW,minted,23,18,3,73,76,3,76,measured_performance,measured_performance,0.971429,0.392283,0.504975,0.38746,0.502488,0.661354,0.72109,0.0,0.0,,,,,0.0,0.0,False,False,46.52505,46.52505
P-W26-0249:WC-2026,P-W26-0249,Gusto,WC-2026,DF,minted,23,9,0,72,73,1,73,measured_performance,measured_performance,0.971429,0.225653,0.283582,0.232779,0.358209,0.618542,0.68194,0.0,0.0,,,,,0.0,0.0,False,False,43.2872,43.2872
P-W26-0250:WC-2026,P-W26-0250,Cherki,WC-2026,MF,minted,22,5,1,72,73,1,73,measured_performance,measured_performance,0.942857,0.359079,0.442786,0.097561,0.156716,0.631496,0.670149,0.0,0.0,,,,,0.0,0.0,False,False,42.208928,42.208928
P-W26-0251:WC-2026,P-W26-0251,Risser,WC-2026,GK,minted,21,0,0,70,71,1,71,measured_performance,measured_performance,0.914286,0.5,0.5,0.031034,0.094527,0.465619,0.497373,0.0,0.0,,,,,0.0,0.0,False,False,32.6081,32.6081
P-W26-0252:WC-2026,P-W26-0252,Doue,WC-2026,FW,minted,21,6,2,72,73,1,73,measured_performance,measured_performance,0.914286,0.307074,0.477612,0.139871,0.246269,0.595417,0.680493,0.0,0.0,,,,,0.0,0.0,False,False,43.2552,43.2552
P-W26-0253:WC-2026,P-W26-0253,Zaire-Emery,WC-2026,MF,minted,20,10,1,72,75,3,75,measured_performance,measured_performance,0.885714,0.359079,0.492537,0.192412,0.383085,0.616145,0.710896,0.0,0.0,,,,,0.0,0.0,False,False,45.931,45.931
P-W26-0254:WC-2026,P-W26-0254,Baumann,WC-2026,GK,minted,36,12,0,73,72,-1,72,measured_performance,measured_performance,0.85,0.5,0.5,0.524138,0.281095,0.665848,0.586926,0.0,0.0,,,,,0.0,0.0,False,False,36.3983,36.3983
P-W26-0255:WC-2026,P-W26-0255,Gross,WC-2026,MF,minted,34,18,1,74,72,-2,72,measured_performance,measured_performance,0.9,0.359079,0.208955,0.318428,0.097015,0.684585,0.60806,0.0,0.0,,,,,0.0,0.0,False,False,37.606544,37.606544
P-W26-0256:WC-2026,P-W26-0256,Tah,WC-2026,DF,minted,30,46,1,87,83,-4,83,measured_performance,measured_performance,1.0,0.570071,0.514925,0.761283,0.701493,0.844416,0.815717,0.0,0.0,,,,,0.0,0.0,False,False,56.1177,56.1177
P-W26-0257:WC-2026,P-W26-0257,Undav,WC-2026,FW,minted,29,8,6,77,73,-4,73,measured_performance,measured_performance,1.0,0.594855,0.527363,0.176849,0.119403,0.71437,0.683179,0.0,0.0,,,,,0.0,0.0,False,False,43.2872,43.2872
P-W26-0258:WC-2026,P-W26-0258,Anton,WC-2026,DF,minted,29,12,0,72,72,0,72,measured_performance,measured_performance,1.0,0.225653,0.208955,0.295724,0.231343,0.620948,0.590045,0.0,0.0,,,,,0.0,0.0,False,False,36.5157,36.5157
P-W26-0259:WC-2026,P-W26-0259,Nubel,WC-2026,GK,minted,29,3,0,71,71,0,71,measured_performance,measured_performance,1.0,0.5,0.5,0.234483,0.20398,0.564552,0.54991,0.0,0.0,,,,,0.0,0.0,False,False,34.3137,34.3137
P-W26-0260:WC-2026,P-W26-0260,Amiri,WC-2026,MF,minted,29,10,1,72,72,0,72,measured_performance,measured_performance,1.0,0.359079,0.325871,0.192412,0.119403,0.630358,0.602955,0.0,0.0,,,,,0.0,0.0,False,False,37.3081,37.3081
P-W26-0261:WC-2026,P-W26-0261,Nmecha,WC-2026,MF,minted,25,7,1,72,72,0,72,measured_performance,measured_performance,1.0,0.359079,0.39801,0.138211,0.151741,0.614748,0.626119,0.0,0.0,,,,,0.0,0.0,False,False,38.9241,38.9241
P-W26-0262:WC-2026,P-W26-0262,Leweling,WC-2026,MF,minted,25,4,1,72,72,0,72,measured_performance,measured_performance,1.0,0.359079,0.39801,0.079946,0.079602,0.597968,0.605343,0.0,0.0,,,,,0.0,0.0,False,False,37.3878,37.3878
P-W26-0263:WC-2026,P-W26-0263,Stiller,WC-2026,MF,minted,25,7,0,71,71,0,71,measured_performance,measured_performance,1.0,0.130081,0.139303,0.138211,0.151741,0.57078,0.576448,0.0,0.0,,,,,0.0,0.0,False,False,35.5493,35.5493
P-W26-0264:WC-2026,P-W26-0264,Thiaw,WC-2026,DF,minted,24,5,0,72,72,0,72,measured_performance,measured_performance,1.0,0.225653,0.271144,0.142518,0.196517,0.578409,0.604328,0.0,0.0,,,,,0.0,0.0,False,False,37.3191,37.3191
P-W26-0265:WC-2026,P-W26-0265,Woltemade,WC-2026,FW,minted,24,11,4,76,78,2,78,measured_performance,measured_performance,1.0,0.463023,0.554726,0.266881,0.323383,0.708714,0.748507,0.0,0.0,,,,,0.0,0.0,False,False,49.614,49.614
P-W26-0266:WC-2026,P-W26-0266,Beier,WC-2026,FW,minted,23,8,0,71,71,0,71,measured_performance,measured_performance,0.971429,0.064309,0.089552,0.176849,0.243781,0.522105,0.540492,0.0,0.0,,,,,0.0,0.0,False,False,34.0,34.0
P-W26-0267:WC-2026,P-W26-0267,Wirtz,WC-2026,MF,minted,23,40,11,88,88,0,88,measured_performance,measured_performance,0.971429,0.899729,0.972637,0.635501,0.820896,0.885607,0.963164,0.0,0.08,,0.36,,0.6,0.0,0.166667,False,False,63.0,62.0
P-W26-0268:WC-2026,P-W26-0268,Brown,WC-2026,DF,minted,22,4,0,71,71,0,71,measured_performance,measured_performance,0.942857,0.225653,0.293532,0.108076,0.181592,0.527912,0.566164,0.0,0.0,,,,,0.0,0.0,False,False,34.8085,34.8085
P-W26-0269:WC-2026,P-W26-0269,Pavlovic,WC-2026,MF,minted,22,10,1,72,73,1,73,measured_performance,measured_performance,0.942857,0.359079,0.442786,0.192412,0.303483,0.623252,0.678418,0.0,0.0,,,,,0.0,0.0,False,False,43.1314,43.1314
P-W26-0270:WC-2026,P-W26-0270,Karl,WC-2026,MF,minted,18,3,0,71,72,1,72,measured_performance,measured_performance,0.828571,0.130081,0.216418,0.059621,0.189055,0.540921,0.602,0.0,0.0,,,,,0.0,0.0,False,False,37.3,37.3
P-W26-0271:WC-2026,P-W26-0271,Asare,WC-2026,GK,minted,33,11,0,71,71,0,71,measured_performance,measured_performance,0.925,0.5,0.5,0.493103,0.360697,0.536538,0.490735,0.0,0.0,,,,,0.0,0.0,False,False,32.2017,32.2017
P-W26-0272:WC-2026,P-W26-0272,Baba,WC-2026,DF,minted,31,51,1,79,75,-4,75,measured_performance,measured_performance,0.975,0.570071,0.487562,0.793349,0.701493,0.751087,0.716517,0.0,0.0,,,,,0.0,0.0,False,False,46.2169,46.2169
P-W26-0273:WC-2026,P-W26-0273,Luckassen,WC-2026,DF,minted,30,1,0,66,66,0,66,measured_performance,measured_performance,1.0,0.225653,0.199005,0.032067,0.014925,0.345592,0.337364,0.0,0.0,,,,,0.0,0.0,False,False,20.0,20.0
P-W26-0274:WC-2026,P-W26-0274,Mumin,WC-2026,DF,minted,28,5,0,72,71,-1,71,measured_performance,measured_performance,1.0,0.225653,0.221393,0.142518,0.121891,0.578409,0.568508,0.0,0.0,,,,,0.0,0.0,False,False,35.0554,35.0554
P-W26-0275:WC-2026,P-W26-0275,Sibo,WC-2026,MF,minted,27,8,0,72,72,0,72,measured_performance,measured_performance,1.0,0.130081,0.126866,0.159892,0.126866,0.611024,0.600896,0.0,0.0,,,,,0.0,0.0,False,False,37.1429,37.1429
P-W26-0276:WC-2026,P-W26-0276,Opoku,WC-2026,DF,minted,27,11,1,71,71,0,71,measured_performance,measured_performance,1.0,0.570071,0.597015,0.269596,0.253731,0.509206,0.501591,0.0,0.0,,,,,0.0,0.0,False,False,32.8067,32.8067
P-W26-0277:WC-2026,P-W26-0277,Thomas-Asante,WC-2026,FW,minted,27,8,1,72,72,0,72,measured_performance,measured_performance,1.0,0.194534,0.174129,0.176849,0.154229,0.601254,0.591194,0.0,0.0,,,,,0.0,0.0,False,False,36.5283,36.5283
P-W26-0278:WC-2026,P-W26-0278,Anang,WC-2026,GK,minted,26,1,0,66,66,0,66,measured_performance,measured_performance,1.0,0.5,0.5,0.106897,0.131841,0.368911,0.380884,0.0,0.0,,,,,0.0,0.0,False,False,20.0,20.0
P-W26-0279:WC-2026,P-W26-0279,Boakye,WC-2026,MF,minted,25,0,0,71,71,0,71,measured_performance,measured_performance,1.0,0.130081,0.139303,0.001355,0.0,0.531366,0.532746,0.0,0.0,,,,,0.0,0.0,False,False,33.8421,33.8421
P-W26-0280:WC-2026,P-W26-0280,Senaya,WC-2026,DF,minted,25,2,0,71,71,0,71,measured_performance,measured_performance,1.0,0.225653,0.261194,0.057007,0.069652,0.506363,0.512433,0.0,0.0,,,,,0.0,0.0,False,False,33.12,33.12
P-W26-0281:WC-2026,P-W26-0281,Adu,WC-2026,FW,minted,22,5,0,68,70,2,70,measured_performance,measured_performance,0.942857,0.064309,0.10199,0.118971,0.191542,0.415089,0.439501,0.0,0.0,,,,,0.0,0.0,False,False,29.0057,29.0057
P-W26-0282:WC-2026,P-W26-0282,Nuamah,WC-2026,FW,minted,22,18,4,74,79,5,79,measured_performance,measured_performance,0.942857,0.463023,0.626866,0.38746,0.539801,0.680002,0.769448,0.0,0.0,,,,,0.0,0.0,False,False,50.8601,50.8601
P-W26-0283:WC-2026,P-W26-0283,Adjetey,WC-2026,DF,minted,22,10,0,72,73,1,73,measured_performance,measured_performance,0.942857,0.225653,0.293532,0.248219,0.425373,0.591337,0.683179,0.0,0.0,,,,,0.0,0.0,False,False,43.2872,43.2872
P-W26-0284:WC-2026,P-W26-0284,Fatawu,WC-2026,FW,minted,22,28,3,76,81,5,81,measured_performance,measured_performance,0.942857,0.392283,0.544776,0.546624,0.721393,0.704999,0.792687,0.0,0.0,,,,,0.0,0.0,False,False,53.6,53.6
P-W26-0285:WC-2026,P-W26-0285,Peprah Oppong,WC-2026,DF,minted,22,4,0,71,71,0,71,measured_performance,measured_performance,0.942857,0.225653,0.293532,0.108076,0.181592,0.527912,0.566164,0.0,0.0,,,,,0.0,0.0,False,False,34.8085,34.8085
P-W26-0286:WC-2026,P-W26-0286,Bonsu Baah,WC-2026,FW,minted,21,9,0,68,70,2,70,measured_performance,measured_performance,0.914286,0.064309,0.11194,0.207395,0.348259,0.423721,0.461889,0.0,0.0,,,,,0.0,0.0,False,False,30.6024,30.6024
P-W26-0287:WC-2026,P-W26-0287,Yirenkyi,WC-2026,MF,minted,20,11,1,71,72,1,72,measured_performance,measured_performance,0.885714,0.359079,0.492537,0.212737,0.41791,0.51253,0.612125,0.0,0.0,,,,,0.0,0.0,False,False,37.8615,37.8615
P-W26-0288:WC-2026,P-W26-0288,Placide,WC-2026,GK,minted,38,80,0,84,82,-2,82,measured_performance,measured_performance,0.8,0.5,0.5,0.906897,0.726368,0.800248,0.800657,0.0,0.0,,,,,0.0,0.0,False,False,54.8649,54.8649
P-W26-0289:WC-2026,P-W26-0289,Ade,WC-2026,DF,minted,36,58,2,73,72,-1,72,measured_performance,measured_performance,0.85,0.745843,0.529851,0.84323,0.562189,0.674238,0.600051,0.0,0.0,,,,,0.0,0.0,False,False,36.8546,36.8546
P-W26-0290:WC-2026,P-W26-0290,Lacroix,WC-2026,DF,minted,32,15,3,71,70,-1,70,measured_performance,measured_performance,0.95,0.84323,0.766169,0.34323,0.189055,0.536313,0.470546,0.0,0.0,,,,,0.0,0.0,False,False,31.2258,31.2258
P-W26-0291:WC-2026,P-W26-0291,Nazon,WC-2026,FW,minted,32,77,44,79,78,-1,78,measured_performance,measured_performance,0.95,0.940514,0.893035,0.882637,0.776119,0.752476,0.744827,0.0,0.0,,0.075,,,0.0,0.0,False,False,49.1544,49.1544
P-W26-0292:WC-2026,P-W26-0292,Pierrot,WC-2026,FW,minted,31,50,34,83,79,-4,79,measured_performance,measured_performance,0.975,0.906752,0.870647,0.757235,0.634328,0.786666,0.769352,0.0,0.0,,0.0585,,,0.0,0.0,False,False,50.8601,50.8601
P-W26-0293:WC-2026,P-W26-0293,Arcus,WC-2026,DF,minted,29,52,1,88,87,-1,87,measured_performance,measured_performance,1.0,0.570071,0.539801,0.801663,0.791045,0.863798,0.858702,0.0,0.0,,,,,0.0,0.0,False,False,60.34653,60.34653
P-W26-0294:WC-2026,P-W26-0294,Etienne,WC-2026,FW,minted,29,47,8,73,72,-1,72,measured_performance,measured_performance,1.0,0.670418,0.616915,0.721865,0.676617,0.658174,0.633483,0.0,0.0,,,,,0.0,0.0,False,False,39.3973,39.3973
P-W26-0295:WC-2026,P-W26-0295,Duverne,WC-2026,DF,minted,28,16,1,71,71,0,71,measured_performance,measured_performance,1.0,0.570071,0.569652,0.361045,0.320896,0.553102,0.53383,0.0,0.0,,,,,0.0,0.0,False,False,33.9122,33.9122
P-W26-0296:WC-2026,P-W26-0296,Pierre,WC-2026,MF,minted,28,33,0,72,72,0,72,measured_performance,measured_performance,1.0,0.130081,0.121891,0.544715,0.495025,0.633453,0.61757,0.0,0.0,,,,,0.0,0.0,False,False,38.1925,38.1925
P-W26-0297:WC-2026,P-W26-0297,Bellegarde,WC-2026,MF,minted,27,9,0,72,72,0,72,measured_performance,measured_performance,1.0,0.130081,0.126866,0.174797,0.141791,0.615317,0.605194,0.0,0.0,,,,,0.0,0.0,False,False,37.3191,37.3191
P-W26-0298:WC-2026,P-W26-0298,Fortune,WC-2026,FW,minted,27,4,0,70,70,0,70,measured_performance,measured_performance,1.0,0.064309,0.054726,0.102894,0.087065,0.464899,0.459549,0.0,0.0,,,,,0.0,0.0,False,False,30.5,30.5
P-W26-0299:WC-2026,P-W26-0299,Delcroix,WC-2026,DF,minted,27,6,0,70,70,0,70,measured_performance,measured_performance,1.0,0.225653,0.236318,0.173397,0.161692,0.463031,0.457412,0.0,0.0,,,,,0.0,0.0,False,False,30.3156,30.3156
P-W26-0300:WC-2026,P-W26-0300,Experience,WC-2026,DF,minted,27,20,0,75,74,-1,74,measured_performance,measured_performance,1.0,0.225653,0.236318,0.457245,0.455224,0.698478,0.697508,0.0,0.0,,,,,0.0,0.0,False,False,44.62,44.62
P-W26-0301:WC-2026,P-W26-0301,Duverger,WC-2026,GK,minted,26,6,0,72,73,1,73,measured_performance,measured_performance,1.0,0.5,0.5,0.375862,0.487562,0.632414,0.68603,0.0,0.0,,,,,0.0,0.0,False,False,43.502424,43.502424
P-W26-0302:WC-2026,P-W26-0302,Jean Jacques,WC-2026,MF,minted,26,29,6,74,75,1,75,measured_performance,measured_performance,1.0,0.777778,0.820896,0.48374,0.5199,0.68585,0.704543,0.0,0.0,,,,,0.0,0.0,False,False,45.6878,45.6878
P-W26-0303:WC-2026,P-W26-0303,Simon,WC-2026,MF,minted,25,1,0,66,66,0,66,measured_performance,measured_performance,1.0,0.130081,0.139303,0.01626,0.014925,0.372458,0.373845,0.0,0.0,,,,,0.0,0.0,False,False,20.0,20.0
P-W26-0304:WC-2026,P-W26-0304,Isidor,WC-2026,FW,minted,25,3,1,72,72,0,72,measured_performance,measured_performance,1.0,0.194534,0.216418,0.085209,0.09204,0.590257,0.598955,0.0,0.0,,,,,0.0,0.0,False,False,36.7074,36.7074
P-W26-0305:WC-2026,P-W26-0305,Joseph,WC-2026,FW,minted,25,1,1,68,68,0,68,measured_performance,measured_performance,1.0,0.194534,0.216418,0.028939,0.034826,0.403705,0.41229,0.0,0.0,,,,,0.0,0.0,False,False,24.1739,24.1739
P-W26-0306:WC-2026,P-W26-0306,Deedson,WC-2026,FW,minted,25,31,10,77,78,1,78,measured_performance,measured_performance,1.0,0.71865,0.79602,0.599678,0.681592,0.710475,0.748158,0.0,0.0,,,,,0.0,0.0,False,False,49.4621,49.4621
P-W26-0307:WC-2026,P-W26-0307,Pierre,WC-2026,GK,minted,25,15,0,78,84,6,84,measured_performance,measured_performance,1.0,0.5,0.5,0.586207,0.781095,0.733379,0.826926,0.0,0.0,,,,,0.0,0.0,False,False,57.25,57.25
P-W26-0308:WC-2026,P-W26-0308,Providence,WC-2026,FW,minted,24,14,3,72,72,0,72,measured_performance,measured_performance,1.0,0.392283,0.470149,0.323151,0.380597,0.6094,0.644325,0.0,0.0,,,,,0.0,0.0,False,False,40.4444,40.4444
P-W26-0309:WC-2026,P-W26-0309,Paugain,WC-2026,DF,minted,24,7,0,71,71,0,71,measured_performance,measured_performance,1.0,0.225653,0.271144,0.19715,0.268657,0.474432,0.508755,0.0,0.0,,,,,0.0,0.0,False,False,33.0286,33.0286
P-W26-0310:WC-2026,P-W26-0310,Casimir,WC-2026,FW,minted,24,6,0,71,71,0,71,measured_performance,measured_performance,1.0,0.064309,0.079602,0.139871,0.171642,0.518936,0.528254,0.0,0.0,,,,,0.0,0.0,False,False,33.75,33.75
P-W26-0311:WC-2026,P-W26-0311,Sainte,WC-2026,MF,minted,23,26,0,71,72,1,72,measured_performance,measured_performance,0.971429,0.130081,0.151741,0.434959,0.60199,0.543151,0.599707,0.0,0.0,,,,,0.0,0.0,False,False,36.786659,36.786659
P-W26-0312:WC-2026,P-W26-0312,Pierre,WC-2026,MF,minted,21,1,0,66,66,0,66,measured_performance,measured_performance,0.914286,0.130081,0.171642,0.01626,0.024876,0.369916,0.38292,0.0,0.0,,,,,0.0,0.0,False,False,20.0,20.0
P-W26-0313:WC-2026,P-W26-0313,Thermoncy,WC-2026,DF,minted,20,1,0,68,68,0,68,measured_performance,measured_performance,0.885714,0.225653,0.318408,0.032067,0.084577,0.393433,0.420397,0.0,0.0,,,,,0.0,0.0,False,False,24.4,24.4
P-W26-0314:WC-2026,P-W26-0314,Moghanlou,WC-2026,FW,minted,31,20,2,71,68,-3,68,measured_performance,measured_performance,0.975,0.307074,0.186567,0.411576,0.281095,0.486137,0.431096,0.0,0.0,,,,,0.0,0.0,False,False,24.5257,24.5257
P-W26-0315:WC-2026,P-W26-0315,Alipour,WC-2026,FW,minted,30,13,1,70,68,-2,68,measured_performance,measured_performance,1.0,0.194534,0.116915,0.299035,0.19403,0.436116,0.395573,0.0,0.0,,,,,0.0,0.0,False,False,23.9328,23.9328
P-W26-0316:WC-2026,P-W26-0316,Nemati,WC-2026,DF,minted,30,16,0,71,70,-1,70,measured_performance,measured_performance,1.0,0.225653,0.199005,0.361045,0.261194,0.503502,0.455573,0.0,0.0,,,,,0.0,0.0,False,False,30.2546,30.2546
P-W26-0317:WC-2026,P-W26-0317,Eckert,WC-2026,FW,minted,29,0,0,68,68,0,68,measured_performance,measured_performance,1.0,0.064309,0.039801,0.006431,0.004975,0.403723,0.394725,0.0,0.0,,,,,0.0,0.0,False,False,23.915833,23.915833
P-W26-0318:WC-2026,P-W26-0318,Ghayedi,WC-2026,FW,minted,27,29,10,73,73,0,73,measured_performance,measured_performance,1.0,0.71865,0.731343,0.569132,0.564677,0.65721,0.661245,0.0,0.0,,,,,0.0,0.0,False,False,41.2941,41.2941
P-W26-0319:WC-2026,P-W26-0319,Mohebi,WC-2026,MF,minted,27,36,14,79,78,-1,78,measured_performance,measured_performance,1.0,0.941734,0.957711,0.581301,0.589552,0.745428,0.750871,0.0,0.0,,,,,0.0,0.0,False,False,49.6471,49.6471
P-W26-0320:WC-2026,P-W26-0320,Hardani,WC-2026,DF,minted,27,17,1,71,71,0,71,measured_performance,measured_performance,1.0,0.570071,0.597015,0.388361,0.380597,0.516613,0.512887,0.0,0.0,,,,,0.0,0.0,False,False,33.12,33.12
P-W26-0321:WC-2026,P-W26-0321,Hosseinzadeh,WC-2026,FW,minted,25,17,5,71,72,1,72,measured_performance,measured_performance,1.0,0.527331,0.594527,0.371383,0.400498,0.564605,0.592289,0.0,0.0,,,,,0.0,0.0,False,False,36.557,36.557
P-W26-0322:WC-2026,P-W26-0322,Ghorbani,WC-2026,MF,minted,24,15,0,70,70,0,70,measured_performance,measured_performance,1.0,0.130081,0.144279,0.277778,0.358209,0.447776,0.473666,0.0,0.0,,,,,0.0,0.0,False,False,31.579,31.579
P-W26-0323:WC-2026,P-W26-0323,Yousefi,WC-2026,DF,minted,24,13,1,71,71,0,71,measured_performance,measured_performance,1.0,0.570071,0.664179,0.317102,0.41791,0.482409,0.530797,0.0,0.0,,,,,0.0,0.0,False,False,33.75,33.75
P-W26-0324:WC-2026,P-W26-0324,Eiri,WC-2026,DF,minted,22,0,0,66,66,0,66,measured_performance,measured_performance,0.942857,0.225653,0.293532,0.008314,0.0199,0.333963,0.339752,0.0,0.0,,,,,0.0,0.0,False,False,20.0,20.0
P-W26-0325:WC-2026,P-W26-0325,Razzaghinia,WC-2026,MF,minted,20,3,0,66,68,2,68,measured_performance,measured_performance,0.885714,0.130081,0.18408,0.059621,0.134328,0.38013,0.41683,0.0,0.0,,,,,0.0,0.0,False,False,24.2753,24.2753
P-W26-0326:WC-2026,P-W26-0326,Hassan,WC-2026,GK,minted,35,100,0,77,78,1,78,measured_performance,measured_performance,0.875,0.5,0.5,0.955172,0.915423,0.718772,0.757003,0.0,0.0,,,,,0.0,0.0,False,False,49.8488,49.8488
P-W26-0327:WC-2026,P-W26-0327,Sulaka,WC-2026,DF,minted,34,54,1,74,72,-2,72,measured_performance,measured_performance,0.9,0.570071,0.39801,0.819477,0.609453,0.684214,0.622737,0.0,0.0,,,,,0.0,0.0,False,False,38.6667,38.6667
P-W26-0328:WC-2026,P-W26-0328,Putros,WC-2026,DF,minted,32,26,0,72,71,-1,71,measured_performance,measured_performance,0.95,0.225653,0.171642,0.541568,0.378109,0.577155,0.511692,0.0,0.0,,,,,0.0,0.0,False,False,33.1174,33.1174
P-W26-0329:WC-2026,P-W26-0329,Talib,WC-2026,GK,minted,31,21,0,72,72,0,72,measured_performance,measured_performance,0.975,0.5,0.5,0.634483,0.616915,0.614538,0.613719,0.0,0.0,,,,,0.0,0.0,False,False,37.9474,37.9474
P-W26-0330:WC-2026,P-W26-0330,Yahya,WC-2026,DF,minted,30,19,0,71,71,0,71,measured_performance,measured_performance,1.0,0.225653,0.199005,0.432304,0.338308,0.537706,0.492588,0.0,0.0,,,,,0.0,0.0,False,False,32.3555,32.3555
P-W26-0331:WC-2026,P-W26-0331,Yousif,WC-2026,FW,minted,30,6,1,68,66,-2,66,measured_performance,measured_performance,1.0,0.194534,0.116915,0.139871,0.074627,0.417017,0.381245,0.0,0.0,,,,,0.0,0.0,False,False,20.0,20.0
P-W26-0332:WC-2026,P-W26-0332,Hussein,WC-2026,FW,minted,30,93,33,81,78,-3,78,measured_performance,measured_performance,1.0,0.900322,0.885572,0.918006,0.915423,0.764477,0.758857,0.0,0.0,,,,,0.0,0.0,False,False,49.938141,49.938141
P-W26-0333:WC-2026,P-W26-0333,Basil,WC-2026,GK,minted,29,14,0,72,72,0,72,measured_performance,measured_performance,1.0,0.5,0.5,0.568966,0.616915,0.590704,0.613719,0.0,0.0,,,,,0.0,0.0,False,False,37.9474,37.9474
P-W26-0334:WC-2026,P-W26-0334,Younis,WC-2026,DF,minted,29,32,1,72,72,0,72,measured_performance,measured_performance,1.0,0.570071,0.539801,0.629454,0.574627,0.632338,0.606021,0.0,0.0,,,,,0.0,0.0,False,False,37.4877,37.4877
P-W26-0335:WC-2026,P-W26-0335,Ammari,WC-2026,MF,minted,28,49,3,78,75,-3,75,measured_performance,measured_performance,1.0,0.605691,0.589552,0.718157,0.701493,0.720322,0.712424,0.0,0.0,,,,,0.0,0.0,False,False,45.931,45.931
P-W26-0336:WC-2026,P-W26-0336,Hashim,WC-2026,DF,minted,27,12,1,71,70,-1,70,measured_performance,measured_performance,1.0,0.570071,0.597015,0.295724,0.28607,0.472148,0.467514,0.0,0.0,,,,,0.0,0.0,False,False,31.2,31.2
P-W26-0337:WC-2026,P-W26-0337,Doski,WC-2026,DF,minted,26,30,0,73,75,2,75,measured_performance,measured_performance,1.0,0.225653,0.248756,0.606888,0.671642,0.671106,0.702188,0.0,0.0,,,,,0.0,0.0,False,False,45.4017,45.4017
P-W26-0338:WC-2026,P-W26-0338,Bayesh,WC-2026,MF,minted,26,74,8,80,80,0,80,measured_performance,measured_performance,1.0,0.834688,0.873134,0.888889,0.950249,0.75906,0.784113,0.0,0.0,,,,,0.0,0.0,False,False,52.0578,52.0578
P-W26-0339:WC-2026,P-W26-0339,Ali,WC-2026,FW,minted,25,71,27,79,80,1,80,measured_performance,measured_performance,1.0,0.889068,0.950249,0.860129,0.952736,0.75348,0.786618,0.0,0.0,,,,,0.0,0.0,False,False,52.5702,52.5702
P-W26-0340:WC-2026,P-W26-0340,Yakob,WC-2026,MF,minted,25,7,0,70,70,0,70,measured_performance,measured_performance,1.0,0.130081,0.139303,0.138211,0.151741,0.46198,0.467648,0.0,0.0,,,,,0.0,0.0,False,False,31.2096,31.2096
P-W26-0341:WC-2026,P-W26-0341,Tahseen,WC-2026,DF,minted,25,26,1,72,72,0,72,measured_performance,measured_performance,1.0,0.570071,0.644279,0.541568,0.626866,0.590153,0.631096,0.0,0.0,,,,,0.0,0.0,False,False,39.0634,39.0634
P-W26-0342:WC-2026,P-W26-0342,Saadoon,WC-2026,DF,minted,25,15,0,71,71,0,71,measured_performance,measured_performance,1.0,0.225653,0.261194,0.34323,0.402985,0.49495,0.523633,0.0,0.0,,,,,0.0,0.0,False,False,33.4,33.4
P-W26-0343:WC-2026,P-W26-0343,Ismail,WC-2026,MF,minted,24,5,0,68,68,0,68,measured_performance,measured_performance,1.0,0.130081,0.144279,0.097561,0.116915,0.395873,0.404173,0.0,0.0,,,,,0.0,0.0,False,False,24.0,24.0
P-W26-0344:WC-2026,P-W26-0344,Hamadi,WC-2026,FW,minted,24,18,5,79,81,2,81,measured_performance,measured_performance,1.0,0.527331,0.629353,0.38746,0.460199,0.746334,0.791791,0.0,0.0,,,,,0.0,0.0,False,False,53.314,53.314
P-W26-0345:WC-2026,P-W26-0345,Ali,WC-2026,DF,minted,24,25,1,72,73,1,73,measured_performance,measured_performance,1.0,0.570071,0.664179,0.522565,0.646766,0.630631,0.690248,0.0,0.0,,,,,0.0,0.0,False,False,43.859789,43.859789
P-W26-0346:WC-2026,P-W26-0346,Sher,WC-2026,MF,minted,23,6,0,70,70,0,70,measured_performance,measured_performance,0.971429,0.130081,0.151741,0.117886,0.166667,0.454443,0.474334,0.0,0.0,,,,,0.0,0.0,False,False,31.6637,31.6637
P-W26-0347:WC-2026,P-W26-0347,Iqbal,WC-2026,MF,minted,23,23,2,73,76,3,76,measured_performance,measured_performance,0.971429,0.506775,0.621891,0.392954,0.552239,0.656058,0.730048,0.0,0.0,,,,,0.0,0.0,False,False,47.6279,47.6279
P-W26-0348:WC-2026,P-W26-0348,Qasem,WC-2026,FW,minted,22,1,0,68,68,0,68,measured_performance,measured_performance,0.942857,0.064309,0.10199,0.028939,0.052239,0.404903,0.422785,0.0,0.0,,,,,0.0,0.0,False,False,24.437,24.437
P-W26-0349:WC-2026,P-W26-0349,Amyn,WC-2026,MF,minted,22,25,2,71,72,1,72,measured_performance,measured_performance,0.942857,0.506775,0.639303,0.421409,0.631841,0.548971,0.647516,0.0,0.0,,,,,0.0,0.0,False,False,40.736,40.736
P-W26-0350:WC-2026,P-W26-0350,Jasim,WC-2026,FW,minted,22,35,2,71,72,1,72,measured_performance,measured_performance,0.942857,0.307074,0.442786,0.635048,0.820896,0.555881,0.63771,0.0,0.0,,,,,0.0,0.0,False,False,39.7976,39.7976
P-W26-0351:WC-2026,P-W26-0351,Farji,WC-2026,FW,minted,22,10,0,71,71,0,71,measured_performance,measured_performance,0.942857,0.064309,0.10199,0.241158,0.363184,0.528114,0.559298,0.0,0.0,,,,,0.0,0.0,False,False,34.75,34.75
P-W26-0352:WC-2026,P-W26-0352,Seri,WC-2026,MF,minted,34,65,4,73,72,-1,72,measured_performance,measured_performance,0.9,0.686992,0.452736,0.823848,0.569652,0.675054,0.593785,0.0,0.0,,,,,0.0,0.0,False,False,36.557,36.557
P-W26-0353:WC-2026,P-W26-0353,Fofana,WC-2026,MF,minted,31,31,7,79,73,-6,73,measured_performance,measured_performance,0.975,0.811653,0.731343,0.512195,0.313433,0.747366,0.682287,0.0,0.0,,,,,0.0,0.0,False,False,43.2872,43.2872
P-W26-0354:WC-2026,P-W26-0354,Pepe,WC-2026,FW,minted,31,54,12,88,85,-3,85,measured_performance,measured_performance,0.975,0.765273,0.671642,0.794212,0.69403,0.871534,0.835075,0.0,0.0,,,,,0.0,0.0,False,False,58.466186,58.466186
P-W26-0355:WC-2026,P-W26-0355,Konan,WC-2026,DF,minted,30,53,0,85,82,-3,82,measured_performance,measured_performance,1.0,0.225653,0.199005,0.811164,0.768657,0.818759,0.798355,0.0,0.0,,,,,0.0,0.0,False,False,54.1052,54.1052
P-W26-0356:WC-2026,P-W26-0356,Kessie,WC-2026,MF,minted,29,102,15,88,87,-1,87,measured_performance,measured_performance,1.0,0.955285,0.947761,0.957995,0.970149,0.856517,0.858573,0.0,0.0,,0.0504,,,0.0,0.0,False,False,60.32,60.32
P-W26-0357:WC-2026,P-W26-0357,Operi,WC-2026,DF,minted,29,11,0,71,71,0,71,measured_performance,measured_performance,1.0,0.225653,0.208955,0.269596,0.199005,0.509206,0.475322,0.0,0.0,,,,,0.0,0.0,False,False,32.0686,32.0686
P-W26-0358:WC-2026,P-W26-0358,Agbadou,WC-2026,DF,minted,28,19,2,72,71,-1,71,measured_performance,measured_performance,1.0,0.745843,0.748756,0.432304,0.400498,0.587306,0.572039,0.0,0.0,,,,,0.0,0.0,False,False,35.1795,35.1795
P-W26-0359:WC-2026,P-W26-0359,Sangare,WC-2026,MF,minted,28,57,12,88,88,0,88,measured_performance,measured_performance,1.0,0.917344,0.915423,0.771003,0.771144,0.938179,0.937851,0.0,0.0,,,,,0.0,0.0,False,False,62.0,62.0
P-W26-0360:WC-2026,P-W26-0360,Lafont,WC-2026,GK,minted,27,4,0,71,71,0,71,measured_performance,measured_performance,1.0,0.5,0.5,0.306897,0.368159,0.509711,0.539116,0.0,0.0,,,,,0.0,0.0,False,False,34.0,34.0
P-W26-0361:WC-2026,P-W26-0361,Ndicka,WC-2026,DF,minted,26,28,0,80,80,0,80,measured_performance,measured_performance,1.0,0.225653,0.248756,0.581948,0.639303,0.758335,0.785865,0.0,0.0,,,,,0.0,0.0,False,False,52.490065,52.490065
P-W26-0362:WC-2026,P-W26-0362,Fofana,WC-2026,GK,minted,25,34,0,77,82,5,82,measured_performance,measured_performance,1.0,0.5,0.5,0.724138,0.920398,0.709986,0.804191,0.0,0.0,,,,,0.0,0.0,False,False,55.0313,55.0313
P-W26-0363:WC-2026,P-W26-0363,Singo,WC-2026,DF,minted,25,33,1,75,78,3,78,measured_performance,measured_performance,1.0,0.570071,0.644279,0.64133,0.756219,0.687638,0.742785,0.0,0.0,,,,,0.0,0.0,False,False,48.9044,48.9044
P-W26-0364:WC-2026,P-W26-0364,Kossounou,WC-2026,DF,minted,25,35,0,84,86,2,86,measured_performance,measured_performance,1.0,0.225653,0.261194,0.65677,0.776119,0.79425,0.851537,0.0,0.0,,,,,0.0,0.0,False,False,60.0481,60.0481
P-W26-0365:WC-2026,P-W26-0365,Guiagon,WC-2026,MF,minted,25,5,0,70,70,0,70,measured_performance,measured_performance,1.0,0.130081,0.139303,0.097561,0.10199,0.450273,0.453319,0.0,0.0,,,,,0.0,0.0,False,False,29.748714,29.748714
P-W26-0366:WC-2026,P-W26-0366,Guessand,WC-2026,FW,minted,24,21,4,78,79,1,79,measured_performance,measured_performance,1.0,0.463023,0.554726,0.42926,0.502488,0.728199,0.77,0.0,0.0,,,,,0.0,0.0,False,False,50.8988,50.8988
P-W26-0367:WC-2026,P-W26-0367,Adingra,WC-2026,FW,minted,24,28,5,78,80,2,80,measured_performance,measured_performance,1.0,0.527331,0.629353,0.546624,0.651741,0.734434,0.783776,0.0,0.0,,,,,0.0,0.0,False,False,52.0,52.0
P-W26-0368:WC-2026,P-W26-0368,Kone,WC-2026,GK,minted,24,0,0,66,66,0,66,measured_performance,measured_performance,1.0,0.5,0.5,0.031034,0.049751,0.377296,0.38628,0.0,0.0,,,,,0.0,0.0,False,False,20.0,20.0
P-W26-0369:WC-2026,P-W26-0369,Diallo,WC-2026,FW,minted,23,18,5,79,83,4,83,measured_performance,measured_performance,0.971429,0.527331,0.661692,0.38746,0.502488,0.739582,0.808508,0.0,0.0,,,,,0.0,0.0,False,False,55.3191,55.3191
P-W26-0370:WC-2026,P-W26-0370,Doue,WC-2026,DF,minted,23,19,2,74,79,5,79,measured_performance,measured_performance,0.971429,0.745843,0.853234,0.432304,0.584577,0.680577,0.759597,0.0,0.0,,,,,0.0,0.0,False,False,50.3456,50.3456
P-W26-0371:WC-2026,P-W26-0371,Wahi,WC-2026,FW,minted,23,1,0,71,71,0,71,measured_performance,measured_performance,0.971429,0.064309,0.089552,0.028939,0.044776,0.504863,0.516612,0.0,0.0,,,,,0.0,0.0,False,False,33.25,33.25
P-W26-0372:WC-2026,P-W26-0372,Bonny,WC-2026,FW,minted,22,0,0,71,71,0,71,measured_performance,measured_performance,0.942857,0.064309,0.10199,0.006431,0.00995,0.501556,0.51691,0.0,0.0,,,,,0.0,0.0,False,False,33.25,33.25
P-W26-0373:WC-2026,P-W26-0373,Diomande,WC-2026,DF,minted,22,14,1,72,73,1,73,measured_performance,measured_performance,0.942857,0.570071,0.708955,0.331354,0.524876,0.579361,0.68134,0.0,0.0,,,,,0.0,0.0,False,False,43.2552,43.2552
P-W26-0374:WC-2026,P-W26-0374,Diakite,WC-2026,FW,minted,22,28,6,73,77,4,77,measured_performance,measured_performance,0.942857,0.594855,0.761194,0.546624,0.721393,0.643557,0.740397,0.0,0.0,,,,,0.0,0.0,False,False,48.354327,48.354327
P-W26-0375:WC-2026,P-W26-0375,Toure,WC-2026,FW,minted,20,5,2,72,74,2,74,measured_performance,measured_performance,0.885714,0.307074,0.512438,0.118971,0.236318,0.589558,0.691836,0.0,0.0,,,,,0.0,0.0,False,False,44.0,44.0
P-W26-0376:WC-2026,P-W26-0376,Inao Oulai,WC-2026,MF,minted,20,8,0,70,71,1,71,measured_performance,measured_performance,0.885714,0.130081,0.18408,0.159892,0.335821,0.460107,0.52926,0.0,0.0,,,,,0.0,0.0,False,False,33.75,33.75
P-W26-0377:WC-2026,P-W26-0377,Diomande,WC-2026,FW,minted,19,9,3,72,79,7,79,measured_performance,measured_performance,0.857143,0.392283,0.651741,0.207395,0.415423,0.621379,0.763478,0.0,0.0,,,,,0.0,0.0,False,False,50.7718,50.7718
P-W26-0378:WC-2026,P-W26-0378,Watanabe,WC-2026,DF,minted,29,11,0,71,71,0,71,measured_performance,measured_performance,1.0,0.225653,0.208955,0.269596,0.199005,0.558806,0.524922,0.0,0.0,,,,,0.0,0.0,False,False,33.4286,33.4286
P-W26-0379:WC-2026,P-W26-0379,Ogawa,WC-2026,FW,minted,28,15,11,79,76,-3,76,measured_performance,measured_performance,1.0,0.742765,0.733831,0.350482,0.298507,0.738853,0.7294,0.0,0.0,,,,,0.0,0.0,False,False,47.625217,47.625217
P-W26-0380:WC-2026,P-W26-0380,Hayakawa,WC-2026,GK,minted,27,4,0,71,71,0,71,measured_performance,measured_performance,1.0,0.5,0.5,0.306897,0.368159,0.509711,0.539116,0.0,0.0,,,,,0.0,0.0,False,False,34.0,34.0
P-W26-0381:WC-2026,P-W26-0381,Osako,WC-2026,GK,minted,26,11,0,72,73,1,73,measured_performance,measured_performance,1.0,0.5,0.5,0.493103,0.646766,0.599089,0.672848,0.0,0.0,,,,,0.0,0.0,False,False,42.4587,42.4587
P-W26-0382:WC-2026,P-W26-0382,Seko,WC-2026,DF,minted,26,14,0,72,72,0,72,measured_performance,measured_performance,1.0,0.225653,0.248756,0.331354,0.353234,0.63805,0.648552,0.0,0.0,,,,,0.0,0.0,False,False,40.736,40.736
P-W26-0383:WC-2026,P-W26-0383,Sugawara,WC-2026,DF,minted,25,21,2,76,78,2,78,measured_performance,measured_performance,1.0,0.745843,0.81592,0.471496,0.547264,0.705318,0.741687,0.0,0.0,,,,,0.0,0.0,False,False,48.9044,48.9044
P-W26-0384:WC-2026,P-W26-0384,Nakamura,WC-2026,MF,minted,25,25,10,84,84,0,84,measured_performance,measured_performance,1.0,0.882114,0.932836,0.421409,0.497512,0.796732,0.828388,0.0,0.0,,,,,0.0,0.0,False,False,57.4595,57.4595
P-W26-0385:WC-2026,P-W26-0385,Sano,WC-2026,MF,minted,25,13,0,72,72,0,72,measured_performance,measured_performance,1.0,0.130081,0.139303,0.252033,0.288557,0.603561,0.615851,0.0,0.0,,,,,0.0,0.0,False,False,38.102313,38.102313
P-W26-0386:WC-2026,P-W26-0386,Suzuki,WC-2026,MF,minted,24,6,0,71,71,0,71,measured_performance,measured_performance,1.0,0.130081,0.144279,0.117886,0.146766,0.564927,0.57597,0.0,0.0,,,,,0.0,0.0,False,False,35.5493,35.5493
P-W26-0387:WC-2026,P-W26-0387,Suzuki,WC-2026,GK,minted,23,24,0,80,88,8,88,measured_performance,measured_performance,0.971429,0.5,0.5,0.658621,0.895522,0.759106,0.881851,0.0,0.0,,,,,0.0,0.0,False,False,62.0,62.0
P-W26-0388:WC-2026,P-W26-0388,Suzuki,WC-2026,DF,minted,22,6,0,70,71,1,71,measured_performance,measured_performance,0.942857,0.225653,0.293532,0.173397,0.300995,0.458275,0.524278,0.0,0.0,,,,,0.0,0.0,False,False,33.4,33.4
P-W26-0389:WC-2026,P-W26-0389,Shiogai,WC-2026,FW,minted,21,2,0,71,71,0,71,measured_performance,measured_performance,0.914286,0.064309,0.11194,0.057878,0.109453,0.506517,0.532433,0.0,0.0,,,,,0.0,0.0,False,False,33.8421,33.8421
P-W26-0390:WC-2026,P-W26-0390,Goto,WC-2026,FW,minted,21,4,0,68,70,2,70,measured_performance,measured_performance,0.914286,0.064309,0.11194,0.102894,0.186567,0.412256,0.442486,0.0,0.0,,,,,0.0,0.0,False,False,29.5448,29.5448
P-W26-0391:WC-2026,P-W26-0391,Martinez,WC-2026,FW,minted,31,11,3,71,71,0,71,measured_performance,measured_performance,0.975,0.392283,0.238806,0.266881,0.144279,0.548716,0.483084,0.0,0.0,,,,,0.0,0.0,False,False,32.1339,32.1339
P-W26-0392:WC-2026,P-W26-0392,Acevedo,WC-2026,GK,minted,30,7,0,71,71,0,71,measured_performance,measured_performance,1.0,0.5,0.5,0.406897,0.38806,0.557711,0.548669,0.0,0.0,,,,,0.0,0.0,False,False,34.2785,34.2785
P-W26-0393:WC-2026,P-W26-0393,Quinones,WC-2026,FW,minted,29,21,2,71,71,0,71,measured_performance,measured_performance,1.0,0.307074,0.228856,0.42926,0.355721,0.541858,0.504875,0.0,0.0,,,,,0.0,0.0,False,False,32.9461,32.9461
P-W26-0394:WC-2026,P-W26-0394,Fidalgo,WC-2026,MF,minted,29,3,0,72,71,-1,71,measured_performance,measured_performance,1.0,0.130081,0.114428,0.059621,0.029851,0.582146,0.570567,0.0,0.0,,,,,0.0,0.0,False,False,35.0807,35.0807
P-W26-0395:WC-2026,P-W26-0395,Rangel,WC-2026,GK,minted,26,13,0,72,75,3,75,measured_performance,measured_performance,1.0,0.5,0.5,0.548276,0.708955,0.625572,0.702698,0.0,0.0,,,,,0.0,0.0,False,False,45.558609,45.558609
P-W26-0396:WC-2026,P-W26-0396,Lira,WC-2026,MF,minted,26,24,0,71,71,0,71,measured_performance,measured_performance,1.0,0.130081,0.131841,0.406504,0.427861,0.539249,0.545737,0.0,0.0,,,,,0.0,0.0,False,False,34.2297,34.2297
P-W26-0397:WC-2026,P-W26-0397,Reyes,WC-2026,DF,minted,26,33,2,75,76,1,76,measured_performance,measured_performance,1.0,0.745843,0.79602,0.64133,0.718905,0.687638,0.724874,0.0,0.0,,,,,0.0,0.0,False,False,47.0,47.0
P-W26-0398:WC-2026,P-W26-0398,Huerta,WC-2026,FW,minted,25,26,3,72,72,0,72,measured_performance,measured_performance,1.0,0.392283,0.437811,0.517685,0.579602,0.583144,0.606964,0.0,0.0,,,,,0.0,0.0,False,False,37.5047,37.5047
P-W26-0399:WC-2026,P-W26-0399,Gimenez,WC-2026,FW,minted,25,47,6,82,83,1,83,measured_performance,measured_performance,1.0,0.594855,0.659204,0.721865,0.810945,0.779772,0.813627,0.0,0.0,,,,,0.0,0.0,False,False,55.6203,55.6203
P-W26-0400:WC-2026,P-W26-0400,Gonzalez,WC-2026,FW,minted,23,7,1,70,71,1,71,measured_performance,measured_performance,0.971429,0.194534,0.266169,0.157556,0.216418,0.466198,0.501591,0.0,0.0,,,,,0.0,0.0,False,False,32.8067,32.8067
P-W26-0401:WC-2026,P-W26-0401,Gutierrez,WC-2026,MF,minted,22,6,2,71,71,0,71,measured_performance,measured_performance,0.942857,0.506775,0.639303,0.117886,0.19403,0.520952,0.575827,0.0,0.0,,,,,0.0,0.0,False,False,35.5493,35.5493
P-W26-0402:WC-2026,P-W26-0402,Chavez,WC-2026,DF,minted,22,9,0,71,72,1,72,measured_performance,measured_performance,0.942857,0.225653,0.293532,0.232779,0.400498,0.534749,0.621639,0.0,0.0,,,,,0.0,0.0,False,False,38.5143,38.5143
P-W26-0403:WC-2026,P-W26-0403,Vargas,WC-2026,MF,minted,20,6,0,72,73,1,73,measured_performance,measured_performance,0.885714,0.130081,0.18408,0.117886,0.258706,0.592192,0.649851,0.0,0.0,,,,,0.0,0.0,False,False,40.874,40.874
P-W26-0404:WC-2026,P-W26-0404,Mora,WC-2026,MF,minted,17,7,0,70,71,1,71,measured_performance,measured_performance,0.8,0.130081,0.233831,0.138211,0.41791,0.449024,0.562454,0.0,0.0,,,,,0.0,0.0,False,False,34.75,34.75
P-W26-0405:WC-2026,P-W26-0405,Rahimi,WC-2026,FW,minted,30,36,12,74,72,-2,72,measured_performance,measured_performance,1.0,0.765273,0.70398,0.641479,0.524876,0.682676,0.646618,0.0,0.0,,,,,0.0,0.0,False,False,40.6141,40.6141
P-W26-0406:WC-2026,P-W26-0406,Diop,WC-2026,DF,minted,29,3,0,71,71,0,71,measured_performance,measured_performance,1.0,0.225653,0.208955,0.08076,0.054726,0.548765,0.536268,0.0,0.0,,,,,0.0,0.0,False,False,33.9122,33.9122
P-W26-0407:WC-2026,P-W26-0407,Belammari,WC-2026,DF,minted,27,18,0,71,71,0,71,measured_performance,measured_performance,1.0,0.225653,0.236318,0.410926,0.405473,0.527444,0.524827,0.0,0.0,,,,,0.0,0.0,False,False,33.4054,33.4054
P-W26-0408:WC-2026,P-W26-0408,Diaz,WC-2026,FW,minted,26,25,13,87,88,1,88,measured_performance,measured_performance,1.0,0.78135,0.838308,0.501608,0.522388,0.851479,0.874477,0.0,0.0,,,,,0.0,0.0,False,False,62.0,62.0
P-W26-0409:WC-2026,P-W26-0409,Saibari,WC-2026,MF,minted,25,30,9,80,82,2,82,measured_performance,measured_performance,1.0,0.857724,0.912935,0.49458,0.589552,0.758722,0.796674,0.0,0.0,,,,,0.0,0.0,False,False,54.0784,54.0784
P-W26-0410:WC-2026,P-W26-0410,Aynaoui,WC-2026,MF,minted,24,15,2,74,76,2,76,measured_performance,measured_performance,1.0,0.506775,0.60199,0.277778,0.358209,0.683301,0.724746,0.0,0.0,,,,,0.0,0.0,False,False,46.9673,46.9673
P-W26-0411:WC-2026,P-W26-0411,Ouahdi,WC-2026,DF,minted,24,2,0,68,68,0,68,measured_performance,measured_performance,1.0,0.225653,0.271144,0.057007,0.08209,0.407163,0.419203,0.0,0.0,,,,,0.0,0.0,False,False,24.4,24.4
P-W26-0412:WC-2026,P-W26-0412,Salah-Eddine,WC-2026,DF,minted,24,9,0,71,71,0,71,measured_performance,measured_performance,1.0,0.225653,0.271144,0.232779,0.318408,0.541134,0.582236,0.0,0.0,,,,,0.0,0.0,False,False,36.0183,36.0183
P-W26-0413:WC-2026,P-W26-0413,Halhal,WC-2026,DF,minted,23,2,0,68,68,0,68,measured_performance,measured_performance,0.971429,0.225653,0.283582,0.057007,0.09204,0.406382,0.423979,0.0,0.0,,,,,0.0,0.0,False,False,24.4651,24.4651
P-W26-0414:WC-2026,P-W26-0414,Riad,WC-2026,DF,minted,22,5,1,72,72,0,72,measured_performance,measured_performance,0.942857,0.570071,0.708955,0.142518,0.241294,0.5745,0.625821,0.0,0.0,,,,,0.0,0.0,False,False,38.8946,38.8946
P-W26-0415:WC-2026,P-W26-0415,Khannouss,WC-2026,MF,minted,22,36,3,81,88,7,88,measured_performance,measured_performance,0.942857,0.605691,0.753731,0.581301,0.798507,0.773495,0.880686,0.0,0.0,,,,,0.0,0.0,False,False,62.0,62.0
P-W26-0416:WC-2026,P-W26-0416,Amaimouni,WC-2026,FW,minted,21,1,0,71,71,0,71,measured_performance,measured_performance,0.914286,0.064309,0.11194,0.028939,0.054726,0.503342,0.525866,0.0,0.0,,,,,0.0,0.0,False,False,33.6484,33.6484
P-W26-0417:WC-2026,P-W26-0417,Talbi,WC-2026,MF,minted,21,5,0,72,72,0,72,measured_performance,measured_performance,0.914286,0.130081,0.171642,0.097561,0.186567,0.588524,0.626687,0.0,0.0,,,,,0.0,0.0,False,False,38.9241,38.9241
P-W26-0418:WC-2026,P-W26-0418,Mourabet,WC-2026,MF,minted,20,3,0,71,71,0,71,measured_performance,measured_performance,0.885714,0.130081,0.18408,0.059621,0.134328,0.54333,0.58003,0.0,0.0,,,,,0.0,0.0,False,False,35.86391,35.86391
P-W26-0419:WC-2026,P-W26-0419,Yassine,WC-2026,MF,minted,20,5,0,71,72,1,72,measured_performance,measured_performance,0.885714,0.130081,0.18408,0.097561,0.21393,0.553008,0.602955,0.0,0.0,,,,,0.0,0.0,False,False,37.3,37.3
P-W26-0420:WC-2026,P-W26-0420,Bouaddi,WC-2026,MF,minted,18,3,0,71,72,1,72,measured_performance,measured_performance,0.828571,0.130081,0.216418,0.059621,0.189055,0.540921,0.602,0.0,0.0,,,,,0.0,0.0,False,False,37.3,37.3
P-W26-0421:WC-2026,P-W26-0421,Flekken,WC-2026,GK,minted,32,11,0,73,72,-1,72,measured_performance,measured_performance,0.95,0.5,0.5,0.493103,0.402985,0.676855,0.645433,0.0,0.0,,,,,0.0,0.0,False,False,40.4444,40.4444
P-W26-0422:WC-2026,P-W26-0422,Til,WC-2026,MF,minted,28,6,1,71,71,0,71,measured_performance,measured_performance,1.0,0.359079,0.343284,0.117886,0.074627,0.554494,0.539003,0.0,0.0,,,,,0.0,0.0,False,False,33.9862,33.9862
P-W26-0423:WC-2026,P-W26-0423,Reijnders,WC-2026,MF,minted,27,31,7,87,86,-1,86,measured_performance,measured_performance,1.0,0.811653,0.833333,0.512195,0.50995,0.84335,0.846866,0.0,0.0,,,,,0.0,0.0,False,False,59.834,59.834
P-W26-0424:WC-2026,P-W26-0424,Malen,WC-2026,FW,minted,27,52,13,88,88,0,88,measured_performance,measured_performance,1.0,0.78135,0.813433,0.782958,0.825871,0.854241,0.87094,0.0,0.0,,,,,0.0,0.0,False,False,61.8203,61.8203
P-W26-0425:WC-2026,P-W26-0425,Kluivert,WC-2026,MF,minted,27,12,0,72,72,0,72,measured_performance,measured_performance,1.0,0.130081,0.126866,0.233062,0.199005,0.632097,0.621672,0.0,0.0,,,,,0.0,0.0,False,False,38.5143,38.5143
P-W26-0426:WC-2026,P-W26-0426,Wieffer,WC-2026,DF,minted,26,15,1,73,73,0,73,measured_performance,measured_performance,1.0,0.570071,0.621891,0.34323,0.368159,0.67475,0.686716,0.0,0.0,,,,,0.0,0.0,False,False,43.5838,43.5838
P-W26-0427:WC-2026,P-W26-0427,Hecke,WC-2026,DF,minted,26,11,0,72,73,1,73,measured_performance,measured_performance,1.0,0.225653,0.248756,0.269596,0.293532,0.639406,0.650895,0.0,0.0,,,,,0.0,0.0,False,False,40.916258,40.916258
P-W26-0428:WC-2026,P-W26-0428,Ven,WC-2026,DF,minted,25,20,1,78,79,1,79,measured_performance,measured_performance,1.0,0.570071,0.644279,0.457245,0.527363,0.729478,0.763134,0.0,0.0,,,,,0.0,0.0,False,False,50.7244,50.7244
P-W26-0429:WC-2026,P-W26-0429,Timber,WC-2026,MF,minted,24,11,1,72,73,1,73,measured_performance,measured_performance,1.0,0.359079,0.415423,0.212737,0.271144,0.636211,0.663851,0.0,0.0,,,,,0.0,0.0,False,False,41.6,41.6
P-W26-0430:WC-2026,P-W26-0430,Summerville,WC-2026,FW,minted,24,1,0,71,71,0,71,measured_performance,measured_performance,1.0,0.064309,0.079602,0.028939,0.039801,0.536624,0.543433,0.0,0.0,,,,,0.0,0.0,False,False,34.0606,34.0606
P-W26-0431:WC-2026,P-W26-0431,Brobbey,WC-2026,FW,minted,24,11,1,72,72,0,72,measured_performance,measured_performance,1.0,0.194534,0.238806,0.266881,0.323383,0.612058,0.634776,0.0,0.0,,,,,0.0,0.0,False,False,39.6119,39.6119
P-W26-0432:WC-2026,P-W26-0432,Gravenberch,WC-2026,MF,minted,24,26,1,78,80,2,80,measured_performance,measured_performance,1.0,0.359079,0.415423,0.434959,0.562189,0.734211,0.781672,0.0,0.0,,,,,0.0,0.0,False,False,51.8,51.8
P-W26-0433:WC-2026,P-W26-0433,Verbruggen,WC-2026,GK,minted,23,28,0,84,88,4,88,measured_performance,measured_performance,0.971429,0.5,0.5,0.682759,0.925373,0.798361,0.924179,0.0,0.0,,,,,0.0,0.0,False,False,62.0,62.0
P-W26-0434:WC-2026,P-W26-0434,Roefs,WC-2026,GK,minted,23,1,0,71,72,1,72,measured_performance,measured_performance,0.971429,0.5,0.5,0.106897,0.243781,0.529845,0.597015,0.0,0.0,,,,,0.0,0.0,False,False,36.7059,36.7059
P-W26-0435:WC-2026,P-W26-0435,Hato,WC-2026,DF,minted,20,8,0,72,76,4,76,measured_performance,measured_performance,0.885714,0.225653,0.318408,0.218527,0.457711,0.602905,0.729701,0.0,0.0,,,,,0.0,0.0,False,False,47.6279,47.6279
P-W26-0436:WC-2026,P-W26-0436,Boxall,WC-2026,DF,minted,37,62,1,78,73,-5,73,measured_performance,measured_performance,0.825,0.570071,0.310945,0.871734,0.58209,0.725007,0.659203,0.0,0.0,,,,,0.0,0.0,False,False,41.190355,41.190355
P-W26-0437:WC-2026,P-W26-0437,Barbarouses,WC-2026,FW,minted,36,75,10,72,71,-1,71,measured_performance,measured_performance,0.85,0.71865,0.363184,0.87299,0.517413,0.639152,0.523036,0.0,0.0,,,,,0.0,0.0,False,False,33.3476,33.3476
P-W26-0438:WC-2026,P-W26-0438,Crocombe,WC-2026,GK,minted,32,23,0,82,79,-3,79,measured_performance,measured_performance,0.95,0.5,0.5,0.651724,0.597015,0.777186,0.766567,0.0,0.0,,,,,0.0,0.0,False,False,50.7718,50.7718
P-W26-0439:WC-2026,P-W26-0439,Payne,WC-2026,DF,minted,32,50,3,75,72,-3,72,measured_performance,measured_performance,0.95,0.84323,0.766169,0.785036,0.651741,0.688176,0.643036,0.0,0.0,,,,,0.0,0.0,False,False,40.1081,40.1081
P-W26-0440:WC-2026,P-W26-0440,De Vries,WC-2026,DF,minted,31,19,1,71,71,0,71,measured_performance,measured_performance,0.975,0.570071,0.487562,0.432304,0.308458,0.532518,0.47826,0.0,0.0,,,,,0.0,0.0,False,False,32.075,32.075
P-W26-0441:WC-2026,P-W26-0441,Thomas,WC-2026,MF,minted,31,25,3,74,72,-2,72,measured_performance,measured_performance,0.975,0.605691,0.475124,0.421409,0.233831,0.683317,0.610167,0.0,0.0,,,,,0.0,0.0,False,False,37.7572,37.7572
P-W26-0442:WC-2026,P-W26-0442,Rufer,WC-2026,MF,minted,29,25,0,71,70,-1,70,measured_performance,measured_performance,1.0,0.130081,0.114428,0.421409,0.310945,0.489141,0.454322,0.0,0.0,,,,,0.0,0.0,False,False,29.7655,29.7655
P-W26-0443:WC-2026,P-W26-0443,Woud,WC-2026,GK,minted,27,6,0,71,71,0,71,measured_performance,measured_performance,1.0,0.5,0.5,0.375862,0.455224,0.498014,0.536108,0.0,0.0,,,,,0.0,0.0,False,False,33.9122,33.9122
P-W26-0444:WC-2026,P-W26-0444,Singh,WC-2026,MF,minted,27,27,3,72,72,0,72,measured_performance,measured_performance,1.0,0.605691,0.621891,0.448509,0.430348,0.588263,0.586143,0.0,0.0,,,,,0.0,0.0,False,False,36.348,36.348
P-W26-0445:WC-2026,P-W26-0445,Pijnaker,WC-2026,DF,minted,27,24,0,71,71,0,71,measured_performance,measured_performance,1.0,0.225653,0.236318,0.508314,0.517413,0.574191,0.578558,0.0,0.0,,,,,0.0,0.0,False,False,35.5493,35.5493
P-W26-0446:WC-2026,P-W26-0446,Bell,WC-2026,MF,minted,27,31,1,72,72,0,72,measured_performance,measured_performance,1.0,0.359079,0.360697,0.512195,0.50995,0.613655,0.613319,0.0,0.0,,,,,0.0,0.0,False,False,37.8849,37.8849
P-W26-0447:WC-2026,P-W26-0447,Mccowatt,WC-2026,MF,minted,27,31,4,73,73,0,73,measured_performance,measured_performance,1.0,0.686992,0.708955,0.512195,0.50995,0.676615,0.680185,0.0,0.0,,,,,0.0,0.0,False,False,43.25,43.25
P-W26-0448:WC-2026,P-W26-0448,Elliot,WC-2026,DF,minted,26,10,0,70,70,0,70,measured_performance,measured_performance,1.0,0.225653,0.248756,0.248219,0.261194,0.449345,0.455573,0.0,0.0,,,,,0.0,0.0,False,False,30.2546,30.2546
P-W26-0449:WC-2026,P-W26-0449,Just,WC-2026,MF,minted,26,43,9,80,80,0,80,measured_performance,measured_performance,1.0,0.857724,0.893035,0.674797,0.746269,0.756225,0.783588,0.0,0.0,,,,,0.0,0.0,False,False,51.9875,51.9875
P-W26-0450:WC-2026,P-W26-0450,Cacace,WC-2026,DF,minted,25,36,1,73,75,2,75,measured_performance,measured_performance,1.0,0.570071,0.644279,0.668646,0.793532,0.65115,0.711095,0.0,0.0,,,,,0.0,0.0,False,False,45.931,45.931
P-W26-0451:WC-2026,P-W26-0451,Waine,WC-2026,FW,minted,25,31,9,86,88,2,88,measured_performance,measured_performance,1.0,0.694534,0.773632,0.599678,0.681592,0.831994,0.870299,0.0,0.0,,,,,0.0,0.0,False,False,61.578643,61.578643
P-W26-0452:WC-2026,P-W26-0452,Stamenic,WC-2026,MF,minted,24,38,3,72,74,2,74,measured_performance,measured_performance,1.0,0.605691,0.71393,0.612466,0.756219,0.635483,0.697666,0.0,0.0,,,,,0.0,0.0,False,False,44.62,44.62
P-W26-0453:WC-2026,P-W26-0453,Garbett,WC-2026,MF,minted,24,36,5,87,88,1,88,measured_performance,measured_performance,1.0,0.738482,0.833333,0.581301,0.723881,0.849203,0.908478,0.0,0.0,,,,,0.0,0.0,False,False,62.0,62.0
P-W26-0454:WC-2026,P-W26-0454,Paulsen,WC-2026,GK,minted,23,7,0,71,73,2,73,measured_performance,measured_performance,0.971429,0.5,0.5,0.406897,0.646766,0.55213,0.672848,0.0,0.0,,,,,0.0,0.0,False,False,42.4587,42.4587
P-W26-0455:WC-2026,P-W26-0455,Bayliss,WC-2026,MF,minted,23,3,0,66,68,2,68,measured_performance,measured_performance,0.971429,0.130081,0.151741,0.059621,0.08209,0.383742,0.395576,0.0,0.0,,,,,0.0,0.0,False,False,23.9328,23.9328
P-W26-0456:WC-2026,P-W26-0456,Old,WC-2026,MF,minted,23,23,2,77,80,3,80,measured_performance,measured_performance,0.971429,0.506775,0.621891,0.392954,0.552239,0.710458,0.784448,0.0,0.0,,,,,0.0,0.0,False,False,52.0578,52.0578
P-W26-0457:WC-2026,P-W26-0457,Randall,WC-2026,FW,minted,23,10,2,70,71,1,71,measured_performance,measured_performance,0.971429,0.307074,0.405473,0.241158,0.325871,0.4657,0.515275,0.0,0.0,,,,,0.0,0.0,False,False,33.2,33.2
P-W26-0458:WC-2026,P-W26-0458,Surman,WC-2026,DF,minted,22,18,2,71,73,2,73,measured_performance,measured_performance,0.942857,0.745843,0.868159,0.410926,0.606965,0.565773,0.671143,0.0,0.0,,,,,0.0,0.0,False,False,42.3256,42.3256
P-W26-0459:WC-2026,P-W26-0459,Bindon,WC-2026,DF,minted,21,24,3,78,87,9,87,measured_performance,measured_performance,0.914286,0.84323,0.945274,0.508314,0.743781,0.733077,0.867015,0.0,0.0,,,,,0.0,0.0,False,False,61.289435,61.289435
P-W26-0460:WC-2026,P-W26-0460,Nyland,WC-2026,GK,minted,35,70,0,87,86,-1,86,measured_performance,measured_performance,0.875,0.5,0.5,0.865517,0.746269,0.843517,0.838209,0.0,0.0,,,,,0.0,0.0,False,False,59.0261,59.0261
P-W26-0461:WC-2026,P-W26-0461,Sorloth,WC-2026,FW,minted,30,71,26,88,88,0,88,measured_performance,measured_performance,1.0,0.884244,0.863184,0.860129,0.825871,0.931543,0.919851,0.0,0.0,,,,,0.0,0.0,False,False,62.0,62.0
P-W26-0462:WC-2026,P-W26-0462,Aursnes,WC-2026,MF,minted,30,21,1,72,71,-1,71,measured_performance,measured_performance,1.0,0.359079,0.308458,0.376694,0.228856,0.629031,0.576734,0.0,0.0,,,,,0.0,0.0,False,False,35.5493,35.5493
P-W26-0463:WC-2026,P-W26-0463,Thorsby,WC-2026,MF,minted,30,31,0,74,72,-2,72,measured_performance,measured_performance,1.0,0.130081,0.109453,0.512195,0.363184,0.678488,0.631612,0.0,0.0,,,,,0.0,0.0,False,False,39.239469,39.239469
P-W26-0464:WC-2026,P-W26-0464,Selvik,WC-2026,GK,minted,28,6,0,73,73,0,73,measured_performance,measured_performance,1.0,0.5,0.5,0.375862,0.41791,0.660414,0.680597,0.0,0.0,,,,,0.0,0.0,False,False,43.2552,43.2552
P-W26-0465:WC-2026,P-W26-0465,Ryerson,WC-2026,FW,minted,28,42,1,72,72,0,72,measured_performance,measured_performance,1.0,0.194534,0.151741,0.696141,0.676617,0.632569,0.614821,0.0,0.0,,,,,0.0,0.0,False,False,38.0731,38.0731
P-W26-0466:WC-2026,P-W26-0466,Berg,WC-2026,MF,minted,28,42,0,72,72,0,72,measured_performance,measured_performance,1.0,0.130081,0.121891,0.666667,0.641791,0.614176,0.605439,0.0,0.0,,,,,0.0,0.0,False,False,37.3878,37.3878
P-W26-0467:WC-2026,P-W26-0467,Berge,WC-2026,MF,minted,28,65,1,87,86,-1,86,measured_performance,measured_performance,1.0,0.359079,0.343284,0.823848,0.833333,0.846211,0.84591,0.0,0.0,,,,,0.0,0.0,False,False,59.6437,59.6437
P-W26-0468:WC-2026,P-W26-0468,Ajer,WC-2026,DF,minted,28,51,2,88,88,0,88,measured_performance,measured_performance,1.0,0.745843,0.748756,0.793349,0.810945,0.890808,0.899254,0.0,0.0,,,,,0.0,0.0,False,False,62.0,62.0
P-W26-0469:WC-2026,P-W26-0469,Bjorkan,WC-2026,DF,minted,27,20,1,72,72,0,72,measured_performance,measured_performance,1.0,0.570071,0.597015,0.457245,0.455224,0.599278,0.598308,0.0,0.0,,,,,0.0,0.0,False,False,36.7059,36.7059
P-W26-0470:WC-2026,P-W26-0470,Odegaard,WC-2026,MF,minted,27,67,4,88,88,0,88,measured_performance,measured_performance,1.0,0.686992,0.708955,0.841463,0.885572,0.914244,0.931164,0.0,0.0,,0.2304,,,0.0,0.0,False,False,62.0,62.0
P-W26-0471:WC-2026,P-W26-0471,Heggem,WC-2026,DF,minted,27,14,0,72,72,0,72,measured_performance,measured_performance,1.0,0.225653,0.236318,0.331354,0.313433,0.63805,0.629448,0.0,0.0,,,,,0.0,0.0,False,False,39.0634,39.0634
P-W26-0472:WC-2026,P-W26-0472,Thorstvedt,WC-2026,MF,minted,27,36,4,84,83,-1,83,measured_performance,measured_performance,1.0,0.686992,0.708955,0.581301,0.589552,0.805317,0.81191,0.0,0.0,,,,,0.0,0.0,False,False,55.323541,55.323541
P-W26-0473:WC-2026,P-W26-0473,Hauge,WC-2026,MF,minted,26,15,1,71,71,0,71,measured_performance,measured_performance,1.0,0.359079,0.378109,0.277778,0.283582,0.546143,0.551469,0.0,0.0,,,,,0.0,0.0,False,False,34.4,34.4
P-W26-0474:WC-2026,P-W26-0474,Ostigard,WC-2026,DF,minted,26,37,1,84,86,2,86,measured_performance,measured_performance,1.0,0.570071,0.621891,0.678147,0.768657,0.804511,0.847955,0.0,0.0,,,,,0.0,0.0,False,False,59.846027,59.846027
P-W26-0475:WC-2026,P-W26-0475,Strand Larsen,WC-2026,FW,minted,26,27,6,83,82,-1,82,measured_performance,measured_performance,1.0,0.594855,0.629353,0.530547,0.559701,0.787813,0.803731,0.0,0.0,,,,,0.0,0.0,False,False,54.9714,54.9714
P-W26-0476:WC-2026,P-W26-0476,Pedersen,WC-2026,DF,minted,25,32,0,82,85,3,85,measured_performance,measured_performance,1.0,0.225653,0.261194,0.629454,0.738806,0.781138,0.833627,0.0,0.0,,,,,0.0,0.0,False,False,58.1737,58.1737
P-W26-0477:WC-2026,P-W26-0477,Haaland,WC-2026,FW,minted,25,49,55,88,98,10,88,measured_performance,career_stature_estimate,1.0,0.961415,0.985075,0.747588,0.845771,0.94582,0.96612,0.0,0.08,,0.842791,,0.895194,0.0,1.0,False,True,97.5194,62.0
P-W26-0478:WC-2026,P-W26-0478,Langas,WC-2026,DF,minted,25,3,0,71,71,0,71,measured_performance,measured_performance,1.0,0.225653,0.261194,0.08076,0.099502,0.548765,0.557761,0.0,0.0,,,,,0.0,0.0,False,False,34.75,34.75
P-W26-0479:WC-2026,P-W26-0479,Moller Wolfe,WC-2026,DF,minted,24,21,1,79,81,2,81,measured_performance,measured_performance,1.0,0.570071,0.664179,0.471496,0.587065,0.736318,0.791791,0.0,0.0,,,,,0.0,0.0,False,False,53.3692,53.3692
P-W26-0480:WC-2026,P-W26-0480,Aasgaard,WC-2026,MF,minted,24,7,5,72,72,0,72,measured_performance,measured_performance,1.0,0.738482,0.833333,0.138211,0.186567,0.578793,0.610931,0.0,0.0,,,,,0.0,0.0,False,False,37.8286,37.8286
P-W26-0481:WC-2026,P-W26-0481,Tangvik,WC-2026,GK,minted,23,0,0,70,71,1,71,measured_performance,measured_performance,0.971429,0.5,0.5,0.031034,0.062189,0.466471,0.481851,0.0,0.0,,,,,0.0,0.0,False,False,32.1081,32.1081
P-W26-0482:WC-2026,P-W26-0482,Falchener,WC-2026,DF,minted,23,1,0,68,68,0,68,measured_performance,measured_performance,0.971429,0.225653,0.283582,0.032067,0.057214,0.394752,0.407263,0.0,0.0,,,,,0.0,0.0,False,False,24.0239,24.0239
P-W26-0483:WC-2026,P-W26-0483,Bobb,WC-2026,MF,minted,22,19,2,78,83,5,83,measured_performance,measured_performance,0.942857,0.506775,0.639303,0.341463,0.527363,0.724463,0.814627,0.0,0.0,,,,,0.0,0.0,False,False,56.1101,56.1101
P-W26-0484:WC-2026,P-W26-0484,Schjelderup,WC-2026,MF,minted,22,11,1,71,72,1,72,measured_performance,measured_performance,0.942857,0.359079,0.442786,0.212737,0.333333,0.574371,0.632615,0.0,0.0,,,,,0.0,0.0,False,False,39.2605,39.2605
P-W26-0485:WC-2026,P-W26-0485,Nusa,WC-2026,FW,minted,21,23,8,79,88,9,88,measured_performance,measured_performance,0.914286,0.670418,0.858209,0.4791,0.661692,0.752227,0.867358,0.0,0.0,,,,,0.0,0.0,False,False,61.4244,61.4244
P-W26-0486:WC-2026,P-W26-0486,Quintero,WC-2026,MF,minted,38,141,7,75,74,-1,74,measured_performance,measured_performance,0.8,0.811653,0.485075,0.990515,0.905473,0.695685,0.696711,0.0,0.0,,0.0729,,,0.0,0.0,False,False,44.62,44.62
P-W26-0487:WC-2026,P-W26-0487,Mejia,WC-2026,GK,minted,35,56,0,73,72,-1,72,measured_performance,measured_performance,0.875,0.5,0.5,0.827586,0.661692,0.665186,0.635212,0.0,0.0,,,,,0.0,0.0,False,False,39.670865,39.670865
P-W26-0488:WC-2026,P-W26-0488,Waterman,WC-2026,FW,minted,35,54,15,73,71,-2,71,measured_performance,measured_performance,0.875,0.805466,0.512438,0.794212,0.460199,0.667314,0.569902,0.0,0.0,,,,,0.0,0.0,False,False,35.0807,35.0807
P-W26-0489:WC-2026,P-W26-0489,Miller,WC-2026,DF,minted,34,50,2,73,72,-1,72,measured_performance,measured_performance,0.9,0.745843,0.589552,0.785036,0.562189,0.669336,0.600051,0.0,0.0,,,,,0.0,0.0,False,False,36.8546,36.8546
P-W26-0490:WC-2026,P-W26-0490,Fajardo,WC-2026,FW,minted,32,67,17,76,73,-3,73,measured_performance,measured_performance,0.95,0.819936,0.679104,0.837621,0.699005,0.706107,0.658558,0.0,0.0,,,,,0.0,0.0,False,False,41.0481,41.0481
P-W26-0491:WC-2026,P-W26-0491,Barcenas,WC-2026,MF,minted,32,103,10,86,83,-3,83,measured_performance,measured_performance,0.95,0.882114,0.78607,0.960705,0.930348,0.820946,0.816066,0.0,0.0,,,,,0.0,0.0,False,False,56.266431,56.266431
P-W26-0492:WC-2026,P-W26-0492,Samudio,WC-2026,GK,minted,32,5,0,71,70,-1,70,measured_performance,measured_performance,0.95,0.5,0.5,0.355172,0.276119,0.479558,0.450137,0.0,0.0,,,,,0.0,0.0,False,False,29.721638,29.721638
P-W26-0493:WC-2026,P-W26-0493,Mosquera,WC-2026,GK,minted,31,47,0,78,78,0,78,measured_performance,measured_performance,0.975,0.5,0.5,0.789655,0.791045,0.731959,0.742102,0.0,0.0,,,,,0.0,0.0,False,False,48.9044,48.9044
P-W26-0494:WC-2026,P-W26-0494,Yanis,WC-2026,MF,minted,30,56,5,76,73,-3,73,measured_performance,measured_performance,1.0,0.738482,0.676617,0.757453,0.656716,0.702735,0.661845,0.0,0.0,,,,,0.0,0.0,False,False,41.4737,41.4737
P-W26-0495:WC-2026,P-W26-0495,Ramos,WC-2026,DF,minted,29,22,1,71,71,0,71,measured_performance,measured_performance,1.0,0.570071,0.539801,0.482185,0.422886,0.561649,0.533185,0.0,0.0,,,,,0.0,0.0,False,False,33.888362,33.888362
P-W26-0496:WC-2026,P-W26-0496,Martinez,WC-2026,MF,minted,29,65,2,74,73,-1,73,measured_performance,measured_performance,1.0,0.506775,0.460199,0.823848,0.79602,0.677369,0.660412,0.0,0.0,,,,,0.0,0.0,False,False,41.2667,41.2667
P-W26-0497:WC-2026,P-W26-0497,Blackman,WC-2026,DF,minted,28,39,3,73,73,0,73,measured_performance,measured_performance,1.0,0.84323,0.848259,0.695962,0.70398,0.664262,0.66811,0.0,0.0,,,,,0.0,0.0,False,False,41.7,41.7
P-W26-0498:WC-2026,P-W26-0498,Gutierrez,WC-2026,DF,minted,27,18,0,71,71,0,71,measured_performance,measured_performance,1.0,0.225653,0.236318,0.410926,0.405473,0.527444,0.524827,0.0,0.0,,,,,0.0,0.0,False,False,33.4054,33.4054
P-W26-0499:WC-2026,P-W26-0499,Andrade,WC-2026,DF,minted,27,49,1,80,80,0,80,measured_performance,measured_performance,1.0,0.570071,0.597015,0.779097,0.830846,0.753767,0.778606,0.0,0.0,,,,,0.0,0.0,False,False,51.8,51.8
P-W26-0500:WC-2026,P-W26-0500,Carrasquilla,WC-2026,MF,minted,27,73,3,81,80,-1,80,measured_performance,measured_performance,1.0,0.605691,0.621891,0.876694,0.91791,0.765981,0.780961,0.0,0.0,,0.11648,,,0.0,0.0,False,False,51.8,51.8
P-W26-0501:WC-2026,P-W26-0501,Rodriguez,WC-2026,FW,minted,27,13,4,71,71,0,71,measured_performance,measured_performance,1.0,0.463023,0.452736,0.299035,0.266169,0.532772,0.525125,0.0,0.0,,,,,0.0,0.0,False,False,33.6276,33.6276
P-W26-0502:WC-2026,P-W26-0502,Harvey,WC-2026,DF,minted,26,27,3,73,73,0,73,measured_performance,measured_performance,1.0,0.84323,0.878109,0.565321,0.619403,0.651154,0.677113,0.0,0.0,,,,,0.0,0.0,False,False,42.9515,42.9515
P-W26-0503:WC-2026,P-W26-0503,Cordoba,WC-2026,DF,minted,25,32,1,85,87,2,87,measured_performance,measured_performance,1.0,0.570071,0.644279,0.629454,0.738806,0.812138,0.864627,0.0,0.0,,,,,0.0,0.0,False,False,60.9,60.9
P-W26-0504:WC-2026,P-W26-0504,Londono,WC-2026,FW,minted,24,10,0,66,66,0,66,measured_performance,measured_performance,1.0,0.064309,0.079602,0.241158,0.288557,0.38229,0.393484,0.0,0.0,,,,,0.0,0.0,False,False,20.0,20.0
P-W26-0505:WC-2026,P-W26-0505,Farina,WC-2026,DF,minted,24,17,0,71,72,1,72,measured_performance,measured_performance,1.0,0.225653,0.271144,0.388361,0.492537,0.566213,0.616218,0.0,0.0,,,,,0.0,0.0,False,False,38.144,38.144
P-W26-0506:WC-2026,P-W26-0506,Fernandez,WC-2026,GK,minted,38,30,0,72,70,-2,70,measured_performance,measured_performance,0.8,0.5,0.5,0.7,0.323383,0.5864,0.472824,0.0,0.0,,,,,0.0,0.0,False,False,31.479,31.479
P-W26-0507:WC-2026,P-W26-0507,Avalos,WC-2026,FW,minted,35,22,2,71,70,-1,70,measured_performance,measured_performance,0.875,0.307074,0.11194,0.456592,0.21393,0.52447,0.44577,0.0,0.0,,,,,0.0,0.0,False,False,29.6,29.6
P-W26-0508:WC-2026,P-W26-0508,Velazquez,WC-2026,DF,minted,35,12,1,70,66,-4,66,measured_performance,measured_performance,0.875,0.570071,0.363184,0.295724,0.097015,0.454404,0.376767,0.0,0.0,,,,,0.0,0.0,False,False,20.0,20.0
P-W26-0509:WC-2026,P-W26-0509,Balbuena,WC-2026,DF,minted,34,47,2,80,73,-7,73,measured_performance,measured_performance,0.9,0.745843,0.589552,0.767221,0.537313,0.760839,0.68731,0.0,0.0,,,,,0.0,0.0,False,False,43.771173,43.771173
P-W26-0510:WC-2026,P-W26-0510,Alonso,WC-2026,DF,minted,33,70,3,86,83,-3,83,measured_performance,measured_performance,0.925,0.84323,0.743781,0.9038,0.800995,0.830687,0.813878,0.0,0.0,,,,,0.0,0.0,False,False,55.967917,55.967917
P-W26-0511:WC-2026,P-W26-0511,Olveira,WC-2026,GK,minted,33,1,0,66,66,0,66,measured_performance,measured_performance,0.925,0.5,0.5,0.106897,0.0199,0.365062,0.327152,0.0,0.0,,,,,0.0,0.0,False,False,20.0,20.0
P-W26-0512:WC-2026,P-W26-0512,Gomez,WC-2026,DF,minted,33,88,4,87,87,0,87,measured_performance,measured_performance,0.925,0.9038,0.828358,0.946556,0.890547,0.849671,0.856863,0.0,0.0,,0.3781,,,0.0,0.0,False,False,60.1778,60.1778
P-W26-0513:WC-2026,P-W26-0513,Almiron,WC-2026,MF,minted,32,75,9,84,79,-5,79,measured_performance,measured_performance,0.95,0.857724,0.756219,0.898374,0.79602,0.799444,0.771648,0.0,0.0,,,,,0.0,0.0,False,False,50.8988,50.8988
P-W26-0514:WC-2026,P-W26-0514,Kaku,WC-2026,FW,minted,31,32,5,72,71,-1,71,measured_performance,measured_performance,0.975,0.527331,0.385572,0.614148,0.452736,0.587148,0.523334,0.0,0.0,,,,,0.0,0.0,False,False,33.392,33.392
P-W26-0515:WC-2026,P-W26-0515,Arce,WC-2026,FW,minted,30,14,1,71,70,-1,70,measured_performance,measured_performance,1.0,0.194534,0.116915,0.323151,0.216418,0.48861,0.44786,0.0,0.0,,,,,0.0,0.0,False,False,29.6976,29.6976
P-W26-0516:WC-2026,P-W26-0516,Sanabria,WC-2026,FW,minted,30,47,7,84,78,-6,78,measured_performance,measured_performance,1.0,0.644695,0.554726,0.721865,0.639303,0.797714,0.755418,0.0,0.0,,,,,0.0,0.0,False,False,49.8488,49.8488
P-W26-0517:WC-2026,P-W26-0517,Cubas,WC-2026,MF,minted,30,32,0,71,71,0,71,measured_performance,measured_performance,1.0,0.130081,0.109453,0.531165,0.385572,0.520751,0.47486,0.0,0.0,,,,,0.0,0.0,False,False,32.0,32.0
P-W26-0518:WC-2026,P-W26-0518,Canale,WC-2026,DF,minted,29,1,0,68,66,-2,66,measured_performance,measured_performance,1.0,0.225653,0.208955,0.032067,0.0199,0.395192,0.389352,0.0,0.0,,,,,0.0,0.0,False,False,20.0,20.0
P-W26-0519:WC-2026,P-W26-0519,Alderete,WC-2026,DF,minted,29,35,3,86,82,-4,82,measured_performance,measured_performance,1.0,0.84323,0.828358,0.65677,0.606965,0.82525,0.801343,0.0,0.0,,,,,0.0,0.0,False,False,54.9474,54.9474
P-W26-0520:WC-2026,P-W26-0520,Pitta,WC-2026,FW,minted,26,5,0,70,70,0,70,measured_performance,measured_performance,1.0,0.064309,0.062189,0.118971,0.114428,0.466828,0.465519,0.0,0.0,,,,,0.0,0.0,False,False,30.7919,30.7919
P-W26-0521:WC-2026,P-W26-0521,Sosa,WC-2026,MF,minted,26,28,1,73,73,0,73,measured_performance,measured_performance,1.0,0.359079,0.378109,0.46748,0.502488,0.655177,0.668913,0.0,0.0,,,,,0.0,0.0,False,False,41.893535,41.893535
P-W26-0522:WC-2026,P-W26-0522,Caceres,WC-2026,DF,minted,26,16,0,71,71,0,71,measured_performance,measured_performance,1.0,0.225653,0.248756,0.361045,0.385572,0.553102,0.564875,0.0,0.0,,,,,0.0,0.0,False,False,34.8085,34.8085
P-W26-0523:WC-2026,P-W26-0523,Gill,WC-2026,GK,minted,26,5,0,71,72,1,72,measured_performance,measured_performance,1.0,0.5,0.5,0.355172,0.460199,0.532883,0.583296,0.0,0.0,,,,,0.0,0.0,False,False,36.1444,36.1444
P-W26-0524:WC-2026,P-W26-0524,Ojeda,WC-2026,MF,minted,25,16,0,71,71,0,71,measured_performance,measured_performance,1.0,0.130081,0.139303,0.299458,0.353234,0.508419,0.525678,0.0,0.0,,,,,0.0,0.0,False,False,33.6276,33.6276
P-W26-0525:WC-2026,P-W26-0525,Maurício,WC-2026,MF,minted,24,2,0,71,71,0,71,measured_performance,measured_performance,1.0,0.130081,0.144279,0.036585,0.042289,0.487112,0.491481,0.0,0.0,,,,,0.0,0.0,False,False,32.3303,32.3303
P-W26-0526:WC-2026,P-W26-0526,Bobadilla,WC-2026,MF,minted,24,19,1,72,73,1,73,measured_performance,measured_performance,1.0,0.359079,0.415423,0.341463,0.447761,0.618885,0.660316,0.0,0.0,,,,,0.0,0.0,False,False,41.26,41.26
P-W26-0527:WC-2026,P-W26-0527,Caballero,WC-2026,MF,minted,24,2,1,72,72,0,72,measured_performance,measured_performance,1.0,0.359079,0.415423,0.036585,0.042289,0.61948,0.63194,0.0,0.0,,,,,0.0,0.0,False,False,39.2605,39.2605
P-W26-0528:WC-2026,P-W26-0528,Galarza,WC-2026,MF,minted,24,14,2,71,72,1,72,measured_performance,measured_performance,1.0,0.506775,0.60199,0.264228,0.338308,0.570598,0.610215,0.0,0.0,,,,,0.0,0.0,False,False,37.8022,37.8022
P-W26-0529:WC-2026,P-W26-0529,Gomez,WC-2026,MF,minted,23,23,3,80,86,6,86,measured_performance,measured_performance,0.971429,0.605691,0.736318,0.392954,0.552239,0.762907,0.840418,0.0,0.0,,,,,0.0,0.0,False,False,59.0261,59.0261
P-W26-0530:WC-2026,P-W26-0530,Enciso,WC-2026,FW,minted,22,31,4,76,82,6,82,measured_performance,measured_performance,0.942857,0.463023,0.626866,0.599678,0.788557,0.704012,0.799299,0.0,0.0,,,,,0.0,0.0,False,False,54.338009,54.338009
P-W26-0531:WC-2026,P-W26-0531,Maidana,WC-2026,DF,minted,20,1,0,68,68,0,68,measured_performance,measured_performance,0.885714,0.225653,0.318408,0.032067,0.084577,0.393433,0.420397,0.0,0.0,,,,,0.0,0.0,False,False,24.4,24.4
P-W26-0532:WC-2026,P-W26-0532,Semedo,WC-2026,DF,minted,32,48,0,78,73,-5,73,measured_performance,measured_performance,0.95,0.225653,0.171642,0.773159,0.631841,0.732361,0.683084,0.0,0.0,,,,,0.0,0.0,False,False,43.2872,43.2872
P-W26-0533:WC-2026,P-W26-0533,Silva,WC-2026,GK,minted,32,2,0,71,69,-2,69,measured_performance,measured_performance,0.95,0.5,0.5,0.175862,0.059701,0.487393,0.435856,0.0,0.0,,,,,0.0,0.0,False,False,27.5,27.5
P-W26-0534:WC-2026,P-W26-0534,Trincao,WC-2026,FW,minted,26,17,3,72,72,0,72,measured_performance,measured_performance,1.0,0.392283,0.402985,0.371383,0.368159,0.615188,0.618654,0.0,0.0,,,,,0.0,0.0,False,False,38.1925,38.1925
P-W26-0535:WC-2026,P-W26-0535,Neto,WC-2026,FW,minted,26,23,2,74,73,-1,73,measured_performance,measured_performance,1.0,0.307074,0.308458,0.4791,0.49005,0.678039,0.679851,0.0,0.0,,,,,0.0,0.0,False,False,43.214,43.214
P-W26-0536:WC-2026,P-W26-0536,Costa,WC-2026,DF,minted,25,4,0,71,71,0,71,measured_performance,measured_performance,1.0,0.225653,0.261194,0.108076,0.131841,0.561876,0.573284,0.0,0.0,,,,,0.0,0.0,False,False,35.2941,35.2941
P-W26-0537:WC-2026,P-W26-0537,Inacio,WC-2026,DF,minted,24,20,2,73,75,2,75,measured_performance,measured_performance,1.0,0.745843,0.835821,0.457245,0.567164,0.648878,0.701639,0.0,0.0,,,,,0.0,0.0,False,False,45.3157,45.3157
P-W26-0538:WC-2026,P-W26-0538,Araujo,WC-2026,DF,minted,24,3,0,70,71,1,71,measured_performance,measured_performance,1.0,0.225653,0.271144,0.08076,0.11194,0.468165,0.483131,0.0,0.0,,,,,0.0,0.0,False,False,32.1339,32.1339
P-W26-0539:WC-2026,P-W26-0539,Conceicao,WC-2026,FW,minted,23,15,3,73,75,2,75,measured_performance,measured_performance,0.971429,0.392283,0.504975,0.350482,0.452736,0.657043,0.715119,0.0,0.0,,,,,0.0,0.0,False,False,46.1878,46.1878
P-W26-0540:WC-2026,P-W26-0540,Veiga,WC-2026,DF,minted,22,11,1,72,76,4,76,measured_performance,measured_performance,0.942857,0.570071,0.708955,0.269596,0.450249,0.632011,0.72612,0.0,0.0,,,,,0.0,0.0,False,False,47.0545,47.0545
P-W26-0541:WC-2026,P-W26-0541,Neves,WC-2026,MF,minted,21,21,3,77,85,8,85,measured_performance,measured_performance,0.914286,0.605691,0.781095,0.376694,0.631841,0.711514,0.83794,0.0,0.0,,,,,0.0,0.0,False,False,58.812188,58.812188
P-W26-0542:WC-2026,P-W26-0542,Mendes,WC-2026,DF,minted,35,25,1,71,70,-1,70,measured_performance,measured_performance,0.875,0.570071,0.363184,0.522565,0.268657,0.549677,0.459155,0.0,0.0,,,,,0.0,0.0,False,False,30.414,30.414
P-W26-0543:WC-2026,P-W26-0543,Pedro Miguel,WC-2026,DF,minted,35,98,3,78,78,0,78,measured_performance,measured_performance,0.875,0.84323,0.69403,0.964371,0.883085,0.735236,0.754081,0.0,0.0,,0.0549,,,0.0,0.0,False,False,49.663136,49.663136
P-W26-0544:WC-2026,P-W26-0544,Fathy,WC-2026,MF,minted,33,47,0,71,71,0,71,measured_performance,measured_performance,0.925,0.130081,0.084577,0.700542,0.422886,0.552527,0.48083,0.0,0.0,,,,,0.0,0.0,False,False,32.107127,32.107127
P-W26-0545:WC-2026,P-W26-0545,Edmilson Junior,WC-2026,FW,minted,31,15,0,68,66,-2,66,measured_performance,measured_performance,0.975,0.064309,0.029851,0.350482,0.216418,0.393779,0.366917,0.0,0.0,,,,,0.0,0.0,False,False,20.0,20.0
P-W26-0546:WC-2026,P-W26-0546,Brake,WC-2026,DF,minted,30,16,0,71,70,-1,70,measured_performance,measured_performance,1.0,0.225653,0.199005,0.361045,0.261194,0.503502,0.455573,0.0,0.0,,,,,0.0,0.0,False,False,30.2546,30.2546
P-W26-0547:WC-2026,P-W26-0547,Laye,WC-2026,DF,minted,28,3,0,66,66,0,66,measured_performance,measured_performance,1.0,0.225653,0.221393,0.08076,0.057214,0.368965,0.357663,0.0,0.0,,,,,0.0,0.0,False,False,20.0,20.0
P-W26-0548:WC-2026,P-W26-0548,Zakaria,WC-2026,GK,minted,27,8,0,71,72,1,72,measured_performance,measured_performance,1.0,0.5,0.5,0.444828,0.552239,0.531117,0.582675,0.0,0.0,,,,,0.0,0.0,False,False,36.1074,36.1074
P-W26-0549:WC-2026,P-W26-0549,Abdurisag,WC-2026,FW,minted,26,38,3,71,71,0,71,measured_performance,measured_performance,1.0,0.392283,0.402985,0.66881,0.708955,0.551679,0.560349,0.0,0.0,,,,,0.0,0.0,False,False,34.75,34.75
P-W26-0550:WC-2026,P-W26-0550,Abunada,WC-2026,GK,minted,26,4,0,70,71,1,71,measured_performance,measured_performance,1.0,0.5,0.5,0.306897,0.400498,0.464911,0.509839,0.0,0.0,,,,,0.0,0.0,False,False,33.1174,33.1174
P-W26-0551:WC-2026,P-W26-0551,Ganehi,WC-2026,MF,minted,25,13,1,71,71,0,71,measured_performance,measured_performance,1.0,0.359079,0.39801,0.252033,0.288557,0.484329,0.502322,0.0,0.0,,,,,0.0,0.0,False,False,32.8067,32.8067
P-W26-0552:WC-2026,P-W26-0552,Manai,WC-2026,FW,minted,23,9,0,66,68,2,68,measured_performance,measured_performance,0.971429,0.064309,0.089552,0.207395,0.283582,0.376866,0.396469,0.0,0.0,,,,,0.0,0.0,False,False,23.9328,23.9328
P-W26-0553:WC-2026,P-W26-0553,Hussain,WC-2026,DF,minted,22,7,0,68,71,3,71,measured_performance,measured_performance,0.942857,0.225653,0.293532,0.19715,0.350746,0.419424,0.498558,0.0,0.0,,,,,0.0,0.0,False,False,32.7659,32.7659
P-W26-0554:WC-2026,P-W26-0554,Oui,WC-2026,DF,minted,21,5,0,68,70,2,70,measured_performance,measured_performance,0.914286,0.225653,0.308458,0.142518,0.266169,0.392745,0.457961,0.0,0.0,,,,,0.0,0.0,False,False,30.360452,30.360452
P-W26-0555:WC-2026,P-W26-0555,Jamshid,WC-2026,FW,minted,19,2,0,66,66,0,66,measured_performance,measured_performance,0.857143,0.064309,0.129353,0.057878,0.134328,0.355997,0.392886,0.0,0.0,,,,,0.0,0.0,False,False,20.0,20.0
P-W26-0556:WC-2026,P-W26-0556,Kassar,WC-2026,GK,minted,35,8,0,71,71,0,71,measured_performance,measured_performance,0.875,0.5,0.5,0.444828,0.233831,0.549228,0.474639,0.0,0.0,,,,,0.0,0.0,False,False,31.8154,31.8154
P-W26-0557:WC-2026,P-W26-0557,Kadesh,WC-2026,DF,minted,33,19,2,71,71,0,71,measured_performance,measured_performance,0.925,0.745843,0.616915,0.432304,0.258706,0.571743,0.503979,0.0,0.0,,,,,0.0,0.0,False,False,32.92,32.92
P-W26-0558:WC-2026,P-W26-0558,Mandash,WC-2026,FW,minted,31,5,1,70,68,-2,68,measured_performance,measured_performance,0.975,0.194534,0.10199,0.118971,0.049751,0.462001,0.422487,0.0,0.0,,,,,0.0,0.0,False,False,24.437,24.437
P-W26-0559:WC-2026,P-W26-0559,Hejji,WC-2026,MF,minted,30,1,0,68,68,0,68,measured_performance,measured_performance,1.0,0.130081,0.109453,0.01626,0.007463,0.426858,0.420364,0.0,0.0,,,,,0.0,0.0,False,False,24.4,24.4
P-W26-0560:WC-2026,P-W26-0560,Lajami,WC-2026,DF,minted,30,20,1,72,71,-1,71,measured_performance,measured_performance,1.0,0.570071,0.514925,0.457245,0.363184,0.599278,0.554128,0.0,0.0,,,,,0.0,0.0,False,False,34.5,34.5
P-W26-0561:WC-2026,P-W26-0561,Hamdan,WC-2026,FW,minted,26,48,11,78,79,1,79,measured_performance,measured_performance,1.0,0.742765,0.798507,0.734727,0.793532,0.735363,0.762486,0.0,0.0,,,,,0.0,0.0,False,False,50.6667,50.6667
P-W26-0562:WC-2026,P-W26-0562,Boushal,WC-2026,DF,minted,26,24,0,72,72,0,72,measured_performance,measured_performance,1.0,0.225653,0.248756,0.508314,0.549751,0.623791,0.64368,0.0,0.0,,,,,0.0,0.0,False,False,40.1847,40.1847
P-W26-0563:WC-2026,P-W26-0563,Majrashi,WC-2026,DF,minted,26,20,0,72,72,0,72,measured_performance,measured_performance,1.0,0.225653,0.248756,0.457245,0.49005,0.599278,0.615024,0.0,0.0,,,,,0.0,0.0,False,False,38.0885,38.0885
P-W26-0564:WC-2026,P-W26-0564,Harbi,WC-2026,DF,minted,26,11,0,71,71,0,71,measured_performance,measured_performance,1.0,0.225653,0.248756,0.269596,0.293532,0.509206,0.520695,0.0,0.0,,,,,0.0,0.0,False,False,33.3379,33.3379
P-W26-0565:WC-2026,P-W26-0565,Ghannam,WC-2026,FW,minted,25,5,0,68,68,0,68,measured_performance,measured_performance,1.0,0.064309,0.069652,0.118971,0.131841,0.417228,0.420696,0.0,0.0,,,,,0.0,0.0,False,False,24.437,24.437
P-W26-0566:WC-2026,P-W26-0566,Yahya,WC-2026,FW,minted,25,25,0,70,70,0,70,measured_performance,measured_performance,1.0,0.064309,0.069652,0.501608,0.554726,0.463144,0.471442,0.0,0.0,,,,,0.0,0.0,False,False,31.2457,31.2457
P-W26-0567:WC-2026,P-W26-0567,Thakri,WC-2026,DF,minted,24,6,0,70,71,1,71,measured_performance,measured_performance,1.0,0.225653,0.271144,0.173397,0.238806,0.463031,0.494427,0.0,0.0,,,,,0.0,0.0,False,False,32.470872,32.470872
P-W26-0568:WC-2026,P-W26-0568,Johani,WC-2026,MF,minted,24,11,0,71,71,0,71,measured_performance,measured_performance,1.0,0.130081,0.144279,0.212737,0.271144,0.483444,0.502991,0.0,0.0,,,,,0.0,0.0,False,False,32.9114,32.9114
P-W26-0569:WC-2026,P-W26-0569,Abu Shamat,WC-2026,DF,minted,23,5,0,70,71,1,71,measured_performance,measured_performance,0.971429,0.225653,0.283582,0.142518,0.216418,0.446254,0.483681,0.0,0.0,,,,,0.0,0.0,False,False,32.1739,32.1739
P-W26-0570:WC-2026,P-W26-0570,Juwayr,WC-2026,MF,minted,22,33,6,75,81,6,81,measured_performance,measured_performance,0.942857,0.777778,0.890547,0.544715,0.766169,0.685913,0.788842,0.0,0.0,,,,,0.0,0.0,False,False,52.75,52.75
P-W26-0571:WC-2026,P-W26-0571,Gordon,WC-2026,GK,minted,43,84,0,77,72,-5,72,measured_performance,measured_performance,0.8,0.5,0.5,0.92069,0.567164,0.715945,0.634639,0.0,0.0,,,,,0.0,0.0,False,False,39.5405,39.5405
P-W26-0572:WC-2026,P-W26-0572,Hanley,WC-2026,DF,minted,34,67,2,81,77,-4,77,measured_performance,measured_performance,0.9,0.745843,0.589552,0.896675,0.751244,0.767164,0.740397,0.0,0.0,,,,,0.0,0.0,False,False,48.526997,48.526997
P-W26-0573:WC-2026,P-W26-0573,Mclean,WC-2026,MF,minted,34,57,3,87,78,-9,78,measured_performance,measured_performance,0.9,0.605691,0.365672,0.771003,0.467662,0.844507,0.744896,0.0,0.0,,,,,0.0,0.0,False,False,49.25,49.25
P-W26-0574:WC-2026,P-W26-0574,Robertson,WC-2026,DF,minted,32,93,4,88,89,1,88,measured_performance,career_stature_estimate,0.95,0.9038,0.845771,0.954869,0.922886,0.94542,0.952985,0.0,0.07,,0.522494,,0.67758,0.0,1.0,False,False,74.757953,62.0
P-W26-0575:WC-2026,P-W26-0575,Mcginn,WC-2026,MF,minted,31,85,20,88,88,0,88,measured_performance,measured_performance,0.975,0.982385,0.970149,0.930894,0.895522,0.985298,0.984179,0.0,0.0,,,,,0.0,0.0,False,False,62.0,62.0
P-W26-0576:WC-2026,P-W26-0576,Christie,WC-2026,MF,minted,31,67,10,88,88,0,88,measured_performance,measured_performance,0.975,0.882114,0.813433,0.841463,0.738806,0.941415,0.908955,0.0,0.0,,,,,0.0,0.0,False,False,62.0,62.0
P-W26-0577:WC-2026,P-W26-0577,Hendry,WC-2026,DF,minted,31,37,3,75,72,-3,72,measured_performance,measured_performance,0.975,0.84323,0.788557,0.678147,0.544776,0.697173,0.641292,0.0,0.0,,,,,0.0,0.0,False,False,40.0367,40.0367
P-W26-0578:WC-2026,P-W26-0578,Shankland,WC-2026,FW,minted,30,19,6,73,72,-1,72,measured_performance,measured_performance,1.0,0.594855,0.49005,0.401929,0.291045,0.642179,0.591143,0.0,0.0,,,,,0.0,0.0,False,False,36.5283,36.5283
P-W26-0579:WC-2026,P-W26-0579,Dykes,WC-2026,FW,minted,30,51,10,88,84,-4,84,measured_performance,measured_performance,1.0,0.71865,0.639303,0.768489,0.699005,0.860933,0.82403,0.0,0.0,,,,,0.0,0.0,False,False,56.9412,56.9412
P-W26-0580:WC-2026,P-W26-0580,Hyam,WC-2026,DF,minted,30,3,0,66,66,0,66,measured_performance,measured_performance,1.0,0.225653,0.199005,0.08076,0.049751,0.368965,0.35408,0.0,0.0,,,,,0.0,0.0,False,False,20.0,20.0
P-W26-0581:WC-2026,P-W26-0581,Gunn,WC-2026,GK,minted,30,21,0,83,82,-1,82,measured_performance,measured_performance,1.0,0.5,0.5,0.634483,0.666667,0.784552,0.8,0.0,0.0,,,,,0.0,0.0,False,False,54.566239,54.566239
P-W26-0582:WC-2026,P-W26-0582,Kelly,WC-2026,GK,minted,30,3,0,71,70,-1,70,measured_performance,measured_performance,1.0,0.5,0.5,0.234483,0.174129,0.474952,0.445982,0.0,0.0,,,,,0.0,0.0,False,False,29.6,29.6
P-W26-0583:WC-2026,P-W26-0583,Stewart,WC-2026,FW,minted,29,2,0,71,71,0,71,measured_performance,measured_performance,1.0,0.064309,0.039801,0.057878,0.034826,0.540097,0.528507,0.0,0.0,,,,,0.0,0.0,False,False,33.75,33.75
P-W26-0584:WC-2026,P-W26-0584,Adams,WC-2026,FW,minted,29,46,11,86,83,-3,83,measured_performance,measured_performance,1.0,0.742765,0.70398,0.713826,0.664179,0.832055,0.812134,0.0,0.0,,,,,0.0,0.0,False,False,55.5385,55.5385
P-W26-0585:WC-2026,P-W26-0585,Souttar,WC-2026,DF,minted,29,23,2,72,72,0,72,measured_performance,measured_performance,1.0,0.745843,0.721393,0.494062,0.437811,0.61695,0.589949,0.0,0.0,,,,,0.0,0.0,False,False,36.4594,36.4594
P-W26-0586:WC-2026,P-W26-0586,Mckenna,WC-2026,DF,minted,29,50,1,80,78,-2,78,measured_performance,measured_performance,1.0,0.570071,0.539801,0.785036,0.768657,0.756617,0.748755,0.0,0.0,,,,,0.0,0.0,False,False,49.614,49.614
P-W26-0587:WC-2026,P-W26-0587,Mctominay,WC-2026,MF,minted,29,69,14,88,88,0,88,measured_performance,measured_performance,1.0,0.941734,0.930348,0.853659,0.835821,0.932667,0.925343,0.0,0.0,,0.192,,,0.0,0.0,False,False,62.0,62.0
P-W26-0588:WC-2026,P-W26-0588,Tierney,WC-2026,DF,minted,29,55,2,82,79,-3,79,measured_performance,measured_performance,1.0,0.745843,0.721393,0.824228,0.823383,0.775429,0.775024,0.0,0.0,,,,,0.0,0.0,False,False,51.1,51.1
P-W26-0589:WC-2026,P-W26-0589,Ralston,WC-2026,DF,minted,27,26,1,72,72,0,72,measured_performance,measured_performance,1.0,0.570071,0.597015,0.541568,0.549751,0.639753,0.64368,0.0,0.0,,,,,0.0,0.0,False,False,40.1847,40.1847
P-W26-0590:WC-2026,P-W26-0590,Hirst,WC-2026,FW,minted,27,9,1,72,72,0,72,measured_performance,measured_performance,1.0,0.194534,0.174129,0.207395,0.179104,0.60492,0.594179,0.0,0.0,,,,,0.0,0.0,False,False,36.5596,36.5596
P-W26-0591:WC-2026,P-W26-0591,Ferguson,WC-2026,MF,minted,26,23,1,75,74,-1,74,measured_performance,measured_performance,1.0,0.359079,0.378109,0.392954,0.410448,0.688114,0.696806,0.0,0.0,,,,,0.0,0.0,False,False,44.62,44.62
P-W26-0592:WC-2026,P-W26-0592,Patterson,WC-2026,DF,minted,24,26,1,81,85,4,85,measured_performance,measured_performance,1.0,0.570071,0.664179,0.541568,0.669154,0.769953,0.831194,0.0,0.0,,,,,0.0,0.0,False,False,57.8,57.8
P-W26-0593:WC-2026,P-W26-0593,Hickey,WC-2026,DF,minted,24,20,0,78,80,2,80,measured_performance,measured_performance,1.0,0.225653,0.271144,0.457245,0.567164,0.729478,0.782239,0.0,0.0,,,,,0.0,0.0,False,False,51.9448,51.9448
P-W26-0594:WC-2026,P-W26-0594,Gannon-Doak,WC-2026,FW,minted,20,13,1,72,74,2,74,measured_performance,measured_performance,0.885714,0.194534,0.348259,0.299035,0.517413,0.603812,0.697463,0.0,0.0,,,,,0.0,0.0,False,False,44.62,44.62
P-W26-0595:WC-2026,P-W26-0595,Curtis,WC-2026,FW,minted,20,2,1,70,71,1,71,measured_performance,measured_performance,0.885714,0.194534,0.348259,0.057878,0.119403,0.44798,0.519502,0.0,0.0,,,,,0.0,0.0,False,False,33.2624,33.2624
P-W26-0596:WC-2026,P-W26-0596,Fletcher,WC-2026,MF,minted,19,1,0,71,72,1,72,measured_performance,measured_performance,0.857143,0.130081,0.199005,0.01626,0.037313,0.565422,0.588955,0.0,0.0,,,,,0.0,0.0,False,False,36.4594,36.4594
P-W26-0597:WC-2026,P-W26-0597,Seck,WC-2026,DF,minted,34,22,4,71,70,-1,70,measured_performance,measured_performance,0.9,0.9038,0.80597,0.482185,0.271144,0.538504,0.460349,0.0,0.0,,,,,0.0,0.0,False,False,30.6024,30.6024
P-W26-0598:WC-2026,P-W26-0598,Diaw,WC-2026,GK,minted,32,5,0,72,72,0,72,measured_performance,measured_performance,0.95,0.5,0.5,0.355172,0.276119,0.613958,0.584537,0.0,0.0,,,,,0.0,0.0,False,False,36.348,36.348
P-W26-0599:WC-2026,P-W26-0599,Ndiaye,WC-2026,FW,minted,30,18,4,72,71,-1,71,measured_performance,measured_performance,1.0,0.463023,0.350746,0.38746,0.276119,0.592983,0.539203,0.0,0.0,,,,,0.0,0.0,False,False,34.0,34.0
P-W26-0600:WC-2026,P-W26-0600,Niakhate,WC-2026,DF,minted,30,30,0,81,76,-5,76,measured_performance,measured_performance,1.0,0.225653,0.199005,0.606888,0.512438,0.770306,0.72497,0.0,0.0,,,,,0.0,0.0,False,False,47.0545,47.0545
P-W26-0601:WC-2026,P-W26-0601,Diouf,WC-2026,GK,minted,26,2,0,71,71,0,71,measured_performance,measured_performance,1.0,0.5,0.5,0.175862,0.226368,0.536414,0.560657,0.0,0.0,,,,,0.0,0.0,False,False,34.75,34.75
P-W26-0602:WC-2026,P-W26-0602,Camara,WC-2026,MF,minted,22,32,7,84,88,4,88,measured_performance,measured_performance,0.942857,0.811653,0.915423,0.531165,0.753731,0.797166,0.898836,0.0,0.0,,,,,0.0,0.0,False,False,62.0,62.0
P-W26-0603:WC-2026,P-W26-0603,Diarra,WC-2026,MF,minted,22,20,4,80,87,7,87,measured_performance,measured_performance,0.942857,0.686992,0.825871,0.365854,0.564677,0.76371,0.861194,0.0,0.0,,,,,0.0,0.0,False,False,60.6956,60.6956
P-W26-0604:WC-2026,P-W26-0604,Mendy,WC-2026,DF,minted,22,6,0,71,72,1,72,measured_performance,measured_performance,0.942857,0.225653,0.293532,0.173397,0.300995,0.557475,0.623478,0.0,0.0,,,,,0.0,0.0,False,False,38.73055,38.73055
P-W26-0605:WC-2026,P-W26-0605,Diouf,WC-2026,DF,minted,21,19,1,75,85,10,85,measured_performance,measured_performance,0.914286,0.570071,0.731343,0.432304,0.671642,0.69972,0.832388,0.0,0.0,,,,,0.0,0.0,False,False,58.095998,58.095998
P-W26-0606:WC-2026,P-W26-0606,Sarr,WC-2026,DF,minted,20,7,0,72,75,3,75,measured_performance,measured_performance,0.885714,0.225653,0.318408,0.19715,0.412935,0.593817,0.708209,0.0,0.0,,,,,0.0,0.0,False,False,45.7829,45.7829
P-W26-0607:WC-2026,P-W26-0607,Diao,WC-2026,FW,minted,20,5,0,71,71,0,71,measured_performance,measured_performance,0.885714,0.064309,0.119403,0.118971,0.236318,0.51215,0.550343,0.0,0.0,,,,,0.0,0.0,False,False,34.3404,34.3404
P-W26-0608:WC-2026,P-W26-0608,Sapoko Ndiaye,WC-2026,MF,minted,18,1,0,71,71,0,71,measured_performance,measured_performance,0.828571,0.130081,0.216418,0.01626,0.047264,0.530574,0.561164,0.0,0.0,,,,,0.0,0.0,False,False,34.75,34.75
P-W26-0609:WC-2026,P-W26-0609,Mbaye,WC-2026,FW,minted,18,10,3,72,81,9,81,measured_performance,measured_performance,0.828571,0.392283,0.69403,0.241158,0.542289,0.61999,0.793925,0.0,0.0,,,,,0.0,0.0,False,False,53.7021,53.7021
P-W26-0610:WC-2026,P-W26-0610,Zwane,WC-2026,MF,minted,36,53,12,73,72,-1,72,measured_performance,measured_performance,0.85,0.917344,0.766169,0.745257,0.323383,0.674949,0.583039,0.0,0.0,,,,,0.0,0.0,False,False,36.1074,36.1074
P-W26-0611:WC-2026,P-W26-0611,Williams,WC-2026,GK,minted,34,62,0,74,73,-1,73,measured_performance,measured_performance,0.9,0.5,0.5,0.851724,0.751244,0.685545,0.678197,0.0,0.0,,,,,0.0,0.0,False,False,43.1111,43.1111
P-W26-0612:WC-2026,P-W26-0612,Goss,WC-2026,GK,minted,32,4,0,70,68,-2,68,measured_performance,measured_performance,0.95,0.5,0.5,0.306897,0.216418,0.457545,0.421481,0.0,0.0,,,,,0.0,0.0,False,False,24.437,24.437
P-W26-0613:WC-2026,P-W26-0613,Mudau,WC-2026,DF,minted,31,32,1,72,71,-1,71,measured_performance,measured_performance,0.975,0.570071,0.487562,0.629454,0.495025,0.624784,0.567812,0.0,0.0,,,,,0.0,0.0,False,False,35.0554,35.0554
P-W26-0614:WC-2026,P-W26-0614,Modiba,WC-2026,DF,minted,30,44,3,74,73,-1,73,measured_performance,measured_performance,1.0,0.84323,0.818408,0.73753,0.671642,0.684214,0.652588,0.0,0.0,,,,,0.0,0.0,False,False,40.9709,40.9709
P-W26-0615:WC-2026,P-W26-0615,Sibisi,WC-2026,DF,minted,30,19,0,71,71,0,71,measured_performance,measured_performance,1.0,0.225653,0.199005,0.432304,0.338308,0.537706,0.492588,0.0,0.0,,,,,0.0,0.0,False,False,32.3555,32.3555
P-W26-0616:WC-2026,P-W26-0616,Rayners,WC-2026,FW,minted,30,13,4,71,71,0,71,measured_performance,measured_performance,1.0,0.463023,0.350746,0.299035,0.19403,0.532772,0.479752,0.0,0.0,,,,,0.0,0.0,False,False,32.1044,32.1044
P-W26-0617:WC-2026,P-W26-0617,Chaine,WC-2026,GK,minted,29,3,0,69,68,-1,68,measured_performance,measured_performance,1.0,0.5,0.5,0.234483,0.20398,0.430152,0.41551,0.0,0.0,,,,,0.0,0.0,False,False,24.2753,24.2753
P-W26-0618:WC-2026,P-W26-0618,Mokoena,WC-2026,MF,minted,29,51,9,77,74,-3,74,measured_performance,measured_performance,1.0,0.857724,0.835821,0.733062,0.671642,0.718605,0.696711,0.0,0.0,,,,,0.0,0.0,False,False,44.62,44.62
P-W26-0619:WC-2026,P-W26-0619,Matuludi,WC-2026,DF,minted,27,2,0,66,66,0,66,measured_performance,measured_performance,1.0,0.225653,0.236318,0.057007,0.049751,0.357563,0.35408,0.0,0.0,,,,,0.0,0.0,False,False,20.0,20.0
P-W26-0620:WC-2026,P-W26-0620,Sithole,WC-2026,MF,minted,27,27,1,73,72,-1,72,measured_performance,measured_performance,1.0,0.359079,0.360697,0.448509,0.430348,0.649714,0.644794,0.0,0.0,,,,,0.0,0.0,False,False,40.4444,40.4444
P-W26-0621:WC-2026,P-W26-0621,Mbatha,WC-2026,MF,minted,26,14,3,71,71,0,71,measured_performance,measured_performance,1.0,0.605691,0.651741,0.264228,0.263682,0.53519,0.543875,0.0,0.0,,,,,0.0,0.0,False,False,34.1655,34.1655
P-W26-0622:WC-2026,P-W26-0622,Makgopa,WC-2026,FW,minted,26,26,6,72,72,0,72,measured_performance,measured_performance,1.0,0.594855,0.629353,0.517685,0.532338,0.60647,0.620648,0.0,0.0,,,,,0.0,0.0,False,False,38.483,38.483
P-W26-0623:WC-2026,P-W26-0623,Foster,WC-2026,FW,minted,25,26,10,86,87,1,87,measured_performance,measured_performance,1.0,0.71865,0.79602,0.517685,0.579602,0.830836,0.866119,0.0,0.0,,,,,0.0,0.0,False,False,61.244856,61.244856
P-W26-0624:WC-2026,P-W26-0624,Moremi,WC-2026,FW,minted,25,9,1,68,69,1,69,measured_performance,measured_performance,1.0,0.194534,0.216418,0.207395,0.223881,0.42512,0.434976,0.0,0.0,,,,,0.0,0.0,False,False,27.2,27.2
P-W26-0625:WC-2026,P-W26-0625,Cross,WC-2026,DF,minted,25,0,0,66,66,0,66,measured_performance,measured_performance,1.0,0.225653,0.261194,0.008314,0.012438,0.334191,0.33617,0.0,0.0,,,,,0.0,0.0,False,False,20.0,20.0
P-W26-0626:WC-2026,P-W26-0626,Adams,WC-2026,MF,minted,25,4,0,68,66,-2,66,measured_performance,measured_performance,1.0,0.130081,0.139303,0.079946,0.079602,0.3908,0.392472,0.0,0.0,,,,,0.0,0.0,False,False,20.0,20.0
P-W26-0627:WC-2026,P-W26-0627,Appollis,WC-2026,FW,minted,24,25,8,72,73,1,73,measured_performance,measured_performance,1.0,0.670418,0.776119,0.501608,0.589552,0.631743,0.680349,0.0,0.0,,,,,0.0,0.0,False,False,43.25,43.25
P-W26-0628:WC-2026,P-W26-0628,Sebelebele,WC-2026,FW,minted,23,2,0,66,66,0,66,measured_performance,measured_performance,0.971429,0.064309,0.089552,0.057878,0.089552,0.359437,0.373185,0.0,0.0,,,,,0.0,0.0,False,False,20.0,20.0
P-W26-0629:WC-2026,P-W26-0629,Maseko,WC-2026,FW,minted,22,9,1,68,71,3,71,measured_performance,measured_performance,0.942857,0.194534,0.29602,0.207395,0.31592,0.419696,0.474678,0.0,0.0,,,,,0.0,0.0,False,False,32.0,32.0
P-W26-0630:WC-2026,P-W26-0630,Ndamane,WC-2026,DF,minted,22,5,0,68,70,2,70,measured_performance,measured_performance,0.942857,0.225653,0.293532,0.142518,0.241294,0.3947,0.446021,0.0,0.0,,,,,0.0,0.0,False,False,29.686151,29.686151
P-W26-0631:WC-2026,P-W26-0631,Okon,WC-2026,DF,minted,22,7,1,71,72,1,72,measured_performance,measured_performance,0.942857,0.570071,0.708955,0.19715,0.350746,0.568224,0.647358,0.0,0.0,,,,,0.0,0.0,False,False,40.736,40.736
P-W26-0632:WC-2026,P-W26-0632,Kabini,WC-2026,DF,minted,22,5,0,70,71,1,71,measured_performance,measured_performance,0.942857,0.225653,0.293532,0.142518,0.241294,0.4443,0.495621,0.0,0.0,,,,,0.0,0.0,False,False,32.5,32.5
P-W26-0633:WC-2026,P-W26-0633,Makhanya,WC-2026,DF,minted,22,0,0,66,66,0,66,measured_performance,measured_performance,0.942857,0.225653,0.293532,0.008314,0.0199,0.383563,0.389352,0.0,0.0,,,,,0.0,0.0,False,False,20.0,20.0
P-W26-0634:WC-2026,P-W26-0634,Mofokeng,WC-2026,FW,minted,21,12,0,66,68,2,68,measured_performance,measured_performance,0.914286,0.064309,0.11194,0.284566,0.457711,0.382588,0.425424,0.0,0.0,,,,,0.0,0.0,False,False,24.4813,24.4813
P-W26-0635:WC-2026,P-W26-0635,Mbokazi,WC-2026,DF,minted,20,10,1,71,72,1,72,measured_performance,measured_performance,0.885714,0.570071,0.753731,0.248219,0.512438,0.485329,0.62577,0.0,0.0,,,,,0.0,0.0,False,False,38.75,38.75
P-W26-0636:WC-2026,P-W26-0636,Park,WC-2026,DF,minted,30,14,1,71,70,-1,70,measured_performance,measured_performance,1.0,0.570071,0.514925,0.331354,0.228856,0.48925,0.440051,0.0,0.0,,,,,0.0,0.0,False,False,29.113569,29.113569
P-W26-0637:WC-2026,P-W26-0637,Kim,WC-2026,MF,minted,29,22,3,72,72,0,72,measured_performance,measured_performance,1.0,0.605691,0.557214,0.382114,0.271144,0.623542,0.582275,0.0,0.0,,,,,0.0,0.0,False,False,36.1074,36.1074
P-W26-0638:WC-2026,P-W26-0638,Lee,WC-2026,MF,minted,28,18,4,72,72,0,72,measured_performance,measured_performance,1.0,0.686992,0.681592,0.318428,0.248756,0.62081,0.599707,0.0,0.0,,,,,0.0,0.0,False,False,36.786659,36.786659
P-W26-0639:WC-2026,P-W26-0639,Seol,WC-2026,DF,minted,27,34,0,75,75,0,75,measured_performance,measured_performance,1.0,0.225653,0.236318,0.648456,0.686567,0.691059,0.709352,0.0,0.0,,,,,0.0,0.0,False,False,45.7951,45.7951
P-W26-0640:WC-2026,P-W26-0640,Lee,WC-2026,MF,minted,25,3,0,70,70,0,70,measured_performance,measured_performance,1.0,0.130081,0.139303,0.059621,0.059701,0.439346,0.44114,0.0,0.0,,,,,0.0,0.0,False,False,29.504,29.504
P-W26-0641:WC-2026,P-W26-0641,Kim,WC-2026,DF,minted,25,7,0,71,71,0,71,measured_performance,measured_performance,1.0,0.225653,0.261194,0.19715,0.236318,0.474432,0.493233,0.0,0.0,,,,,0.0,0.0,False,False,32.3555,32.3555
P-W26-0642:WC-2026,P-W26-0642,Oh,WC-2026,FW,minted,25,27,6,73,73,0,73,measured_performance,measured_performance,1.0,0.594855,0.659204,0.530547,0.59204,0.657613,0.688158,0.0,0.0,,,,,0.0,0.0,False,False,43.8146,43.8146
P-W26-0643:WC-2026,P-W26-0643,Cho,WC-2026,DF,minted,24,1,0,68,68,0,68,measured_performance,measured_performance,1.0,0.225653,0.271144,0.032067,0.047264,0.395192,0.402487,0.0,0.0,,,,,0.0,0.0,False,False,24.0,24.0
P-W26-0644:WC-2026,P-W26-0644,Eom,WC-2026,MF,minted,24,9,2,71,71,0,71,measured_performance,measured_performance,1.0,0.506775,0.60199,0.174797,0.221393,0.490442,0.522143,0.0,0.0,,,,,0.0,0.0,False,False,33.3379,33.3379
P-W26-0645:WC-2026,P-W26-0645,Yang,WC-2026,MF,minted,24,9,0,71,71,0,71,measured_performance,measured_performance,1.0,0.130081,0.144279,0.174797,0.221393,0.472517,0.488663,0.0,0.0,,,,,0.0,0.0,False,False,32.2001,32.2001
P-W26-0646:WC-2026,P-W26-0646,Lee,WC-2026,DF,minted,23,8,0,71,71,0,71,measured_performance,measured_performance,0.971429,0.225653,0.283582,0.218527,0.335821,0.481696,0.540994,0.0,0.0,,,,,0.0,0.0,False,False,34.0606,34.0606
P-W26-0647:WC-2026,P-W26-0647,Lee,WC-2026,DF,minted,23,15,1,71,72,1,72,measured_performance,measured_performance,0.971429,0.570071,0.686567,0.34323,0.492537,0.539843,0.616218,0.0,0.0,,,,,0.0,0.0,False,False,38.144,38.144
P-W26-0648:WC-2026,P-W26-0648,Castrop,WC-2026,DF,minted,22,7,0,71,72,1,72,measured_performance,measured_performance,0.942857,0.225653,0.293532,0.19715,0.350746,0.568224,0.647358,0.0,0.0,,,,,0.0,0.0,False,False,40.736,40.736
P-W26-0649:WC-2026,P-W26-0649,Bae,WC-2026,MF,minted,22,13,2,75,79,4,79,measured_performance,measured_performance,0.942857,0.506775,0.639303,0.252033,0.38806,0.700178,0.774507,0.0,0.0,,,,,0.0,0.0,False,False,51.0472,51.0472
P-W26-0650:WC-2026,P-W26-0650,Iglesias,WC-2026,FW,minted,33,6,0,71,71,0,71,measured_performance,measured_performance,0.925,0.064309,0.0199,0.139871,0.044776,0.546941,0.522537,0.0,0.0,,,,,0.0,0.0,False,False,33.3385,33.3385
P-W26-0651:WC-2026,P-W26-0651,Grimaldo,WC-2026,DF,minted,30,12,0,72,71,-1,71,measured_performance,measured_performance,1.0,0.225653,0.199005,0.295724,0.196517,0.620948,0.573328,0.0,0.0,,0.17723,,,0.0,0.0,False,False,35.2941,35.2941
P-W26-0652:WC-2026,P-W26-0652,Ruiz,WC-2026,MF,minted,30,41,6,87,81,-6,81,measured_performance,measured_performance,1.0,0.777778,0.721393,0.653117,0.522388,0.843431,0.794955,0.0,0.0,,,,,0.0,0.0,False,False,53.8028,53.8028
P-W26-0653:WC-2026,P-W26-0653,Merino,WC-2026,MF,minted,29,41,10,88,88,0,88,measured_performance,measured_performance,1.0,0.882114,0.860697,0.653117,0.572139,0.897464,0.87003,0.0,0.0,,,,,0.0,0.0,False,False,61.4604,61.4604
P-W26-0654:WC-2026,P-W26-0654,Oyarzabal,WC-2026,FW,minted,29,52,24,88,88,0,88,measured_performance,measured_performance,1.0,0.869775,0.865672,0.782958,0.761194,0.917074,0.912985,0.0,0.0,,,,,0.0,0.0,False,False,62.0,62.0
P-W26-0655:WC-2026,P-W26-0655,Cucurella,WC-2026,DF,minted,27,23,1,79,78,-1,78,measured_performance,measured_performance,1.0,0.570071,0.597015,0.494062,0.502488,0.74715,0.751194,0.0,0.0,,,,,0.0,0.0,False,False,49.6471,49.6471
P-W26-0656:WC-2026,P-W26-0656,Zubimendi,WC-2026,MF,minted,27,25,3,82,79,-3,79,measured_performance,measured_performance,1.0,0.605691,0.621891,0.421409,0.39801,0.777658,0.77403,0.0,0.0,,,,,0.0,0.0,False,False,50.9242,50.9242
P-W26-0657:WC-2026,P-W26-0657,Porro,WC-2026,DF,minted,26,16,0,74,74,0,74,measured_performance,measured_performance,1.0,0.225653,0.248756,0.361045,0.385572,0.683302,0.695075,0.0,0.0,,,,,0.0,0.0,False,False,44.3064,44.3064
P-W26-0658:WC-2026,P-W26-0658,Garcia,WC-2026,GK,minted,25,1,0,71,71,0,71,measured_performance,measured_performance,1.0,0.5,0.5,0.106897,0.161692,0.531311,0.557612,0.0,0.0,,,,,0.0,0.0,False,False,34.75,34.75
P-W26-0659:WC-2026,P-W26-0659,Baena,WC-2026,MF,minted,24,15,2,77,78,1,78,measured_performance,measured_performance,1.0,0.506775,0.60199,0.277778,0.358209,0.717301,0.758746,0.0,0.0,,,,,0.0,0.0,False,False,49.9098,49.9098
P-W26-0660:WC-2026,P-W26-0660,Pubill,WC-2026,DF,minted,22,0,0,71,71,0,71,measured_performance,measured_performance,0.942857,0.225653,0.293532,0.008314,0.0199,0.513763,0.519552,0.0,0.0,,,,,0.0,0.0,False,False,33.3333,33.3333
P-W26-0661:WC-2026,P-W26-0661,Munoz,WC-2026,FW,minted,22,2,1,72,72,0,72,measured_performance,measured_performance,0.942857,0.194534,0.29602,0.057878,0.10199,0.582579,0.628806,0.0,0.0,,,,,0.0,0.0,False,False,38.9913,38.9913
P-W26-0662:WC-2026,P-W26-0662,Cubarsi,WC-2026,DF,minted,19,11,0,72,82,10,82,measured_performance,measured_performance,0.857143,0.225653,0.328358,0.269596,0.604478,0.62092,0.800149,0.0,0.0,,,,,0.0,0.0,False,False,54.6506,54.6506
P-W26-0663:WC-2026,P-W26-0663,Yamal,WC-2026,FW,minted,18,25,6,79,92,13,88,measured_performance,career_stature_estimate,0.828571,0.594855,0.890547,0.501608,0.81592,0.737311,0.928507,0.0,0.08,,0.641,,0.760667,0.0,1.0,False,True,84.066667,62.0
P-W26-0664:WC-2026,P-W26-0664,Sema,WC-2026,MF,minted,32,33,5,72,71,-1,71,measured_performance,measured_performance,0.95,0.738482,0.599502,0.544715,0.308458,0.626533,0.54674,0.0,0.0,,,,,0.0,0.0,False,False,34.2667,34.2667
P-W26-0665:WC-2026,P-W26-0665,Starfelt,WC-2026,DF,minted,31,17,0,75,72,-3,72,measured_performance,measured_performance,0.975,0.225653,0.18408,0.388361,0.261194,0.691753,0.635373,0.0,0.0,,,,,0.0,0.0,False,False,39.6709,39.6709
P-W26-0666:WC-2026,P-W26-0666,Karlstrom,WC-2026,MF,minted,30,24,0,73,72,-1,72,measured_performance,measured_performance,1.0,0.130081,0.109453,0.406504,0.261194,0.648049,0.602239,0.0,0.0,,,,,0.0,0.0,False,False,37.3,37.3
P-W26-0667:WC-2026,P-W26-0667,Smith,WC-2026,DF,minted,29,1,0,71,71,0,71,measured_performance,measured_performance,1.0,0.225653,0.208955,0.032067,0.0199,0.494392,0.488552,0.0,0.0,,,,,0.0,0.0,False,False,32.1739,32.1739
P-W26-0668:WC-2026,P-W26-0668,Nilsson,WC-2026,FW,minted,29,9,3,71,71,0,71,measured_performance,measured_performance,1.0,0.392283,0.310945,0.207395,0.139303,0.545909,0.508457,0.0,0.0,,,,,0.0,0.0,False,False,33.0286,33.0286
P-W26-0669:WC-2026,P-W26-0669,Johansson,WC-2026,DF,minted,28,3,0,68,68,0,68,measured_performance,measured_performance,1.0,0.225653,0.221393,0.08076,0.057214,0.418565,0.407263,0.0,0.0,,,,,0.0,0.0,False,False,24.0239,24.0239
P-W26-0670:WC-2026,P-W26-0670,Gyokeres,WC-2026,FW,minted,28,32,19,88,88,0,88,measured_performance,measured_performance,1.0,0.836013,0.850746,0.614148,0.574627,0.884662,0.885224,0.0,0.0,,,,,0.0,0.0,False,False,62.0,62.0
P-W26-0671:WC-2026,P-W26-0671,Ali,WC-2026,FW,minted,27,1,0,66,66,0,66,measured_performance,measured_performance,1.0,0.064309,0.054726,0.028939,0.027363,0.356824,0.353185,0.0,0.0,,,,,0.0,0.0,False,False,20.0,20.0
P-W26-0672:WC-2026,P-W26-0672,Widell Zetterstrom,WC-2026,GK,minted,27,3,0,72,72,0,72,measured_performance,measured_performance,1.0,0.5,0.5,0.234483,0.268657,0.592552,0.608955,0.0,0.0,,,,,0.0,0.0,False,False,37.7021,37.7021
P-W26-0673:WC-2026,P-W26-0673,Bernhardsson,WC-2026,DF,minted,27,10,0,72,72,0,72,measured_performance,measured_performance,1.0,0.225653,0.236318,0.248219,0.231343,0.598145,0.590045,0.0,0.0,,,,,0.0,0.0,False,False,36.5157,36.5157
P-W26-0674:WC-2026,P-W26-0674,Johansson,WC-2026,GK,minted,27,12,0,78,81,3,81,measured_performance,measured_performance,1.0,0.5,0.5,0.524138,0.644279,0.731586,0.789254,0.0,0.0,,,,,0.0,0.0,False,False,52.790323,52.790323
P-W26-0675:WC-2026,P-W26-0675,Ekdal,WC-2026,DF,minted,27,12,0,73,72,-1,72,measured_performance,measured_performance,1.0,0.225653,0.236318,0.295724,0.28607,0.651948,0.647314,0.0,0.0,,,,,0.0,0.0,False,False,40.6439,40.6439
P-W26-0676:WC-2026,P-W26-0676,Svanberg,WC-2026,MF,minted,27,40,2,83,81,-2,81,measured_performance,measured_performance,1.0,0.506775,0.514925,0.635501,0.651741,0.786325,0.792567,0.0,0.0,,,,,0.0,0.0,False,False,53.5414,53.5414
P-W26-0677:WC-2026,P-W26-0677,Hien,WC-2026,DF,minted,27,28,0,80,79,-1,79,measured_performance,measured_performance,1.0,0.225653,0.236318,0.581948,0.604478,0.758335,0.769149,0.0,0.0,,,,,0.0,0.0,False,False,50.821392,50.821392
P-W26-0678:WC-2026,P-W26-0678,Gudmundsson,WC-2026,DF,minted,27,23,0,79,78,-1,78,measured_performance,measured_performance,1.0,0.225653,0.236318,0.494062,0.502488,0.74715,0.751194,0.0,0.0,,,,,0.0,0.0,False,False,49.6471,49.6471
P-W26-0679:WC-2026,P-W26-0679,Isak,WC-2026,FW,minted,26,57,17,88,88,0,88,measured_performance,measured_performance,1.0,0.819936,0.880597,0.808682,0.880597,0.902219,0.932687,0.0,0.0,,,,,0.0,0.0,False,False,62.0,62.0
P-W26-0680:WC-2026,P-W26-0680,Lagerbielke,WC-2026,DF,minted,26,10,2,71,71,0,71,measured_performance,measured_performance,1.0,0.745843,0.79602,0.248219,0.261194,0.548545,0.554773,0.0,0.0,,,,,0.0,0.0,False,False,34.5745,34.5745
P-W26-0681:WC-2026,P-W26-0681,Nygren,WC-2026,MF,minted,24,10,3,71,72,1,72,measured_performance,measured_performance,1.0,0.605691,0.71393,0.192412,0.246269,0.568907,0.6052,0.0,0.0,,,,,0.0,0.0,False,False,37.3878,37.3878
P-W26-0682:WC-2026,P-W26-0682,Svensson,WC-2026,DF,minted,24,12,0,72,73,1,73,measured_performance,measured_performance,1.0,0.225653,0.271144,0.295724,0.390547,0.620948,0.666463,0.0,0.0,,,,,0.0,0.0,False,False,41.6986,41.6986
P-W26-0683:WC-2026,P-W26-0683,Elanga,WC-2026,FW,minted,24,29,6,84,86,2,86,measured_performance,measured_performance,1.0,0.594855,0.69403,0.569132,0.681592,0.792444,0.841642,0.0,0.0,,,,,0.0,0.0,False,False,59.449056,59.449056
P-W26-0684:WC-2026,P-W26-0684,Stroud,WC-2026,DF,minted,23,0,0,66,66,0,66,measured_performance,measured_performance,0.971429,0.225653,0.283582,0.008314,0.017413,0.334077,0.338558,0.0,0.0,,,,,0.0,0.0,False,False,20.0,20.0
P-W26-0685:WC-2026,P-W26-0685,Zeneli,WC-2026,MF,minted,23,7,0,70,71,1,71,measured_performance,measured_performance,0.971429,0.130081,0.151741,0.138211,0.199005,0.460129,0.483648,0.0,0.0,,,,,0.0,0.0,False,False,32.1604,32.1604
P-W26-0686:WC-2026,P-W26-0686,Ayari,WC-2026,MF,minted,22,20,3,79,86,7,86,measured_performance,measured_performance,0.942857,0.605691,0.753731,0.365854,0.564677,0.748992,0.847343,0.0,0.0,,,,,0.0,0.0,False,False,59.834,59.834
P-W26-0687:WC-2026,P-W26-0687,Bergvall,WC-2026,MF,minted,20,9,0,72,73,1,73,measured_performance,measured_performance,0.885714,0.130081,0.18408,0.174797,0.358209,0.606709,0.678508,0.0,0.0,,,,,0.0,0.0,False,False,43.1314,43.1314
P-W26-0688:WC-2026,P-W26-0688,Itten,WC-2026,FW,minted,29,14,5,76,73,-3,73,measured_performance,measured_performance,1.0,0.527331,0.457711,0.323151,0.241294,0.707617,0.672731,0.0,0.0,,,,,0.0,0.0,False,False,42.3291,42.3291
P-W26-0689:WC-2026,P-W26-0689,Muheim,WC-2026,DF,minted,28,9,0,72,71,-1,71,measured_performance,measured_performance,1.0,0.225653,0.221393,0.232779,0.19403,0.590734,0.572134,0.0,0.0,,,,,0.0,0.0,False,False,35.1795,35.1795
P-W26-0690:WC-2026,P-W26-0690,Ndoye,WC-2026,FW,minted,25,30,7,85,86,1,86,measured_performance,measured_performance,1.0,0.644695,0.711443,0.585209,0.661692,0.812315,0.845523,0.0,0.0,,,,,0.0,0.0,False,False,59.5294,59.5294
P-W26-0691:WC-2026,P-W26-0691,Amdouni,WC-2026,FW,minted,25,28,11,87,88,1,88,measured_performance,measured_performance,1.0,0.742765,0.823383,0.546624,0.614428,0.84299,0.880149,0.0,0.0,,,,,0.0,0.0,False,False,62.0,62.0
P-W26-0692:WC-2026,P-W26-0692,Keller,WC-2026,GK,minted,23,1,0,68,71,3,71,measured_performance,measured_performance,0.971429,0.5,0.5,0.106897,0.243781,0.412245,0.479415,0.0,0.0,,,,,0.0,0.0,False,False,32.1044,32.1044
P-W26-0693:WC-2026,P-W26-0693,Jaquez,WC-2026,DF,minted,23,3,0,71,71,0,71,measured_performance,measured_performance,0.971429,0.225653,0.283582,0.08076,0.126866,0.516657,0.539896,0.0,0.0,,,,,0.0,0.0,False,False,34.0,34.0
P-W26-0694:WC-2026,P-W26-0694,Amenda,WC-2026,DF,minted,22,6,0,71,72,1,72,measured_performance,measured_performance,0.942857,0.225653,0.293532,0.173397,0.300995,0.557475,0.623478,0.0,0.0,,,,,0.0,0.0,False,False,38.73055,38.73055
P-W26-0695:WC-2026,P-W26-0695,Manzambi,WC-2026,MF,minted,20,11,3,73,80,7,80,measured_performance,measured_performance,0.885714,0.605691,0.800995,0.212737,0.41791,0.663268,0.780149,0.0,0.0,,,,,0.0,0.0,False,False,51.8,51.8
P-W26-0696:WC-2026,P-W26-0696,Khedira,WC-2026,MF,minted,32,3,0,71,71,0,71,measured_performance,measured_performance,0.95,0.130081,0.094527,0.059621,0.0199,0.546039,0.52988,0.0,0.0,,,,,0.0,0.0,False,False,33.75,33.75
P-W26-0697:WC-2026,P-W26-0697,Ben Ouanes,WC-2026,DF,minted,31,17,0,71,71,0,71,measured_performance,measured_performance,0.975,0.225653,0.18408,0.388361,0.261194,0.561553,0.505173,0.0,0.0,,,,,0.0,0.0,False,False,32.9461,32.9461
P-W26-0698:WC-2026,P-W26-0698,Ben Hamida,WC-2026,DF,minted,30,12,0,71,68,-3,68,measured_performance,measured_performance,1.0,0.225653,0.199005,0.295724,0.196517,0.472148,0.424528,0.0,0.0,,,,,0.0,0.0,False,False,24.4813,24.4813
P-W26-0699:WC-2026,P-W26-0699,Chaouat,WC-2026,FW,minted,30,29,6,72,71,-1,71,measured_performance,measured_performance,1.0,0.594855,0.49005,0.569132,0.452736,0.612644,0.560946,0.0,0.0,,,,,0.0,0.0,False,False,34.75,34.75
P-W26-0700:WC-2026,P-W26-0700,Ben Hessen,WC-2026,GK,minted,29,2,0,68,66,-2,66,measured_performance,measured_performance,1.0,0.5,0.5,0.175862,0.116915,0.402014,0.373719,0.0,0.0,,,,,0.0,0.0,False,False,20.0,20.0
P-W26-0701:WC-2026,P-W26-0701,Mastouri,WC-2026,FW,minted,28,18,4,72,71,-1,71,measured_performance,measured_performance,1.0,0.463023,0.420398,0.38746,0.333333,0.592983,0.571143,0.0,0.0,,,,,0.0,0.0,False,False,35.155474,35.155474
P-W26-0702:WC-2026,P-W26-0702,Achouri,WC-2026,FW,minted,27,29,4,72,72,0,72,measured_performance,measured_performance,1.0,0.463023,0.452736,0.569132,0.564677,0.614784,0.610546,0.0,0.0,,,,,0.0,0.0,False,False,37.8286,37.8286
P-W26-0703:WC-2026,P-W26-0703,Valery,WC-2026,DF,minted,27,22,0,72,72,0,72,measured_performance,measured_performance,1.0,0.225653,0.236318,0.482185,0.487562,0.611249,0.61383,0.0,0.0,,,,,0.0,0.0,False,False,38.0,38.0
P-W26-0704:WC-2026,P-W26-0704,Saad,WC-2026,FW,minted,26,15,4,75,74,-1,74,measured_performance,measured_performance,1.0,0.463023,0.485075,0.350482,0.343284,0.687746,0.694821,0.0,0.0,,,,,0.0,0.0,False,False,44.3064,44.3064
P-W26-0705:WC-2026,P-W26-0705,Mahmoud,WC-2026,MF,minted,26,8,0,70,70,0,70,measured_performance,measured_performance,1.0,0.130081,0.131841,0.159892,0.151741,0.468224,0.466215,0.0,0.0,,,,,0.0,0.0,False,False,30.886066,30.886066
P-W26-0706:WC-2026,P-W26-0706,Chamakh,WC-2026,GK,minted,24,2,0,68,71,3,71,measured_performance,measured_performance,1.0,0.5,0.5,0.175862,0.330846,0.402014,0.476406,0.0,0.0,,,,,0.0,0.0,False,False,32.0686,32.0686
P-W26-0707:WC-2026,P-W26-0707,Rekik,WC-2026,DF,minted,24,5,0,68,68,0,68,measured_performance,measured_performance,1.0,0.225653,0.271144,0.142518,0.196517,0.398609,0.424528,0.0,0.0,,,,,0.0,0.0,False,False,24.4813,24.4813
P-W26-0708:WC-2026,P-W26-0708,Tounekti,WC-2026,MF,minted,23,11,1,71,71,0,71,measured_performance,measured_performance,0.971429,0.359079,0.430348,0.212737,0.300995,0.523691,0.566513,0.0,0.0,,,,,0.0,0.0,False,False,34.8795,34.8795
P-W26-0709:WC-2026,P-W26-0709,Gharbi,WC-2026,MF,minted,22,16,2,74,79,5,79,measured_performance,measured_performance,0.942857,0.506775,0.639303,0.299458,0.465174,0.679056,0.762716,0.0,0.0,,,,,0.0,0.0,False,False,50.6667,50.6667
P-W26-0710:WC-2026,P-W26-0710,Chikhaoui,WC-2026,DF,minted,22,0,0,66,66,0,66,measured_performance,measured_performance,0.942857,0.225653,0.293532,0.008314,0.0199,0.333963,0.339752,0.0,0.0,,,,,0.0,0.0,False,False,20.0,20.0
P-W26-0711:WC-2026,P-W26-0711,Arous,WC-2026,DF,minted,21,1,0,68,68,0,68,measured_performance,measured_performance,0.914286,0.225653,0.308458,0.032067,0.072139,0.393873,0.414427,0.0,0.0,,,,,0.0,0.0,False,False,24.2753,24.2753
P-W26-0712:WC-2026,P-W26-0712,Neffati,WC-2026,DF,minted,21,5,0,68,70,2,70,measured_performance,measured_performance,0.914286,0.225653,0.308458,0.142518,0.266169,0.392745,0.457961,0.0,0.0,,,,,0.0,0.0,False,False,30.360452,30.360452
P-W26-0713:WC-2026,P-W26-0713,Ayari,WC-2026,MF,minted,21,3,0,71,71,0,71,measured_performance,measured_performance,0.914286,0.130081,0.171642,0.059621,0.116915,0.544534,0.572627,0.0,0.0,,,,,0.0,0.0,False,False,35.2085,35.2085
P-W26-0714:WC-2026,P-W26-0714,Elloumi,WC-2026,FW,minted,18,3,0,66,68,2,68,measured_performance,measured_performance,0.828571,0.064309,0.144279,0.085209,0.223881,0.357855,0.409006,0.0,0.0,,,,,0.0,0.0,False,False,24.1739,24.1739
P-W26-0715:WC-2026,P-W26-0715,Gunok,WC-2026,GK,minted,37,37,0,73,71,-2,71,measured_performance,measured_performance,0.825,0.5,0.5,0.744828,0.447761,0.657352,0.577325,0.0,0.0,,,,,0.0,0.0,False,False,35.5493,35.5493
P-W26-0716:WC-2026,P-W26-0716,Calhanoglu,WC-2026,MF,minted,32,104,22,88,88,0,88,measured_performance,measured_performance,0.95,0.985095,0.970149,0.963415,0.935323,0.949272,0.961642,0.0,0.0,,0.074906,,,0.0,0.0,False,False,62.0,62.0
P-W26-0717:WC-2026,P-W26-0717,Akaydin,WC-2026,DF,minted,32,19,1,72,71,-1,71,measured_performance,measured_performance,0.95,0.570071,0.457711,0.432304,0.281095,0.576931,0.514726,0.0,0.0,,,,,0.0,0.0,False,False,33.1846,33.1846
P-W26-0718:WC-2026,P-W26-0718,Bardakci,WC-2026,DF,minted,31,26,2,72,71,-1,71,measured_performance,measured_performance,0.975,0.745843,0.671642,0.541568,0.410448,0.633254,0.576815,0.0,0.0,,,,,0.0,0.0,False,False,35.5493,35.5493
P-W26-0719:WC-2026,P-W26-0719,Ayhan,WC-2026,MF,minted,31,73,5,82,78,-4,78,measured_performance,measured_performance,0.975,0.738482,0.634328,0.876694,0.79602,0.78162,0.748245,0.0,0.0,,,,,0.0,0.0,False,False,49.486109,49.486109
P-W26-0720:WC-2026,P-W26-0720,Kahveci,WC-2026,FW,minted,30,46,6,74,72,-2,72,measured_performance,measured_performance,1.0,0.594855,0.49005,0.713826,0.624378,0.679607,0.631143,0.0,0.0,,,,,0.0,0.0,False,False,39.1163,39.1163
P-W26-0721:WC-2026,P-W26-0721,Cakir,WC-2026,GK,minted,30,38,0,78,78,0,78,measured_performance,measured_performance,1.0,0.5,0.5,0.758621,0.803483,0.726538,0.748072,0.0,0.0,,,,,0.0,0.0,False,False,49.4621,49.4621
P-W26-0722:WC-2026,P-W26-0722,Soyuncu,WC-2026,DF,minted,30,60,2,83,79,-4,79,measured_performance,measured_performance,1.0,0.745843,0.696517,0.85867,0.825871,0.791962,0.776218,0.0,0.0,,,,,0.0,0.0,False,False,51.284737,51.284737
P-W26-0723:WC-2026,P-W26-0723,Celik,WC-2026,DF,minted,29,60,3,88,88,0,88,measured_performance,measured_performance,1.0,0.84323,0.828358,0.85867,0.858209,0.891162,0.89094,0.0,0.0,,,,,0.0,0.0,False,False,62.0,62.0
P-W26-0724:WC-2026,P-W26-0724,Ozcan,WC-2026,MF,minted,28,29,1,77,74,-3,74,measured_performance,measured_performance,1.0,0.359079,0.343284,0.48374,0.422886,0.71426,0.693702,0.0,0.0,,,,,0.0,0.0,False,False,44.3064,44.3064
P-W26-0725:WC-2026,P-W26-0725,Demiral,WC-2026,DF,minted,28,61,6,84,83,-1,83,measured_performance,measured_performance,1.0,0.940618,0.950249,0.865796,0.893035,0.795382,0.808457,0.0,0.0,,,,,0.0,0.0,False,False,55.2368,55.2368
P-W26-0726:WC-2026,P-W26-0726,Bayindir,WC-2026,GK,minted,28,12,0,78,79,1,79,measured_performance,measured_performance,1.0,0.5,0.5,0.524138,0.599502,0.731586,0.767761,0.0,0.0,,,,,0.0,0.0,False,False,50.7718,50.7718
P-W26-0727:WC-2026,P-W26-0727,Akturkoglu,WC-2026,FW,minted,27,51,15,80,80,0,80,measured_performance,measured_performance,1.0,0.805466,0.838308,0.768489,0.808458,0.761986,0.778606,0.0,0.0,,,,,0.0,0.0,False,False,51.780658,51.780658
P-W26-0728:WC-2026,P-W26-0728,Yuksek,WC-2026,MF,minted,27,31,1,72,72,0,72,measured_performance,measured_performance,1.0,0.359079,0.360697,0.512195,0.50995,0.613655,0.613319,0.0,0.0,,,,,0.0,0.0,False,False,37.8849,37.8849
P-W26-0729:WC-2026,P-W26-0729,Muldur,WC-2026,DF,minted,27,44,3,78,79,1,79,measured_performance,measured_performance,1.0,0.84323,0.865672,0.73753,0.79602,0.733814,0.76189,0.0,0.0,,,,,0.0,0.0,False,False,50.6667,50.6667
P-W26-0730:WC-2026,P-W26-0730,Kadioglu,WC-2026,DF,minted,26,30,2,84,85,1,85,measured_performance,measured_performance,1.0,0.745843,0.79602,0.606888,0.671642,0.801306,0.832388,0.0,0.0,,,,,0.0,0.0,False,False,58.095998,58.095998
P-W26-0731:WC-2026,P-W26-0731,Kabak,WC-2026,DF,minted,26,29,2,80,81,1,81,measured_performance,measured_performance,1.0,0.745843,0.79602,0.593824,0.656716,0.764036,0.794224,0.0,0.0,,,,,0.0,0.0,False,False,53.7648,53.7648
P-W26-0732:WC-2026,P-W26-0732,Yilmaz,WC-2026,FW,minted,26,34,3,72,72,0,72,measured_performance,measured_performance,1.0,0.392283,0.402985,0.630225,0.674129,0.596649,0.60577,0.0,0.0,,,,,0.0,0.0,False,False,37.431623,37.431623
P-W26-0733:WC-2026,P-W26-0733,Elmali,WC-2026,DF,minted,25,22,0,72,72,0,72,measured_performance,measured_performance,1.0,0.225653,0.261194,0.482185,0.557214,0.611249,0.647263,0.0,0.0,,,,,0.0,0.0,False,False,40.6141,40.6141
P-W26-0734:WC-2026,P-W26-0734,Akgun,WC-2026,FW,minted,25,18,3,71,72,1,72,measured_performance,measured_performance,1.0,0.392283,0.437811,0.38746,0.420398,0.567517,0.58786,0.0,0.0,,,,,0.0,0.0,False,False,36.3983,36.3983
P-W26-0735:WC-2026,P-W26-0735,Aydin,WC-2026,FW,minted,25,10,0,70,69,-1,69,measured_performance,measured_performance,1.0,0.064309,0.069652,0.241158,0.256219,0.43189,0.435621,0.0,0.0,,,,,0.0,0.0,False,False,27.3044,27.3044
P-W26-0736:WC-2026,P-W26-0736,Kokcu,WC-2026,MF,minted,25,49,4,79,80,1,80,measured_performance,measured_performance,1.0,0.686992,0.768657,0.718157,0.835821,0.735932,0.785499,0.0,0.0,,,,,0.0,0.0,False,False,52.1778,52.1778
P-W26-0737:WC-2026,P-W26-0737,Gul,WC-2026,FW,minted,21,7,2,71,72,1,72,measured_performance,measured_performance,0.914286,0.307074,0.477612,0.157556,0.271144,0.547757,0.633878,0.0,0.0,,,,,0.0,0.0,False,False,39.45,39.45
P-W26-0738:WC-2026,P-W26-0738,Guler,WC-2026,FW,minted,21,28,6,81,88,7,88,measured_performance,measured_performance,0.914286,0.594855,0.791045,0.546624,0.758706,0.765765,0.885821,0.0,0.0,,,,,0.0,0.0,False,False,62.0,62.0
P-W26-0739:WC-2026,P-W26-0739,Yildiz,WC-2026,FW,minted,21,28,5,77,85,8,85,measured_performance,measured_performance,0.914286,0.527331,0.726368,0.546624,0.758706,0.71254,0.831537,0.0,0.0,,,,,0.0,0.0,False,False,57.8893,57.8893
P-W26-0740:WC-2026,P-W26-0740,Uzun,WC-2026,FW,minted,20,5,1,71,72,1,72,measured_performance,measured_performance,0.885714,0.194534,0.348259,0.118971,0.236318,0.553673,0.632731,0.0,0.0,,,,,0.0,0.0,False,False,39.3349,39.3349
P-W26-0741:WC-2026,P-W26-0741,Robinson,WC-2026,DF,minted,29,39,3,77,74,-3,74,measured_performance,measured_performance,1.0,0.84323,0.828358,0.695962,0.659204,0.713862,0.696218,0.0,0.0,,,,,0.0,0.0,False,False,44.6121,44.6121
P-W26-0742:WC-2026,P-W26-0742,Zendejas,WC-2026,FW,minted,28,14,2,71,71,0,71,measured_performance,measured_performance,1.0,0.307074,0.256219,0.323151,0.263682,0.529125,0.503681,0.0,0.0,,,,,0.0,0.0,False,False,32.92,32.92
P-W26-0743:WC-2026,P-W26-0743,Trusty,WC-2026,DF,minted,27,7,0,71,70,-1,70,measured_performance,measured_performance,1.0,0.225653,0.236318,0.19715,0.181592,0.474432,0.466964,0.0,0.0,,,,,0.0,0.0,False,False,31.1915,31.1915
P-W26-0744:WC-2026,P-W26-0744,Freese,WC-2026,GK,minted,27,14,0,72,74,2,74,measured_performance,measured_performance,1.0,0.5,0.5,0.568966,0.701493,0.635504,0.699117,0.0,0.0,,,,,0.0,0.0,False,False,44.6761,44.6761
P-W26-0745:WC-2026,P-W26-0745,Mckenzie,WC-2026,DF,minted,27,28,0,80,79,-1,79,measured_performance,measured_performance,1.0,0.225653,0.236318,0.581948,0.604478,0.758335,0.769149,0.0,0.0,,,,,0.0,0.0,False,False,50.821392,50.821392
P-W26-0746:WC-2026,P-W26-0746,Richards,WC-2026,DF,minted,26,36,3,86,88,2,88,measured_performance,measured_performance,1.0,0.84323,0.878109,0.668646,0.753731,0.83095,0.871791,0.0,0.0,,,,,0.0,0.0,False,False,61.8286,61.8286
P-W26-0747:WC-2026,P-W26-0747,Arfsten,WC-2026,DF,minted,25,19,1,72,72,0,72,measured_performance,measured_performance,1.0,0.570071,0.644279,0.432304,0.5,0.587306,0.6198,0.0,0.0,,,,,0.0,0.0,False,False,38.4314,38.4314
P-W26-0748:WC-2026,P-W26-0748,Berhalter,WC-2026,MF,minted,25,12,1,71,71,0,71,measured_performance,measured_performance,1.0,0.359079,0.39801,0.233062,0.266169,0.478865,0.495875,0.0,0.0,,,,,0.0,0.0,False,False,32.6081,32.6081
P-W26-0749:WC-2026,P-W26-0749,Balogun,WC-2026,FW,minted,24,26,9,83,86,3,86,measured_performance,measured_performance,1.0,0.694534,0.803483,0.517685,0.614428,0.791154,0.841985,0.0,0.0,,,,,0.0,0.0,False,False,59.5294,59.5294
P-W26-0750:WC-2026,P-W26-0750,Tillman,WC-2026,MF,minted,24,29,3,80,84,4,84,measured_performance,measured_performance,1.0,0.605691,0.71393,0.48374,0.626866,0.76161,0.823612,0.0,0.0,,,,,0.0,0.0,False,False,56.8372,56.8372
P-W26-0751:WC-2026,P-W26-0751,Pepi,WC-2026,FW,minted,23,36,13,82,86,4,86,measured_performance,measured_performance,0.971429,0.78135,0.902985,0.641479,0.79602,0.777428,0.849997,0.0,0.0,,,,,0.0,0.0,False,False,59.918823,59.918823
P-W26-0752:WC-2026,P-W26-0752,Brady,WC-2026,GK,minted,22,1,0,68,71,3,71,measured_performance,measured_performance,0.942857,0.5,0.5,0.106897,0.293532,0.410779,0.503295,0.0,0.0,,,,,0.0,0.0,False,False,32.92,32.92
P-W26-0753:WC-2026,P-W26-0753,Freeman,WC-2026,DF,minted,21,16,2,73,82,9,82,measured_performance,measured_performance,0.914286,0.745843,0.885572,0.361045,0.597015,0.668447,0.796567,0.0,0.0,,,,,0.0,0.0,False,False,54.0527,54.0527
P-W26-0754:WC-2026,P-W26-0754,Aguirre,WC-2026,FW,minted,31,10,3,71,71,0,71,measured_performance,measured_performance,0.975,0.392283,0.238806,0.241158,0.121891,0.545707,0.480397,0.0,0.0,,,,,0.0,0.0,False,False,32.1044,32.1044
P-W26-0755:WC-2026,P-W26-0755,Mele,WC-2026,GK,minted,28,8,0,72,72,0,72,measured_performance,measured_performance,1.0,0.5,0.5,0.444828,0.512438,0.575917,0.60837,0.0,0.0,,,,,0.0,0.0,False,False,37.6766,37.6766
P-W26-0756:WC-2026,P-W26-0756,Vinas,WC-2026,FW,minted,27,11,2,73,72,-1,72,measured_performance,measured_performance,1.0,0.307074,0.283582,0.266881,0.233831,0.652572,0.640149,0.0,0.0,,,,,0.0,0.0,False,False,39.911631,39.911631
P-W26-0757:WC-2026,P-W26-0757,Piquerez,WC-2026,MF,minted,27,19,0,72,71,-1,71,measured_performance,measured_performance,1.0,0.130081,0.126866,0.341463,0.308458,0.574917,0.564794,0.0,0.0,,,,,0.0,0.0,False,False,34.8085,34.8085
P-W26-0758:WC-2026,P-W26-0758,Bueno,WC-2026,DF,minted,27,8,0,72,72,0,72,measured_performance,measured_performance,1.0,0.225653,0.236318,0.218527,0.20398,0.614893,0.60791,0.0,0.0,,,,,0.0,0.0,False,False,37.5086,37.5086
P-W26-0759:WC-2026,P-W26-0759,Zalazar,WC-2026,MF,minted,26,8,2,72,72,0,72,measured_performance,measured_performance,1.0,0.506775,0.544776,0.159892,0.151741,0.59495,0.599898,0.0,0.0,,,,,0.0,0.0,False,False,36.8029,36.8029
P-W26-0760:WC-2026,P-W26-0760,Martinez,WC-2026,MF,minted,26,10,0,71,71,0,71,measured_performance,measured_performance,1.0,0.130081,0.131841,0.192412,0.189055,0.53199,0.531361,0.0,0.0,,,,,0.0,0.0,False,False,33.75,33.75
P-W26-0761:WC-2026,P-W26-0761,Caceres,WC-2026,DF,minted,26,24,0,72,72,0,72,measured_performance,measured_performance,1.0,0.225653,0.248756,0.508314,0.549751,0.623791,0.64368,0.0,0.0,,,,,0.0,0.0,False,False,40.1847,40.1847
P-W26-0762:WC-2026,P-W26-0762,Araujo,WC-2026,MF,minted,26,28,3,76,76,0,76,measured_performance,measured_performance,1.0,0.605691,0.651741,0.46748,0.502488,0.702527,0.721451,0.0,0.0,,,,,0.0,0.0,False,False,46.9673,46.9673
P-W26-0763:WC-2026,P-W26-0763,Sanabria,WC-2026,MF,minted,26,5,1,71,71,0,71,measured_performance,measured_performance,1.0,0.359079,0.378109,0.097561,0.08209,0.494241,0.493439,0.0,0.0,,,,,0.0,0.0,False,False,32.3555,32.3555
P-W26-0764:WC-2026,P-W26-0764,Rodriguez,WC-2026,FW,minted,26,32,4,72,72,0,72,measured_performance,measured_performance,1.0,0.463023,0.485075,0.614148,0.656716,0.620186,0.633233,0.0,0.0,,,,,0.0,0.0,False,False,39.374716,39.374716
P-W26-0765:WC-2026,P-W26-0765,Vozinha,WC-2026,GK,minted,40,86,0,81,78,-3,78,measured_performance,measured_performance,0.8,0.5,0.5,0.934483,0.701493,0.766041,0.743917,0.0,0.0,,,,,0.0,0.0,False,False,48.9044,48.9044
P-W26-0766:WC-2026,P-W26-0766,Stopira,WC-2026,DF,minted,38,61,4,80,73,-7,73,measured_performance,measured_performance,0.8,0.9038,0.716418,0.865796,0.517413,0.761866,0.677758,0.0,0.0,,,,,0.0,0.0,False,False,43.1111,43.1111
P-W26-0767:WC-2026,P-W26-0767,Mendes,WC-2026,FW,minted,36,97,22,78,73,-5,73,measured_performance,measured_performance,0.85,0.85209,0.529851,0.927653,0.656716,0.73516,0.649352,0.0,0.0,,,,,0.0,0.0,False,False,40.874,40.874
P-W26-0768:WC-2026,P-W26-0768,Rodrigues,WC-2026,MF,minted,35,59,9,74,72,-2,72,measured_performance,measured_performance,0.875,0.857724,0.674129,0.785908,0.452736,0.684946,0.602621,0.0,0.0,,,,,0.0,0.0,False,False,37.3,37.3
P-W26-0769:WC-2026,P-W26-0769,Da Costa,WC-2026,MF,minted,35,8,1,71,70,-1,70,measured_performance,measured_performance,0.875,0.359079,0.18408,0.159892,0.032338,0.497818,0.441857,0.0,0.0,,,,,0.0,0.0,False,False,29.5448,29.5448
P-W26-0770:WC-2026,P-W26-0770,Lopes,WC-2026,DF,minted,33,45,0,73,72,-1,72,measured_performance,measured_performance,0.925,0.225653,0.156716,0.751781,0.559701,0.663991,0.598856,0.0,0.0,,,,,0.0,0.0,False,False,36.707208,36.707208
P-W26-0771:WC-2026,P-W26-0771,Monteiro,WC-2026,MF,minted,32,54,5,83,76,-7,76,measured_performance,measured_performance,0.95,0.738482,0.599502,0.749322,0.537313,0.791314,0.721451,0.0,0.0,,,,,0.0,0.0,False,False,46.683737,46.683737
P-W26-0772:WC-2026,P-W26-0772,Semedo,WC-2026,MF,minted,32,37,2,72,71,-1,71,measured_performance,measured_performance,0.95,0.506775,0.355721,0.597561,0.365672,0.598728,0.516412,0.0,0.0,,,,,0.0,0.0,False,False,33.2,33.2
P-W26-0773:WC-2026,P-W26-0773,Moreira,WC-2026,DF,minted,31,19,0,72,71,-1,71,measured_performance,measured_performance,0.975,0.225653,0.18408,0.432304,0.308458,0.582118,0.52786,0.0,0.0,,,,,0.0,0.0,False,False,33.7143,33.7143
P-W26-0774:WC-2026,P-W26-0774,Diney,WC-2026,DF,minted,31,30,2,72,71,-1,71,measured_performance,measured_performance,0.975,0.745843,0.671642,0.606888,0.472637,0.614224,0.557066,0.0,0.0,,,,,0.0,0.0,False,False,34.7429,34.7429
P-W26-0775:WC-2026,P-W26-0775,Semedo,WC-2026,MF,minted,30,10,1,72,71,-1,71,measured_performance,measured_performance,1.0,0.359079,0.308458,0.192412,0.104478,0.575958,0.540914,0.0,0.0,,,,,0.0,0.0,False,False,34.0606,34.0606
P-W26-0776:WC-2026,P-W26-0776,Pina,WC-2026,MF,minted,29,31,3,73,72,-1,72,measured_performance,measured_performance,1.0,0.605691,0.557214,0.512195,0.40796,0.661005,0.621678,0.0,0.0,,,,,0.0,0.0,False,False,38.5143,38.5143
P-W26-0777:WC-2026,P-W26-0777,Rosa,WC-2026,GK,minted,29,10,0,71,71,0,71,measured_performance,measured_performance,1.0,0.5,0.5,0.468966,0.492537,0.542704,0.554018,0.0,0.0,,,,,0.0,0.0,False,False,34.5,34.5
P-W26-0778:WC-2026,P-W26-0778,Duarte,WC-2026,MF,minted,29,13,1,71,70,-1,70,measured_performance,measured_performance,1.0,0.359079,0.325871,0.252033,0.164179,0.484329,0.452651,0.0,0.0,,,,,0.0,0.0,False,False,29.74,29.74
P-W26-0779:WC-2026,P-W26-0779,João Paulo,WC-2026,MF,minted,28,41,1,72,72,0,72,measured_performance,measured_performance,1.0,0.359079,0.343284,0.653117,0.621891,0.599841,0.587815,0.0,0.0,,,,,0.0,0.0,False,False,36.3983,36.3983
P-W26-0780:WC-2026,P-W26-0780,Cabral,WC-2026,MF,minted,27,26,2,73,73,0,73,measured_performance,measured_performance,1.0,0.506775,0.514925,0.434959,0.410448,0.674169,0.668675,0.0,0.0,,,,,0.0,0.0,False,False,41.7,41.7
P-W26-0781:WC-2026,P-W26-0781,Duarte,WC-2026,MF,minted,26,30,0,71,71,0,71,measured_performance,measured_performance,1.0,0.130081,0.131841,0.49458,0.537313,0.510215,0.52286,0.0,0.0,,,,,0.0,0.0,False,False,33.3476,33.3476
P-W26-0782:WC-2026,P-W26-0782,Pires,WC-2026,DF,minted,26,5,1,68,68,0,68,measured_performance,measured_performance,1.0,0.570071,0.621891,0.142518,0.151741,0.398609,0.403036,0.0,0.0,,,,,0.0,0.0,False,False,24.0,24.0
P-W26-0783:WC-2026,P-W26-0783,Dos Santos,WC-2026,GK,minted,25,1,0,68,70,2,70,measured_performance,measured_performance,1.0,0.5,0.5,0.106897,0.161692,0.413711,0.440012,0.0,0.0,,,,,0.0,0.0,False,False,29.1056,29.1056
P-W26-0784:WC-2026,P-W26-0784,Costa,WC-2026,DF,minted,25,27,0,82,84,2,84,measured_performance,measured_performance,1.0,0.225653,0.261194,0.565321,0.659204,0.781354,0.826418,0.0,0.0,,,,,0.0,0.0,False,False,57.230281,57.230281
P-W26-0785:WC-2026,P-W26-0785,Livramento,WC-2026,FW,minted,25,21,7,77,77,0,77,measured_performance,measured_performance,1.0,0.644695,0.711443,0.42926,0.467662,0.713001,0.741639,0.0,0.0,,,,,0.0,0.0,False,False,48.844,48.844
P-W26-0786:WC-2026,P-W26-0786,Arcanjo,WC-2026,MF,minted,24,15,1,72,72,0,72,measured_performance,measured_performance,1.0,0.359079,0.415423,0.277778,0.358209,0.600543,0.634525,0.0,0.0,,,,,0.0,0.0,False,False,39.5405,39.5405
P-W26-0787:WC-2026,P-W26-0787,Benchimol,WC-2026,FW,minted,24,22,6,73,74,1,74,measured_performance,measured_performance,1.0,0.594855,0.69403,0.456592,0.532338,0.648739,0.693531,0.0,0.0,,,,,0.0,0.0,False,False,44.3064,44.3064
P-W26-0788:WC-2026,P-W26-0788,Varela,WC-2026,MF,minted,24,20,0,71,71,0,71,measured_performance,measured_performance,1.0,0.130081,0.144279,0.365854,0.482587,0.473142,0.509487,0.0,0.0,,,,,0.0,0.0,False,False,33.1174,33.1174
P-W26-0789:WC-2026,P-W26-0789,Lopes Cabral,WC-2026,DF,minted,23,9,3,71,72,1,72,measured_performance,measured_performance,0.971429,0.84323,0.920398,0.232779,0.358209,0.537942,0.60134,0.0,0.0,,,,,0.0,0.0,False,False,37.2,37.2
P-W26-0790:WC-2026,P-W26-0790,Pina,WC-2026,DF,minted,23,13,0,71,72,1,72,measured_performance,measured_performance,0.971429,0.225653,0.283582,0.317102,0.462687,0.52766,0.60189,0.0,0.0,,,,,0.0,0.0,False,False,37.2258,37.2258
P-W26-0791:WC-2026,P-W26-0791,Room,WC-2026,GK,minted,37,71,0,76,73,-3,73,measured_performance,measured_performance,0.825,0.5,0.5,0.872414,0.681592,0.707876,0.689564,0.0,0.0,,,,,0.0,0.0,False,False,43.8146,43.8146
P-W26-0792:WC-2026,P-W26-0792,Bacuna,WC-2026,MF,minted,34,71,16,83,78,-5,78,measured_performance,measured_performance,0.9,0.96477,0.900498,0.860434,0.646766,0.786937,0.756364,0.0,0.0,,,,,0.0,0.0,False,False,49.8488,49.8488
P-W26-0793:WC-2026,P-W26-0793,Kuwas,WC-2026,FW,minted,33,34,2,72,71,-1,71,measured_performance,measured_performance,0.925,0.307074,0.146766,0.630225,0.378109,0.601611,0.527609,0.0,0.0,,,,,0.0,0.0,False,False,33.6875,33.6875
P-W26-0794:WC-2026,P-W26-0794,Locadia,WC-2026,FW,minted,32,13,1,71,68,-3,68,measured_performance,measured_performance,0.95,0.194534,0.089552,0.299035,0.154229,0.480421,0.430546,0.0,0.0,,,,,0.0,0.0,False,False,24.5257,24.5257
P-W26-0795:WC-2026,P-W26-0795,Gaari,WC-2026,DF,minted,32,59,1,81,77,-4,77,measured_performance,measured_performance,0.95,0.570071,0.457711,0.851544,0.746269,0.768104,0.738009,0.0,0.0,,,,,0.0,0.0,False,False,48.155784,48.155784
P-W26-0796:WC-2026,P-W26-0796,Brenet,WC-2026,DF,minted,32,17,1,71,71,0,71,measured_performance,measured_performance,0.95,0.570071,0.457711,0.388361,0.238806,0.556893,0.494427,0.0,0.0,,,,,0.0,0.0,False,False,32.470872,32.470872
P-W26-0797:WC-2026,P-W26-0797,Gorre,WC-2026,FW,minted,31,37,6,72,71,-1,71,measured_performance,measured_performance,0.975,0.594855,0.457711,0.654341,0.504975,0.615552,0.555573,0.0,0.0,,,,,0.0,0.0,False,False,34.7429,34.7429
P-W26-0798:WC-2026,P-W26-0798,Kastaneer,WC-2026,FW,minted,30,28,9,73,72,-1,72,measured_performance,measured_performance,1.0,0.694534,0.606965,0.546624,0.432836,0.645827,0.600648,0.0,0.0,,,,,0.0,0.0,False,False,37.1429,37.1429
P-W26-0799:WC-2026,P-W26-0799,Bazoer,WC-2026,DF,minted,29,4,0,69,68,-1,68,measured_performance,measured_performance,1.0,0.225653,0.208955,0.108076,0.084577,0.431676,0.420397,0.0,0.0,,,,,0.0,0.0,False,False,24.4,24.4
P-W26-0800:WC-2026,P-W26-0800,Bacuna,WC-2026,MF,minted,28,48,14,86,84,-2,84,measured_performance,measured_performance,1.0,0.941734,0.942786,0.708672,0.689055,0.83651,0.831063,0.0,0.0,,,,,0.0,0.0,False,False,57.5757,57.5757
P-W26-0801:WC-2026,P-W26-0801,Eijma,WC-2026,DF,minted,28,27,1,76,73,-3,73,measured_performance,measured_performance,1.0,0.570071,0.569652,0.565321,0.542289,0.700754,0.689699,0.0,0.0,,,,,0.0,0.0,False,False,43.8146,43.8146
P-W26-0802:WC-2026,P-W26-0802,Floranus,WC-2026,DF,minted,27,27,0,76,75,-1,75,measured_performance,measured_performance,1.0,0.225653,0.236318,0.565321,0.579602,0.700754,0.707609,0.0,0.0,,,,,0.0,0.0,False,False,45.7829,45.7829
P-W26-0803:WC-2026,P-W26-0803,Obispo,WC-2026,DF,minted,27,5,0,71,71,0,71,measured_performance,measured_performance,1.0,0.225653,0.236318,0.142518,0.134328,0.497809,0.493877,0.0,0.0,,,,,0.0,0.0,False,False,32.3555,32.3555
P-W26-0804:WC-2026,P-W26-0804,Doornbusch,WC-2026,GK,minted,26,7,0,72,73,1,73,measured_performance,measured_performance,1.0,0.5,0.5,0.406897,0.534826,0.602511,0.663916,0.0,0.0,,,,,0.0,0.0,False,False,41.686684,41.686684
P-W26-0805:WC-2026,P-W26-0805,Roemeratoe,WC-2026,MF,minted,26,27,1,73,73,0,73,measured_performance,measured_performance,1.0,0.359079,0.378109,0.448509,0.477612,0.649714,0.661749,0.0,0.0,,,,,0.0,0.0,False,False,41.440497,41.440497
P-W26-0806:WC-2026,P-W26-0806,Felida,WC-2026,MF,minted,26,19,1,72,72,0,72,measured_performance,measured_performance,1.0,0.359079,0.378109,0.341463,0.353234,0.618885,0.625928,0.0,0.0,,,,,0.0,0.0,False,False,38.9241,38.9241
P-W26-0807:WC-2026,P-W26-0807,Chong,WC-2026,MF,minted,26,5,3,74,73,-1,73,measured_performance,measured_performance,1.0,0.605691,0.651741,0.097561,0.08209,0.68439,0.688776,0.0,0.0,,,,,0.0,0.0,False,False,43.8146,43.8146
P-W26-0808:WC-2026,P-W26-0808,Margaritha,WC-2026,FW,minted,26,21,5,72,72,0,72,measured_performance,measured_performance,1.0,0.527331,0.559701,0.42926,0.432836,0.62115,0.633233,0.0,0.0,,,,,0.0,0.0,False,False,39.3571,39.3571
P-W26-0809:WC-2026,P-W26-0809,Sambo,WC-2026,DF,minted,24,7,0,71,71,0,71,measured_performance,measured_performance,1.0,0.225653,0.271144,0.19715,0.268657,0.524032,0.558355,0.0,0.0,,,,,0.0,0.0,False,False,34.75,34.75
P-W26-0810:WC-2026,P-W26-0810,Antonisse,WC-2026,FW,minted,24,26,3,72,72,0,72,measured_performance,measured_performance,1.0,0.392283,0.470149,0.517685,0.614428,0.583144,0.622785,0.0,0.0,,,,,0.0,0.0,False,False,38.6667,38.6667
P-W26-0811:WC-2026,P-W26-0811,Bodak,WC-2026,GK,minted,24,4,0,71,72,1,72,measured_performance,measured_performance,1.0,0.5,0.5,0.306897,0.482587,0.554511,0.638842,0.0,0.0,,,,,0.0,0.0,False,False,39.8823,39.8823
P-W26-0812:WC-2026,P-W26-0812,Hansen,WC-2026,FW,minted,24,5,1,72,72,0,72,measured_performance,measured_performance,1.0,0.194534,0.238806,0.118971,0.149254,0.594309,0.613881,0.0,0.0,,,,,0.0,0.0,False,False,38.0,38.0
P-W26-0813:WC-2026,P-W26-0813,Noslin,WC-2026,FW,minted,23,6,1,71,71,0,71,measured_performance,measured_performance,0.971429,0.194534,0.266169,0.139871,0.196517,0.513736,0.548803,0.0,0.0,,,,,0.0,0.0,False,False,34.2877,34.2877
P-W26-0814:WC-2026,P-W26-0814,Fonville,WC-2026,DF,minted,23,1,0,70,70,0,70,measured_performance,measured_performance,0.971429,0.225653,0.283582,0.032067,0.057214,0.444352,0.456863,0.0,0.0,,,,,0.0,0.0,False,False,30.3156,30.3156
P-W26-0815:WC-2026,P-W26-0815,Martha,WC-2026,MF,minted,22,8,2,73,77,4,77,measured_performance,measured_performance,0.942857,0.506775,0.639303,0.159892,0.261194,0.675158,0.73797,0.0,0.0,,,,,0.0,0.0,False,False,48.1143,48.1143
P-W26-0816:WC-2026,P-W26-0816,Comenencia,WC-2026,MF,minted,22,19,1,71,72,1,72,measured_performance,measured_performance,0.942857,0.359079,0.442786,0.341463,0.527363,0.554925,0.634095,0.0,0.0,,,,,0.0,0.0,False,False,39.4846,39.4846
P-W26-0817:WC-2026,P-W26-0817,Bakambu,WC-2026,FW,minted,35,69,21,88,80,-8,80,measured_performance,measured_performance,0.875,0.845659,0.567164,0.848875,0.542289,0.865514,0.779254,0.0,0.0,,,,,0.0,0.0,False,False,51.8,51.8
P-W26-0818:WC-2026,P-W26-0818,Kakuta,WC-2026,FW,minted,34,30,5,72,71,-1,71,measured_performance,measured_performance,0.9,0.527331,0.266169,0.585209,0.303483,0.613858,0.512039,0.0,0.0,,,,,0.0,0.0,False,False,33.1174,33.1174
P-W26-0819:WC-2026,P-W26-0819,Masuaku,WC-2026,DF,minted,32,45,4,86,79,-7,79,measured_performance,measured_performance,0.95,0.9038,0.845771,0.751781,0.599502,0.821812,0.766761,0.0,0.0,,,,,0.0,0.0,False,False,50.7718,50.7718
P-W26-0820:WC-2026,P-W26-0820,Mayele,WC-2026,FW,minted,31,37,6,72,71,-1,71,measured_performance,measured_performance,0.975,0.594855,0.457711,0.654341,0.504975,0.615552,0.555573,0.0,0.0,,,,,0.0,0.0,False,False,34.7429,34.7429
P-W26-0821:WC-2026,P-W26-0821,Mpasi,WC-2026,GK,minted,31,28,0,81,80,-1,80,measured_performance,measured_performance,0.975,0.5,0.5,0.682759,0.676617,0.771531,0.776776,0.0,0.0,,,,,0.0,0.0,False,False,51.565906,51.565906
P-W26-0822:WC-2026,P-W26-0822,Mbemba,WC-2026,DF,minted,31,108,7,88,88,0,88,measured_performance,measured_performance,0.975,0.952494,0.932836,0.977435,0.970149,0.93644,0.944672,0.0,0.0,,0.053774,,,0.0,0.0,False,False,62.0,62.0
P-W26-0823:WC-2026,P-W26-0823,Kayembe,WC-2026,DF,minted,31,25,0,72,71,-1,71,measured_performance,measured_performance,0.975,0.225653,0.18408,0.522565,0.395522,0.62436,0.569651,0.0,0.0,,,,,0.0,0.0,False,False,35.0807,35.0807
P-W26-0824:WC-2026,P-W26-0824,Tshibola,WC-2026,MF,minted,31,16,1,71,71,0,71,measured_performance,measured_performance,0.975,0.359079,0.281095,0.299458,0.144279,0.548507,0.492723,0.0,0.0,,,,,0.0,0.0,False,False,32.3555,32.3555
P-W26-0825:WC-2026,P-W26-0825,Bongonda,WC-2026,MF,minted,30,37,7,78,73,-5,73,measured_performance,measured_performance,1.0,0.811653,0.761194,0.597561,0.465174,0.725135,0.677319,0.0,0.0,,,,,0.0,0.0,False,False,43.0174,43.0174
P-W26-0826:WC-2026,P-W26-0826,Batubinsika,WC-2026,DF,minted,30,14,1,71,71,0,71,measured_performance,measured_performance,1.0,0.570071,0.514925,0.331354,0.228856,0.53885,0.489651,0.0,0.0,,,,,0.0,0.0,False,False,32.2017,32.2017
P-W26-0827:WC-2026,P-W26-0827,Moutoussamy,WC-2026,MF,minted,29,57,0,73,72,-1,72,measured_performance,measured_performance,1.0,0.130081,0.114428,0.771003,0.723881,0.644224,0.627648,0.0,0.0,,,,,0.0,0.0,False,False,38.9474,38.9474
P-W26-0828:WC-2026,P-W26-0828,Banza,WC-2026,FW,minted,29,15,2,71,70,-1,70,measured_performance,measured_performance,1.0,0.307074,0.228856,0.350482,0.271144,0.482804,0.445125,0.0,0.0,,,,,0.0,0.0,False,False,29.6,29.6
P-W26-0829:WC-2026,P-W26-0829,Wissa,WC-2026,FW,minted,29,37,9,86,83,-3,83,measured_performance,measured_performance,1.0,0.694534,0.644279,0.654341,0.584577,0.838553,0.81209,0.0,0.0,,,,,0.0,0.0,False,False,55.5385,55.5385
P-W26-0830:WC-2026,P-W26-0830,Pickel,WC-2026,MF,minted,29,34,1,81,77,-4,77,measured_performance,measured_performance,1.0,0.359079,0.325871,0.559621,0.465174,0.770114,0.736537,0.0,0.0,,,,,0.0,0.0,False,False,48.1143,48.1143
P-W26-0831:WC-2026,P-W26-0831,Elia,WC-2026,FW,minted,28,68,12,80,79,-1,79,measured_performance,measured_performance,1.0,0.765273,0.768657,0.844051,0.870647,0.756584,0.760994,0.0,0.0,,,,,0.0,0.0,False,False,50.525239,50.525239
P-W26-0832:WC-2026,P-W26-0832,Kalulu,WC-2026,DF,minted,28,28,0,72,72,0,72,measured_performance,measured_performance,1.0,0.225653,0.221393,0.581948,0.564677,0.609535,0.601245,0.0,0.0,,,,,0.0,0.0,False,False,37.1429,37.1429
P-W26-0833:WC-2026,P-W26-0833,Tuanzebe,WC-2026,DF,minted,28,13,1,73,72,-1,72,measured_performance,measured_performance,1.0,0.570071,0.569652,0.317102,0.278607,0.662209,0.643731,0.0,0.0,,,,,0.0,0.0,False,False,40.2569,40.2569
P-W26-0834:WC-2026,P-W26-0834,Wan-Bissaka,WC-2026,DF,minted,28,11,0,72,72,0,72,measured_performance,measured_performance,1.0,0.225653,0.221393,0.269596,0.228856,0.639406,0.619851,0.0,0.0,,,,,0.0,0.0,False,False,38.4314,38.4314
P-W26-0835:WC-2026,P-W26-0835,Cipenga,WC-2026,FW,minted,28,7,0,71,71,0,71,measured_performance,measured_performance,1.0,0.064309,0.047264,0.157556,0.116915,0.552058,0.541045,0.0,0.0,,,,,0.0,0.0,False,False,34.0606,34.0606
P-W26-0836:WC-2026,P-W26-0836,Kapuadi,WC-2026,DF,minted,28,4,0,69,68,-1,68,measured_performance,measured_performance,1.0,0.225653,0.221393,0.108076,0.09204,0.431676,0.423979,0.0,0.0,,,,,0.0,0.0,False,False,24.4651,24.4651
P-W26-0837:WC-2026,P-W26-0837,Kayembe,WC-2026,MF,minted,28,42,2,86,84,-2,84,measured_performance,measured_performance,1.0,0.506775,0.487562,0.666667,0.641791,0.829301,0.818448,0.0,0.0,,,,,0.0,0.0,False,False,56.6467,56.6467
P-W26-0838:WC-2026,P-W26-0838,Fayulu,WC-2026,GK,minted,26,3,0,69,70,1,70,measured_performance,measured_performance,1.0,0.5,0.5,0.234483,0.308458,0.430152,0.46566,0.0,0.0,,,,,0.0,0.0,False,False,30.7919,30.7919
P-W26-0839:WC-2026,P-W26-0839,Mbuku,WC-2026,MF,minted,24,18,2,75,78,3,78,measured_performance,measured_performance,1.0,0.506775,0.60199,0.318428,0.41791,0.695008,0.74194,0.0,0.0,,,,,0.0,0.0,False,False,48.9044,48.9044
P-W26-0840:WC-2026,P-W26-0840,Mukau,WC-2026,MF,minted,21,13,0,72,73,1,73,measured_performance,measured_performance,0.914286,0.130081,0.171642,0.252033,0.432836,0.595199,0.663612,0.0,0.0,,,,,0.0,0.0,False,False,41.548939,41.548939
P-W26-0841:WC-2026,P-W26-0841,Sadiki,WC-2026,MF,minted,21,19,0,73,77,4,77,measured_performance,measured_performance,0.914286,0.130081,0.171642,0.341463,0.577114,0.652747,0.739164,0.0,0.0,,,,,0.0,0.0,False,False,48.259609,48.259609
P-W26-0842:WC-2026,P-W26-0842,Epolo,WC-2026,GK,minted,21,1,0,68,71,3,71,measured_performance,measured_performance,0.914286,0.5,0.5,0.106897,0.345771,0.409313,0.52837,0.0,0.0,,,,,0.0,0.0,False,False,33.75,33.75
P-W26-0843:WC-2026,P-W26-0843,Obaid,WC-2026,DF,minted,34,10,0,70,66,-4,66,measured_performance,measured_performance,0.9,0.225653,0.141791,0.248219,0.087065,0.437431,0.371991,0.0,0.0,,,,,0.0,0.0,False,False,20.0,20.0
P-W26-0844:WC-2026,P-W26-0844,Dawoud,WC-2026,MF,minted,34,12,1,70,68,-2,68,measured_performance,measured_performance,0.9,0.359079,0.208955,0.233062,0.064677,0.465259,0.401546,0.0,0.0,,,,,0.0,0.0,False,False,23.9771,23.9771
P-W26-0845:WC-2026,P-W26-0845,Abulaila,WC-2026,GK,minted,33,75,0,77,76,-1,76,measured_performance,measured_performance,0.925,0.5,0.5,0.886207,0.855721,0.711076,0.728346,0.0,0.0,,,,,0.0,0.0,False,False,47.1617,47.1617
P-W26-0846:WC-2026,P-W26-0846,Bani Attiah,WC-2026,GK,minted,33,4,0,70,68,-2,68,measured_performance,measured_performance,0.925,0.5,0.5,0.306897,0.189055,0.453862,0.408346,0.0,0.0,,,,,0.0,0.0,False,False,24.1739,24.1739
P-W26-0847:WC-2026,P-W26-0847,Ayed,WC-2026,MF,minted,32,72,0,72,71,-1,71,measured_performance,measured_performance,0.95,0.130081,0.094527,0.865854,0.741294,0.603424,0.574442,0.0,0.0,,,,,0.0,0.0,False,False,35.4,35.4
P-W26-0848:WC-2026,P-W26-0848,Mardi,WC-2026,FW,minted,32,88,9,73,72,-1,72,measured_performance,measured_performance,0.95,0.694534,0.5199,0.901929,0.81592,0.670551,0.615274,0.0,0.0,,,,,0.0,0.0,False,False,38.0885,38.0885
P-W26-0849:WC-2026,P-W26-0849,Haddad,WC-2026,DF,minted,32,91,2,80,79,-1,79,measured_performance,measured_performance,0.95,0.745843,0.644279,0.950119,0.912935,0.763454,0.768409,0.0,0.0,,,,,0.0,0.0,False,False,50.7718,50.7718
P-W26-0850:WC-2026,P-W26-0850,Nasib,WC-2026,DF,minted,32,64,3,78,75,-3,75,measured_performance,measured_performance,0.95,0.84323,0.766169,0.881235,0.791045,0.732043,0.709902,0.0,0.0,,,,,0.0,0.0,False,False,45.7951,45.7951
P-W26-0851:WC-2026,P-W26-0851,Abu Hashish,WC-2026,DF,minted,31,55,1,77,73,-4,73,measured_performance,measured_performance,0.975,0.570071,0.487562,0.824228,0.748756,0.715939,0.689603,0.0,0.0,,,,,0.0,0.0,False,False,43.8146,43.8146
P-W26-0852:WC-2026,P-W26-0852,Arab,WC-2026,DF,minted,30,79,3,86,84,-2,84,measured_performance,measured_performance,1.0,0.84323,0.818408,0.927553,0.915423,0.825025,0.819203,0.0,0.0,,,,,0.0,0.0,False,False,56.6923,56.6923
P-W26-0853:WC-2026,P-W26-0853,Rosan,WC-2026,DF,minted,29,20,2,71,71,0,71,measured_performance,measured_performance,1.0,0.745843,0.721393,0.457245,0.395522,0.549678,0.520051,0.0,0.0,,,,,0.0,0.0,False,False,33.335188,33.335188
P-W26-0854:WC-2026,P-W26-0854,Rawabdeh,WC-2026,MF,minted,29,67,3,76,73,-3,73,measured_performance,measured_performance,1.0,0.605691,0.557214,0.841463,0.823383,0.701434,0.686919,0.0,0.0,,,,,0.0,0.0,False,False,43.5838,43.5838
P-W26-0855:WC-2026,P-W26-0855,Taamari,WC-2026,FW,minted,29,91,24,88,88,0,88,measured_performance,measured_performance,1.0,0.869775,0.865672,0.913183,0.927861,0.901701,0.901985,0.0,0.0,,,,,0.0,0.0,False,False,62.0,62.0
P-W26-0856:WC-2026,P-W26-0856,Badawi,WC-2026,DF,minted,28,1,0,66,66,0,66,measured_performance,measured_performance,1.0,0.225653,0.221393,0.032067,0.024876,0.345592,0.34214,0.0,0.0,,,,,0.0,0.0,False,False,20.0,20.0
P-W26-0857:WC-2026,P-W26-0857,Abu Zrayq,WC-2026,FW,minted,28,40,5,72,72,0,72,measured_performance,measured_performance,1.0,0.527331,0.492537,0.689711,0.671642,0.602804,0.58811,0.0,0.0,,,,,0.0,0.0,False,False,36.3983,36.3983
P-W26-0858:WC-2026,P-W26-0858,Rashdan,WC-2026,MF,minted,27,46,4,73,73,0,73,measured_performance,measured_performance,1.0,0.686992,0.708955,0.692412,0.721393,0.674117,0.686681,0.0,0.0,,,,,0.0,0.0,False,False,43.5838,43.5838
P-W26-0859:WC-2026,P-W26-0859,Fakhouri,WC-2026,GK,minted,26,11,0,71,72,1,72,measured_performance,measured_performance,1.0,0.5,0.5,0.493103,0.646766,0.554289,0.628048,0.0,0.0,,,,,0.0,0.0,False,False,38.966566,38.966566
P-W26-0860:WC-2026,P-W26-0860,Olwan,WC-2026,FW,minted,26,65,29,79,80,1,80,measured_performance,measured_performance,1.0,0.892283,0.945274,0.827974,0.905473,0.750779,0.779155,0.0,0.0,,,,,0.0,0.0,False,False,51.8,51.8
P-W26-0861:WC-2026,P-W26-0861,Sadeh,WC-2026,MF,minted,26,56,3,74,75,1,75,measured_performance,measured_performance,1.0,0.605691,0.651741,0.757453,0.835821,0.677239,0.708651,0.0,0.0,,,,,0.0,0.0,False,False,45.7951,45.7951
P-W26-0862:WC-2026,P-W26-0862,Abu Dahab,WC-2026,DF,minted,26,17,0,71,71,0,71,measured_performance,measured_performance,1.0,0.225653,0.248756,0.388361,0.415423,0.516613,0.529603,0.0,0.0,,,,,0.0,0.0,False,False,33.75,33.75
P-W26-0863:WC-2026,P-W26-0863,Abualnadi,WC-2026,DF,minted,25,17,0,71,71,0,71,measured_performance,measured_performance,1.0,0.225653,0.261194,0.388361,0.450249,0.516613,0.54632,0.0,0.0,,,,,0.0,0.0,False,False,34.236891,34.236891
P-W26-0864:WC-2026,P-W26-0864,Jamous,WC-2026,MF,minted,23,18,1,71,71,0,71,measured_performance,measured_performance,0.971429,0.359079,0.430348,0.318428,0.450249,0.49886,0.555099,0.0,0.0,,,,,0.0,0.0,False,False,34.5745,34.5745
P-W26-0865:WC-2026,P-W26-0865,Abu Taha,WC-2026,MF,minted,23,28,1,71,72,1,72,measured_performance,measured_performance,0.971429,0.359079,0.430348,0.46748,0.646766,0.540561,0.611695,0.0,0.0,,,,,0.0,0.0,False,False,37.8615,37.8615
P-W26-0866:WC-2026,P-W26-0866,Azaizeh,WC-2026,FW,minted,22,3,0,68,69,1,69,measured_performance,measured_performance,0.942857,0.064309,0.10199,0.085209,0.141791,0.411269,0.433531,0.0,0.0,,,,,0.0,0.0,False,False,25.8909,25.8909
P-W26-0867:WC-2026,P-W26-0867,Fakhouri,WC-2026,FW,minted,20,9,1,68,71,3,71,measured_performance,measured_performance,0.885714,0.194534,0.348259,0.207395,0.380597,0.414272,0.501245,0.0,0.0,,,,,0.0,0.0,False,False,32.8067,32.8067
P-W26-0868:WC-2026,P-W26-0868,Sabra,WC-2026,FW,minted,20,9,1,70,71,1,71,measured_performance,measured_performance,0.885714,0.194534,0.348259,0.207395,0.380597,0.463872,0.550845,0.0,0.0,,,,,0.0,0.0,False,False,34.350466,34.350466
P-W26-0869:WC-2026,P-W26-0869,Yusupov,WC-2026,GK,minted,35,39,0,73,72,-1,72,measured_performance,measured_performance,0.875,0.5,0.5,0.768966,0.567164,0.640566,0.589839,0.0,0.0,,,,,0.0,0.0,False,False,36.4594,36.4594
P-W26-0870:WC-2026,P-W26-0870,Sayfiev,WC-2026,DF,minted,35,45,1,73,71,-2,71,measured_performance,measured_performance,0.875,0.570071,0.363184,0.751781,0.452736,0.645948,0.547513,0.0,0.0,,,,,0.0,0.0,False,False,34.2785,34.2785
P-W26-0871:WC-2026,P-W26-0871,Eshmurodov,WC-2026,DF,minted,33,29,0,72,71,-1,71,measured_performance,measured_performance,0.925,0.225653,0.156716,0.593824,0.385572,0.593858,0.515275,0.0,0.0,,,,,0.0,0.0,False,False,33.18748,33.18748
P-W26-0872:WC-2026,P-W26-0872,Sergeev,WC-2026,FW,minted,33,82,24,77,73,-4,73,measured_performance,measured_performance,0.925,0.869775,0.716418,0.890675,0.741294,0.7187,0.677066,0.0,0.0,,,,,0.0,0.0,False,False,42.9254,42.9254
P-W26-0873:WC-2026,P-W26-0873,Masharipov,WC-2026,MF,minted,32,74,12,79,76,-3,76,measured_performance,measured_performance,0.95,0.917344,0.835821,0.888889,0.778607,0.753324,0.727516,0.0,0.0,,,,,0.0,0.0,False,False,47.1617,47.1617
P-W26-0874:WC-2026,P-W26-0874,Iskanderov,WC-2026,MF,minted,32,37,4,72,71,-1,71,measured_performance,measured_performance,0.95,0.686992,0.527363,0.597561,0.365672,0.6316,0.549367,0.0,0.0,,,,,0.0,0.0,False,False,34.3,34.3
P-W26-0875:WC-2026,P-W26-0875,Ergashev,WC-2026,GK,minted,30,2,0,68,66,-2,66,measured_performance,measured_performance,1.0,0.5,0.5,0.175862,0.09204,0.402014,0.361779,0.0,0.0,,,,,0.0,0.0,False,False,20.0,20.0
P-W26-0876:WC-2026,P-W26-0876,Shomurodov,WC-2026,FW,minted,30,91,44,86,84,-2,84,measured_performance,measured_performance,1.0,0.940514,0.940299,0.913183,0.905473,0.827967,0.826964,0.0,0.0,,0.0735,,,0.0,0.0,False,False,57.3091,57.3091
P-W26-0877:WC-2026,P-W26-0877,Hamrobekov,WC-2026,MF,minted,30,72,1,73,72,-1,72,measured_performance,measured_performance,1.0,0.359079,0.308458,0.865854,0.81592,0.661109,0.637009,0.0,0.0,,,,,0.0,0.0,False,False,39.6709,39.6709
P-W26-0878:WC-2026,P-W26-0878,Shukurov,WC-2026,MF,minted,29,83,9,81,79,-2,79,measured_performance,measured_performance,1.0,0.857724,0.835821,0.920054,0.925373,0.772459,0.769785,0.0,0.0,,,,,0.0,0.0,False,False,50.8988,50.8988
P-W26-0879:WC-2026,P-W26-0879,Ashurmatov,WC-2026,DF,minted,29,48,1,76,74,-2,74,measured_performance,measured_performance,1.0,0.570071,0.539801,0.773159,0.753731,0.701316,0.691991,0.0,0.0,,,,,0.0,0.0,False,False,44.3064,44.3064
P-W26-0880:WC-2026,P-W26-0880,Khamdamov,WC-2026,MF,minted,29,33,5,73,72,-1,72,measured_performance,measured_performance,1.0,0.738482,0.708955,0.544715,0.445274,0.641466,0.607158,0.0,0.0,,,,,0.0,0.0,False,False,37.5047,37.5047
P-W26-0881:WC-2026,P-W26-0881,Alijonov,WC-2026,DF,minted,29,40,2,73,73,0,73,measured_performance,measured_performance,1.0,0.745843,0.721393,0.703088,0.669154,0.667682,0.651394,0.0,0.0,,,,,0.0,0.0,False,False,40.9709,40.9709
P-W26-0882:WC-2026,P-W26-0882,Abdullaev,WC-2026,DF,minted,28,17,0,71,71,0,71,measured_performance,measured_performance,1.0,0.225653,0.221393,0.388361,0.353234,0.516613,0.499752,0.0,0.0,,,,,0.0,0.0,False,False,32.8,32.8
P-W26-0883:WC-2026,P-W26-0883,Amonov,WC-2026,FW,minted,28,12,2,71,70,-1,70,measured_performance,measured_performance,1.0,0.307074,0.256219,0.284566,0.226368,0.474895,0.449603,0.0,0.0,,,,,0.0,0.0,False,False,29.6976,29.6976
P-W26-0884:WC-2026,P-W26-0884,Ganiev,WC-2026,MF,minted,28,19,0,70,70,0,70,measured_performance,measured_performance,1.0,0.130081,0.121891,0.341463,0.268657,0.466117,0.443576,0.0,0.0,,,,,0.0,0.0,False,False,29.5448,29.5448
P-W26-0885:WC-2026,P-W26-0885,Nasrullaev,WC-2026,DF,minted,27,30,2,72,72,0,72,measured_performance,measured_performance,1.0,0.745843,0.773632,0.606888,0.631841,0.621506,0.633484,0.0,0.0,,,,,0.0,0.0,False,False,39.45,39.45
P-W26-0886:WC-2026,P-W26-0886,Mozgovoy,WC-2026,MF,minted,27,24,1,71,71,0,71,measured_performance,measured_performance,1.0,0.359079,0.360697,0.406504,0.383085,0.528816,0.522382,0.0,0.0,,,,,0.0,0.0,False,False,33.3379,33.3379
P-W26-0887:WC-2026,P-W26-0887,Ulmasaliev,WC-2026,DF,minted,26,0,0,66,66,0,66,measured_performance,measured_performance,1.0,0.225653,0.248756,0.008314,0.00995,0.334191,0.334976,0.0,0.0,,,,,0.0,0.0,False,False,20.0,20.0
P-W26-0888:WC-2026,P-W26-0888,Urunov,WC-2026,MF,minted,25,41,10,75,78,3,78,measured_performance,measured_performance,1.0,0.882114,0.932836,0.653117,0.763682,0.700264,0.741845,0.0,0.0,,,,,0.0,0.0,False,False,48.9044,48.9044
P-W26-0889:WC-2026,P-W26-0889,Nematov,WC-2026,GK,minted,25,8,0,71,72,1,72,measured_performance,measured_performance,1.0,0.5,0.5,0.444828,0.626866,0.531117,0.618496,0.0,0.0,,,,,0.0,0.0,False,False,38.1925,38.1925
P-W26-0890:WC-2026,P-W26-0890,Esanov,WC-2026,MF,minted,23,1,0,66,66,0,66,measured_performance,measured_performance,0.971429,0.130081,0.151741,0.01626,0.0199,0.371611,0.377665,0.0,0.0,,,,,0.0,0.0,False,False,20.0,20.0
P-W26-0891:WC-2026,P-W26-0891,Fayzullaev,WC-2026,MF,minted,22,31,8,75,81,6,81,measured_performance,measured_performance,0.942857,0.834688,0.930348,0.512195,0.741294,0.687385,0.789319,0.0,0.0,,,,,0.0,0.0,False,False,52.9143,52.9143
P-W26-0892:WC-2026,P-W26-0892,Urozov,WC-2026,DF,minted,22,3,0,66,68,2,68,measured_performance,measured_performance,0.942857,0.225653,0.293532,0.08076,0.139303,0.36675,0.397065,0.0,0.0,,,,,0.0,0.0,False,False,23.9328,23.9328
P-W26-0893:WC-2026,P-W26-0893,Khusanov,WC-2026,DF,minted,22,26,0,80,88,8,88,measured_performance,measured_performance,0.942857,0.225653,0.293532,0.541568,0.748756,0.755098,0.869403,0.0,0.0,,,,,0.0,0.0,False,False,61.4265,61.4265
P-W26-0894:WC-2026,P-W26-0894,Karimov,WC-2026,DF,minted,18,2,0,66,68,2,68,measured_performance,measured_performance,0.828571,0.225653,0.338308,0.057007,0.174129,0.352872,0.413782,0.0,0.0,,,,,0.0,0.0,False,False,24.1739,24.1739
