card_id,player_id,common_name,tournament_id,position,link_status,age,caps,intl_goals,old_overall,new_overall,display_delta,current_overall,old_current_overall,new_current_overall,current_delta,old_basis,new_basis,old_age_factor,new_age_factor,old_goals_percentile,new_goals_percentile,old_caps_percentile,new_caps_percentile,old_projected_raw_score,new_projected_raw_score,old_projected_modulation,new_projected_modulation,old_career_stature_index,new_career_stature_index,old_stature_target_score,new_stature_target_score,old_stature_model_weight,new_stature_model_weight,old_legend,new_legend,career_score_0_100,current_score_0_100
P-00232:WC-2026,P-00232,Rochet,WC-2026,GK,linked,33,35,0,76,76,0,76,76,76,0,measured_performance,measured_performance,,,0.5,0.5,0.626866,0.626866,0.708096,0.708096,0,0,,,,,0,0,false,false,45.7829,45.7829
P-00809:WC-2026,P-00809,Millar,WC-2026,MF,linked,26,40,1,83,83,0,83,83,83,0,measured_performance,measured_performance,,,0.378109,0.378109,0.699005,0.699005,0.81391,0.81391,0,0,,,,,0,0,false,false,56.097195,56.097195
P-01196:WC-2026,P-01196,Erlić,WC-2026,DF,linked,28,12,1,71,71,0,71,71,71,0,measured_performance,measured_performance,,,0.569652,0.569652,0.256219,0.256219,0.502785,0.502785,0,0,,,,,0,0,false,false,32.8893,32.8893
P-01505:WC-2026,P-01505,Arias,WC-2026,DF,linked,34,67,0,78,78,0,78,78,78,0,measured_performance,measured_performance,,,0.141791,0.141791,0.751244,0.751244,0.740397,0.740397,0,0,,,,,0,0,false,false,48.685496,48.685496
P-01729:WC-2026,P-01729,Mvogo,WC-2026,GK,linked,32,13,0,74,74,0,74,74,74,0,measured_performance,measured_performance,,,0.5,0.5,0.472637,0.472637,0.678866,0.678866,0,0,,,,,0,0,false,false,43.214,43.214
P-01925:WC-2026,P-01925,Larin,WC-2026,FW,linked,31,89,30,88,88,0,88,88,88,0,measured_performance,measured_performance,,,0.850746,0.850746,0.865672,0.865672,0.920149,0.920149,0,0,0.054,0.054,,,0,0,false,false,62,62
P-01930:WC-2026,P-01930,Ali,WC-2026,FW,linked,29,115,55,82,82,0,82,82,82,0,measured_performance,measured_performance,,,0.967662,0.967662,0.970149,0.970149,0.794976,0.794976,0,0,,,,,0,0,false,false,53.9978,53.9978
P-02305:WC-2026,P-02305,Casemiro,WC-2026,MF,linked,34,85,9,88,88,0,88,88,88,0,measured_performance,measured_performance,,,0.699005,0.699005,0.793532,0.793532,0.902746,0.902746,0,0,,,,,0,0,false,false,62,62
P-02839:WC-2026,P-02839,Rodríguez,WC-2026,FW,linked,26,31,2,71,71,0,71,71,71,0,measured_performance,measured_performance,,,0.308458,0.308458,0.636816,0.636816,0.567263,0.567263,0,0,,,,,0,0,false,false,34.975845,34.975845
P-03484:WC-2026,P-03484,Aaronson,WC-2026,FW,linked,25,57,9,88,88,0,88,88,88,0,measured_performance,measured_performance,,,0.773632,0.773632,0.902985,0.902985,0.896866,0.896866,0,0,,,,,0,0,false,false,62,62
P-03945:WC-2026,P-03945,Upamecano,WC-2026,DF,linked,27,36,2,84,84,0,84,84,84,0,measured_performance,measured_performance,,,0.773632,0.773632,0.71393,0.71393,0.821686,0.821686,0,0,0.144,0.144,,,0,0,false,false,56.8372,56.8372
P-04157:WC-2026,P-04157,Jo,WC-2026,GK,linked,34,48,0,73,73,0,73,73,73,0,measured_performance,measured_performance,,,0.5,0.5,0.651741,0.651741,0.675236,0.675236,0,0,,,,,0,0,false,false,42.9254,42.9254
P-04541:WC-2026,P-04541,Torabi,WC-2026,MF,linked,31,52,7,73,73,0,73,73,73,0,measured_performance,measured_performance,,,0.731343,0.731343,0.574627,0.574627,0.64871,0.64871,0,0,,,,,0,0,false,false,40.867678,40.867678
P-05164:WC-2026,P-05164,Paquetá,WC-2026,MF,linked,28,62,13,87,87,0,87,87,87,0,measured_performance,measured_performance,,,0.930348,0.930348,0.80597,0.80597,0.862346,0.862346,0,0,,,,,0,0,false,false,60.643056,60.643056
P-05174:WC-2026,P-05174,Valverde,WC-2026,MF,linked,27,73,9,88,88,0,88,88,88,0,career_stature_estimate,career_stature_estimate,,,0.878109,0.878109,0.91791,0.91791,0.972955,0.972955,0.08,0.08,0.4,0.4,0.6,0.6,0.5,0.5,false,false,65,62
P-06076:WC-2026,P-06076,Kobel,WC-2026,GK,linked,28,20,0,82,82,0,82,82,82,0,measured_performance,measured_performance,,,0.5,0.5,0.723881,0.723881,0.799463,0.799463,0,0,,,,,0,0,false,false,54.5615,54.5615
P-07089:WC-2026,P-07089,Saliba,WC-2026,DF,linked,25,31,0,87,87,0,87,87,87,0,measured_performance,measured_performance,,,0.261194,0.261194,0.723881,0.723881,0.857463,0.857463,0,0,,,,,0,0,false,false,60.1778,60.1778
P-07233:WC-2026,P-07233,Moon-hwan,WC-2026,DF,linked,30,35,0,73,73,0,73,73,73,0,measured_performance,measured_performance,,,0.199005,0.199005,0.564677,0.564677,0.650845,0.650845,0,0,,,,,0,0,false,false,40.91,40.91
P-07670:WC-2026,P-07670,Kovačić,WC-2026,MF,linked,32,112,5,88,88,0,88,88,88,0,measured_performance,measured_performance,,,0.599502,0.599502,0.955224,0.955224,0.930209,0.930209,0,0,0.056588,0.056588,,,0,0,false,false,62,62
P-07796:WC-2026,P-07796,Mojica,WC-2026,DF,linked,33,44,1,79,79,0,79,79,79,0,measured_performance,measured_performance,,,0.430348,0.430348,0.527363,0.527363,0.763134,0.763134,0,0,,,,,0,0,false,false,50.7368,50.7368
P-07875:WC-2026,P-07875,Partey,WC-2026,MF,linked,32,57,15,88,88,0,88,88,88,0,measured_performance,measured_performance,,,0.902985,0.902985,0.572139,0.572139,0.878149,0.878149,0,0,,,,,0,0,false,false,62,62
P-08125:WC-2026,P-08125,Abdulhamid,WC-2026,DF,linked,26,53,1,88,88,0,88,88,88,0,measured_performance,measured_performance,,,0.621891,0.621891,0.890547,0.890547,0.906463,0.906463,0,0,,,,,0,0,false,false,62,62
P-08169:WC-2026,P-08169,Henderson,WC-2026,MF,linked,35,89,3,85,85,0,85,85,85,0,measured_performance,measured_performance,,,0.325871,0.325871,0.791045,0.791045,0.830388,0.830388,0,0,0.144,0.144,,,0,0,false,false,57.5757,57.5757
P-08714:WC-2026,P-08714,Nordfeldt,WC-2026,GK,linked,36,20,0,71,71,0,71,71,71,0,measured_performance,measured_performance,,,0.5,0.5,0.353234,0.353234,0.487152,0.487152,0,0,,,,,0,0,false,false,32.1739,32.1739
P-09292:WC-2026,P-09292,Diatta,WC-2026,DF,linked,27,60,2,88,88,0,88,88,88,0,measured_performance,measured_performance,,,0.773632,0.773632,0.90796,0.90796,0.914821,0.914821,0,0,,,,,0,0,false,false,62,62
P-09614:WC-2026,P-09614,Mazraoui,WC-2026,DF,linked,28,44,2,88,88,0,88,88,88,0,measured_performance,measured_performance,,,0.748756,0.748756,0.751244,0.751244,0.870597,0.870597,0,0,,,,,0,0,false,false,61.4604,61.4604
P-09658:WC-2026,P-09658,Courtois,WC-2026,GK,linked,34,108,0,89,89,0,88,88,88,0,career_stature_estimate,career_stature_estimate,,,0.5,0.5,0.965174,0.965174,0.943284,0.943284,0.06,0.06,0.520428,0.520428,0.656271,0.656271,1,1,false,false,71.627107,62
P-09867:WC-2026,P-09867,Hernandez,WC-2026,DF,linked,28,42,2,77,77,0,77,77,77,0,measured_performance,measured_performance,,,0.748756,0.748756,0.731343,0.731343,0.730845,0.730845,0,0,0.144,0.144,,,0,0,false,false,47.7469,47.7469
P-09877:WC-2026,P-09877,Vásquez,WC-2026,DF,linked,27,45,2,87,87,0,87,87,87,0,measured_performance,measured_performance,,,0.773632,0.773632,0.80597,0.80597,0.865866,0.865866,0,0,,,,,0,0,false,false,60.9,60.9
P-09945:WC-2026,P-09945,Díaz,WC-2026,MF,linked,29,56,17,81,81,0,81,81,81,0,measured_performance,measured_performance,,,0.972637,0.972637,0.701493,0.701493,0.785976,0.785976,0,0,,,,,0,0,false,false,52.5241,52.5241
P-10014:WC-2026,P-10014,Muslera,WC-2026,GK,linked,39,134,0,83,83,0,83,83,83,0,measured_performance,measured_performance,,,0.5,0.5,0.940299,0.940299,0.813744,0.813744,0,0,,,,,0,0,false,false,55.878441,55.878441
P-10244:WC-2026,P-10244,Ryan,WC-2026,GK,linked,34,104,0,88,88,0,88,88,88,0,measured_performance,measured_performance,,,0.5,0.5,0.945274,0.945274,0.933732,0.933732,0,0,0.07435,0.07435,,,0,0,false,false,62,62
P-10712:WC-2026,P-10712,Dias,WC-2026,DF,linked,29,74,3,88,88,0,88,88,88,0,measured_performance,measured_performance,,,0.828358,0.828358,0.912935,0.912935,0.948209,0.948209,0,0,0.27792,0.27792,,,0,0,false,false,62,62
P-10739:WC-2026,P-10739,Fernández,WC-2026,MF,linked,25,40,6,88,88,0,88,88,88,0,measured_performance,measured_performance,,,0.843284,0.843284,0.743781,0.743781,0.916119,0.916119,0,0,0.187,0.187,,,0,0,false,false,62,62
P-10907:WC-2026,P-10907,Al-Dawsari,WC-2026,MF,linked,27,42,0,72,72,0,72,72,72,0,measured_performance,measured_performance,,,0.126866,0.126866,0.691542,0.691542,0.620722,0.620722,0,0,,,,,0,0,false,false,38.5143,38.5143
P-11737:WC-2026,P-11737,Pulisic,WC-2026,FW,linked,27,85,33,88,88,0,88,88,88,0,measured_performance,measured_performance,,,0.942786,0.942786,0.945274,0.945274,0.931836,0.931836,0,0,0.080316,0.080316,,,0,0,false,false,62,62
P-11878:WC-2026,P-11878,Sow,WC-2026,MF,linked,29,51,0,79,79,0,79,79,79,0,measured_performance,measured_performance,,,0.114428,0.114428,0.671642,0.671642,0.755403,0.755403,0,0,,,,,0,0,false,false,49.8488,49.8488
P-11879:WC-2026,P-11879,Bronn,WC-2026,DF,linked,30,52,2,78,78,0,78,78,78,0,measured_performance,measured_performance,,,0.696517,0.696517,0.753731,0.753731,0.741591,0.741591,0,0,,,,,0,0,false,false,48.844,48.844
P-12335:WC-2026,P-12335,Al-Amri,WC-2026,DF,linked,29,41,1,76,76,0,76,76,76,0,measured_performance,measured_performance,,,0.539801,0.539801,0.681592,0.681592,0.706964,0.706964,0,0,,,,,0,0,false,false,45.7018,45.7018
P-12635:WC-2026,P-12635,Johnston,WC-2026,DF,linked,27,57,1,83,83,0,83,83,83,0,measured_performance,measured_performance,,,0.597015,0.597015,0.885572,0.885572,0.804875,0.804875,0,0,,,,,0,0,false,false,55.1086,55.1086
P-12810:WC-2026,P-12810,Khoukhi,WC-2026,DF,linked,35,115,20,81,81,0,81,81,81,0,measured_performance,measured_performance,,,0.995025,0.995025,0.950249,0.950249,0.78632,0.78632,0,0,0.0639,0.0639,,,0,0,false,false,52.5702,52.5702
P-13162:WC-2026,P-13162,Martínez,WC-2026,GK,linked,33,59,0,87,87,0,87,87,87,0,measured_performance,measured_performance,,,0.5,0.5,0.781095,0.781095,0.854926,0.854926,0,0,0.289,0.289,,,0,0,false,false,60.0481,60.0481
P-13613:WC-2026,P-13613,Thuram,WC-2026,FW,linked,28,33,3,73,73,0,73,73,73,0,measured_performance,measured_performance,,,0.340796,0.340796,0.589552,0.589552,0.672433,0.672433,0,0,,,,,0,0,false,false,42.3291,42.3291
P-13973:WC-2026,P-13973,Plata,WC-2026,FW,linked,25,49,8,82,82,0,82,82,82,0,measured_performance,measured_performance,,,0.743781,0.743781,0.845771,0.845771,0.798654,0.798654,0,0,,,,,0,0,false,false,54.2945,54.2945
P-14060:WC-2026,P-14060,Bremer,WC-2026,DF,linked,29,7,1,71,71,0,71,71,71,0,measured_performance,measured_performance,,,0.539801,0.539801,0.141791,0.141791,0.54706,0.54706,0,0,,,,,0,0,false,false,34.2785,34.2785
P-14151:WC-2026,P-14151,Adams,WC-2026,MF,linked,27,53,2,87,87,0,87,87,87,0,measured_performance,measured_performance,,,0.514925,0.514925,0.781095,0.781095,0.863821,0.863821,0,0,,,,,0,0,false,false,60.6956,60.6956
P-14179:WC-2026,P-14179,Semenyo,WC-2026,MF,linked,26,34,3,86,86,0,86,86,86,0,measured_performance,measured_performance,,,0.651741,0.651741,0.609453,0.609453,0.840657,0.840657,0,0,,,,,0,0,false,false,58.785573,58.785573
P-14360:WC-2026,P-14360,Min-jae,WC-2026,DF,linked,29,79,4,88,88,0,88,88,88,0,measured_performance,measured_performance,,,0.89801,0.89801,0.932836,0.932836,0.926761,0.926761,0,0,0.144,0.144,,,0,0,false,false,62,62
P-14499:WC-2026,P-14499,Quintero,WC-2026,MF,linked,33,48,6,73,73,0,73,73,73,0,measured_performance,measured_performance,,,0.621891,0.621891,0.430348,0.430348,0.640543,0.640543,0,0,0.075768,0.075768,,,0,0,false,false,40.0367,40.0367
P-14758:WC-2026,P-14758,Messi,WC-2026,FW,linked,38,198,116,98,98,0,85,85,85,0,career_stature_estimate,career_stature_estimate,,,0.950249,0.950249,0.950249,0.950249,0.83592,0.83592,0.066845,0.066845,0.866823,0.866823,0.911215,0.911215,1,1,true,true,97.806076,57.894327
P-15566:WC-2026,P-15566,Mohamedi,WC-2026,GK,linked,37,53,0,72,72,0,72,72,72,0,measured_performance,measured_performance,,,0.5,0.5,0.547264,0.547264,0.580287,0.580287,0,0,,,,,0,0,false,false,35.8901,35.8901
P-15674:WC-2026,P-15674,Bellingham,WC-2026,MF,linked,22,46,6,88,88,0,88,88,88,0,measured_performance,measured_performance,,,0.890547,0.890547,0.90796,0.90796,0.972478,0.972478,0,0,0.333,0.333,,,0,0,false,false,62,62
P-16352:WC-2026,P-16352,Lo Celso,WC-2026,MF,linked,30,65,4,88,88,0,88,88,88,0,measured_performance,measured_performance,,,0.609453,0.609453,0.756219,0.756219,0.874806,0.874806,0,0,,,,,0,0,false,false,62,62
P-16736:WC-2026,P-16736,Cancelo,WC-2026,DF,linked,32,66,12,88,88,0,88,88,88,0,measured_performance,measured_performance,,,0.982587,0.982587,0.808458,0.808458,0.89806,0.89806,0,0,0.2304,0.2304,,,0,0,false,false,62,62
P-17048:WC-2026,P-17048,Muntari,WC-2026,FW,linked,32,67,16,73,73,0,73,73,73,0,measured_performance,measured_performance,,,0.669154,0.669154,0.699005,0.699005,0.654976,0.654976,0,0,,,,,0,0,false,false,41,41
P-17136:WC-2026,P-17136,Wood,WC-2026,FW,linked,34,89,45,88,88,0,88,88,88,0,measured_performance,measured_performance,,,0.855721,0.855721,0.721393,0.721393,0.904627,0.904627,0,0,0.0765,0.0765,,,0,0,false,false,62,62
P-17496:WC-2026,P-17496,Jashari,WC-2026,MF,linked,23,7,0,72,72,0,72,72,72,0,measured_performance,measured_performance,,,0.151741,0.151741,0.199005,0.199005,0.592448,0.592448,0,0,,,,,0,0,false,false,36.557,36.557
P-17688:WC-2026,P-17688,de Jong,WC-2026,MF,linked,29,65,2,87,87,0,87,87,87,0,measured_performance,measured_performance,,,0.460199,0.460199,0.79602,0.79602,0.857612,0.857612,0,0,0.28476,0.2232,,,0,0,false,false,60.1778,60.1778
P-17784:WC-2026,P-17784,Niazmand,WC-2026,GK,linked,31,15,0,72,72,0,72,72,72,0,measured_performance,measured_performance,,,0.5,0.5,0.557214,0.557214,0.585063,0.585063,0,0,,,,,0,0,false,false,36.348,36.348
P-17931:WC-2026,P-17931,Félix,WC-2026,FW,linked,26,52,12,80,80,0,80,80,80,0,measured_performance,measured_performance,,,0.820896,0.820896,0.855721,0.855721,0.778009,0.778009,0,0,,,,,0,0,false,false,51.7254,51.7254
P-18564:WC-2026,P-18564,Viña,WC-2026,DF,linked,28,43,1,77,77,0,77,77,77,0,measured_performance,measured_performance,,,0.569652,0.569652,0.741294,0.741294,0.735621,0.735621,0,0,,,,,0,0,false,false,48.109748,48.109748
P-18885:WC-2026,P-18885,Núñez,WC-2026,FW,linked,26,38,13,79,79,0,79,79,79,0,measured_performance,measured_performance,,,0.838308,0.838308,0.708955,0.708955,0.766665,0.766665,0,0,,,,,0,0,false,false,50.7718,50.7718
P-19075:WC-2026,P-19075,Embolo,WC-2026,FW,linked,29,86,24,88,88,0,88,88,88,0,measured_performance,measured_performance,,,0.865672,0.865672,0.905473,0.905473,0.899299,0.899299,0,0,,,,,0,0,false,false,62,62
P-19193:WC-2026,P-19193,Elvedi,WC-2026,DF,linked,29,66,3,88,88,0,88,88,88,0,measured_performance,measured_performance,,,0.828358,0.828358,0.890547,0.890547,0.906463,0.906463,0,0,,,,,0,0,false,false,62,62
P-19408:WC-2026,P-19408,Neuer,WC-2026,GK,linked,40,124,0,91,91,0,87,87,87,0,career_stature_estimate,career_stature_estimate,,,0.5,0.5,0.840796,0.840796,0.855582,0.855582,0.06,0.06,0.645981,0.64498,0.735788,0.735154,1,1,true,true,79.5154,60.1143
P-19776:WC-2026,P-19776,Álvarez,WC-2026,FW,linked,26,51,14,88,88,0,88,88,88,0,measured_performance,measured_performance,,,0.855721,0.855721,0.838308,0.838308,0.918657,0.918657,0,0,0.10892,0.10892,,,0,0,false,false,62,62
P-20804:WC-2026,P-20804,Raum,WC-2026,DF,linked,28,36,1,83,83,0,83,83,83,0,measured_performance,measured_performance,,,0.569652,0.569652,0.669154,0.669154,0.800194,0.800194,0,0,,,,,0,0,false,false,54.8098,54.8098
P-20998:WC-2026,P-20998,Beiranvand,WC-2026,GK,linked,33,85,0,79,79,0,79,79,79,0,measured_performance,measured_performance,,,0.5,0.5,0.910448,0.910448,0.754615,0.754615,0,0,,,,,0,0,false,false,49.8488,49.8488
P-21052:WC-2026,P-21052,Ezzalzouli,WC-2026,FW,linked,24,36,2,77,77,0,77,77,77,0,measured_performance,measured_performance,,,0.370647,0.370647,0.763682,0.763682,0.735075,0.735075,0,0,,,,,0,0,false,false,48,48
P-21099:WC-2026,P-21099,Cornelius,WC-2026,DF,linked,28,43,1,77,77,0,77,77,77,0,measured_performance,measured_performance,,,0.569652,0.569652,0.741294,0.741294,0.735621,0.735621,0,0,,,,,0,0,false,false,48.109748,48.109748
P-21531:WC-2026,P-21531,Alisson,WC-2026,GK,linked,33,77,0,89,89,0,88,88,88,0,career_stature_estimate,career_stature_estimate,,,0.5,0.5,0.875622,0.875622,0.900299,0.900299,0.06,0.06,0.50829,0.50829,0.648584,0.648584,1,1,false,false,70.858367,62
P-21652:WC-2026,P-21652,Onana,WC-2026,MF,linked,24,28,1,82,82,0,82,82,82,0,measured_performance,measured_performance,,,0.415423,0.415423,0.604478,0.604478,0.793851,0.793851,0,0,,,,,0,0,false,false,53.7021,53.7021
P-22110:WC-2026,P-22110,Gaber,WC-2026,DF,linked,24,31,1,75,75,0,75,75,75,0,measured_performance,measured_performance,,,0.664179,0.664179,0.758706,0.758706,0.694379,0.694379,0,0,,,,,0,0,false,false,44.3064,44.3064
P-22160:WC-2026,P-22160,Vlašić,WC-2026,MF,linked,28,62,10,88,88,0,88,88,88,0,measured_performance,measured_performance,,,0.880597,0.880597,0.80597,0.80597,0.907194,0.907194,0,0,,,,,0,0,false,false,62,62
P-22930:WC-2026,P-22930,Meunier,WC-2026,DF,linked,34,79,10,88,88,0,88,88,88,0,measured_performance,measured_performance,,,0.955224,0.955224,0.820896,0.820896,0.87303,0.87303,0,0,,,,,0,0,false,false,61.82496,61.82496
P-22983:WC-2026,P-22983,Neves,WC-2026,MF,linked,29,65,1,74,74,0,74,74,74,0,measured_performance,measured_performance,,,0.325871,0.325871,0.79602,0.79602,0.689021,0.689021,0,0,,,,,0,0,false,false,43.8146,43.8146
P-23070:WC-2026,P-23070,Martínez,WC-2026,DF,linked,28,26,1,79,79,0,79,79,79,0,measured_performance,measured_performance,,,0.569652,0.569652,0.527363,0.527363,0.763134,0.763134,0,0,,,,,0,0,false,false,50.7368,50.7368
P-23925:WC-2026,P-23925,Akanji,WC-2026,DF,linked,30,80,4,88,88,0,88,88,88,0,measured_performance,measured_performance,,,0.883085,0.883085,0.922886,0.922886,0.921985,0.921985,0,0,,,,,0,0,false,false,62,62
P-24062:WC-2026,P-24062,Sánchez,WC-2026,DF,linked,28,58,3,82,82,0,82,82,82,0,measured_performance,measured_performance,,,0.848259,0.848259,0.868159,0.868159,0.796516,0.796516,0,0,,,,,0,0,false,false,54,54
P-24667:WC-2026,P-24667,Canobbio,WC-2026,MF,linked,27,15,1,72,72,0,72,72,72,0,measured_performance,measured_performance,,,0.360697,0.360697,0.243781,0.243781,0.591063,0.591063,0,0,,,,,0,0,false,false,36.5283,36.5283
P-24760:WC-2026,P-24760,Godoy,WC-2026,MF,linked,36,159,4,79,79,0,79,79,79,0,measured_performance,measured_performance,,,0.370647,0.370647,0.9801,0.9801,0.750633,0.750633,0,0,0.0819,0.0819,,,0,0,false,false,49.6471,49.6471
P-24897:WC-2026,P-24897,Pedri,WC-2026,MF,linked,23,40,5,88,88,0,88,88,88,0,measured_performance,measured_performance,,,0.848259,0.848259,0.820896,0.820896,0.939284,0.939284,0,0,,,,,0,0,false,false,62,62
P-25593:WC-2026,P-25593,Rieder,WC-2026,MF,linked,24,27,1,79,79,0,79,79,79,0,measured_performance,measured_performance,,,0.415423,0.415423,0.58209,0.58209,0.753403,0.753403,0,0,,,,,0,0,false,false,49.669697,49.669697
P-26303:WC-2026,P-26303,Nagatomo,WC-2026,DF,linked,39,145,4,86,86,0,86,86,86,0,measured_performance,measured_performance,,,0.701493,0.701493,0.972637,0.972637,0.846666,0.846666,0,0,0.07515,0.07515,,,0,0,false,false,59.6437,59.6437
P-26367:WC-2026,P-26367,Ream,WC-2026,DF,linked,38,81,1,76,76,0,76,76,76,0,measured_performance,measured_performance,,,0.271144,0.271144,0.708955,0.708955,0.720098,0.720098,0,0,,,,,0,0,false,false,46.525685,46.525685
P-26412:WC-2026,P-26412,Romo,WC-2026,MF,linked,31,62,4,75,75,0,75,75,75,0,measured_performance,measured_performance,,,0.567164,0.567164,0.674129,0.674129,0.700245,0.700245,0,0,,,,,0,0,false,false,44.912,44.912
P-26546:WC-2026,P-26546,Álvarez,WC-2026,DF,linked,28,97,7,86,86,0,86,86,86,0,measured_performance,measured_performance,,,0.960199,0.960199,0.975124,0.975124,0.84786,0.84786,0,0,,,,,0,0,false,false,59.834,59.834
P-27327:WC-2026,P-27327,Vargas,WC-2026,GK,linked,37,41,0,72,72,0,72,72,72,0,measured_performance,measured_performance,,,0.5,0.5,0.497512,0.497512,0.601206,0.601206,0,0,,,,,0,0,false,false,37.1429,37.1429
P-27349:WC-2026,P-27349,Leão,WC-2026,FW,linked,27,43,5,79,79,0,79,79,79,0,measured_performance,measured_performance,,,0.527363,0.527363,0.721393,0.721393,0.755418,0.755418,0,0,,,,,0,0,false,false,49.8488,49.8488
P-27540:WC-2026,P-27540,Depay,WC-2026,FW,linked,32,109,55,88,88,0,88,88,88,0,measured_performance,measured_performance,,,0.930348,0.930348,0.895522,0.895522,0.871788,0.871788,0,0,0.118492,0.118492,,,0,0,false,false,61.668919,61.668919
P-27541:WC-2026,P-27541,Osorio,WC-2026,MF,linked,33,90,10,78,78,0,78,78,78,0,measured_performance,measured_performance,,,0.758706,0.758706,0.875622,0.875622,0.740651,0.740651,0,0,,,,,0,0,false,false,48.844,48.844
P-27582:WC-2026,P-27582,Paredes,WC-2026,MF,linked,31,77,5,79,79,0,79,79,79,0,measured_performance,measured_performance,,,0.634328,0.634328,0.845771,0.845771,0.762573,0.762573,0,0,,,,,0,0,false,false,50.6667,50.6667
P-28364:WC-2026,P-28364,Franco,WC-2026,MF,linked,27,57,1,79,79,0,79,79,79,0,measured_performance,measured_performance,,,0.360697,0.360697,0.810945,0.810945,0.754406,0.754406,0,0,,,,,0,0,false,false,49.75,49.75
P-28492:WC-2026,P-28492,Hosseini,WC-2026,GK,linked,33,13,0,71,71,0,71,71,71,0,measured_performance,measured_performance,,,0.5,0.5,0.427861,0.427861,0.522973,0.522973,0,0,,,,,0,0,false,false,33.3476,33.3476
P-28517:WC-2026,P-28517,Mensah,WC-2026,DF,linked,27,40,0,86,86,0,86,86,86,0,measured_performance,measured_performance,,,0.236318,0.236318,0.756219,0.756219,0.841985,0.841985,0,0,,,,,0,0,false,false,59.0261,59.0261
P-28794:WC-2026,P-28794,Eustáquio,WC-2026,MF,linked,29,55,4,77,77,0,77,77,77,0,measured_performance,measured_performance,,,0.649254,0.649254,0.696517,0.696517,0.722454,0.722454,0,0,,,,,0,0,false,false,46.9673,46.9673
P-28811:WC-2026,P-28811,Barsham,WC-2026,GK,linked,28,52,0,79,79,0,79,79,79,0,measured_performance,measured_performance,,,0.5,0.5,0.910448,0.910448,0.754615,0.754615,0,0,,,,,0,0,false,false,49.8488,49.8488
P-28911:WC-2026,P-28911,Gakpo,WC-2026,FW,linked,27,49,19,88,88,0,88,88,88,0,measured_performance,measured_performance,,,0.873134,0.873134,0.781095,0.781095,0.91806,0.91806,0,0,,,,,0,0,false,false,62,62
P-29491:WC-2026,P-29491,Modrić,WC-2026,MF,linked,40,197,28,97,97,0,88,88,88,0,career_stature_estimate,career_stature_estimate,,,0.900498,0.900498,0.975124,0.975124,0.959731,0.959731,0.08,0.08,0.832588,0.832477,0.888392,0.888318,1,1,true,true,96.8318,62
P-29578:WC-2026,P-29578,Doku,WC-2026,FW,linked,24,42,7,88,88,0,88,88,88,0,measured_performance,measured_performance,,,0.743781,0.743781,0.81592,0.81592,0.875672,0.875672,0,0,,,,,0,0,false,false,62,62
P-29713:WC-2026,P-29713,Hincapié,WC-2026,DF,linked,24,51,3,88,88,0,88,88,88,0,measured_performance,measured_performance,,,0.910448,0.910448,0.920398,0.920398,0.951791,0.951791,0,0,,,,,0,0,false,false,62,62
P-30206:WC-2026,P-30206,Maeda,WC-2026,MF,linked,28,27,4,72,72,0,72,72,72,0,measured_performance,measured_performance,,,0.681592,0.681592,0.383085,0.383085,0.638394,0.638394,0,0,,,,,0,0,false,false,39.8823,39.8823
P-30252:WC-2026,P-30252,Weah,WC-2026,FW,linked,26,50,7,84,84,0,84,84,84,0,measured_performance,measured_performance,,,0.679104,0.679104,0.825871,0.825871,0.822582,0.822582,0,0,,,,,0,0,false,false,56.8372,56.8372
P-30316:WC-2026,P-30316,Kimmich,WC-2026,DF,linked,31,109,10,88,88,0,88,88,88,0,measured_performance,measured_performance,,,0.970149,0.970149,0.975124,0.975124,0.94706,0.94706,0.07,0,0.360166,0.324222,0.6,,0.16805,0,false,false,62,62
P-31301:WC-2026,P-31301,Torres,WC-2026,FW,linked,26,55,23,88,88,0,88,88,88,0,measured_performance,measured_performance,,,0.91791,0.91791,0.868159,0.868159,0.944627,0.944627,0,0,,,,,0,0,false,false,62,62
P-31431:WC-2026,P-31431,Lindelöf,WC-2026,DF,linked,31,76,3,88,88,0,88,88,88,0,measured_performance,measured_performance,,,0.788557,0.788557,0.880597,0.880597,0.932687,0.932687,0,0,,0.279,,,0,0,false,false,62,62
P-31765:WC-2026,P-31765,Ayew,WC-2026,FW,linked,34,120,34,88,88,0,88,88,88,0,measured_performance,measured_performance,,,0.741294,0.741294,0.880597,0.880597,0.882537,0.882537,0,0,,,,,0,0,false,false,62,62
P-31839:WC-2026,P-31839,Džeko,WC-2026,FW,linked,40,148,73,86,86,0,86,86,86,0,measured_performance,measured_performance,,,0.776119,0.776119,0.721393,0.721393,0.84497,0.84497,0,0,0.165972,0.165972,,,0,0,false,false,59.4216,59.4216
P-32222:WC-2026,P-32222,Aebischer,WC-2026,MF,linked,29,39,2,79,79,0,79,79,79,0,measured_performance,measured_performance,,,0.460199,0.460199,0.539801,0.539801,0.749821,0.749821,0,0,,,,,0,0,false,false,49.6471,49.6471
P-32599:WC-2026,P-32599,Seung-ho,WC-2026,MF,linked,29,27,3,78,78,0,78,78,78,0,measured_performance,measured_performance,,,0.557214,0.557214,0.338308,0.338308,0.744418,0.744418,0,0,,,,,0,0,false,false,49.1544,49.1544
P-32803:WC-2026,P-32803,Dahmen,WC-2026,GK,linked,29,37,0,76,76,0,76,76,76,0,measured_performance,measured_performance,,,0.5,0.5,0.820896,0.820896,0.71163,0.71163,0,0,,,,,0,0,false,false,45.931,45.931
P-33325:WC-2026,P-33325,Sulemana,WC-2026,FW,linked,24,28,1,73,73,0,73,73,73,0,measured_performance,measured_performance,,,0.238806,0.238806,0.651741,0.651741,0.643179,0.643179,0,0,,,,,0,0,false,false,40.1081,40.1081
P-33433:WC-2026,P-33433,Raya,WC-2026,GK,linked,30,12,0,77,77,0,77,77,77,0,measured_performance,measured_performance,,,0.5,0.5,0.517413,0.517413,0.728358,0.728358,0,0,,,,,0,0,false,false,47.3103,47.3103
P-33804:WC-2026,P-33804,Ahmed,WC-2026,DF,linked,26,67,3,88,88,0,88,88,88,0,measured_performance,measured_performance,,,0.878109,0.878109,0.955224,0.955224,0.968508,0.968508,0,0,,,,,0,0,false,false,62,62
P-33958:WC-2026,P-33958,Ndiaye,WC-2026,FW,linked,26,39,4,80,80,0,80,80,80,0,measured_performance,measured_performance,,,0.485075,0.485075,0.726368,0.726368,0.771791,0.771791,0,0,,,,,0,0,false,false,50.8988,50.8988
P-34205:WC-2026,P-34205,Silva,WC-2026,MF,linked,31,107,14,88,88,0,88,88,88,0,measured_performance,measured_performance,,,0.895522,0.895522,0.965174,0.965174,0.98991,0.98991,0,0,0.194426,0.194426,,,0,0,false,false,62,62
P-34448:WC-2026,P-34448,Rodríguez,WC-2026,MF,linked,27,69,8,84,84,0,84,84,84,0,measured_performance,measured_performance,,,0.853234,0.853234,0.895522,0.895522,0.818931,0.818931,0,0,,,,,0,0,false,false,56.6923,56.6923
P-34822:WC-2026,P-34822,Irvine,WC-2026,MF,linked,33,81,14,88,88,0,88,88,88,0,measured_performance,measured_performance,,,0.858209,0.858209,0.791045,0.791045,0.898597,0.898597,0,0,,,,,0,0,false,false,62,62
P-35173:WC-2026,P-35173,Tagliafico,WC-2026,DF,linked,33,75,1,88,88,0,88,88,88,0,measured_performance,measured_performance,,,0.430348,0.430348,0.828358,0.828358,0.876612,0.876612,0,0,,,,,0,0,false,false,62,62
P-35225:WC-2026,P-35225,Itakura,WC-2026,DF,linked,29,40,2,79,79,0,79,79,79,0,measured_performance,measured_performance,,,0.721393,0.721393,0.669154,0.669154,0.750594,0.750594,0,0,,,,,0,0,false,false,49.6471,49.6471
P-35320:WC-2026,P-35320,Roldan,WC-2026,MF,linked,31,46,0,71,71,0,71,71,71,0,measured_performance,measured_performance,,,0.10199,0.10199,0.50995,0.50995,0.563648,0.563648,0,0,,,,,0,0,false,false,34.8085,34.8085
P-35705:WC-2026,P-35705,Koopmeiners,WC-2026,MF,linked,28,28,3,77,77,0,77,77,77,0,measured_performance,measured_performance,,,0.589552,0.589552,0.405473,0.405473,0.73597,0.73597,0,0,,,,,0,0,false,false,48.1143,48.1143
P-35837:WC-2026,P-35837,Leckie,WC-2026,FW,linked,35,79,14,72,72,0,72,72,72,0,measured_performance,measured_performance,,,0.482587,0.482587,0.621891,0.621891,0.578558,0.578558,0,0,,,,,0,0,false,false,35.609005,35.609005
P-36105:WC-2026,P-36105,Seidu,WC-2026,DF,linked,26,24,1,78,78,0,78,78,78,0,measured_performance,measured_performance,,,0.621891,0.621891,0.549751,0.549751,0.74288,0.74288,0,0,,,,,0,0,false,false,48.9044,48.9044
P-36188:WC-2026,P-36188,Rulli,WC-2026,GK,linked,34,7,0,71,71,0,71,71,71,0,measured_performance,measured_performance,,,0.5,0.5,0.243781,0.243781,0.569015,0.569015,0,0,,,,,0,0,false,false,35.0714,35.0714
P-36212:WC-2026,P-36212,Montes,WC-2026,DF,linked,29,66,4,83,83,0,83,83,83,0,measured_performance,measured_performance,,,0.89801,0.89801,0.890547,0.890547,0.807263,0.807263,0,0,,,,,0,0,false,false,55.2,55.2
P-37308:WC-2026,P-37308,Al-Shehri,WC-2026,FW,linked,32,55,18,76,76,0,76,76,76,0,measured_performance,measured_performance,,,0.69403,0.69403,0.644279,0.644279,0.706964,0.706964,0,0,,,,,0,0,false,false,45.7018,45.7018
P-37314:WC-2026,P-37314,De Paul,WC-2026,MF,linked,32,85,2,76,76,0,76,76,76,0,measured_performance,measured_performance,,,0.355721,0.355721,0.863184,0.863184,0.714095,0.714095,0,0,,,,,0,0,false,false,46.1766,46.1766
P-37420:WC-2026,P-37420,García,WC-2026,DF,linked,25,19,0,79,79,0,79,79,79,0,measured_performance,measured_performance,,,0.261194,0.261194,0.5,0.5,0.75,0.75,0,0,,,,,0,0,false,false,49.6471,49.6471
P-37935:WC-2026,P-37935,Sarr,WC-2026,FW,linked,28,82,19,88,88,0,88,88,88,0,measured_performance,measured_performance,,,0.850746,0.850746,0.920398,0.920398,0.926716,0.926716,0,0,,,,,0,0,false,false,62,62
P-38594:WC-2026,P-38594,Sánchez,WC-2026,DF,linked,29,78,4,84,84,0,84,84,84,0,measured_performance,measured_performance,,,0.89801,0.89801,0.925373,0.925373,0.823979,0.823979,0,0,,,,,0,0,false,false,56.9412,56.9412
P-38732:WC-2026,P-38732,Al-Haydos,WC-2026,FW,linked,35,185,41,77,77,0,77,77,77,0,measured_performance,measured_performance,,,0.781095,0.781095,0.975124,0.975124,0.728409,0.728409,0,0,0.129904,0.129904,,,0,0,false,false,47.454288,47.454288
P-38927:WC-2026,P-38927,Widmer,WC-2026,DF,linked,33,59,5,84,84,0,84,84,84,0,measured_performance,measured_performance,,,0.865672,0.865672,0.706468,0.706468,0.818105,0.818105,0,0,,,,,0,0,false,false,56.6467,56.6467
P-39347:WC-2026,P-39347,Ramírez,WC-2026,GK,linked,25,7,0,72,72,0,72,72,72,0,measured_performance,measured_performance,,,0.5,0.5,0.567164,0.567164,0.634639,0.634639,0,0,,,,,0,0,false,false,39.6119,39.6119
P-39464:WC-2026,P-39464,Sané,WC-2026,MF,linked,30,75,16,85,85,0,85,85,85,0,measured_performance,measured_performance,,,0.947761,0.947761,0.865672,0.865672,0.828484,0.828484,0,0,,,,,0,0,false,false,57.5,57.5
P-39584:WC-2026,P-39584,Fernandes,WC-2026,MF,linked,31,87,28,88,89,1,88,88,88,0,measured_performance,career_stature_estimate,,,0.985075,0.985075,0.90796,0.90796,0.990627,0.990627,0,0.08,0.144,0.4399,,0.6266,0,0.8325,false,false,69.20945,62
P-39942:WC-2026,P-39942,Kubo,WC-2026,MF,linked,25,49,7,88,88,0,88,88,88,0,measured_performance,measured_performance,,,0.873134,0.873134,0.835821,0.835821,0.948358,0.948358,0,0,,,,,0,0,false,false,62,62
P-40007:WC-2026,P-40007,Olmo,WC-2026,FW,linked,28,48,12,88,88,0,88,88,88,0,measured_performance,measured_performance,,,0.768657,0.768657,0.731343,0.731343,0.874478,0.874478,0,0,,,,,0,0,false,false,61.905608,61.905608
P-40137:WC-2026,P-40137,Danilo,WC-2026,DF,linked,34,69,1,82,82,0,82,82,82,0,measured_performance,measured_performance,,,0.39801,0.39801,0.766169,0.766169,0.797161,0.797161,0,0,,,,,0,0,false,false,54.1,54.1
P-40147:WC-2026,P-40147,Palacios,WC-2026,MF,linked,27,38,0,76,76,0,76,76,76,0,measured_performance,measured_performance,,,0.126866,0.126866,0.626866,0.626866,0.710896,0.710896,0,0,,,,,0,0,false,false,45.931,45.931
P-40619:WC-2026,P-40619,Ounahi,WC-2026,MF,linked,26,48,9,88,88,0,88,88,88,0,measured_performance,measured_performance,,,0.893035,0.893035,0.783582,0.783582,0.937134,0.937134,0,0,,,,,0,0,false,false,62,62
P-40621:WC-2026,P-40621,Gueye,WC-2026,MF,linked,36,130,7,88,88,0,88,88,88,0,measured_performance,measured_performance,,,0.58209,0.58209,0.915423,0.915423,0.915403,0.915403,0,0,0.067274,0.067274,,,0,0,false,false,62,62
P-41603:WC-2026,P-41603,Dalot,WC-2026,DF,linked,27,33,3,85,85,0,85,85,85,0,measured_performance,measured_performance,,,0.865672,0.865672,0.676617,0.676617,0.834776,0.834776,0,0,,,,,0,0,false,false,57.8,57.8
P-41647:WC-2026,P-41647,Ramos,WC-2026,FW,linked,24,24,10,86,86,0,86,86,86,0,measured_performance,measured_performance,,,0.825871,0.825871,0.569652,0.569652,0.844672,0.844672,0,0,,,,,0,0,false,false,59.25,59.25
P-41902:WC-2026,P-41902,Ito,WC-2026,DF,linked,27,24,1,77,77,0,77,77,77,0,measured_performance,measured_performance,,,0.597015,0.597015,0.517413,0.517413,0.727358,0.727358,0,0,,,,,0,0,false,false,47.1617,47.1617
P-42390:WC-2026,P-42390,Laryea,WC-2026,DF,linked,31,74,1,78,78,0,78,78,78,0,measured_performance,measured_performance,,,0.487562,0.487562,0.868159,0.868159,0.746916,0.746916,0,0,,,,,0,0,false,false,49.44,49.44
P-42523:WC-2026,P-42523,Kim,WC-2026,GK,linked,35,87,0,80,80,0,80,80,80,0,measured_performance,measured_performance,,,0.5,0.5,0.875622,0.875622,0.782699,0.782699,0,0,,,,,0,0,false,false,51.9855,51.9855
P-43196:WC-2026,P-43196,Mina,WC-2026,DF,linked,31,53,8,85,85,0,85,85,85,0,measured_performance,measured_performance,,,0.950249,0.950249,0.728856,0.728856,0.828851,0.828851,0,0,,,,,0,0,false,false,57.5,57.5
P-43367:WC-2026,P-43367,Rodríguez,WC-2026,DF,linked,33,137,9,88,88,0,88,88,88,0,measured_performance,measured_performance,,,0.940299,0.940299,0.99005,0.99005,0.985224,0.985224,0,0,,,,,0,0,false,false,62,62
P-44505:WC-2026,P-44505,Davis,WC-2026,DF,linked,35,106,9,80,80,0,80,80,80,0,measured_performance,measured_performance,,,0.932836,0.932836,0.920398,0.920398,0.771991,0.771991,0,0,,,,,0,0,false,false,50.90485,50.90485
P-45280:WC-2026,P-45280,Gueye,WC-2026,MF,linked,27,41,5,88,88,0,88,88,88,0,measured_performance,measured_performance,,,0.761194,0.761194,0.671642,0.671642,0.879582,0.879582,0,0,,,,,0,0,false,false,62,62
P-45288:WC-2026,P-45288,Hakimi,WC-2026,DF,linked,27,95,11,88,88,0,88,88,88,0,measured_performance,measured_performance,,,0.987562,0.987562,0.9801,0.9801,0.949448,0.949448,0,0,0.2304,0.2304,,,0,0,false,false,62,62
P-45399:WC-2026,P-45399,Mendy,WC-2026,GK,linked,34,56,0,75,75,0,75,75,75,0,measured_performance,measured_performance,,,0.5,0.5,0.70398,0.70398,0.70031,0.70031,0,0,0.2232,0.2232,,,0,0,false,false,44.912,44.912
P-45680:WC-2026,P-45680,Ben Slimane,WC-2026,MF,linked,25,40,4,88,88,0,88,88,88,0,measured_performance,measured_performance,,,0.768657,0.768657,0.743781,0.743781,0.901791,0.901791,0,0,,,,,0,0,false,false,62,62
P-46107:WC-2026,P-46107,El Kaabi,WC-2026,FW,linked,32,71,37,80,80,0,80,80,80,0,measured_performance,measured_performance,,,0.855721,0.855721,0.736318,0.736318,0.776218,0.776218,0,0,0.057,0.057,,,0,0,false,false,51.1795,51.1795
P-46358:WC-2026,P-46358,Davies,WC-2026,DF,linked,25,58,15,88,88,0,88,88,88,0,measured_performance,measured_performance,,,0.997512,0.997512,0.935323,0.935323,0.927955,0.927955,0,0,0.261016,0.107744,,,0,0,false,false,62,62
P-46898:WC-2026,P-46898,Pino,WC-2026,FW,linked,23,21,4,81,81,0,81,81,81,0,measured_performance,measured_performance,,,0.59204,0.59204,0.539801,0.539801,0.787911,0.787911,0,0,,,,,0,0,false,false,52.5702,52.5702
P-47137:WC-2026,P-47137,Rezaeian,WC-2026,DF,linked,36,73,7,73,73,0,73,73,73,0,measured_performance,measured_performance,,,0.858209,0.858209,0.716418,0.716418,0.674081,0.674081,0,0,,,,,0,0,false,false,42.7122,42.7122
P-47182:WC-2026,P-47182,Musiala,WC-2026,MF,linked,23,41,9,88,88,0,88,88,88,0,measured_performance,measured_performance,,,0.937811,0.937811,0.843284,0.843284,0.928926,0.928926,0,0,,,,,0,0,false,false,62,62
P-47319:WC-2026,P-47319,Afif,WC-2026,FW,linked,29,124,39,81,81,0,81,81,81,0,measured_performance,measured_performance,,,0.937811,0.937811,0.9801,0.9801,0.785424,0.785424,0,0,0.184234,0.184234,,,0,0,false,false,52.1778,52.1778
P-47321:WC-2026,P-47321,Koulibaly,WC-2026,DF,linked,34,102,2,84,84,0,84,84,84,0,measured_performance,measured_performance,,,0.589552,0.589552,0.920398,0.920398,0.821591,0.821591,0,0,0.052088,0.052088,,,0,0,false,false,56.8,56.8
P-47490:WC-2026,P-47490,Aguerd,WC-2026,DF,linked,30,64,2,88,88,0,88,88,88,0,measured_performance,measured_performance,,,0.696517,0.696517,0.853234,0.853234,0.888552,0.888552,0,0,,,,,0,0,false,false,62,62
P-47815:WC-2026,P-47815,Skhiri,WC-2026,MF,linked,31,82,4,87,87,0,87,87,87,0,measured_performance,measured_performance,,,0.567164,0.567164,0.865672,0.865672,0.864209,0.864209,0,0,,,,,0,0,false,false,60.734,60.734
P-47906:WC-2026,P-47906,Tielemans,WC-2026,MF,linked,29,84,13,88,88,0,88,88,88,0,measured_performance,measured_performance,,,0.915423,0.915423,0.932836,0.932836,0.984418,0.984418,0,0,,,,,0,0,false,false,62,62
P-48340:WC-2026,P-48340,David,WC-2026,FW,linked,26,76,39,88,88,0,88,88,88,0,measured_performance,measured_performance,,,0.972637,0.972637,0.950249,0.950249,0.943179,0.943179,0,0,0.134952,0.134952,,,0,0,false,false,62,62
P-48887:WC-2026,P-48887,Mejbri,WC-2026,MF,linked,23,45,1,88,88,0,88,88,88,0,measured_performance,measured_performance,,,0.430348,0.430348,0.875622,0.875622,0.874806,0.874806,0,0,,,,,0,0,false,false,62,62
P-48903:WC-2026,P-48903,Turner,WC-2026,GK,linked,31,54,0,79,79,0,79,79,79,0,measured_performance,measured_performance,,,0.5,0.5,0.825871,0.825871,0.758818,0.758818,0,0,,,,,0,0,false,false,49.934787,49.934787
P-48955:WC-2026,P-48955,De Bruyne,WC-2026,MF,linked,34,118,36,89,89,0,88,88,88,0,career_stature_estimate,career_stature_estimate,,,0.995025,0.995025,0.940299,0.940299,0.967851,0.967851,0.08,0.08,0.442968,0.442704,0.628645,0.628469,0.858067,0.855867,false,false,69.571795,62
P-49090:WC-2026,P-49090,Bum-keun,WC-2026,GK,linked,28,3,0,71,71,0,71,71,71,0,measured_performance,measured_performance,,,0.5,0.5,0.233831,0.233831,0.474639,0.474639,0,0,,,,,0,0,false,false,31.8154,31.8154
P-49114:WC-2026,P-49114,Otamendi,WC-2026,DF,linked,38,130,8,88,88,0,88,88,88,0,measured_performance,measured_performance,,,0.880597,0.880597,0.930348,0.930348,0.875967,0.875967,0,0,0.20591,0.20591,,,0,0,false,false,62,62
P-49806:WC-2026,P-49806,Chávez,WC-2026,MF,linked,30,44,4,73,73,0,73,73,73,0,measured_performance,measured_performance,,,0.609453,0.609453,0.557214,0.557214,0.674693,0.674693,0,0,,,,,0,0,false,false,42.815,42.815
P-49934:WC-2026,P-49934,Pacho,WC-2026,DF,linked,24,34,2,87,87,0,87,87,87,0,measured_performance,measured_performance,,,0.835821,0.835821,0.803483,0.803483,0.864672,0.864672,0,0,,,,,0,0,false,false,60.9,60.9
P-50688:WC-2026,P-50688,Bounou,WC-2026,GK,linked,35,89,0,82,82,0,82,82,82,0,measured_performance,measured_performance,,,0.5,0.5,0.895522,0.895522,0.792251,0.792251,0,0,,,,,0,0,false,false,53.5414,53.5414
P-51118:WC-2026,P-51118,Behich,WC-2026,DF,linked,35,83,3,77,77,0,77,77,77,0,measured_performance,measured_performance,,,0.69403,0.69403,0.825871,0.825871,0.726618,0.726618,0,0,,,,,0,0,false,false,47.1304,47.1304
P-51201:WC-2026,P-51201,Rüdiger,WC-2026,DF,linked,33,82,3,88,88,0,88,88,88,0,measured_performance,measured_performance,,,0.743781,0.743781,0.870647,0.870647,0.927911,0.927911,0,0,0.28224,0.28224,,,0,0,false,false,62,62
P-51990:WC-2026,P-51990,Ati-Zigi,WC-2026,GK,linked,29,29,0,77,77,0,77,77,77,0,measured_performance,measured_performance,,,0.5,0.5,0.781095,0.781095,0.737326,0.737326,0,0,,,,,0,0,false,false,48.1143,48.1143
P-52697:WC-2026,P-52697,Estupiñán,WC-2026,DF,linked,28,53,4,88,88,0,88,88,88,0,measured_performance,measured_performance,,,0.912935,0.912935,0.838308,0.838308,0.881388,0.881388,0,0,,,,,0,0,false,false,62,62
P-53048:WC-2026,P-53048,Witsel,WC-2026,MF,linked,37,137,12,88,88,0,88,88,88,0,measured_performance,measured_performance,,,0.746269,0.746269,0.905473,0.905473,0.94406,0.94406,0,0,0.069526,0.069526,,,0,0,false,false,62,62
P-53282:WC-2026,P-53282,Endo,WC-2026,MF,linked,33,73,4,86,86,0,86,86,86,0,measured_performance,measured_performance,,,0.492537,0.492537,0.718905,0.718905,0.841612,0.841612,0,0,0.024,0.024,,,0,0,false,false,58.995658,58.995658
P-53967:WC-2026,P-53967,Williams,WC-2026,FW,linked,31,26,2,72,72,0,72,72,72,0,measured_performance,measured_performance,,,0.186567,0.186567,0.378109,0.378109,0.622537,0.622537,0,0,,,,,0,0,false,false,38.6667,38.6667
P-54506:WC-2026,P-54506,Jakobs,WC-2026,DF,linked,26,29,0,75,75,0,75,75,75,0,measured_performance,measured_performance,,,0.248756,0.248756,0.656716,0.656716,0.695024,0.695024,0,0,,,,,0,0,false,false,44.3064,44.3064
P-54517:WC-2026,P-54517,Tchouaméni,WC-2026,MF,linked,26,44,3,88,88,0,88,88,88,0,measured_performance,measured_performance,,,0.651741,0.651741,0.753731,0.753731,0.882209,0.882209,0,0,,,,,0,0,false,false,62,62
P-54827:WC-2026,P-54827,Costa,WC-2026,GK,linked,26,42,0,87,87,0,87,87,87,0,measured_performance,measured_performance,,,0.5,0.5,0.940299,0.940299,0.858544,0.858544,0,0,,,,,0,0,false,false,60.229572,60.229572
P-55965:WC-2026,P-55965,de Roon,WC-2026,MF,linked,35,43,1,72,72,0,72,72,72,0,measured_performance,measured_performance,,,0.18408,0.18408,0.298507,0.298507,0.627313,0.627313,0,0,,,,,0,0,false,false,38.9474,38.9474
P-56029:WC-2026,P-56029,van Dijk,WC-2026,DF,linked,34,91,12,90,90,0,88,88,88,0,career_stature_estimate,career_stature_estimate,,,0.972637,0.972637,0.878109,0.878109,0.931492,0.931492,0.07,0.07,0.586845,0.58667,0.718335,0.718224,1,1,true,true,78.822433,62
P-56069:WC-2026,P-56069,Castagne,WC-2026,DF,linked,30,62,2,88,88,0,88,88,88,0,measured_performance,measured_performance,,,0.696517,0.696517,0.840796,0.840796,0.913582,0.913582,0,0,,,,,0,0,false,false,62,62
P-56347:WC-2026,P-56347,Galíndez,WC-2026,GK,linked,39,34,0,71,71,0,71,71,71,0,measured_performance,measured_performance,,,0.5,0.5,0.323383,0.323383,0.517624,0.517624,0,0,,,,,0,0,false,false,33.2624,33.2624
P-56659:WC-2026,P-56659,Almada,WC-2026,FW,linked,25,14,4,78,78,0,78,78,78,0,measured_performance,measured_performance,,,0.5199,0.5199,0.355721,0.355721,0.739851,0.739851,0,0,,,,,0,0,false,false,48.359617,48.359617
P-56669:WC-2026,P-56669,Debast,WC-2026,DF,linked,22,26,1,81,81,0,81,81,81,0,measured_performance,measured_performance,,,0.708955,0.708955,0.748756,0.748756,0.788803,0.788803,0,0,,,,,0,0,false,false,52.7157,52.7157
P-56868:WC-2026,P-56868,Cömert,WC-2026,DF,linked,28,21,0,77,77,0,77,77,77,0,measured_performance,measured_performance,,,0.221393,0.221393,0.445274,0.445274,0.723732,0.723732,0,0,,,,,0,0,false,false,46.9673,46.9673
P-57100:WC-2026,P-57100,Alaaeldin,WC-2026,FW,linked,33,67,9,72,72,0,72,72,72,0,measured_performance,measured_performance,,,0.475124,0.475124,0.636816,0.636816,0.577663,0.577663,0,0,,,,,0,0,false,false,35.5493,35.5493
P-57401:WC-2026,P-57401,Rabiot,WC-2026,MF,linked,31,57,7,84,84,0,84,84,84,0,measured_performance,measured_performance,,,0.731343,0.731343,0.621891,0.621891,0.825522,0.825522,0,0,,,,,0,0,false,false,57.045029,57.045029
P-57417:WC-2026,P-57417,Šutalo,WC-2026,DF,linked,26,32,0,79,79,0,79,79,79,0,measured_performance,measured_performance,,,0.248756,0.248756,0.701493,0.701493,0.766117,0.766117,0,0,,,,,0,0,false,false,50.7718,50.7718
P-57586:WC-2026,P-57586,Ueda,WC-2026,FW,linked,27,39,16,84,84,0,84,84,84,0,measured_performance,measured_performance,,,0.848259,0.848259,0.689055,0.689055,0.81746,0.81746,0,0,,,,,0,0,false,false,56.497257,56.497257
P-57759:WC-2026,P-57759,Nunes,WC-2026,MF,linked,27,19,2,77,77,0,77,77,77,0,measured_performance,measured_performance,,,0.514925,0.514925,0.308458,0.308458,0.727702,0.727702,0,0,,,,,0,0,false,false,47.1617,47.1617
P-57865:WC-2026,P-57865,Jiménez,WC-2026,FW,linked,35,123,44,88,88,0,88,88,88,0,measured_performance,measured_performance,,,0.80597,0.80597,0.865672,0.865672,0.90403,0.90403,0,0,0.111946,0.111946,,,0,0,false,false,62,62
P-57903:WC-2026,P-57903,Lang,WC-2026,FW,linked,26,15,3,71,71,0,71,71,71,0,measured_performance,measured_performance,,,0.402985,0.402985,0.343284,0.343284,0.566069,0.566069,0,0,,,,,0,0,false,false,34.8085,34.8085
P-57922:WC-2026,P-57922,Ćaleta-Car,WC-2026,DF,linked,29,38,1,84,84,0,84,84,84,0,measured_performance,measured_performance,,,0.539801,0.539801,0.646766,0.646766,0.820448,0.820448,0,0,,,,,0,0,false,false,56.7659,56.7659
P-58383:WC-2026,P-58383,Mandi,WC-2026,DF,linked,34,117,7,88,88,0,88,88,88,0,measured_performance,measured_performance,,,0.893035,0.893035,0.970149,0.970149,0.944672,0.944672,0,0,0.0594,0.0594,,,0,0,false,false,62,62
P-58420:WC-2026,P-58420,Gvardiol,WC-2026,DF,linked,24,47,4,88,88,0,88,88,88,0,measured_performance,measured_performance,,,0.957711,0.957711,0.900498,0.900498,0.942239,0.942239,0,0,,,,,0,0,false,false,62,62
P-58692:WC-2026,P-58692,Hwang,WC-2026,MF,linked,30,79,17,88,88,0,88,88,88,0,measured_performance,measured_performance,,,0.965174,0.965174,0.885572,0.885572,0.980358,0.980358,0,0,,,,,0,0,false,false,62,62
P-58791:WC-2026,P-58791,Bentancur,WC-2026,MF,linked,28,74,3,88,88,0,88,88,88,0,measured_performance,measured_performance,,,0.589552,0.589552,0.910448,0.910448,0.915403,0.915403,0,0,,,,,0,0,false,false,62,62
P-58907:WC-2026,P-58907,Dōan,WC-2026,MF,linked,27,65,11,88,88,0,88,88,88,0,measured_performance,measured_performance,,,0.91791,0.91791,0.865672,0.865672,0.931552,0.931552,0,0,,,,,0,0,false,false,62,62
P-58924:WC-2026,P-58924,Kane,WC-2026,FW,linked,32,112,78,90,90,0,88,88,88,0,career_stature_estimate,career_stature_estimate,,,0.975124,0.975124,0.900498,0.900498,0.938104,0.938104,0.08,0.08,0.539919,0.539919,0.693279,0.693279,1,1,false,false,77.327933,62
P-59727:WC-2026,P-59727,Degenek,WC-2026,DF,linked,32,56,1,73,73,0,73,73,73,0,measured_performance,measured_performance,,,0.457711,0.457711,0.716418,0.716418,0.674081,0.674081,0,0,,,,,0,0,false,false,42.7122,42.7122
P-59837:WC-2026,P-59837,Rashford,WC-2026,FW,linked,28,70,18,88,88,0,88,88,88,0,measured_performance,measured_performance,,,0.838308,0.838308,0.880597,0.880597,0.917463,0.917463,0,0,,,,,0,0,false,false,62,62
P-61416:WC-2026,P-61416,Ciss,WC-2026,MF,linked,32,29,0,72,72,0,72,72,72,0,measured_performance,measured_performance,,,0.094527,0.094527,0.238806,0.238806,0.626925,0.626925,0,0,,,,,0,0,false,false,38.9474,38.9474
P-61424:WC-2026,P-61424,Lerma,WC-2026,MF,linked,31,64,5,87,87,0,87,87,87,0,measured_performance,measured_performance,,,0.634328,0.634328,0.689055,0.689055,0.860239,0.860239,0,0,,,,,0,0,false,false,60.4571,60.4571
P-61810:WC-2026,P-61810,De Ketelaere,WC-2026,FW,linked,25,29,5,80,80,0,80,80,80,0,measured_performance,measured_performance,,,0.594527,0.594527,0.641791,0.641791,0.770045,0.770045,0,0,,,,,0,0,false,false,50.8988,50.8988
P-61979:WC-2026,P-61979,Mabil,WC-2026,FW,linked,30,38,10,83,83,0,83,83,83,0,measured_performance,measured_performance,,,0.639303,0.639303,0.569652,0.569652,0.808507,0.808507,0,0,,,,,0,0,false,false,55.299628,55.299628
P-62341:WC-2026,P-62341,Rodri,WC-2026,MF,linked,29,61,4,91,91,0,88,88,88,0,career_stature_estimate,career_stature_estimate,,,0.649254,0.649254,0.751244,0.751244,0.881015,0.881015,0.077638,0.077638,0.614884,0.614884,0.743256,0.743256,1,1,true,true,82.089426,62
P-62543:WC-2026,P-62543,Preciado,WC-2026,DF,linked,28,54,0,86,85,-1,85,86,85,-1,measured_performance,measured_performance,,,0.221393,0.221393,0.848259,0.848259,0.836564,0.836564,0,0,,,,,0,0,false,false,58.158548,58.158548
P-62594:WC-2026,P-62594,De Arrascaeta,WC-2026,MF,linked,32,60,13,81,82,1,82,81,82,1,measured_performance,measured_performance,,,0.855721,0.855721,0.61194,0.61194,0.792137,0.792137,0,0,0.0364,0.0364,,,0,0,false,false,53.5172,53.5172
P-62952:WC-2026,P-62952,Kamada,WC-2026,MF,linked,29,49,12,88,88,0,88,88,88,0,measured_performance,measured_performance,,,0.89801,0.89801,0.646766,0.646766,0.898687,0.898687,0,0,,,,,0,0,false,false,62,62
P-63532:WC-2026,P-63532,Madibo,WC-2026,MF,linked,29,50,0,71,71,0,71,71,71,0,measured_performance,measured_performance,,,0.114428,0.114428,0.659204,0.659204,0.554621,0.554621,0,0,,,,,0,0,false,false,34.5683,34.5683
P-64077:WC-2026,P-64077,Mbappé,WC-2026,FW,linked,27,96,56,96,96,0,88,88,88,0,career_stature_estimate,career_stature_estimate,,,0.987562,0.987562,0.975124,0.975124,0.982537,0.982537,0.08,0.08,0.800552,0.800393,0.867035,0.866929,1,1,true,true,94.692867,62
P-64182:WC-2026,P-64182,Vega,WC-2026,FW,linked,28,51,7,75,75,0,75,75,75,0,measured_performance,measured_performance,,,0.619403,0.619403,0.773632,0.773632,0.695621,0.695621,0,0,,,,,0,0,false,false,44.598066,44.598066
P-64249:WC-2026,P-64249,Devlin,WC-2026,MF,linked,28,4,0,69,69,0,69,69,69,0,measured_performance,measured_performance,,,0.121891,0.121891,0.047264,0.047264,0.434215,0.434215,0,0,,,,,0,0,false,false,25.8909,25.8909
P-64438:WC-2026,P-64438,Aké,WC-2026,DF,linked,31,59,5,88,88,0,88,88,88,0,measured_performance,measured_performance,,,0.89801,0.89801,0.781095,0.781095,0.884926,0.884926,0,0,,,,,0,0,false,false,62,62
P-64924:WC-2026,P-64924,Abdi,WC-2026,DF,linked,32,46,7,80,80,0,80,80,80,0,measured_performance,measured_performance,,,0.920398,0.920398,0.616915,0.616915,0.775119,0.775119,0,0,,,,,0,0,false,false,51.1256,51.1256
P-65182:WC-2026,P-65182,Kramarić,WC-2026,FW,linked,34,115,36,87,87,0,87,87,87,0,measured_performance,measured_performance,,,0.761194,0.761194,0.855721,0.855721,0.855716,0.855716,0,0,0.099124,0.099124,,,0,0,false,false,60.122771,60.122771
P-65199:WC-2026,P-65199,Guedes,WC-2026,FW,linked,29,33,7,82,82,0,82,82,82,0,measured_performance,measured_performance,,,0.60199,0.60199,0.549751,0.549751,0.792687,0.792687,0,0,,,,,0,0,false,false,53.6,53.6
P-65659:WC-2026,P-65659,Giménez,WC-2026,DF,linked,31,99,8,88,88,0,88,88,88,0,measured_performance,measured_performance,,,0.950249,0.950249,0.955224,0.955224,0.968508,0.968508,0,0,0.024,0.024,,,0,0,false,false,62,62
P-66020:WC-2026,P-66020,Weverton,WC-2026,GK,linked,38,10,0,71,71,0,71,71,71,0,measured_performance,measured_performance,,,0.5,0.5,0.174129,0.174129,0.490782,0.490782,0,0,,,,,0,0,false,false,32.2791,32.2791
P-67035:WC-2026,P-67035,Al-Aqidi,WC-2026,GK,linked,26,22,0,79,79,0,79,79,79,0,measured_performance,measured_performance,,,0.5,0.5,0.830846,0.830846,0.761206,0.761206,0,0,,,,,0,0,false,false,50.6667,50.6667
P-67129:WC-2026,P-67129,Digne,WC-2026,DF,linked,32,56,0,87,86,-1,86,87,86,-1,measured_performance,measured_performance,,,0.171642,0.171642,0.716418,0.716418,0.853881,0.853881,0,0,,,,,0,0,false,false,59.936688,59.936688
P-67516:WC-2026,P-67516,In-beom,WC-2026,MF,linked,29,73,6,86,86,0,86,86,86,0,measured_performance,measured_performance,,,0.751244,0.751244,0.868159,0.868159,0.845869,0.845869,0,0,,,,,0,0,false,false,59.5294,59.5294
P-67668:WC-2026,P-67668,Sučić,WC-2026,MF,linked,23,20,1,80,80,0,80,80,80,0,measured_performance,measured_performance,,,0.430348,0.430348,0.522388,0.522388,0.773075,0.773075,0,0,,,,,0,0,false,false,50.9189,50.9189
P-68060:WC-2026,P-68060,Freuler,WC-2026,MF,linked,34,87,11,88,88,0,88,88,88,0,measured_performance,measured_performance,,,0.763682,0.763682,0.81592,0.81592,0.887612,0.887612,0,0,,,,,0,0,false,false,62,62
P-68131:WC-2026,P-68131,Wright,WC-2026,FW,linked,28,20,7,80,80,0,80,80,80,0,measured_performance,measured_performance,,,0.619403,0.619403,0.365672,0.365672,0.776866,0.776866,0,0,,,,,0,0,false,false,51.6522,51.6522
P-68218:WC-2026,P-68218,Williams,WC-2026,FW,linked,23,30,6,87,87,0,87,87,87,0,measured_performance,measured_performance,,,0.726368,0.726368,0.733831,0.733831,0.859552,0.859552,0,0,,,,,0,0,false,false,60.351096,60.351096
P-68429:WC-2026,P-68429,Tomiyasu,WC-2026,DF,linked,27,43,1,83,83,0,83,83,83,0,measured_performance,measured_performance,,,0.597015,0.597015,0.781095,0.781095,0.804326,0.804326,0,0,,,,,0,0,false,false,55.064563,55.064563
P-68952:WC-2026,P-68952,McKennie,WC-2026,MF,linked,27,65,12,88,88,0,88,88,88,0,measured_performance,measured_performance,,,0.932836,0.932836,0.865672,0.865672,0.934418,0.934418,0,0,,,,,0,0,false,false,62,62
P-70145:WC-2026,P-70145,Owusu,WC-2026,MF,linked,28,20,0,72,72,0,72,72,72,0,measured_performance,measured_performance,,,0.121891,0.121891,0.293532,0.293532,0.61394,0.61394,0,0,,,,,0,0,false,false,38.0731,38.0731
P-70442:WC-2026,P-70442,Ronaldo,WC-2026,FW,linked,41,226,143,95,95,0,86,86,86,0,career_stature_estimate,career_stature_estimate,,,0.965174,0.965174,0.965174,0.965174,0.843084,0.843084,0.069711,0.069711,0.769903,0.769903,0.846602,0.846602,1,1,true,true,91.631302,59.1111
P-70483:WC-2026,P-70483,Martinelli,WC-2026,FW,linked,24,22,4,80,80,0,80,80,80,0,measured_performance,measured_performance,,,0.554726,0.554726,0.532338,0.532338,0.773582,0.773582,0,0,,,,,0,0,false,false,50.9189,50.9189
P-70583:WC-2026,P-70583,Al-Dawsari,WC-2026,FW,linked,34,108,26,77,77,0,77,77,77,0,measured_performance,measured_performance,,,0.701493,0.701493,0.800995,0.800995,0.728457,0.728457,0,0,,,,,0,0,false,false,47.5739,47.5739
P-70618:WC-2026,P-70618,Pickford,WC-2026,GK,linked,32,82,0,88,88,0,88,88,88,0,measured_performance,measured_performance,,,0.5,0.5,0.925373,0.925373,0.924179,0.924179,0,0,,,,,0,0,false,false,62,62
P-70867:WC-2026,P-70867,Robinson,WC-2026,DF,linked,28,53,4,88,88,0,88,88,88,0,measured_performance,measured_performance,,,0.912935,0.912935,0.838308,0.838308,0.912388,0.912388,0,0,,,,,0,0,false,false,62,62
P-71023:WC-2026,P-71023,Amrabat,WC-2026,MF,linked,29,74,0,84,84,0,84,84,84,0,measured_performance,measured_performance,,,0.114428,0.114428,0.883085,0.883085,0.816299,0.816299,0,0,,,,,0,0,false,false,56.4492,56.4492
P-71343:WC-2026,P-71343,Mac Allister,WC-2026,MF,linked,27,44,6,88,88,0,88,88,88,0,measured_performance,measured_performance,,,0.800995,0.800995,0.708955,0.708955,0.89797,0.89797,0,0,,,,,0,0,false,false,62,62
P-71727:WC-2026,P-71727,Waterman,WC-2026,DF,linked,30,17,0,71,71,0,71,71,71,0,measured_performance,measured_performance,,,0.199005,0.199005,0.291045,0.291045,0.519502,0.519502,0,0,,,,,0,0,false,false,33.274205,33.274205
P-71859:WC-2026,P-71859,Schlotterbeck,WC-2026,DF,linked,26,26,0,79,79,0,79,79,79,0,measured_performance,measured_performance,,,0.248756,0.248756,0.587065,0.587065,0.760791,0.760791,0,0,,,,,0,0,false,false,50.53196,50.53196
P-71875:WC-2026,P-71875,Fassnacht,WC-2026,FW,linked,32,22,5,71,71,0,71,71,71,0,measured_performance,measured_performance,,,0.343284,0.343284,0.303483,0.303483,0.5398,0.5398,0,0,,,,,0,0,false,false,34,34
P-72637:WC-2026,P-72637,Lukaku,WC-2026,FW,linked,33,125,90,88,90,2,88,88,88,0,measured_performance,career_stature_estimate,,,0.99005,0.99005,0.935323,0.935323,0.947657,0.947657,0,0.08,0.281704,0.549347,,0.699565,0,1,false,false,77.956467,62
P-72819:WC-2026,P-72819,Murillo,WC-2026,DF,linked,30,93,9,85,85,0,85,85,85,0,measured_performance,measured_performance,,,0.967662,0.967662,0.947761,0.947761,0.834725,0.834725,0,0,,,,,0,0,false,false,57.6986,57.6986
P-73455:WC-2026,P-73455,Talbi,WC-2026,DF,linked,28,63,4,88,88,0,88,88,88,0,measured_performance,measured_performance,,,0.912935,0.912935,0.900498,0.900498,0.911239,0.911239,0,0,,,,,0,0,false,false,62,62
P-73491:WC-2026,P-73491,Alvarado,WC-2026,FW,linked,27,66,5,73,73,0,73,73,73,0,measured_performance,measured_performance,,,0.527363,0.527363,0.885572,0.885572,0.675919,0.675919,0,0,,,,,0,0,false,false,42.9254,42.9254
P-73694:WC-2026,P-73694,Porozo,WC-2026,DF,linked,25,9,1,71,71,0,71,71,71,0,measured_performance,measured_performance,,,0.644279,0.644279,0.278607,0.278607,0.513531,0.513531,0,0,,,,,0,0,false,false,33.169075,33.169075
P-74098:WC-2026,P-74098,Mohammadi,WC-2026,DF,linked,32,75,1,78,78,0,78,78,78,0,measured_performance,measured_performance,,,0.457711,0.457711,0.853234,0.853234,0.739752,0.739752,0,0,,,,,0,0,false,false,48.310249,48.310249
P-74111:WC-2026,P-74111,Timber,WC-2026,DF,linked,24,24,0,83,83,0,83,83,83,0,measured_performance,measured_performance,,,0.271144,0.271144,0.629353,0.629353,0.812089,0.812089,0,0,,,,,0,0,false,false,55.52,55.52
P-74612:WC-2026,P-74612,Kanaanizadegan,WC-2026,DF,linked,32,64,6,76,76,0,76,76,76,0,measured_performance,measured_performance,,,0.89801,0.89801,0.791045,0.791045,0.709902,0.709902,0,0,,,,,0,0,false,false,45.876586,45.876586
P-74688:WC-2026,P-74688,Guimarães,WC-2026,MF,linked,28,42,2,84,84,0,84,84,84,0,measured_performance,measured_performance,,,0.487562,0.487562,0.641791,0.641791,0.818448,0.818448,0,0,,,,,0,0,false,false,56.6666,56.6666
P-75785:WC-2026,P-75785,Hajsafi,WC-2026,DF,linked,36,145,7,83,83,0,83,83,83,0,measured_performance,measured_performance,,,0.858209,0.858209,0.99005,0.99005,0.805424,0.805424,0,0,,,,,0,0,false,false,55.1086,55.1086
P-75820:WC-2026,P-75820,Theate,WC-2026,DF,linked,26,33,1,84,84,0,84,84,84,0,measured_performance,measured_performance,,,0.621891,0.621891,0.718905,0.718905,0.824074,0.824074,0,0,,,,,0,0,false,false,57,57
P-75890:WC-2026,P-75890,Salah,WC-2026,FW,linked,33,115,67,93,93,0,88,88,88,0,career_stature_estimate,career_stature_estimate,,,0.955224,0.955224,0.890547,0.890547,0.960746,0.960746,0.08,0.08,0.664103,0.664103,0.776069,0.776069,1,1,true,true,85.606867,62
P-75912:WC-2026,P-75912,Valencia,WC-2026,FW,linked,36,105,49,79,79,0,79,79,79,0,measured_performance,measured_performance,,,0.830846,0.830846,0.696517,0.696517,0.762487,0.762487,0,0,0.109648,0.109648,,,0,0,false,false,50.6667,50.6667
P-76060:WC-2026,P-76060,Marquinhos,WC-2026,DF,linked,32,104,7,88,88,0,88,88,88,0,measured_performance,measured_performance,,,0.920398,0.920398,0.955224,0.955224,0.937508,0.937508,0,0,0.052088,0.052088,,,0,0,false,false,62,62
P-76835:WC-2026,P-76835,Sarr,WC-2026,MF,linked,23,39,4,88,88,0,88,88,88,0,measured_performance,measured_performance,,,0.813433,0.813433,0.800995,0.800995,0.926866,0.926866,0,0,,,,,0,0,false,false,62,62
P-76842:WC-2026,P-76842,Saka,WC-2026,FW,linked,24,48,14,88,88,0,88,88,88,0,measured_performance,measured_performance,,,0.902985,0.902985,0.855721,0.855721,0.937761,0.937761,0,0,,,,,0,0,false,false,62,62
P-77071:WC-2026,P-77071,Fabinho,WC-2026,MF,linked,32,32,0,71,71,0,71,71,71,0,measured_performance,measured_performance,,,0.094527,0.094527,0.288557,0.288557,0.498454,0.498454,0,0,,,,,0,0,false,false,32.73884,32.73884
P-77224:WC-2026,P-77224,Xhaka,WC-2026,MF,linked,33,145,17,88,88,0,88,88,88,0,measured_performance,measured_performance,,,0.935323,0.935323,0.985075,0.985075,1,1,0,0,0.097692,0.097692,,,0,0,false,false,62,62
P-77335:WC-2026,P-77335,Son,WC-2026,FW,linked,33,144,56,85,85,0,85,85,85,0,measured_performance,measured_performance,,,0.930348,0.930348,0.970149,0.970149,0.831143,0.831143,0,0,0.127242,0.127242,,,0,0,false,false,57.6459,57.6459
P-77382:WC-2026,P-77382,Taniguchi,WC-2026,DF,linked,34,38,1,72,72,0,72,72,72,0,measured_performance,measured_performance,,,0.39801,0.39801,0.40796,0.40796,0.575621,0.575621,0,0,,,,,0,0,false,false,35.5493,35.5493
P-77743:WC-2026,P-77743,Havertz,WC-2026,FW,linked,27,57,21,88,88,0,88,88,88,0,measured_performance,measured_performance,,,0.890547,0.890547,0.850746,0.850746,0.932686,0.932686,0,0,,,,,0,0,false,false,62,62
P-78484:WC-2026,P-78484,Koundé,WC-2026,DF,linked,27,46,0,88,88,0,88,88,88,0,measured_performance,measured_performance,,,0.236318,0.236318,0.813433,0.813433,0.900448,0.900448,0,0,,,,,0,0,false,false,62,62
P-78932:WC-2026,P-78932,Varela,WC-2026,DF,linked,33,28,0,72,72,0,72,72,72,0,measured_performance,measured_performance,,,0.156716,0.156716,0.373134,0.373134,0.608504,0.608504,0,0,,,,,0,0,false,false,37.7021,37.7021
P-79299:WC-2026,P-79299,Mané,WC-2026,FW,linked,34,127,55,91,90,-1,83,83,83,0,career_stature_estimate,career_stature_estimate,,,0.895522,0.895522,0.925373,0.925373,0.813233,0.813233,0.057771,0.057771,0.623335,0.567979,0.74889,0.711986,1,1,true,true,76.975669,55.6203
P-79409:WC-2026,P-79409,Goretzka,WC-2026,MF,linked,31,69,15,88,88,0,88,88,88,0,measured_performance,measured_performance,,,0.920398,0.920398,0.758706,0.758706,0.901224,0.901224,0,0,,,,,0,0,false,false,62,62
P-79650:WC-2026,P-79650,Romero,WC-2026,DF,linked,28,49,3,88,88,0,88,88,88,0,measured_performance,measured_performance,,,0.848259,0.848259,0.798507,0.798507,0.893283,0.893283,0,0,,,,,0,0,false,false,62,62
P-80088:WC-2026,P-80088,Gallardo,WC-2026,DF,linked,31,120,3,87,87,0,87,87,87,0,measured_performance,measured_performance,,,0.788557,0.788557,0.99005,0.99005,0.855024,0.855024,0,0,,,,,0,0,false,false,60.103347,60.103347
P-80826:WC-2026,P-80826,Ochoa,WC-2026,GK,linked,40,152,0,81,81,0,81,81,81,0,measured_performance,measured_performance,,,0.5,0.5,0.985075,0.985075,0.790436,0.790436,0,0,0.07965,0.07965,,,0,0,false,false,53.216596,53.216596
P-80838:WC-2026,P-80838,Scally,WC-2026,DF,linked,23,25,0,83,83,0,83,83,83,0,measured_performance,measured_performance,,,0.283582,0.283582,0.68408,0.68408,0.807358,0.807358,0,0,,,,,0,0,false,false,55.2368,55.2368
P-81505:WC-2026,P-81505,Martínez,WC-2026,FW,linked,28,75,36,88,88,0,88,88,88,0,measured_performance,measured_performance,,,0.942786,0.942786,0.902985,0.902985,0.926761,0.926761,0,0,0.202464,0.202464,,,0,0,false,false,62,62
P-81997:WC-2026,P-81997,Vanaken,WC-2026,MF,linked,33,33,7,72,72,0,72,72,72,0,measured_performance,measured_performance,,,0.669154,0.669154,0.263682,0.263682,0.601618,0.601618,0,0,,,,,0,0,false,false,37.2258,37.2258
P-82216:WC-2026,P-82216,Caicedo,WC-2026,MF,linked,24,60,3,88,88,0,88,88,88,0,measured_performance,measured_performance,,,0.71393,0.71393,0.920398,0.920398,0.942149,0.942149,0,0,,,,,0,0,false,false,62,62
P-82223:WC-2026,P-82223,Trézéguet,WC-2026,FW,linked,31,95,23,76,76,0,76,76,76,0,measured_performance,measured_performance,,,0.783582,0.783582,0.895522,0.895522,0.719752,0.719752,0,0,,,,,0,0,false,false,46.341383,46.341383
P-82447:WC-2026,P-82447,Tanaka,WC-2026,MF,linked,27,38,8,88,88,0,88,88,88,0,measured_performance,measured_performance,,,0.853234,0.853234,0.626866,0.626866,0.884358,0.884358,0,0,,,,,0,0,false,false,62,62
P-82537:WC-2026,P-82537,Al-Khaibari,WC-2026,MF,linked,29,38,0,71,71,0,71,71,71,0,measured_performance,measured_performance,,,0.114428,0.114428,0.532338,0.532338,0.572484,0.572484,0,0,,,,,0,0,false,false,35.2085,35.2085
P-82945:WC-2026,P-82945,Hrustic,WC-2026,FW,linked,29,37,4,72,72,0,72,72,72,0,measured_performance,measured_performance,,,0.385572,0.385572,0.584577,0.584577,0.638355,0.638355,0,0,,,,,0,0,false,false,39.864009,39.864009
P-83169:WC-2026,P-83169,Raphinha,WC-2026,FW,linked,29,38,11,85,85,0,85,85,85,0,measured_performance,measured_performance,,,0.70398,0.70398,0.604478,0.604478,0.83597,0.83597,0,0,,,,,0,0,false,false,58.1309,58.1309
P-83560:WC-2026,P-83560,Zakaria,WC-2026,MF,linked,29,64,3,86,85,-1,85,86,85,-1,measured_performance,measured_performance,,,0.557214,0.557214,0.778607,0.778607,0.837224,0.837224,0,0,,,,,0,0,false,false,58.307428,58.307428
P-84424:WC-2026,P-84424,Hernandez,WC-2026,DF,linked,30,41,0,81,81,0,81,81,81,0,measured_performance,measured_performance,,,0.199005,0.199005,0.639303,0.639303,0.785865,0.785865,0,0,,,,,0,0,false,false,52.5106,52.5106
P-84430:WC-2026,P-84430,Molina,WC-2026,DF,linked,28,58,1,88,88,0,88,88,88,0,measured_performance,measured_performance,,,0.569652,0.569652,0.868159,0.868159,0.926716,0.926716,0,0,,,,,0,0,false,false,62,62
P-84524:WC-2026,P-84524,Smith,WC-2026,DF,linked,36,56,2,79,79,0,79,79,79,0,measured_performance,measured_performance,,,0.529851,0.529851,0.524876,0.524876,0.76194,0.76194,0,0,,,,,0,0,false,false,50.6667,50.6667
P-84787:WC-2026,P-84787,Rice,WC-2026,MF,linked,27,72,6,88,88,0,88,88,88,0,measured_performance,measured_performance,,,0.800995,0.800995,0.90796,0.90796,0.955284,0.955284,0,0,,,,,0,0,false,false,62,62
P-85204:WC-2026,P-85204,Sá,WC-2026,GK,linked,33,4,0,71,71,0,71,71,71,0,measured_performance,measured_performance,,,0.5,0.5,0.189055,0.189055,0.570746,0.570746,0,0,,,,,0,0,false,false,35.15,35.15
P-85438:WC-2026,P-85438,Al-Owais,WC-2026,GK,linked,34,63,0,77,77,0,77,77,77,0,measured_performance,measured_performance,,,0.5,0.5,0.766169,0.766169,0.730161,0.730161,0,0,,,,,0,0,false,false,47.701408,47.701408
P-85577:WC-2026,P-85577,Okafor,WC-2026,FW,linked,26,24,2,74,74,0,74,74,74,0,measured_performance,measured_performance,,,0.308458,0.308458,0.507463,0.507463,0.68194,0.68194,0,0,,,,,0,0,false,false,43.2872,43.2872
P-85670:WC-2026,P-85670,Koné,WC-2026,MF,linked,23,39,4,88,88,0,88,88,88,0,measured_performance,measured_performance,,,0.813433,0.813433,0.800995,0.800995,0.892866,0.892866,0,0,,,,,0,0,false,false,62,62
P-85823:WC-2026,P-85823,Vargas,WC-2026,FW,linked,27,61,11,88,88,0,88,88,88,0,measured_performance,measured_performance,,,0.763682,0.763682,0.870647,0.870647,0.889403,0.889403,0,0,,,,,0,0,false,false,62,62
P-85860:WC-2026,P-85860,Taremi,WC-2026,FW,linked,33,104,60,84,84,0,84,84,84,0,measured_performance,measured_performance,,,0.945274,0.945274,0.830846,0.830846,0.8198,0.8198,0,0,0.117904,0.117904,,,0,0,false,false,56.75,56.75
P-85878:WC-2026,P-85878,Reyna,WC-2026,MF,linked,23,37,9,88,88,0,88,88,88,0,measured_performance,measured_performance,,,0.937811,0.937811,0.776119,0.776119,0.909582,0.909582,0,0,,,,,0,0,false,false,62,62
P-86080:WC-2026,P-86080,El Shenawy,WC-2026,GK,linked,37,76,0,73,73,0,73,73,73,0,measured_performance,measured_performance,,,0.5,0.5,0.731343,0.731343,0.668645,0.668645,0,0,,,,,0,0,false,false,41.7,41.7
P-86466:WC-2026,P-86466,Jakić,WC-2026,DF,linked,29,17,2,72,72,0,72,72,72,0,measured_performance,measured_performance,,,0.721393,0.721393,0.323383,0.323383,0.634224,0.634224,0,0,,,,,0,0,false,false,39.5405,39.5405
P-86871:WC-2026,P-86871,Llorente,WC-2026,DF,linked,31,23,0,74,74,0,74,74,74,0,measured_performance,measured_performance,,,0.18408,0.18408,0.373134,0.373134,0.689104,0.689104,0,0,,,,,0,0,false,false,43.8146,43.8146
P-86878:WC-2026,P-86878,de la Cruz,WC-2026,MF,linked,29,34,5,77,77,0,77,77,77,0,measured_performance,measured_performance,,,0.708955,0.708955,0.465174,0.465174,0.721689,0.721689,0,0,0.0364,0.0364,,,0,0,false,false,46.9673,46.9673
P-86909:WC-2026,P-86909,Ito,WC-2026,MF,linked,33,69,15,79,79,0,79,79,79,0,measured_performance,measured_performance,,,0.88806,0.88806,0.674129,0.674129,0.761857,0.761857,0,0,,,,,0,0,false,false,50.6667,50.6667
P-86920:WC-2026,P-86920,Konaté,WC-2026,DF,linked,27,27,0,81,81,0,81,81,81,0,measured_performance,measured_performance,,,0.236318,0.236318,0.579602,0.579602,0.788209,0.788209,0,0,,,,,0,0,false,false,52.6336,52.6336
P-86937:WC-2026,P-86937,Jackson,WC-2026,FW,linked,24,32,8,86,86,0,86,86,86,0,measured_performance,measured_performance,,,0.776119,0.776119,0.736318,0.736318,0.846761,0.846761,0,0,,,,,0,0,false,false,59.6437,59.6437
P-87003:WC-2026,P-87003,Mendes,WC-2026,DF,linked,23,43,1,88,88,0,88,88,88,0,measured_performance,measured_performance,,,0.686567,0.686567,0.902985,0.902985,0.912433,0.912433,0,0,,,,,0,0,false,false,62,62
P-87008:WC-2026,P-87008,Neymar,WC-2026,FW,linked,34,128,79,91,90,-1,88,88,88,0,career_stature_estimate,career_stature_estimate,,,0.970149,0.970149,0.935323,0.935323,0.890892,0.890892,0.08,0.08,0.600323,0.509796,0.733549,0.673197,1,1,true,false,75.319733,62
P-87169:WC-2026,P-87169,Gue-sung,WC-2026,FW,linked,28,44,12,78,78,0,78,78,78,0,measured_performance,measured_performance,,,0.768657,0.768657,0.691542,0.691542,0.739502,0.739502,0,0,,,,,0,0,false,false,48.3077,48.3077
P-87514:WC-2026,P-87514,Kang-in,WC-2026,MF,linked,25,47,11,88,88,0,88,88,88,0,measured_performance,measured_performance,,,0.950249,0.950249,0.810945,0.810945,0.922,0.922,0,0,,,,,0,0,false,false,62,62
P-87786:WC-2026,P-87786,Ghoddos,WC-2026,MF,linked,32,67,3,72,72,0,72,72,72,0,measured_performance,measured_performance,,,0.437811,0.437811,0.69403,0.69403,0.62674,0.62674,0,0,,,,,0,0,false,false,38.9241,38.9241
P-88433:WC-2026,P-88433,Gavi,WC-2026,MF,linked,21,28,5,88,88,0,88,88,88,0,measured_performance,measured_performance,,,0.875622,0.875622,0.736318,0.736318,0.920179,0.920179,0,0,,,,,0,0,false,false,62,62
P-88869:WC-2026,P-88869,Tagnaouti,WC-2026,GK,linked,30,3,0,68,68,0,68,68,68,0,measured_performance,measured_performance,,,0.5,0.5,0.174129,0.174129,0.401182,0.401182,0,0,,,,,0,0,false,false,23.9771,23.9771
P-88928:WC-2026,P-88928,Dieng,WC-2026,FW,linked,26,22,2,73,73,0,73,73,73,0,measured_performance,measured_performance,,,0.308458,0.308458,0.465174,0.465174,0.645866,0.645866,0,0,,,,,0,0,false,false,40.5195,40.5195
P-89217:WC-2026,P-89217,Souttar,WC-2026,DF,linked,27,37,11,87,87,0,87,87,87,0,measured_performance,measured_performance,,,0.987562,0.987562,0.728856,0.728856,0.859851,0.859851,0,0,,,,,0,0,false,false,60.393,60.393
P-89248:WC-2026,P-89248,Ederson,WC-2026,GK,linked,32,32,0,74,74,0,74,74,74,0,measured_performance,measured_performance,,,0.5,0.5,0.671642,0.671642,0.684788,0.684788,0,0,,,,,0,0,false,false,43.4194,43.4194
P-89266:WC-2026,P-89266,Vitinha,WC-2026,MF,linked,26,37,0,76,76,0,76,76,76,0,measured_performance,measured_performance,,,0.131841,0.131841,0.654229,0.654229,0.719731,0.719731,0,0,,,,,0,0,false,false,46.3,46.3
P-89392:WC-2026,P-89392,Rodríguez,WC-2026,MF,linked,34,125,31,89,88,-1,87,87,87,0,career_stature_estimate,measured_performance,,,0.9801,0.9801,0.950249,0.950249,0.859051,0.859051,0.068853,0.068853,0.515159,0.389784,0.676773,0.6,1,0.414867,false,false,63.043708,60.32
P-89452:WC-2026,P-89452,Dest,WC-2026,DF,linked,25,38,3,84,84,0,84,84,84,0,measured_performance,measured_performance,,,0.89801,0.89801,0.81592,0.81592,0.821042,0.821042,0,0,,,,,0,0,false,false,56.7659,56.7659
P-89845:WC-2026,P-89845,Al-Buraikan,WC-2026,FW,linked,26,69,15,83,83,0,83,83,83,0,measured_performance,measured_performance,,,0.863184,0.863184,0.920398,0.920398,0.800994,0.800994,0,0,,,,,0,0,false,false,54.938454,54.938454
P-89869:WC-2026,P-89869,Araújo,WC-2026,DF,linked,27,27,1,81,81,0,81,81,81,0,measured_performance,measured_performance,,,0.597015,0.597015,0.579602,0.579602,0.788209,0.788209,0,0,,,,,0,0,false,false,52.6336,52.6336
P-89948:WC-2026,P-89948,Pašalić,WC-2026,MF,linked,31,84,11,88,88,0,88,88,88,0,measured_performance,measured_performance,,,0.833333,0.833333,0.878109,0.878109,0.918895,0.918895,0,0,,,,,0,0,false,false,62,62
P-90796:WC-2026,P-90796,Olivera,WC-2026,DF,linked,28,35,2,81,81,0,81,81,81,0,measured_performance,measured_performance,,,0.748756,0.748756,0.651741,0.651741,0.791836,0.791836,0,0,,,,,0,0,false,false,53.4035,53.4035
P-91268:WC-2026,P-91268,Kanno,WC-2026,MF,linked,31,75,8,80,80,0,80,80,80,0,measured_performance,measured_performance,,,0.758706,0.758706,0.830846,0.830846,0.782155,0.782155,0,0,,,,,0,0,false,false,51.9448,51.9448
P-91350:WC-2026,P-91350,Stanišić,WC-2026,DF,linked,26,30,0,83,83,0,83,83,83,0,measured_performance,measured_performance,,,0.248756,0.248756,0.671642,0.671642,0.801388,0.801388,0,0,,,,,0,0,false,false,54.95,54.95
P-91431:WC-2026,P-91431,Montiel,WC-2026,DF,linked,29,38,2,74,74,0,74,74,74,0,measured_performance,measured_performance,,,0.721393,0.721393,0.646766,0.646766,0.690248,0.690248,0,0,,,,,0,0,false,false,43.949771,43.949771
P-91455:WC-2026,P-91455,Escobar,WC-2026,DF,linked,31,98,4,80,81,1,81,80,81,1,measured_performance,measured_performance,,,0.863184,0.863184,0.947761,0.947761,0.785125,0.785125,0,0,,,,,0,0,false,false,52.1756,52.1756
P-91590:WC-2026,P-91590,Mahrez,WC-2026,FW,linked,35,114,38,78,78,0,78,78,78,0,measured_performance,measured_performance,,,0.753731,0.753731,0.798507,0.798507,0.746964,0.746964,0,0,0.18358,0.18358,,,0,0,false,false,49.4621,49.4621
P-92628:WC-2026,P-92628,Stones,WC-2026,DF,linked,32,87,3,88,88,0,88,88,88,0,measured_performance,measured_performance,,,0.766169,0.766169,0.900498,0.900498,0.942239,0.942239,0,0,0.144,0.144,,,0,0,false,false,62,62
P-92812:WC-2026,P-92812,Júnior,WC-2026,FW,linked,25,48,9,90,90,0,88,88,88,0,career_stature_estimate,career_stature_estimate,,,0.773632,0.773632,0.825871,0.825871,0.887612,0.887612,0.08,0.08,0.5114,0.5114,0.674267,0.674267,1,1,false,false,75.426667,62
P-93173:WC-2026,P-93173,Al-Tambakti,WC-2026,DF,linked,27,51,0,81,81,0,81,81,81,0,measured_performance,measured_performance,,,0.236318,0.236318,0.845771,0.845771,0.78577,0.78577,0,0,,,,,0,0,false,false,52.32,52.32
P-93884:WC-2026,P-93884,Perišić,WC-2026,FW,linked,37,153,38,80,80,0,80,80,80,0,measured_performance,measured_performance,,,0.646766,0.646766,0.915423,0.915423,0.772087,0.772087,0,0,0.115732,0.115732,,,0,0,false,false,50.9189,50.9189
P-93920:WC-2026,P-93920,Lee,WC-2026,MF,linked,33,105,15,88,88,0,88,88,88,0,measured_performance,measured_performance,,,0.88806,0.88806,0.925373,0.925373,0.943015,0.943015,0,0,,,,,0,0,false,false,62,62
P-94091:WC-2026,P-94091,Ugarte,WC-2026,MF,linked,25,36,1,83,83,0,83,83,83,0,measured_performance,measured_performance,,,0.39801,0.39801,0.679104,0.679104,0.812,0.812,0,0,,,,,0,0,false,false,55.4782,55.4782
P-94271:WC-2026,P-94271,Simón,WC-2026,GK,linked,29,57,0,88,88,0,88,88,88,0,measured_performance,measured_performance,,,0.5,0.5,0.915423,0.915423,0.919403,0.919403,0,0,,,,,0,0,false,false,62,62
P-94317:WC-2026,P-94317,St. Clair,WC-2026,GK,linked,29,20,0,74,75,1,75,74,75,1,measured_performance,measured_performance,,,0.5,0.5,0.686567,0.686567,0.691952,0.691952,0,0,,,,,0,0,false,false,44.3064,44.3064
P-94838:WC-2026,P-94838,Ospina,WC-2026,GK,linked,37,130,0,80,80,0,80,80,80,0,measured_performance,measured_performance,,,0.5,0.5,0.950249,0.950249,0.77372,0.77372,0,0,0.066712,0.066712,,,0,0,false,false,50.9242,50.9242
P-95036:WC-2026,P-95036,Weghorst,WC-2026,FW,linked,33,52,14,76,76,0,76,76,76,0,measured_performance,measured_performance,,,0.59204,0.59204,0.552239,0.552239,0.708803,0.708803,0,0,,,,,0,0,false,false,45.7951,45.7951
P-95062:WC-2026,P-95062,Pellistri,WC-2026,FW,linked,24,39,2,72,72,0,72,72,72,0,measured_performance,measured_performance,,,0.370647,0.370647,0.79602,0.79602,0.608755,0.608755,0,0,,,,,0,0,false,false,37.7021,37.7021
P-95198:WC-2026,P-95198,Pineda,WC-2026,MF,linked,30,91,12,86,85,-1,85,86,85,-1,measured_performance,measured_performance,,,0.878109,0.878109,0.945274,0.945274,0.838036,0.838036,0,0,,,,,0,0,false,false,58.5,58.5
P-95312:WC-2026,P-95312,Trossard,WC-2026,FW,linked,31,50,11,83,83,0,83,83,83,0,measured_performance,measured_performance,,,0.629353,0.629353,0.634328,0.634328,0.812686,0.812686,0,0,,,,,0,0,false,false,55.6203,55.6203
P-95374:WC-2026,P-95374,Ezatolahi,WC-2026,MF,linked,29,82,1,73,73,0,73,73,73,0,measured_performance,measured_performance,,,0.325871,0.325871,0.91791,0.91791,0.669725,0.669725,0,0,,,,,0,0,false,false,42.199213,42.199213
P-95754:WC-2026,P-95754,Boudiaf,WC-2026,MF,linked,35,117,5,75,75,0,75,75,75,0,measured_performance,measured_performance,,,0.495025,0.495025,0.900498,0.900498,0.697188,0.697188,0,0,0.065588,0.065588,,,0,0,false,false,44.62,44.62
P-96259:WC-2026,P-96259,Buchanan,WC-2026,FW,linked,27,59,8,87,87,0,87,87,87,0,measured_performance,measured_performance,,,0.679104,0.679104,0.865672,0.865672,0.858358,0.858358,0,0,,,,,0,0,false,false,60.1778,60.1778
P-96340:WC-2026,P-96340,Bentaleb,WC-2026,MF,linked,31,59,6,84,84,0,84,84,84,0,measured_performance,measured_performance,,,0.68408,0.68408,0.649254,0.649254,0.824329,0.824329,0,0,,,,,0,0,false,false,57.0286,57.0286
P-96347:WC-2026,P-96347,Torres,WC-2026,DF,linked,29,48,5,81,81,0,81,81,81,0,measured_performance,measured_performance,,,0.927861,0.927861,0.753731,0.753731,0.791191,0.791191,0,0,,,,,0,0,false,false,53.310572,53.310572
P-96934:WC-2026,P-96934,Kolašinac,WC-2026,DF,linked,32,64,0,87,87,0,87,87,87,0,measured_performance,measured_performance,,,0.171642,0.171642,0.791045,0.791045,0.858702,0.858702,0,0,,,,,0,0,false,false,60.32,60.32
P-97615:WC-2026,P-97615,Dumfries,WC-2026,DF,linked,30,71,11,88,88,0,88,88,88,0,measured_performance,measured_performance,,,0.9801,0.9801,0.885572,0.885572,0.904075,0.904075,0,0,,,,,0,0,false,false,62,62
P-97698:WC-2026,P-97698,Sandro,WC-2026,DF,linked,35,44,2,72,72,0,72,72,72,0,measured_performance,measured_performance,,,0.557214,0.557214,0.420398,0.420398,0.631191,0.631191,0,0,,,,,0,0,false,false,39.1163,39.1163
P-97778:WC-2026,P-97778,Dembélé,WC-2026,FW,linked,29,58,7,81,81,0,81,81,81,0,measured_performance,measured_performance,,,0.60199,0.60199,0.800995,0.800995,0.791836,0.791836,0,0,0.3776,0.3776,,,0,0,true,true,53.4389,53.4389
P-97800:WC-2026,P-97800,Hatem,WC-2026,MF,linked,36,117,11,77,77,0,77,77,77,0,measured_performance,measured_performance,,,0.718905,0.718905,0.860697,0.860697,0.72871,0.72871,0,0,,,,,0,0,false,false,47.627043,47.627043
P-97838:WC-2026,P-97838,Khalilzadeh,WC-2026,DF,linked,37,57,2,71,71,0,71,71,71,0,measured_performance,measured_performance,,,0.512438,0.512438,0.5,0.5,0.5702,0.5702,0,0,,,,,0,0,false,false,35.0807,35.0807
P-98287:WC-2026,P-98287,Kanté,WC-2026,MF,linked,35,67,2,72,72,0,72,72,72,0,measured_performance,measured_performance,,,0.263682,0.263682,0.549751,0.549751,0.606155,0.606155,0,0,0.332914,0.310752,,,0,0,false,false,37.5047,37.5047
P-98747:WC-2026,P-98747,Cheshmi,WC-2026,MF,linked,32,40,3,71,71,0,71,71,71,0,measured_performance,measured_performance,,,0.437811,0.437811,0.402985,0.402985,0.542919,0.542919,0,0,,,,,0,0,false,false,34.0606,34.0606
P-98775:WC-2026,P-98775,Jahanbakhsh,WC-2026,MF,linked,32,98,17,86,86,0,86,86,86,0,measured_performance,measured_performance,,,0.942786,0.942786,0.915423,0.915423,0.841857,0.841857,0,0,,,,,0,0,false,false,59.0261,59.0261
P-99025:WC-2026,P-99025,Laporte,WC-2026,DF,linked,32,44,2,81,81,0,81,81,81,0,measured_performance,measured_performance,,,0.644279,0.644279,0.574627,0.574627,0.785821,0.785821,0,0,,,,,0,0,false,false,52.3649,52.3649
P-99461:WC-2026,P-99461,Budimir,WC-2026,FW,linked,34,37,6,73,73,0,73,73,73,0,measured_performance,measured_performance,,,0.338308,0.338308,0.370647,0.370647,0.676269,0.676269,0,0,,,,,0,0,false,false,42.9254,42.9254
P-99988:WC-2026,P-99988,Livaković,WC-2026,GK,linked,31,74,0,82,82,0,82,82,82,0,measured_performance,measured_performance,,,0.5,0.5,0.900498,0.900498,0.794639,0.794639,0,0,,,,,0,0,false,false,53.8028,53.8028
P-W26-0001:WC-2026,P-W26-0001,Benbot,WC-2026,GK,minted,31,2,0,66,66,0,66,66,66,0,measured_performance,measured_performance,,,0.5,0.5,0.069652,0.069652,0.351033,0.351033,0,0,,,,,0,0,false,false,20,20
P-W26-0002:WC-2026,P-W26-0002,Bensebaini,WC-2026,DF,minted,31,81,7,88,88,0,88,88,88,0,measured_performance,measured_performance,,,0.932836,0.932836,0.90796,0.90796,0.914821,0.914821,0,0,,,,,0,0,false,false,62,62
P-W26-0003:WC-2026,P-W26-0003,Zidane,WC-2026,GK,minted,28,7,0,75,75,0,75,75,75,0,measured_performance,measured_performance,,,0.5,0.5,0.460199,0.460199,0.700896,0.700896,0,0,,,,,0,0,false,false,45.146218,45.146218
P-W26-0004:WC-2026,P-W26-0004,Zerrouki,WC-2026,MF,minted,28,52,3,80,80,0,80,80,80,0,measured_performance,measured_performance,,,0.589552,0.589552,0.733831,0.733831,0.776137,0.776137,0,0,,,,,0,0,false,false,51.1581,51.1581
P-W26-0005:WC-2026,P-W26-0005,Aouar,WC-2026,MF,minted,27,20,6,73,73,0,73,73,73,0,measured_performance,measured_performance,,,0.800995,0.800995,0.335821,0.335821,0.647707,0.647707,0,0,,,,,0,0,false,false,40.736,40.736
P-W26-0006:WC-2026,P-W26-0006,Chergui,WC-2026,DF,minted,27,4,0,71,71,0,71,71,71,0,measured_performance,measured_performance,,,0.236318,0.236318,0.10199,0.10199,0.527955,0.527955,0,0,,,,,0,0,false,false,33.75,33.75
P-W26-0007:WC-2026,P-W26-0007,Belaid,WC-2026,DF,minted,27,10,1,70,70,0,70,70,70,0,measured_performance,measured_performance,,,0.597015,0.597015,0.231343,0.231343,0.441245,0.441245,0,0,,,,,0,0,false,false,29.5448,29.5448
P-W26-0008:WC-2026,P-W26-0008,Abada,WC-2026,DF,minted,26,7,1,68,68,0,68,68,68,0,measured_performance,measured_performance,,,0.621891,0.621891,0.206468,0.206468,0.429305,0.429305,0,0,,,,,0,0,false,false,24.4813,24.4813
P-W26-0009:WC-2026,P-W26-0009,Boudaoui,WC-2026,MF,minted,26,32,0,75,75,0,75,75,75,0,measured_performance,measured_performance,,,0.131841,0.131841,0.58209,0.58209,0.698955,0.698955,0,0,,,,,0,0,false,false,44.6761,44.6761
P-W26-0010:WC-2026,P-W26-0010,Tougai,WC-2026,DF,minted,26,29,2,73,73,0,73,73,73,0,measured_performance,measured_performance,,,0.79602,0.79602,0.656716,0.656716,0.645424,0.645424,0,0,,,,,0,0,false,false,40.4444,40.4444
P-W26-0011:WC-2026,P-W26-0011,Gouiri,WC-2026,FW,minted,26,22,8,81,81,0,81,81,81,0,measured_performance,measured_performance,,,0.708955,0.708955,0.465174,0.465174,0.790045,0.790045,0,0,,,,,0,0,false,false,53,53
P-W26-0012:WC-2026,P-W26-0012,Mastil,WC-2026,GK,minted,26,1,0,68,68,0,68,68,68,0,measured_performance,measured_performance,,,0.5,0.5,0.131841,0.131841,0.425684,0.425684,0,0,,,,,0,0,false,false,24.4813,24.4813
P-W26-0013:WC-2026,P-W26-0013,Benbouali,WC-2026,FW,minted,26,3,1,68,68,0,68,68,68,0,measured_performance,measured_performance,,,0.191542,0.191542,0.077114,0.077114,0.408409,0.408409,0,0,,,,,0,0,false,false,24.1739,24.1739
P-W26-0014:WC-2026,P-W26-0014,Amoura,WC-2026,FW,minted,26,45,19,88,88,0,88,88,88,0,measured_performance,measured_performance,,,0.89801,0.89801,0.761194,0.761194,0.893627,0.893627,0,0,,,,,0,0,false,false,62,62
P-W26-0015:WC-2026,P-W26-0015,Ait-Nouri,WC-2026,DF,minted,25,28,0,85,85,0,85,85,85,0,measured_performance,measured_performance,,,0.261194,0.261194,0.679104,0.679104,0.83597,0.83597,0,0,,,,,0,0,false,false,57.982299,57.982299
P-W26-0016:WC-2026,P-W26-0016,Hadj Moussa,WC-2026,FW,minted,24,14,1,71,71,0,71,71,71,0,measured_performance,measured_performance,,,0.238806,0.238806,0.380597,0.380597,0.561042,0.561042,0,0,,,,,0,0,false,false,34.75,34.75
P-W26-0017:WC-2026,P-W26-0017,Belghali,WC-2026,DF,minted,24,12,1,73,73,0,73,73,73,0,measured_performance,measured_performance,,,0.664179,0.664179,0.390547,0.390547,0.666463,0.666463,0,0,,,,,0,0,false,false,41.7,41.7
P-W26-0018:WC-2026,P-W26-0018,Ghedjemis,WC-2026,FW,minted,23,1,1,72,72,0,72,72,72,0,measured_performance,measured_performance,,,0.266169,0.266169,0.044776,0.044776,0.580194,0.580194,0,0,,,,,0,0,false,false,35.8901,35.8901
P-W26-0019:WC-2026,P-W26-0019,Chaibi,WC-2026,MF,minted,23,29,3,86,86,0,86,86,86,0,measured_performance,measured_performance,,,0.736318,0.736318,0.669154,0.669154,0.840089,0.840089,0,0,,,,,0,0,false,false,58.723647,58.723647
P-W26-0020:WC-2026,P-W26-0020,Hadjam,WC-2026,DF,minted,23,17,3,72,72,0,72,72,72,0,measured_performance,measured_performance,,,0.920398,0.920398,0.537313,0.537313,0.63771,0.63771,0,0,,,,,0,0,false,false,39.7976,39.7976
P-W26-0021:WC-2026,P-W26-0021,Boulbina,WC-2026,FW,minted,23,11,6,72,72,0,72,72,72,0,measured_performance,measured_performance,,,0.726368,0.726368,0.343284,0.343284,0.632887,0.632887,0,0,,,,,0,0,false,false,39.3571,39.3571
P-W26-0022:WC-2026,P-W26-0022,Titraoui,WC-2026,MF,minted,22,5,0,70,70,0,70,70,70,0,measured_performance,measured_performance,,,0.156716,0.156716,0.156716,0.156716,0.472424,0.472424,0,0,,,,,0,0,false,false,31.2457,31.2457
P-W26-0023:WC-2026,P-W26-0023,Maza,WC-2026,MF,minted,20,16,2,82,82,0,82,82,82,0,measured_performance,measured_performance,,,0.686567,0.686567,0.559701,0.559701,0.799015,0.799015,0,0,,,,,0,0,false,false,54.307732,54.307732
P-W26-0024:WC-2026,P-W26-0024,Musso,WC-2026,GK,minted,32,3,0,71,71,0,71,71,71,0,measured_performance,measured_performance,,,0.5,0.5,0.126866,0.126866,0.540896,0.540896,0,0,,,,,0,0,false,false,34.0606,34.0606
P-W26-0025:WC-2026,P-W26-0025,Gonzalez,WC-2026,MF,minted,28,50,6,88,88,0,88,88,88,0,measured_performance,measured_performance,,,0.778607,0.778607,0.71393,0.71393,0.895104,0.895104,0,0,,,,,0,0,false,false,62,62
P-W26-0026:WC-2026,P-W26-0026,Balerdi,WC-2026,DF,minted,27,11,0,72,72,0,72,72,72,0,measured_performance,measured_performance,,,0.236318,0.236318,0.253731,0.253731,0.600791,0.600791,0,0,,,,,0,0,false,false,37.1429,37.1429
P-W26-0027:WC-2026,P-W26-0027,Medina,WC-2026,DF,minted,27,7,0,71,71,0,71,71,71,0,measured_performance,measured_performance,,,0.236318,0.236318,0.181592,0.181592,0.566164,0.566164,0,0,,,,,0,0,false,false,34.8085,34.8085
P-W26-0028:WC-2026,P-W26-0028,Lopez,WC-2026,FW,minted,25,3,0,70,70,0,70,70,70,0,measured_performance,measured_performance,,,0.069652,0.069652,0.09204,0.09204,0.46552,0.46552,0,0,,,,,0,0,false,false,30.7919,30.7919
P-W26-0029:WC-2026,P-W26-0029,Simeone,WC-2026,FW,minted,23,11,1,73,73,0,73,73,73,0,measured_performance,measured_performance,,,0.266169,0.266169,0.343284,0.343284,0.647015,0.647015,0,0,,,,,0,0,false,false,40.6141,40.6141
P-W26-0030:WC-2026,P-W26-0030,Barco,WC-2026,MF,minted,21,2,1,72,72,0,72,72,72,0,measured_performance,measured_performance,,,0.470149,0.470149,0.072139,0.072139,0.617045,0.617045,0,0,,,,,0,0,false,false,38.1925,38.1925
P-W26-0031:WC-2026,P-W26-0031,Paz,WC-2026,FW,minted,21,8,1,72,72,0,72,72,72,0,measured_performance,measured_performance,,,0.323383,0.323383,0.298507,0.298507,0.631239,0.631239,0,0,,,,,0,0,false,false,39.1886,39.1886
P-W26-0032:WC-2026,P-W26-0032,Geria,WC-2026,DF,minted,33,13,0,70,70,0,70,70,70,0,measured_performance,measured_performance,,,0.156716,0.156716,0.151741,0.151741,0.452636,0.452636,0,0,,,,,0,0,false,false,29.74,29.74
P-W26-0033:WC-2026,P-W26-0033,Izzo,WC-2026,GK,minted,31,4,0,71,71,0,71,71,71,0,measured_performance,measured_performance,,,0.5,0.5,0.238806,0.238806,0.477027,0.477027,0,0,,,,,0,0,false,false,32.075,32.075
P-W26-0034:WC-2026,P-W26-0034,Burgess,WC-2026,DF,minted,30,26,0,71,71,0,71,71,71,0,measured_performance,measured_performance,,,0.199005,0.199005,0.445274,0.445274,0.543932,0.543932,0,0,,,,,0,0,false,false,34.175292,34.175292
P-W26-0035:WC-2026,P-W26-0035,Oneill,WC-2026,MF,minted,27,30,0,71,71,0,71,71,71,0,measured_performance,measured_performance,,,0.126866,0.126866,0.485075,0.485075,0.56126,0.56126,0,0,,,,,0,0,false,false,34.75,34.75
P-W26-0036:WC-2026,P-W26-0036,Metcalfe,WC-2026,MF,minted,26,35,1,79,79,0,79,79,79,0,measured_performance,measured_performance,,,0.378109,0.378109,0.624378,0.624378,0.758418,0.758418,0,0,,,,,0,0,false,false,49.9098,49.9098
P-W26-0037:WC-2026,P-W26-0037,Yengi,WC-2026,FW,minted,25,0,0,68,68,0,68,68,68,0,measured_performance,measured_performance,,,0.069652,0.069652,0.007463,0.007463,0.40577,0.40577,0,0,,,,,0,0,false,false,24.0239,24.0239
P-W26-0038:WC-2026,P-W26-0038,Velupillay,WC-2026,FW,minted,25,7,3,71,71,0,71,71,71,0,measured_performance,measured_performance,,,0.437811,0.437811,0.169154,0.169154,0.50811,0.50811,0,0,,,,,0,0,false,false,33.015432,33.015432
P-W26-0039:WC-2026,P-W26-0039,Trewin,WC-2026,DF,minted,25,5,0,70,70,0,70,70,70,0,measured_performance,measured_performance,,,0.261194,0.261194,0.174129,0.174129,0.463382,0.463382,0,0,,,,,0,0,false,false,30.6024,30.6024
P-W26-0040:WC-2026,P-W26-0040,Italiano,WC-2026,DF,minted,24,4,0,70,70,0,70,70,70,0,measured_performance,measured_performance,,,0.271144,0.271144,0.146766,0.146766,0.450248,0.450248,0,0,,,,,0,0,false,false,29.7225,29.7225
P-W26-0041:WC-2026,P-W26-0041,Bos,WC-2026,DF,minted,23,26,4,80,80,0,80,80,80,0,measured_performance,measured_performance,,,0.965174,0.965174,0.708955,0.708955,0.769698,0.769698,0,0,,,,,0,0,false,false,50.8988,50.8988
P-W26-0042:WC-2026,P-W26-0042,Beach,WC-2026,GK,minted,22,1,0,70,70,0,70,70,70,0,measured_performance,measured_performance,,,0.5,0.5,0.293532,0.293532,0.458495,0.458495,0,0,,,,,0,0,false,false,30.414,30.414
P-W26-0043:WC-2026,P-W26-0043,Circati,WC-2026,DF,minted,22,12,1,76,76,0,76,76,76,0,measured_performance,measured_performance,,,0.708955,0.708955,0.4801,0.4801,0.709448,0.709448,0,0,,,,,0,0,false,false,45.7951,45.7951
P-W26-0044:WC-2026,P-W26-0044,Volpato,WC-2026,FW,minted,22,0,0,71,71,0,71,71,71,0,measured_performance,measured_performance,,,0.10199,0.10199,0.00995,0.00995,0.51691,0.51691,0,0,,,,,0,0,false,false,33.25,33.25
P-W26-0045:WC-2026,P-W26-0045,Toure,WC-2026,FW,minted,22,9,2,76,76,0,76,76,76,0,measured_performance,measured_performance,,,0.442786,0.442786,0.31592,0.31592,0.707313,0.707313,0,0,,,,,0,0,false,false,45.7829,45.7829
P-W26-0046:WC-2026,P-W26-0046,Okon-Engstler,WC-2026,MF,minted,21,5,0,68,68,0,68,68,68,0,measured_performance,measured_performance,,,0.171642,0.171642,0.186567,0.186567,0.429487,0.429487,0,0,,,,,0,0,false,false,24.5257,24.5257
P-W26-0047:WC-2026,P-W26-0047,Irankunda,WC-2026,FW,minted,20,14,5,86,86,0,86,86,86,0,measured_performance,measured_performance,,,0.753731,0.753731,0.544776,0.544776,0.846716,0.846716,0,0,,,,,0,0,false,false,59.6437,59.6437
P-W26-0048:WC-2026,P-W26-0048,Herrington,WC-2026,DF,minted,18,3,0,71,71,0,71,71,71,0,measured_performance,measured_performance,,,0.338308,0.338308,0.228856,0.228856,0.489651,0.489651,0,0,,,,,0,0,false,false,32.2017,32.2017
P-W26-0049:WC-2026,P-W26-0049,Arnautovic,WC-2026,FW,minted,37,133,47,79,79,0,79,79,79,0,measured_performance,measured_performance,,,0.771144,0.771144,0.850746,0.850746,0.759501,0.759501,0,0,0.117062,0.117062,,,0,0,false,false,50.1714,50.1714
P-W26-0050:WC-2026,P-W26-0050,Alaba,WC-2026,DF,minted,33,113,15,92,90,-2,88,88,88,0,career_stature_estimate,career_stature_estimate,,,0.99005,0.99005,0.965174,0.965174,0.973284,0.973284,0.07,0.07,0.644168,0.538787,0.75464,0.687898,1,1,true,false,75.789843,62
P-W26-0051:WC-2026,P-W26-0051,Mwene,WC-2026,DF,minted,32,30,0,74,74,0,74,74,74,0,measured_performance,measured_performance,,,0.171642,0.171642,0.432836,0.432836,0.686761,0.686761,0,0,,,,,0,0,false,false,43.5838,43.5838
P-W26-0052:WC-2026,P-W26-0052,Schopf,WC-2026,MF,minted,32,35,6,72,72,0,72,72,72,0,measured_performance,measured_performance,,,0.651741,0.651741,0.338308,0.338308,0.619767,0.619767,0,0,,,,,0,0,false,false,38.4314,38.4314
P-W26-0053:WC-2026,P-W26-0053,Sabitzer,WC-2026,MF,minted,32,98,26,88,88,0,88,88,88,0,measured_performance,measured_performance,,,0.975124,0.975124,0.915423,0.915423,0.956866,0.956866,0,0,,,,,0,0,false,false,62,62
P-W26-0054:WC-2026,P-W26-0054,Gregoritsch,WC-2026,FW,minted,32,75,24,86,86,0,86,86,86,0,measured_performance,measured_performance,,,0.763682,0.763682,0.761194,0.761194,0.845269,0.845269,0,0,,,,,0,0,false,false,59.5294,59.5294
P-W26-0055:WC-2026,P-W26-0055,Grillitsch,WC-2026,MF,minted,30,58,1,76,76,0,76,76,76,0,measured_performance,measured_performance,,,0.308458,0.308458,0.691542,0.691542,0.709988,0.709988,0,0,,,,,0,0,false,false,45.931,45.931
P-W26-0056:WC-2026,P-W26-0056,Schlager,WC-2026,GK,minted,30,26,0,76,76,0,76,76,76,0,measured_performance,measured_performance,,,0.5,0.5,0.711443,0.711443,0.703893,0.703893,0,0,,,,,0,0,false,false,45.6878,45.6878
P-W26-0057:WC-2026,P-W26-0057,Lienhart,WC-2026,DF,minted,29,41,3,83,83,0,83,83,83,0,measured_performance,measured_performance,,,0.828358,0.828358,0.681592,0.681592,0.806164,0.806164,0,0,,,,,0,0,false,false,55.1086,55.1086
P-W26-0058:WC-2026,P-W26-0058,Pentz,WC-2026,GK,minted,29,18,0,74,74,0,74,74,74,0,measured_performance,measured_performance,,,0.5,0.5,0.656716,0.656716,0.677624,0.677624,0,0,,,,,0,0,false,false,43.1111,43.1111
P-W26-0059:WC-2026,P-W26-0059,Posch,WC-2026,DF,minted,29,52,5,87,87,0,87,87,87,0,measured_performance,measured_performance,,,0.927861,0.927861,0.791045,0.791045,0.858702,0.858702,0,0,,,,,0,0,false,false,60.32,60.32
P-W26-0060:WC-2026,P-W26-0060,Laimer,WC-2026,MF,minted,29,57,7,87,87,0,87,87,87,0,measured_performance,measured_performance,,,0.78607,0.78607,0.723881,0.723881,0.865403,0.865403,0,0,,,,,0,0,false,false,60.9,60.9
P-W26-0061:WC-2026,P-W26-0061,Kalajdzic,WC-2026,FW,minted,28,22,4,72,72,0,72,72,72,0,measured_performance,measured_performance,,,0.420398,0.420398,0.410448,0.410448,0.580397,0.580397,0,0,,,,,0,0,false,false,35.8948,35.8948
P-W26-0062:WC-2026,P-W26-0062,Schlager,WC-2026,MF,minted,28,51,4,86,86,0,86,86,86,0,measured_performance,measured_performance,,,0.681592,0.681592,0.721393,0.721393,0.844627,0.844627,0,0,,,,,0,0,false,false,59.1214,59.1214
P-W26-0063:WC-2026,P-W26-0063,Friedl,WC-2026,DF,minted,28,11,0,72,72,0,72,72,72,0,measured_performance,measured_performance,,,0.221393,0.221393,0.228856,0.228856,0.588851,0.588851,0,0,,,,,0,0,false,false,36.4594,36.4594
P-W26-0064:WC-2026,P-W26-0064,Danso,WC-2026,DF,minted,27,32,0,84,84,0,84,84,84,0,measured_performance,measured_performance,,,0.236318,0.236318,0.659204,0.659204,0.826418,0.826418,0,0,,,,,0,0,false,false,57.25,57.25
P-W26-0065:WC-2026,P-W26-0065,Svoboda,WC-2026,DF,minted,27,4,0,71,71,0,71,71,71,0,measured_performance,measured_performance,,,0.236318,0.236318,0.10199,0.10199,0.527955,0.527955,0,0,,,,,0,0,false,false,33.75,33.75
P-W26-0066:WC-2026,P-W26-0066,Schmid,WC-2026,MF,minted,26,34,3,83,83,0,83,83,83,0,measured_performance,measured_performance,,,0.651741,0.651741,0.609453,0.609453,0.806657,0.806657,0,0,,,,,0,0,false,false,55.1111,55.1111
P-W26-0067:WC-2026,P-W26-0067,Affengruber,WC-2026,DF,minted,25,1,0,71,71,0,71,71,71,0,measured_performance,measured_performance,,,0.261194,0.261194,0.039801,0.039801,0.529104,0.529104,0,0,,,,,0,0,false,false,33.75,33.75
P-W26-0068:WC-2026,P-W26-0068,Wiegele,WC-2026,GK,minted,25,1,0,70,70,0,70,70,70,0,measured_performance,measured_performance,,,0.5,0.5,0.161692,0.161692,0.440012,0.440012,0,0,,,,,0,0,false,false,29.1056,29.1056
P-W26-0069:WC-2026,P-W26-0069,Seiwald,WC-2026,MF,minted,25,47,1,84,84,0,84,84,84,0,measured_performance,measured_performance,,,0.39801,0.39801,0.810945,0.810945,0.81597,0.81597,0,0,,,,,0,0,false,false,56.206688,56.206688
P-W26-0070:WC-2026,P-W26-0070,Prass,WC-2026,MF,minted,25,19,0,73,73,0,73,73,73,0,measured_performance,measured_performance,,,0.139303,0.139303,0.402985,0.402985,0.648806,0.648806,0,0,,,,,0,0,false,false,40.874,40.874
P-W26-0071:WC-2026,P-W26-0071,Wimmer,WC-2026,FW,minted,25,30,1,72,72,0,72,72,72,0,measured_performance,measured_performance,,,0.216418,0.216418,0.661692,0.661692,0.636314,0.636314,0,0,,,,,0,0,false,false,39.6709,39.6709
P-W26-0072:WC-2026,P-W26-0072,Chukwuemeka,WC-2026,MF,minted,22,3,1,72,72,0,72,72,72,0,measured_performance,measured_performance,,,0.442786,0.442786,0.097015,0.097015,0.618955,0.618955,0,0,,,,,0,0,false,false,38.4314,38.4314
P-W26-0073:WC-2026,P-W26-0073,Wanner,WC-2026,MF,minted,20,3,0,71,71,0,71,71,71,0,measured_performance,measured_performance,,,0.18408,0.18408,0.134328,0.134328,0.52563,0.52563,0,0,,,,,0,0,false,false,33.6276,33.6276
P-W26-0074:WC-2026,P-W26-0074,Mechele,WC-2026,DF,minted,33,8,1,68,68,0,68,68,68,0,measured_performance,measured_performance,,,0.430348,0.430348,0.084577,0.084577,0.420397,0.420397,0,0,,,,,0,0,false,false,24.4,24.4
P-W26-0075:WC-2026,P-W26-0075,Lukebakio,WC-2026,FW,minted,28,29,5,73,73,0,73,73,73,0,measured_performance,measured_performance,,,0.492537,0.492537,0.524876,0.524876,0.669698,0.669698,0,0,,,,,0,0,false,false,42.110147,42.110147
P-W26-0076:WC-2026,P-W26-0076,Saelemaekers,WC-2026,MF,minted,26,24,2,77,77,0,77,77,77,0,measured_performance,measured_performance,,,0.544776,0.544776,0.427861,0.427861,0.733821,0.733821,0,0,,,,,0,0,false,false,47.833223,47.833223
P-W26-0077:WC-2026,P-W26-0077,De Cuyper,WC-2026,DF,minted,25,18,4,78,78,0,78,78,78,0,measured_performance,measured_performance,,,0.947761,0.947761,0.475124,0.475124,0.73806,0.73806,0,0,,,,,0,0,false,false,48.259797,48.259797
P-W26-0078:WC-2026,P-W26-0078,Raskin,WC-2026,MF,minted,25,12,1,71,71,0,71,71,71,0,measured_performance,measured_performance,,,0.39801,0.39801,0.266169,0.266169,0.550275,0.550275,0,0,,,,,0,0,false,false,34.3404,34.3404
P-W26-0079:WC-2026,P-W26-0079,De Winter,WC-2026,DF,minted,23,8,0,73,73,0,73,73,73,0,measured_performance,measured_performance,,,0.283582,0.283582,0.335821,0.335821,0.640194,0.640194,0,0,,,,,0,0,false,false,40.035775,40.035775
P-W26-0080:WC-2026,P-W26-0080,Lammens,WC-2026,GK,minted,23,2,0,73,73,0,73,73,73,0,measured_performance,measured_performance,,,0.5,0.5,0.393035,0.393035,0.668657,0.668657,0,0,,,,,0,0,false,false,41.7,41.7
P-W26-0081:WC-2026,P-W26-0081,Ngoy,WC-2026,DF,minted,23,3,0,71,71,0,71,71,71,0,measured_performance,measured_performance,,,0.283582,0.283582,0.126866,0.126866,0.539896,0.539896,0,0,,,,,0,0,false,false,34,34
P-W26-0082:WC-2026,P-W26-0082,Moreira,WC-2026,MF,minted,21,2,0,71,71,0,71,71,71,0,measured_performance,measured_performance,,,0.171642,0.171642,0.072139,0.072139,0.559731,0.559731,0,0,,,,,0,0,false,false,34.75,34.75
P-W26-0083:WC-2026,P-W26-0083,Fernandez-Pardo,WC-2026,FW,minted,21,1,0,71,71,0,71,71,71,0,measured_performance,measured_performance,,,0.11194,0.11194,0.054726,0.054726,0.525866,0.525866,0,0,,,,,0,0,false,false,33.6875,33.6875
P-W26-0084:WC-2026,P-W26-0084,Seys,WC-2026,DF,minted,21,5,0,71,71,0,71,71,71,0,measured_performance,measured_performance,,,0.308458,0.308458,0.266169,0.266169,0.507561,0.507561,0,0,,,,,0,0,false,false,32.9883,32.9883
P-W26-0085:WC-2026,P-W26-0085,Penders,WC-2026,GK,minted,20,0,0,71,71,0,71,71,71,0,measured_performance,measured_performance,,,0.5,0.5,0.116915,0.116915,0.508119,0.508119,0,0,,,,,0,0,false,false,33.0286,33.0286
P-W26-0086:WC-2026,P-W26-0086,Tabakovic,WC-2026,FW,minted,31,10,4,72,72,0,72,72,72,0,measured_performance,measured_performance,,,0.318408,0.318408,0.121891,0.121891,0.608254,0.608254,0,0,,,,,0,0,false,false,37.6766,37.6766
P-W26-0087:WC-2026,P-W26-0087,Vasilj,WC-2026,GK,minted,30,25,0,81,81,0,81,81,81,0,measured_performance,measured_performance,,,0.5,0.5,0.701493,0.701493,0.788717,0.788717,0,0,,,,,0,0,false,false,52.7157,52.7157
P-W26-0088:WC-2026,P-W26-0088,Sunjic,WC-2026,MF,minted,29,11,0,68,68,0,68,68,68,0,measured_performance,measured_performance,,,0.114428,0.114428,0.134328,0.134328,0.403457,0.403457,0,0,,,,,0,0,false,false,24,24
P-W26-0089:WC-2026,P-W26-0089,Katic,WC-2026,DF,minted,29,16,1,72,72,0,72,72,72,0,measured_performance,measured_performance,,,0.539801,0.539801,0.291045,0.291045,0.618702,0.618702,0,0,,,,,0,0,false,false,38.39163,38.39163
P-W26-0090:WC-2026,P-W26-0090,Hadziahmetovic,WC-2026,MF,minted,29,35,0,75,75,0,75,75,75,0,measured_performance,measured_performance,,,0.114428,0.114428,0.4801,0.4801,0.700239,0.700239,0,0,,,,,0,0,false,false,44.912,44.912
P-W26-0091:WC-2026,P-W26-0091,Radeljic,WC-2026,DF,minted,28,5,0,69,69,0,69,69,69,0,measured_performance,measured_performance,,,0.221393,0.221393,0.121891,0.121891,0.438308,0.438308,0,0,,,,,0,0,false,false,27.5616,27.5616
P-W26-0092:WC-2026,P-W26-0092,Demirovic,WC-2026,FW,minted,28,39,4,76,76,0,76,76,76,0,measured_performance,measured_performance,,,0.420398,0.420398,0.656716,0.656716,0.709149,0.709149,0,0,,,,,0,0,false,false,45.7951,45.7951
P-W26-0093:WC-2026,P-W26-0093,Mujakic,WC-2026,DF,minted,28,11,1,71,71,0,71,71,71,0,measured_performance,measured_performance,,,0.569652,0.569652,0.228856,0.228856,0.489651,0.489651,0,0,,,,,0,0,false,false,32.2017,32.2017
P-W26-0094:WC-2026,P-W26-0094,Burnic,WC-2026,MF,minted,28,19,0,72,72,0,72,72,72,0,measured_performance,measured_performance,,,0.121891,0.121891,0.268657,0.268657,0.606776,0.606776,0,0,,,,,0,0,false,false,37.5047,37.5047
P-W26-0095:WC-2026,P-W26-0095,Hadzikadunic,WC-2026,DF,minted,27,31,0,81,81,0,81,81,81,0,measured_performance,measured_performance,,,0.236318,0.236318,0.646766,0.646766,0.789448,0.789448,0,0,,,,,0,0,false,false,52.9697,52.9697
P-W26-0096:WC-2026,P-W26-0096,Zlomislic,WC-2026,GK,minted,27,3,0,71,71,0,71,71,71,0,measured_performance,measured_performance,,,0.5,0.5,0.268657,0.268657,0.491355,0.491355,0,0,,,,,0,0,false,false,32.2791,32.2791
P-W26-0097:WC-2026,P-W26-0097,Lukic,WC-2026,FW,minted,27,2,0,66,66,0,66,66,66,0,measured_performance,measured_performance,,,0.054726,0.054726,0.047264,0.047264,0.355573,0.355573,0,0,,,,,0,0,false,false,20,20
P-W26-0098:WC-2026,P-W26-0098,Memic,WC-2026,MF,minted,25,12,1,71,71,0,71,71,71,0,measured_performance,measured_performance,,,0.39801,0.39801,0.266169,0.266169,0.550275,0.550275,0,0,,,,,0,0,false,false,34.3404,34.3404
P-W26-0099:WC-2026,P-W26-0099,Gigovic,WC-2026,MF,minted,24,19,1,72,72,0,72,72,72,0,measured_performance,measured_performance,,,0.415423,0.415423,0.447761,0.447761,0.605916,0.605916,0,0,,,,,0,0,false,false,37.4877,37.4877
P-W26-0100:WC-2026,P-W26-0100,Basic,WC-2026,MF,minted,24,16,0,71,71,0,71,71,71,0,measured_performance,measured_performance,,,0.144279,0.144279,0.393035,0.393035,0.483696,0.483696,0,0,,,,,0,0,false,false,32.1739,32.1739
P-W26-0101:WC-2026,P-W26-0101,Dedic,WC-2026,DF,minted,23,27,1,81,81,0,81,81,81,0,measured_performance,measured_performance,,,0.686567,0.686567,0.741294,0.741294,0.785221,0.785221,0,0,,,,,0,0,false,false,52.1756,52.1756
P-W26-0102:WC-2026,P-W26-0102,Muharemovic,WC-2026,DF,minted,23,13,1,75,75,0,75,75,75,0,measured_performance,measured_performance,,,0.686567,0.686567,0.462687,0.462687,0.70109,0.70109,0,0,,,,,0,0,false,false,45.3157,45.3157
P-W26-0103:WC-2026,P-W26-0103,Tahirovic,WC-2026,MF,minted,23,27,2,75,75,0,75,75,75,0,measured_performance,measured_performance,,,0.621891,0.621891,0.621891,0.621891,0.695708,0.695708,0,0,,,,,0,0,false,false,44.6121,44.6121
P-W26-0104:WC-2026,P-W26-0104,Bazdar,WC-2026,FW,minted,22,12,1,71,71,0,71,71,71,0,measured_performance,measured_performance,,,0.29602,0.29602,0.420398,0.420398,0.536815,0.536815,0,0,,,,,0,0,false,false,33.9266,33.9266
P-W26-0105:WC-2026,P-W26-0105,Bajraktarevic,WC-2026,FW,minted,21,15,1,72,72,0,72,72,72,0,measured_performance,measured_performance,,,0.323383,0.323383,0.532338,0.532338,0.609698,0.609698,0,0,,,,,0,0,false,false,37.7572,37.7572
P-W26-0106:WC-2026,P-W26-0106,Mahmic,WC-2026,MF,minted,21,1,0,69,69,0,69,69,69,0,measured_performance,measured_performance,,,0.171642,0.171642,0.024876,0.024876,0.43732,0.43732,0,0,,,,,0,0,false,false,27.5616,27.5616
P-W26-0107:WC-2026,P-W26-0107,Celik,WC-2026,DF,minted,19,1,0,71,71,0,71,71,71,0,measured_performance,measured_performance,,,0.328358,0.328358,0.097015,0.097015,0.525567,0.525567,0,0,,,,,0,0,false,false,33.6276,33.6276
P-W26-0108:WC-2026,P-W26-0108,Alajbegovic,WC-2026,FW,minted,18,9,1,72,72,0,72,72,72,0,measured_performance,measured_performance,,,0.415423,0.415423,0.460199,0.460199,0.584576,0.584576,0,0,,,,,0,0,false,false,36.348,36.348
P-W26-0109:WC-2026,P-W26-0109,Jurkas,WC-2026,GK,minted,18,0,0,68,68,0,68,68,68,0,measured_performance,measured_performance,,,0.5,0.5,0.179104,0.179104,0.40357,0.40357,0,0,,,,,0,0,false,false,24,24
P-W26-0110:WC-2026,P-W26-0110,Santos,WC-2026,DF,minted,32,6,0,68,68,0,68,68,68,0,measured_performance,measured_performance,,,0.171642,0.171642,0.074627,0.074627,0.415621,0.415621,0,0,,,,,0,0,false,false,24.2753,24.2753
P-W26-0111:WC-2026,P-W26-0111,Pereira,WC-2026,DF,minted,30,3,0,70,70,0,70,70,70,0,measured_performance,measured_performance,,,0.199005,0.199005,0.049751,0.049751,0.45328,0.45328,0,0,,,,,0,0,false,false,29.74,29.74
P-W26-0112:WC-2026,P-W26-0112,Magalhaes,WC-2026,DF,minted,28,17,1,74,74,0,74,74,74,0,measured_performance,measured_performance,,,0.569652,0.569652,0.353234,0.353234,0.679552,0.679552,0,0,,,,,0,0,false,false,43.214,43.214
P-W26-0113:WC-2026,P-W26-0113,Ibanez,WC-2026,DF,minted,27,6,0,70,70,0,70,70,70,0,measured_performance,measured_performance,,,0.236318,0.236318,0.161692,0.161692,0.457412,0.457412,0,0,,,,,0,0,false,false,30.3156,30.3156
P-W26-0114:WC-2026,P-W26-0114,Cunha,WC-2026,FW,minted,27,22,1,72,72,0,72,72,72,0,measured_performance,measured_performance,,,0.174129,0.174129,0.437811,0.437811,0.625224,0.625224,0,0,,,,,0,0,false,false,38.75,38.75
P-W26-0115:WC-2026,P-W26-0115,Luiz Henrique,WC-2026,FW,minted,25,14,2,88,88,0,71,71,71,0,career_stature_estimate,career_stature_estimate,,,0.338308,0.338308,0.355721,0.355721,0.544277,0.544277,-0.049811,-0.049811,0.509,0.509,0.672667,0.672667,1,1,false,false,62.285524,34.1818
P-W26-0116:WC-2026,P-W26-0116,Santos,WC-2026,MF,minted,25,3,2,72,72,0,72,72,72,0,measured_performance,measured_performance,,,0.574627,0.574627,0.059701,0.059701,0.579122,0.579122,0,0,,,,,0,0,false,false,35.7875,35.7875
P-W26-0117:WC-2026,P-W26-0117,Igor Thiago,WC-2026,FW,minted,24,3,2,73,73,0,73,73,73,0,measured_performance,measured_performance,,,0.370647,0.370647,0.106965,0.106965,0.656269,0.656269,0,0,,,,,0,0,false,false,41.0481,41.0481
P-W26-0118:WC-2026,P-W26-0118,Wesley,WC-2026,DF,minted,22,7,0,73,73,0,73,73,73,0,measured_performance,measured_performance,,,0.293532,0.293532,0.350746,0.350746,0.647358,0.647358,0,0,,,,,0,0,false,false,40.736,40.736
P-W26-0119:WC-2026,P-W26-0119,Endrick,WC-2026,FW,minted,19,16,3,81,81,0,81,81,81,0,measured_performance,measured_performance,,,0.651741,0.651741,0.636816,0.636816,0.790045,0.790045,0,0,,,,,0,0,false,false,53.0026,53.0026
P-W26-0120:WC-2026,P-W26-0120,Rayan,WC-2026,FW,minted,19,2,1,73,73,0,73,73,73,0,measured_performance,measured_performance,,,0.378109,0.378109,0.134328,0.134328,0.662239,0.662239,0,0,,,,,0,0,false,false,41.4737,41.4737
P-W26-0121:WC-2026,P-W26-0121,Crepeau,WC-2026,GK,minted,32,31,0,74,74,0,74,74,74,0,measured_performance,measured_performance,,,0.5,0.5,0.656716,0.656716,0.677624,0.677624,0,0,,,,,0,0,false,false,43.1111,43.1111
P-W26-0122:WC-2026,P-W26-0122,Jones,WC-2026,DF,minted,28,2,0,71,71,0,71,71,71,0,measured_performance,measured_performance,,,0.221393,0.221393,0.042289,0.042289,0.530299,0.530299,0,0,,,,,0,0,false,false,33.75,33.75
P-W26-0123:WC-2026,P-W26-0123,Choiniere,WC-2026,MF,minted,27,23,0,71,71,0,71,71,71,0,measured_performance,measured_performance,,,0.126866,0.126866,0.368159,0.368159,0.527588,0.527588,0,0,,,,,0,0,false,false,33.6875,33.6875
P-W26-0124:WC-2026,P-W26-0124,Shaffelburg,WC-2026,MF,minted,26,31,6,76,76,0,76,76,76,0,measured_performance,measured_performance,,,0.820896,0.820896,0.559701,0.559701,0.716006,0.716006,0,0,,,,,0,0,false,false,46.2169,46.2169
P-W26-0125:WC-2026,P-W26-0125,Bombito,WC-2026,DF,minted,26,20,0,76,76,0,76,76,76,0,measured_performance,measured_performance,,,0.248756,0.248756,0.49005,0.49005,0.714224,0.714224,0,0,,,,,0,0,false,false,46.1878,46.1878
P-W26-0126:WC-2026,P-W26-0126,Oluwaseyi,WC-2026,FW,minted,26,23,2,74,74,0,74,74,74,0,measured_performance,measured_performance,,,0.308458,0.308458,0.49005,0.49005,0.679851,0.679851,0,0,,,,,0,0,false,false,43.25,43.25
P-W26-0127:WC-2026,P-W26-0127,Ahmed,WC-2026,FW,minted,25,24,1,73,73,0,73,73,73,0,measured_performance,measured_performance,,,0.216418,0.216418,0.539801,0.539801,0.652687,0.652687,0,0,,,,,0,0,false,false,40.9909,40.9909
P-W26-0128:WC-2026,P-W26-0128,David,WC-2026,FW,minted,24,9,3,72,72,0,72,72,72,0,measured_performance,measured_performance,,,0.470149,0.470149,0.251244,0.251244,0.579203,0.579203,0,0,,,,,0,0,false,false,35.787529,35.787529
P-W26-0129:WC-2026,P-W26-0129,Sigur,WC-2026,DF,minted,22,18,2,73,73,0,73,73,73,0,measured_performance,measured_performance,,,0.868159,0.868159,0.606965,0.606965,0.671143,0.671143,0,0,,,,,0,0,false,false,42.3256,42.3256
P-W26-0130:WC-2026,P-W26-0130,Goodman,WC-2026,GK,minted,22,0,0,71,71,0,71,71,71,0,measured_performance,measured_performance,,,0.5,0.5,0.077114,0.077114,0.517015,0.517015,0,0,,,,,0,0,false,false,33.25,33.25
P-W26-0131:WC-2026,P-W26-0131,Saliba,WC-2026,MF,minted,22,14,2,72,72,0,72,72,72,0,measured_performance,measured_performance,,,0.639303,0.639303,0.40796,0.40796,0.637439,0.637439,0,0,,,,,0,0,false,false,39.7976,39.7976
P-W26-0132:WC-2026,P-W26-0132,Fougerolles,WC-2026,DF,minted,20,12,0,73,73,0,73,73,73,0,measured_performance,measured_performance,,,0.318408,0.318408,0.569652,0.569652,0.653233,0.653233,0,0,,,,,0,0,false,false,41,41
P-W26-0133:WC-2026,P-W26-0133,Cordoba,WC-2026,FW,minted,33,21,6,71,71,0,71,71,71,0,measured_performance,measured_performance,,,0.378109,0.378109,0.246269,0.246269,0.545472,0.545472,0,0,,,,,0,0,false,false,34.2297,34.2297
P-W26-0134:WC-2026,P-W26-0134,Machado,WC-2026,DF,minted,32,15,0,71,71,0,71,71,71,0,measured_performance,measured_performance,,,0.171642,0.171642,0.189055,0.189055,0.569746,0.569746,0,0,,,,,0,0,false,false,35.0807,35.0807
P-W26-0135:WC-2026,P-W26-0135,Montero,WC-2026,GK,minted,31,11,0,71,71,0,71,71,71,0,measured_performance,measured_performance,,,0.5,0.5,0.437811,0.437811,0.572549,0.572549,0,0,,,,,0,0,false,false,35.2085,35.2085
P-W26-0136:WC-2026,P-W26-0136,Munoz,WC-2026,DF,minted,30,45,3,86,86,0,86,86,86,0,measured_performance,measured_performance,,,0.818408,0.818408,0.689055,0.689055,0.840746,0.840746,0,0,,,,,0,0,false,false,58.809254,58.809254
P-W26-0137:WC-2026,P-W26-0137,Diaz,WC-2026,FW,minted,29,73,22,88,88,0,88,88,88,0,measured_performance,measured_performance,,,0.843284,0.843284,0.870647,0.870647,0.88706,0.88706,0,0,,,,,0,0,false,false,62,62
P-W26-0138:WC-2026,P-W26-0138,Arias,WC-2026,MF,minted,28,37,4,78,78,0,78,78,78,0,measured_performance,measured_performance,,,0.681592,0.681592,0.557214,0.557214,0.742943,0.742943,0,0,,,,,0,0,false,false,48.9044,48.9044
P-W26-0139:WC-2026,P-W26-0139,Suarez,WC-2026,FW,minted,28,11,5,72,72,0,72,72,72,0,measured_performance,measured_performance,,,0.492537,0.492537,0.208955,0.208955,0.631788,0.631788,0,0,,,,,0,0,false,false,39.2605,39.2605
P-W26-0140:WC-2026,P-W26-0140,Ditta,WC-2026,DF,minted,28,4,0,68,68,0,68,68,68,0,measured_performance,measured_performance,,,0.221393,0.221393,0.09204,0.09204,0.423979,0.423979,0,0,,,,,0,0,false,false,24.4651,24.4651
P-W26-0141:WC-2026,P-W26-0141,Carrascal,WC-2026,MF,minted,28,23,2,72,72,0,72,72,72,0,measured_performance,measured_performance,,,0.487562,0.487562,0.320896,0.320896,0.63763,0.63763,0,0,,,,,0,0,false,false,39.7976,39.7976
P-W26-0142:WC-2026,P-W26-0142,Lucumi,WC-2026,DF,minted,27,36,1,84,84,0,84,84,84,0,measured_performance,measured_performance,,,0.597015,0.597015,0.71393,0.71393,0.821686,0.821686,0,0,,,,,0,0,false,false,56.8372,56.8372
P-W26-0143:WC-2026,P-W26-0143,Portilla,WC-2026,MF,minted,27,9,0,71,71,0,71,71,71,0,measured_performance,measured_performance,,,0.126866,0.126866,0.141791,0.141791,0.516794,0.516794,0,0,,,,,0,0,false,false,33.25,33.25
P-W26-0144:WC-2026,P-W26-0144,Hernandez,WC-2026,FW,minted,27,8,2,72,72,0,72,72,72,0,measured_performance,measured_performance,,,0.283582,0.283582,0.154229,0.154229,0.630597,0.630597,0,0,,,,,0,0,false,false,39.0634,39.0634
P-W26-0145:WC-2026,P-W26-0145,Campaz,WC-2026,FW,minted,26,9,1,71,71,0,71,71,71,0,measured_performance,measured_performance,,,0.191542,0.191542,0.201493,0.201493,0.472934,0.472934,0,0,,,,,0,0,false,false,31.5595,31.5595
P-W26-0146:WC-2026,P-W26-0146,Rios,WC-2026,MF,minted,26,31,2,76,76,0,76,76,76,0,measured_performance,measured_performance,,,0.544776,0.544776,0.559701,0.559701,0.717391,0.717391,0,0,,,,,0,0,false,false,46.2169,46.2169
P-W26-0147:WC-2026,P-W26-0147,Castano,WC-2026,MF,minted,25,25,0,71,71,0,71,71,71,0,measured_performance,measured_performance,,,0.139303,0.139303,0.497512,0.497512,0.56723,0.56723,0,0,,,,,0,0,false,false,34.9538,34.9538
P-W26-0148:WC-2026,P-W26-0148,Gomez,WC-2026,FW,minted,23,7,2,72,72,0,72,72,72,0,measured_performance,measured_performance,,,0.405473,0.405473,0.216418,0.216418,0.60134,0.60134,0,0,,,,,0,0,false,false,37.2258,37.2258
P-W26-0149:WC-2026,P-W26-0149,Puerta,WC-2026,DF,minted,22,5,1,72,72,0,72,72,72,0,measured_performance,measured_performance,,,0.708955,0.708955,0.241294,0.241294,0.625821,0.625821,0,0,,,,,0,0,false,false,38.8946,38.8946
P-W26-0150:WC-2026,P-W26-0150,Pongracic,WC-2026,DF,minted,28,19,0,73,73,0,73,73,73,0,measured_performance,measured_performance,,,0.221393,0.221393,0.400498,0.400498,0.671239,0.671239,0,0,,,,,0,0,false,false,42.3256,42.3256
P-W26-0151:WC-2026,P-W26-0151,Musa,WC-2026,FW,minted,28,11,1,70,70,0,70,70,70,0,measured_performance,measured_performance,,,0.151741,0.151741,0.208955,0.208955,0.459501,0.459501,0,0,,,,,0,0,false,false,30.5,30.5
P-W26-0152:WC-2026,P-W26-0152,Moro,WC-2026,MF,minted,28,10,0,71,71,0,71,71,71,0,measured_performance,measured_performance,,,0.121891,0.121891,0.139303,0.139303,0.569522,0.569522,0,0,,,,,0,0,false,false,35.0807,35.0807
P-W26-0153:WC-2026,P-W26-0153,Kotarski,WC-2026,GK,minted,26,4,0,71,71,0,71,71,71,0,measured_performance,measured_performance,,,0.5,0.5,0.400498,0.400498,0.554639,0.554639,0,0,,,,,0,0,false,false,34.5683,34.5683
P-W26-0154:WC-2026,P-W26-0154,Pandur,WC-2026,GK,minted,26,0,0,71,71,0,71,71,71,0,measured_performance,measured_performance,,,0.5,0.5,0.029851,0.029851,0.494328,0.494328,0,0,,,,,0,0,false,false,32.383,32.383
P-W26-0155:WC-2026,P-W26-0155,Pasalic,WC-2026,FW,minted,25,14,1,71,71,0,71,71,71,0,measured_performance,measured_performance,,,0.216418,0.216418,0.355721,0.355721,0.500397,0.500397,0,0,,,,,0,0,false,false,32.8067,32.8067
P-W26-0156:WC-2026,P-W26-0156,Fruk,WC-2026,MF,minted,25,7,1,71,71,0,71,71,71,0,measured_performance,measured_performance,,,0.39801,0.39801,0.151741,0.151741,0.517319,0.517319,0,0,,,,,0,0,false,false,33.2624,33.2624
P-W26-0157:WC-2026,P-W26-0157,Baturina,WC-2026,MF,minted,23,18,1,76,76,0,76,76,76,0,measured_performance,measured_performance,,,0.430348,0.430348,0.450249,0.450249,0.718299,0.718299,0,0,,,,,0,0,false,false,46.2169,46.2169
P-W26-0158:WC-2026,P-W26-0158,Matanovic,WC-2026,FW,minted,23,8,2,73,73,0,73,73,73,0,measured_performance,measured_performance,,,0.405473,0.405473,0.243781,0.243781,0.654224,0.654224,0,0,,,,,0,0,false,false,41,41
P-W26-0159:WC-2026,P-W26-0159,Sucic,WC-2026,MF,minted,22,16,1,77,77,0,77,77,77,0,measured_performance,measured_performance,,,0.442786,0.442786,0.465174,0.465174,0.724985,0.724985,0,0,,,,,0,0,false,false,47.0545,47.0545
P-W26-0160:WC-2026,P-W26-0160,Vuskovic,WC-2026,DF,minted,19,5,1,72,72,0,72,72,72,0,measured_performance,measured_performance,,,0.771144,0.771144,0.333333,0.333333,0.639,0.639,0,0,,,,,0,0,false,false,39.8823,39.8823
P-W26-0161:WC-2026,P-W26-0161,Darida,WC-2026,MF,minted,35,78,8,76,76,0,76,76,76,0,measured_performance,measured_performance,,,0.641791,0.641791,0.686567,0.686567,0.718155,0.718155,0,0,,,,,0,0,false,false,46.2169,46.2169
P-W26-0162:WC-2026,P-W26-0162,Zeleny,WC-2026,DF,minted,33,22,0,71,71,0,71,71,71,0,measured_performance,measured_performance,,,0.156716,0.156716,0.300995,0.300995,0.524278,0.524278,0,0,,,,,0,0,false,false,33.4,33.4
P-W26-0163:WC-2026,P-W26-0163,Coufal,WC-2026,DF,minted,33,61,2,85,85,0,85,85,85,0,measured_performance,measured_performance,,,0.616915,0.616915,0.731343,0.731343,0.830045,0.830045,0,0,,,,,0,0,false,false,57.55285,57.55285
P-W26-0164:WC-2026,P-W26-0164,Holes,WC-2026,DF,minted,33,40,2,72,72,0,72,72,72,0,measured_performance,measured_performance,,,0.616915,0.616915,0.4801,0.4801,0.610248,0.610248,0,0,,,,,0,0,false,false,37.8286,37.8286
P-W26-0165:WC-2026,P-W26-0165,Chory,WC-2026,FW,minted,31,21,6,72,72,0,72,72,72,0,measured_performance,measured_performance,,,0.457711,0.457711,0.303483,0.303483,0.580994,0.580994,0,0,,,,,0,0,false,false,36.0183,36.0183
P-W26-0166:WC-2026,P-W26-0166,Soucek,WC-2026,MF,minted,31,89,17,88,88,0,88,88,88,0,measured_performance,measured_performance,,,0.955224,0.955224,0.91791,0.91791,0.987761,0.987761,0,0,,,,,0,0,false,false,62,62
P-W26-0167:WC-2026,P-W26-0167,Schick,WC-2026,FW,minted,30,52,25,88,88,0,88,88,88,0,measured_performance,measured_performance,,,0.855721,0.855721,0.721393,0.721393,0.873627,0.873627,0,0,,,,,0,0,false,false,61.8286,61.8286
P-W26-0168:WC-2026,P-W26-0168,Stanek,WC-2026,GK,minted,30,14,0,72,72,0,72,72,72,0,measured_performance,measured_performance,,,0.5,0.5,0.574627,0.574627,0.638221,0.638221,0,0,,,,,0,0,false,false,39.7976,39.7976
P-W26-0169:WC-2026,P-W26-0169,Provod,WC-2026,MF,minted,29,37,3,73,73,0,73,73,73,0,measured_performance,measured_performance,,,0.557214,0.557214,0.50995,0.50995,0.651051,0.651051,0,0,,,,,0,0,false,false,40.9709,40.9709
P-W26-0170:WC-2026,P-W26-0170,Kuchta,WC-2026,FW,minted,29,31,3,71,71,0,71,71,71,0,measured_performance,measured_performance,,,0.310945,0.310945,0.517413,0.517413,0.55383,0.55383,0,0,,,,,0,0,false,false,34.4436,34.4436
P-W26-0171:WC-2026,P-W26-0171,Doudera,WC-2026,DF,minted,28,16,2,71,71,0,71,71,71,0,measured_performance,measured_performance,,,0.748756,0.748756,0.320896,0.320896,0.53383,0.53383,0,0,,,,,0,0,false,false,33.9122,33.9122
P-W26-0172:WC-2026,P-W26-0172,Krejci,WC-2026,DF,minted,27,26,5,80,80,0,80,80,80,0,measured_performance,measured_performance,,,0.950249,0.950249,0.549751,0.549751,0.77388,0.77388,0,0,,,,,0,0,false,false,50.9242,50.9242
P-W26-0173:WC-2026,P-W26-0173,Chytil,WC-2026,FW,minted,27,22,6,73,73,0,73,73,73,0,measured_performance,measured_performance,,,0.594527,0.594527,0.437811,0.437811,0.646367,0.646367,0,0,,,,,0,0,false,false,40.6141,40.6141
P-W26-0174:WC-2026,P-W26-0174,Sadilek,WC-2026,MF,minted,27,34,1,72,72,0,72,72,72,0,measured_performance,measured_performance,,,0.360697,0.360697,0.564677,0.564677,0.629081,0.629081,0,0,,,,,0,0,false,false,39.0634,39.0634
P-W26-0175:WC-2026,P-W26-0175,Hranac,WC-2026,DF,minted,26,13,1,73,73,0,73,73,73,0,measured_performance,measured_performance,,,0.621891,0.621891,0.338308,0.338308,0.641388,0.641388,0,0,,,,,0,0,false,false,40.1053,40.1053
P-W26-0176:WC-2026,P-W26-0176,Kovar,WC-2026,GK,minted,26,19,0,80,80,0,80,80,80,0,measured_performance,measured_performance,,,0.5,0.5,0.781095,0.781095,0.782126,0.782126,0,0,,,,,0,0,false,false,51.933129,51.933129
P-W26-0177:WC-2026,P-W26-0177,Jurasek,WC-2026,DF,minted,25,17,1,72,72,0,72,72,72,0,measured_performance,measured_performance,,,0.644279,0.644279,0.450249,0.450249,0.59592,0.59592,0,0,,,,,0,0,false,false,36.7059,36.7059
P-W26-0178:WC-2026,P-W26-0178,Zima,WC-2026,DF,minted,25,24,1,73,73,0,73,73,73,0,measured_performance,measured_performance,,,0.644279,0.644279,0.589552,0.589552,0.662785,0.662785,0,0,,,,,0,0,false,false,41.4737,41.4737
P-W26-0179:WC-2026,P-W26-0179,Sulc,WC-2026,FW,minted,25,20,5,78,78,0,78,78,78,0,measured_performance,measured_performance,,,0.594527,0.594527,0.447761,0.447761,0.746761,0.746761,0,0,,,,,0,0,false,false,49.2603,49.2603
P-W26-0180:WC-2026,P-W26-0180,Cerv,WC-2026,MF,minted,25,16,2,72,72,0,72,72,72,0,measured_performance,measured_performance,,,0.574627,0.574627,0.353234,0.353234,0.60926,0.60926,0,0,,,,,0,0,false,false,37.7021,37.7021
P-W26-0181:WC-2026,P-W26-0181,Hornicek,WC-2026,GK,minted,23,1,0,71,71,0,71,71,71,0,measured_performance,measured_performance,,,0.5,0.5,0.243781,0.243781,0.524215,0.524215,0,0,,,,,0,0,false,false,33.4,33.4
P-W26-0182:WC-2026,P-W26-0182,Hlozek,WC-2026,FW,minted,23,42,5,84,84,0,84,84,84,0,measured_performance,measured_performance,,,0.661692,0.661692,0.840796,0.840796,0.818105,0.818105,0,0,,,,,0,0,false,false,56.6467,56.6467
P-W26-0183:WC-2026,P-W26-0183,Chaloupek,WC-2026,DF,minted,23,4,0,70,70,0,70,70,70,0,measured_performance,measured_performance,,,0.283582,0.283582,0.166667,0.166667,0.4598,0.4598,0,0,,,,,0,0,false,false,30.6024,30.6024
P-W26-0184:WC-2026,P-W26-0184,Visinsky,WC-2026,FW,minted,23,1,0,68,68,0,68,68,68,0,measured_performance,measured_performance,,,0.089552,0.089552,0.044776,0.044776,0.417412,0.417412,0,0,,,,,0,0,false,false,24.2753,24.2753
P-W26-0185:WC-2026,P-W26-0185,Sojka,WC-2026,MF,minted,23,1,0,69,69,0,69,69,69,0,measured_performance,measured_performance,,,0.151741,0.151741,0.0199,0.0199,0.432065,0.432065,0,0,,,,,0,0,false,false,25.7465,25.7465
P-W26-0186:WC-2026,P-W26-0186,Sochurek,WC-2026,MF,minted,18,1,0,70,70,0,70,70,70,0,measured_performance,measured_performance,,,0.216418,0.216418,0.047264,0.047264,0.452364,0.452364,0,0,,,,,0,0,false,false,29.7225,29.7225
P-W26-0187:WC-2026,P-W26-0187,Valle,WC-2026,GK,minted,30,3,0,68,68,0,68,68,68,0,measured_performance,measured_performance,,,0.5,0.5,0.174129,0.174129,0.401182,0.401182,0,0,,,,,0,0,false,false,23.9771,23.9771
P-W26-0188:WC-2026,P-W26-0188,Caicedo,WC-2026,FW,minted,28,19,3,71,71,0,71,71,71,0,measured_performance,measured_performance,,,0.340796,0.340796,0.350746,0.350746,0.544576,0.544576,0,0,,,,,0,0,false,false,34.189391,34.189391
P-W26-0189:WC-2026,P-W26-0189,Alcivar,WC-2026,MF,minted,26,10,1,70,70,0,70,70,70,0,measured_performance,measured_performance,,,0.378109,0.378109,0.189055,0.189055,0.469845,0.469845,0,0,,,,,0,0,false,false,31.2096,31.2096
P-W26-0190:WC-2026,P-W26-0190,Yeboah,WC-2026,FW,minted,25,22,3,75,75,0,75,75,75,0,measured_performance,measured_performance,,,0.437811,0.437811,0.495025,0.495025,0.696015,0.696015,0,0,,,,,0,0,false,false,44.6121,44.6121
P-W26-0191:WC-2026,P-W26-0191,Vite,WC-2026,MF,minted,24,16,1,72,72,0,72,72,72,0,measured_performance,measured_performance,,,0.415423,0.415423,0.393035,0.393035,0.590155,0.590155,0,0,,,,,0,0,false,false,36.5157,36.5157
P-W26-0192:WC-2026,P-W26-0192,Minda,WC-2026,MF,minted,23,19,2,76,76,0,76,76,76,0,measured_performance,measured_performance,,,0.621891,0.621891,0.485075,0.485075,0.710705,0.710705,0,0,,,,,0,0,false,false,45.931,45.931
P-W26-0193:WC-2026,P-W26-0193,Angulo,WC-2026,FW,minted,22,13,1,73,73,0,73,73,73,0,measured_performance,measured_performance,,,0.29602,0.29602,0.435323,0.435323,0.668806,0.668806,0,0,,,,,0,0,false,false,41.8,41.8
P-W26-0194:WC-2026,P-W26-0194,Valencia,WC-2026,MF,minted,22,2,1,71,71,0,71,71,71,0,measured_performance,measured_performance,,,0.442786,0.442786,0.059701,0.059701,0.499409,0.499409,0,0,,,,,0,0,false,false,32.7659,32.7659
P-W26-0195:WC-2026,P-W26-0195,Castillo,WC-2026,MF,minted,22,5,0,70,70,0,70,70,70,0,measured_performance,measured_performance,,,0.156716,0.156716,0.156716,0.156716,0.472424,0.472424,0,0,,,,,0,0,false,false,31.2457,31.2457
P-W26-0196:WC-2026,P-W26-0196,Ordonez,WC-2026,DF,minted,22,16,0,73,73,0,73,73,73,0,measured_performance,measured_performance,,,0.293532,0.293532,0.554726,0.554726,0.646068,0.646068,0,0,,,,,0,0,false,false,40.600182,40.600182
P-W26-0197:WC-2026,P-W26-0197,Medina,WC-2026,DF,minted,21,5,0,71,71,0,71,71,71,0,measured_performance,measured_performance,,,0.308458,0.308458,0.266169,0.266169,0.507561,0.507561,0,0,,,,,0,0,false,false,32.9883,32.9883
P-W26-0198:WC-2026,P-W26-0198,Arevalo,WC-2026,FW,minted,21,3,0,71,71,0,71,71,71,0,measured_performance,measured_performance,,,0.11194,0.11194,0.156716,0.156716,0.538104,0.538104,0,0,,,,,0,0,false,false,33.9862,33.9862
P-W26-0199:WC-2026,P-W26-0199,Paez,WC-2026,MF,minted,19,25,2,79,79,0,79,79,79,0,measured_performance,measured_performance,,,0.711443,0.711443,0.766169,0.766169,0.754454,0.754454,0,0,,,,,0,0,false,false,49.8182,49.8182
P-W26-0200:WC-2026,P-W26-0200,Soliman,WC-2026,GK,minted,39,0,0,66,66,0,66,66,66,0,measured_performance,measured_performance,,,0.5,0.5,0.002488,0.002488,0.318794,0.318794,0,0,,,,,0,0,false,false,20,20
P-W26-0201:WC-2026,P-W26-0201,Ibrahim,WC-2026,DF,minted,33,16,1,68,68,0,68,68,68,0,measured_performance,measured_performance,,,0.430348,0.430348,0.191542,0.191542,0.42214,0.42214,0,0,,,,,0,0,false,false,24.437,24.437
P-W26-0202:WC-2026,P-W26-0202,Rabia,WC-2026,DF,minted,33,44,5,72,72,0,72,72,72,0,measured_performance,measured_performance,,,0.865672,0.865672,0.527363,0.527363,0.583334,0.583334,0,0,,,,,0,0,false,false,36.3333,36.3333
P-W26-0203:WC-2026,P-W26-0203,Fathy,WC-2026,MF,minted,31,62,3,72,72,0,72,72,72,0,measured_performance,measured_performance,,,0.475124,0.475124,0.674129,0.674129,0.628173,0.628173,0,0,,,,,0,0,false,false,38.9913,38.9913
P-W26-0204:WC-2026,P-W26-0204,Zizo,WC-2026,FW,minted,30,62,5,72,72,0,72,72,72,0,measured_performance,measured_performance,,,0.420398,0.420398,0.781095,0.781095,0.575275,0.575275,0,0,,,,,0,0,false,false,35.5146,35.5146
P-W26-0205:WC-2026,P-W26-0205,Hany,WC-2026,DF,minted,30,41,0,72,72,0,72,72,72,0,measured_performance,measured_performance,,,0.199005,0.199005,0.639303,0.639303,0.637065,0.637065,0,0,,,,,0,0,false,false,39.7799,39.7799
P-W26-0206:WC-2026,P-W26-0206,Hafez,WC-2026,DF,minted,30,8,0,68,68,0,68,68,68,0,measured_performance,measured_performance,,,0.199005,0.199005,0.134328,0.134328,0.394677,0.394677,0,0,,,,,0,0,false,false,23.2,23.2
P-W26-0207:WC-2026,P-W26-0207,Emad,WC-2026,MF,minted,30,12,0,70,70,0,70,70,70,0,measured_performance,measured_performance,,,0.109453,0.109453,0.129353,0.129353,0.455469,0.455469,0,0,,,,,0,0,false,false,29.7655,29.7655
P-W26-0208:WC-2026,P-W26-0208,Lasheen,WC-2026,MF,minted,30,22,0,69,69,0,69,69,69,0,measured_performance,measured_performance,,,0.109453,0.109453,0.236318,0.236318,0.431875,0.431875,0,0,,,,,0,0,false,false,25.0526,25.0526
P-W26-0209:WC-2026,P-W26-0209,Ziko,WC-2026,MF,minted,29,1,1,68,68,0,68,68,68,0,measured_performance,measured_performance,,,0.325871,0.325871,0.007463,0.007463,0.407517,0.407517,0,0,,,,,0,0,false,false,24.1081,24.1081
P-W26-0210:WC-2026,P-W26-0210,Ashour,WC-2026,MF,minted,28,28,0,71,71,0,71,71,71,0,measured_performance,measured_performance,,,0.121891,0.121891,0.405473,0.405473,0.482979,0.482979,0,0,,,,,0,0,false,false,32.1339,32.1339
P-W26-0211:WC-2026,P-W26-0211,Fatouh,WC-2026,DF,minted,28,38,1,73,73,0,73,73,73,0,measured_performance,measured_performance,,,0.569652,0.569652,0.69403,0.69403,0.663334,0.663334,0,0,,,,,0,0,false,false,41.547343,41.547343
P-W26-0212:WC-2026,P-W26-0212,Attia,WC-2026,MF,minted,27,33,1,71,71,0,71,71,71,0,measured_performance,measured_performance,,,0.360697,0.360697,0.544776,0.544776,0.568949,0.568949,0,0,,,,,0,0,false,false,35.0554,35.0554
P-W26-0213:WC-2026,P-W26-0213,Alaa,WC-2026,GK,minted,27,0,0,66,66,0,66,66,66,0,measured_performance,measured_performance,,,0.5,0.5,0.024876,0.024876,0.32954,0.32954,0,0,,,,,0,0,false,false,20,20
P-W26-0214:WC-2026,P-W26-0214,Abdelmonem,WC-2026,DF,minted,27,35,3,83,83,0,83,83,83,0,measured_performance,measured_performance,,,0.865672,0.865672,0.696517,0.696517,0.813328,0.813328,0,0,,,,,0,0,false,false,55.6203,55.6203
P-W26-0215:WC-2026,P-W26-0215,Marmoush,WC-2026,FW,minted,27,48,11,88,88,0,88,88,88,0,measured_performance,measured_performance,,,0.763682,0.763682,0.761194,0.761194,0.876269,0.876269,0,0,,,,,0,0,false,false,62,62
P-W26-0216:WC-2026,P-W26-0216,Shobeir,WC-2026,GK,minted,26,8,0,72,72,0,72,72,72,0,measured_performance,measured_performance,,,0.5,0.5,0.587065,0.587065,0.599391,0.599391,0,0,,,,,0,0,false,false,36.7143,36.7143
P-W26-0217:WC-2026,P-W26-0217,Adel,WC-2026,FW,minted,25,23,3,72,72,0,72,72,72,0,measured_performance,measured_performance,,,0.437811,0.437811,0.524876,0.524876,0.600397,0.600397,0,0,,,,,0,0,false,false,37.1429,37.1429
P-W26-0218:WC-2026,P-W26-0218,Abdelmaguid,WC-2026,DF,minted,25,13,0,71,71,0,71,71,71,0,measured_performance,measured_performance,,,0.261194,0.261194,0.373134,0.373134,0.509304,0.509304,0,0,,,,,0,0,false,false,33.1174,33.1174
P-W26-0219:WC-2026,P-W26-0219,Saber,WC-2026,MF,minted,24,15,1,71,71,0,71,71,71,0,measured_performance,measured_performance,,,0.415423,0.415423,0.358209,0.358209,0.525725,0.525725,0,0,,,,,0,0,false,false,33.6484,33.6484
P-W26-0220:WC-2026,P-W26-0220,Alaa,WC-2026,DF,minted,24,2,0,66,66,0,66,66,66,0,measured_performance,measured_performance,,,0.271144,0.271144,0.08209,0.08209,0.369603,0.369603,0,0,,,,,0,0,false,false,20,20
P-W26-0221:WC-2026,P-W26-0221,Hassan,WC-2026,FW,minted,24,3,0,71,71,0,71,71,71,0,measured_performance,measured_performance,,,0.079602,0.079602,0.106965,0.106965,0.551493,0.551493,0,0,,,,,0,0,false,false,34.4436,34.4436
P-W26-0222:WC-2026,P-W26-0222,Abdelkarim,WC-2026,FW,minted,18,1,0,71,71,0,71,71,71,0,measured_performance,measured_performance,,,0.144279,0.144279,0.072139,0.072139,0.570597,0.570597,0,0,,,,,0,0,false,false,35.15,35.15
P-W26-0223:WC-2026,P-W26-0223,Burn,WC-2026,DF,minted,34,6,0,71,71,0,71,71,71,0,measured_performance,measured_performance,,,0.141791,0.141791,0.054726,0.054726,0.536268,0.536268,0,0,,,,,0,0,false,false,33.9122,33.9122
P-W26-0224:WC-2026,P-W26-0224,Watkins,WC-2026,FW,minted,30,20,6,77,77,0,77,77,77,0,measured_performance,measured_performance,,,0.49005,0.49005,0.308458,0.308458,0.723433,0.723433,0,0,,,,,0,0,false,false,46.9673,46.9673
P-W26-0225:WC-2026,P-W26-0225,Toney,WC-2026,FW,minted,30,7,1,69,69,0,69,69,69,0,measured_performance,measured_performance,,,0.116915,0.116915,0.089552,0.089552,0.432636,0.432636,0,0,,,,,0,0,false,false,25.8909,25.8909
P-W26-0226:WC-2026,P-W26-0226,Henderson,WC-2026,GK,minted,29,4,0,72,72,0,72,72,72,0,measured_performance,measured_performance,,,0.5,0.5,0.300995,0.300995,0.624478,0.624478,0,0,,,,,0,0,false,false,38.75,38.75
P-W26-0227:WC-2026,P-W26-0227,Konsa,WC-2026,DF,minted,28,18,1,74,74,0,74,74,74,0,measured_performance,measured_performance,,,0.569652,0.569652,0.378109,0.378109,0.691492,0.691492,0,0,,,,,0,0,false,false,44,44
P-W26-0228:WC-2026,P-W26-0228,Eze,WC-2026,MF,minted,27,16,3,77,77,0,77,77,77,0,measured_performance,measured_performance,,,0.621891,0.621891,0.268657,0.268657,0.736776,0.736776,0,0,,,,,0,0,false,false,48.1143,48.1143
P-W26-0229:WC-2026,P-W26-0229,James,WC-2026,DF,minted,26,22,1,79,79,0,79,79,79,0,measured_performance,measured_performance,,,0.621891,0.621891,0.5199,0.5199,0.759552,0.759552,0,0,,,,,0,0,false,false,50.3456,50.3456
P-W26-0230:WC-2026,P-W26-0230,Guehi,WC-2026,DF,minted,25,27,1,84,84,0,84,84,84,0,measured_performance,measured_performance,,,0.644279,0.644279,0.659204,0.659204,0.826418,0.826418,0,0,,,,,0,0,false,false,57.25,57.25
P-W26-0231:WC-2026,P-W26-0231,Spence,WC-2026,DF,minted,25,4,0,71,71,0,71,71,71,0,measured_performance,measured_performance,,,0.261194,0.261194,0.131841,0.131841,0.573284,0.573284,0,0,,,,,0,0,false,false,35.2941,35.2941
P-W26-0232:WC-2026,P-W26-0232,Gordon,WC-2026,FW,minted,25,17,2,74,74,0,74,74,74,0,measured_performance,measured_performance,,,0.338308,0.338308,0.400498,0.400498,0.679851,0.679851,0,0,,,,,0,0,false,false,43.214,43.214
P-W26-0233:WC-2026,P-W26-0233,Madueke,WC-2026,FW,minted,24,10,1,72,72,0,72,72,72,0,measured_performance,measured_performance,,,0.238806,0.238806,0.288557,0.288557,0.630597,0.630597,0,0,,,,,0,0,false,false,39.0634,39.0634
P-W26-0234:WC-2026,P-W26-0234,Rogers,WC-2026,MF,minted,23,13,1,77,77,0,77,77,77,0,measured_performance,measured_performance,,,0.430348,0.430348,0.350746,0.350746,0.723642,0.723642,0,0,,,,,0,0,false,false,46.9673,46.9673
P-W26-0235:WC-2026,P-W26-0235,Trafford,WC-2026,GK,minted,23,1,0,72,72,0,72,72,72,0,measured_performance,measured_performance,,,0.5,0.5,0.243781,0.243781,0.597015,0.597015,0,0,,,,,0,0,false,false,36.7059,36.7059
P-W26-0236:WC-2026,P-W26-0236,Anderson,WC-2026,MF,minted,23,7,0,72,72,0,72,72,72,0,measured_performance,measured_performance,,,0.151741,0.151741,0.199005,0.199005,0.626448,0.626448,0,0,,,,,0,0,false,false,38.9241,38.9241
P-W26-0237:WC-2026,P-W26-0237,Livramento,WC-2026,DF,minted,23,5,0,72,72,0,72,72,72,0,measured_performance,measured_performance,,,0.283582,0.283582,0.216418,0.216418,0.613881,0.613881,0,0,,,,,0,0,false,false,38.0414,38.0414
P-W26-0238:WC-2026,P-W26-0238,Quansah,WC-2026,DF,minted,23,1,0,71,71,0,71,71,71,0,measured_performance,measured_performance,,,0.283582,0.283582,0.057214,0.057214,0.506463,0.506463,0,0,,,,,0,0,false,false,32.9461,32.9461
P-W26-0239:WC-2026,P-W26-0239,O'Reilly,WC-2026,DF,minted,21,3,0,72,72,0,72,72,72,0,measured_performance,measured_performance,,,0.308458,0.308458,0.154229,0.154229,0.58403,0.58403,0,0,,,,,0,0,false,false,36.343612,36.343612
P-W26-0240:WC-2026,P-W26-0240,Mainoo,WC-2026,MF,minted,21,12,0,74,74,0,74,74,74,0,measured_performance,measured_performance,,,0.171642,0.171642,0.40796,0.40796,0.690448,0.690448,0,0,,,,,0,0,false,false,44,44
P-W26-0241:WC-2026,P-W26-0241,Samba,WC-2026,GK,minted,32,4,0,71,71,0,71,71,71,0,measured_performance,measured_performance,,,0.5,0.5,0.216418,0.216418,0.555881,0.555881,0,0,,,,,0,0,false,false,34.7429,34.7429
P-W26-0242:WC-2026,P-W26-0242,Maignan,WC-2026,GK,minted,30,38,0,86,85,-1,85,86,85,-1,measured_performance,measured_performance,,,0.5,0.5,0.803483,0.803483,0.837672,0.837672,0,0,,,,,0,0,false,false,58.4382,58.4382
P-W26-0243:WC-2026,P-W26-0243,Mateta,WC-2026,FW,minted,28,3,2,72,72,0,72,72,72,0,measured_performance,measured_performance,,,0.256219,0.256219,0.059701,0.059701,0.609403,0.609403,0,0,,,,,0,0,false,false,37.7572,37.7572
P-W26-0244:WC-2026,P-W26-0244,Lacroix,WC-2026,DF,minted,26,2,0,71,71,0,71,71,71,0,measured_performance,measured_performance,,,0.248756,0.248756,0.059701,0.059701,0.538656,0.538656,0,0,,,,,0,0,false,false,33.9862,33.9862
P-W26-0245:WC-2026,P-W26-0245,Kone,WC-2026,MF,minted,25,12,0,72,72,0,72,72,72,0,measured_performance,measured_performance,,,0.139303,0.139303,0.266169,0.266169,0.609403,0.609403,0,0,,,,,0,0,false,false,37.735181,37.735181
P-W26-0246:WC-2026,P-W26-0246,Olise,WC-2026,FW,minted,24,15,4,77,77,0,77,77,77,0,measured_performance,measured_performance,,,0.554726,0.554726,0.412935,0.412935,0.728254,0.728254,0,0,,,,,0,0,false,false,47.1617,47.1617
P-W26-0247:WC-2026,P-W26-0247,Akliouche,WC-2026,MF,minted,24,7,1,72,72,0,72,72,72,0,measured_performance,measured_performance,,,0.415423,0.415423,0.186567,0.186567,0.639493,0.639493,0,0,,,,,0,0,false,false,39.91,39.91
P-W26-0248:WC-2026,P-W26-0248,Barcola,WC-2026,FW,minted,23,18,3,76,76,0,76,76,76,0,measured_performance,measured_performance,,,0.504975,0.504975,0.502488,0.502488,0.72109,0.72109,0,0,,,,,0,0,false,false,46.684492,46.684492
P-W26-0249:WC-2026,P-W26-0249,Gusto,WC-2026,DF,minted,23,9,0,74,74,0,74,74,74,0,measured_performance,measured_performance,,,0.283582,0.283582,0.358209,0.358209,0.68194,0.68194,0,0,,,,,0,0,false,false,43.2872,43.2872
P-W26-0250:WC-2026,P-W26-0250,Cherki,WC-2026,MF,minted,22,5,1,73,73,0,73,73,73,0,measured_performance,measured_performance,,,0.442786,0.442786,0.156716,0.156716,0.670149,0.670149,0,0,,,,,0,0,false,false,42.3256,42.3256
P-W26-0251:WC-2026,P-W26-0251,Risser,WC-2026,GK,minted,21,0,0,71,71,0,71,71,71,0,measured_performance,measured_performance,,,0.5,0.5,0.094527,0.094527,0.497373,0.497373,0,0,,,,,0,0,false,false,32.609546,32.609546
P-W26-0252:WC-2026,P-W26-0252,Doue,WC-2026,FW,minted,21,6,2,74,74,0,74,74,74,0,measured_performance,measured_performance,,,0.477612,0.477612,0.246269,0.246269,0.680493,0.680493,0,0,,,,,0,0,false,false,43.2552,43.2552
P-W26-0253:WC-2026,P-W26-0253,Zaire-Emery,WC-2026,MF,minted,20,10,1,76,76,0,76,76,76,0,measured_performance,measured_performance,,,0.492537,0.492537,0.383085,0.383085,0.710896,0.710896,0,0,,,,,0,0,false,false,45.931,45.931
P-W26-0254:WC-2026,P-W26-0254,Baumann,WC-2026,GK,minted,36,12,0,72,72,0,72,72,72,0,measured_performance,measured_performance,,,0.5,0.5,0.281095,0.281095,0.586926,0.586926,0,0,,,,,0,0,false,false,36.3983,36.3983
P-W26-0255:WC-2026,P-W26-0255,Gross,WC-2026,MF,minted,34,18,1,72,72,0,72,72,72,0,measured_performance,measured_performance,,,0.208955,0.208955,0.097015,0.097015,0.60806,0.60806,0,0,,,,,0,0,false,false,37.6766,37.6766
P-W26-0256:WC-2026,P-W26-0256,Tah,WC-2026,DF,minted,30,46,1,84,84,0,84,84,84,0,measured_performance,measured_performance,,,0.514925,0.514925,0.701493,0.701493,0.815717,0.815717,0,0,,,,,0,0,false,false,56.1177,56.1177
P-W26-0257:WC-2026,P-W26-0257,Undav,WC-2026,FW,minted,29,8,6,74,74,0,74,74,74,0,measured_performance,measured_performance,,,0.527363,0.527363,0.119403,0.119403,0.683179,0.683179,0,0,,,,,0,0,false,false,43.3165,43.3165
P-W26-0258:WC-2026,P-W26-0258,Anton,WC-2026,DF,minted,29,12,0,72,72,0,72,72,72,0,measured_performance,measured_performance,,,0.208955,0.208955,0.231343,0.231343,0.590045,0.590045,0,0,,,,,0,0,false,false,36.5157,36.5157
P-W26-0259:WC-2026,P-W26-0259,Nubel,WC-2026,GK,minted,29,3,0,71,71,0,71,71,71,0,measured_performance,measured_performance,,,0.5,0.5,0.20398,0.20398,0.54991,0.54991,0,0,,,,,0,0,false,false,34.3137,34.3137
P-W26-0260:WC-2026,P-W26-0260,Amiri,WC-2026,MF,minted,29,10,1,72,72,0,72,72,72,0,measured_performance,measured_performance,,,0.325871,0.325871,0.119403,0.119403,0.602955,0.602955,0,0,,,,,0,0,false,false,37.3191,37.3191
P-W26-0261:WC-2026,P-W26-0261,Nmecha,WC-2026,MF,minted,25,7,1,72,72,0,72,72,72,0,measured_performance,measured_performance,,,0.39801,0.39801,0.151741,0.151741,0.626119,0.626119,0,0,,,,,0,0,false,false,38.9241,38.9241
P-W26-0262:WC-2026,P-W26-0262,Leweling,WC-2026,MF,minted,25,4,1,72,72,0,72,72,72,0,measured_performance,measured_performance,,,0.39801,0.39801,0.079602,0.079602,0.605343,0.605343,0,0,,,,,0,0,false,false,37.3878,37.3878
P-W26-0263:WC-2026,P-W26-0263,Stiller,WC-2026,MF,minted,25,7,0,72,72,0,72,72,72,0,measured_performance,measured_performance,,,0.139303,0.139303,0.151741,0.151741,0.576448,0.576448,0,0,,,,,0,0,false,false,35.5493,35.5493
P-W26-0264:WC-2026,P-W26-0264,Thiaw,WC-2026,DF,minted,24,5,0,72,72,0,72,72,72,0,measured_performance,measured_performance,,,0.271144,0.271144,0.196517,0.196517,0.604328,0.604328,0,0,,,,,0,0,false,false,37.3191,37.3191
P-W26-0265:WC-2026,P-W26-0265,Woltemade,WC-2026,FW,minted,24,11,4,79,79,0,79,79,79,0,measured_performance,measured_performance,,,0.554726,0.554726,0.323383,0.323383,0.748507,0.748507,0,0,,,,,0,0,false,false,49.614,49.614
P-W26-0266:WC-2026,P-W26-0266,Beier,WC-2026,FW,minted,23,8,0,71,71,0,71,71,71,0,measured_performance,measured_performance,,,0.089552,0.089552,0.243781,0.243781,0.540492,0.540492,0,0,,,,,0,0,false,false,34.015388,34.015388
P-W26-0267:WC-2026,P-W26-0267,Wirtz,WC-2026,MF,minted,23,40,11,88,88,0,88,88,88,0,measured_performance,measured_performance,,,0.972637,0.972637,0.820896,0.820896,0.963164,0.963164,0.08,0.08,0.36,0.36,0.6,0.6,0.166667,0.166667,false,false,63,62
P-W26-0268:WC-2026,P-W26-0268,Brown,WC-2026,DF,minted,22,4,0,71,71,0,71,71,71,0,measured_performance,measured_performance,,,0.293532,0.293532,0.181592,0.181592,0.566164,0.566164,0,0,,,,,0,0,false,false,34.8085,34.8085
P-W26-0269:WC-2026,P-W26-0269,Pavlovic,WC-2026,MF,minted,22,10,1,74,74,0,74,74,74,0,measured_performance,measured_performance,,,0.442786,0.442786,0.303483,0.303483,0.678418,0.678418,0,0,,,,,0,0,false,false,43.1314,43.1314
P-W26-0270:WC-2026,P-W26-0270,Karl,WC-2026,MF,minted,18,3,0,72,72,0,72,72,72,0,measured_performance,measured_performance,,,0.216418,0.216418,0.189055,0.189055,0.602,0.602,0,0,,,,,0,0,false,false,37.3,37.3
P-W26-0271:WC-2026,P-W26-0271,Asare,WC-2026,GK,minted,33,11,0,71,71,0,71,71,71,0,measured_performance,measured_performance,,,0.5,0.5,0.360697,0.360697,0.490735,0.490735,0,0,,,,,0,0,false,false,32.2791,32.2791
P-W26-0272:WC-2026,P-W26-0272,Baba,WC-2026,DF,minted,31,51,1,76,76,0,76,76,76,0,measured_performance,measured_performance,,,0.487562,0.487562,0.701493,0.701493,0.716517,0.716517,0,0,,,,,0,0,false,false,46.2169,46.2169
P-W26-0273:WC-2026,P-W26-0273,Luckassen,WC-2026,DF,minted,30,1,0,66,66,0,66,66,66,0,measured_performance,measured_performance,,,0.199005,0.199005,0.014925,0.014925,0.337364,0.337364,0,0,,,,,0,0,false,false,20,20
P-W26-0274:WC-2026,P-W26-0274,Mumin,WC-2026,DF,minted,28,5,0,71,71,0,71,71,71,0,measured_performance,measured_performance,,,0.221393,0.221393,0.121891,0.121891,0.568508,0.568508,0,0,,,,,0,0,false,false,35.0554,35.0554
P-W26-0275:WC-2026,P-W26-0275,Sibo,WC-2026,MF,minted,27,8,0,72,72,0,72,72,72,0,measured_performance,measured_performance,,,0.126866,0.126866,0.126866,0.126866,0.600896,0.600896,0,0,,,,,0,0,false,false,37.1429,37.1429
P-W26-0276:WC-2026,P-W26-0276,Opoku,WC-2026,DF,minted,27,11,1,71,71,0,71,71,71,0,measured_performance,measured_performance,,,0.597015,0.597015,0.253731,0.253731,0.501591,0.501591,0,0,,,,,0,0,false,false,32.8067,32.8067
P-W26-0277:WC-2026,P-W26-0277,Thomas-Asante,WC-2026,FW,minted,27,8,1,72,72,0,72,72,72,0,measured_performance,measured_performance,,,0.174129,0.174129,0.154229,0.154229,0.591194,0.591194,0,0,,,,,0,0,false,false,36.557,36.557
P-W26-0278:WC-2026,P-W26-0278,Anang,WC-2026,GK,minted,26,1,0,66,66,0,66,66,66,0,measured_performance,measured_performance,,,0.5,0.5,0.131841,0.131841,0.380884,0.380884,0,0,,,,,0,0,false,false,20,20
P-W26-0279:WC-2026,P-W26-0279,Boakye,WC-2026,MF,minted,25,0,0,71,71,0,71,71,71,0,measured_performance,measured_performance,,,0.139303,0.139303,0,0,0.532746,0.532746,0,0,,,,,0,0,false,false,33.8421,33.8421
P-W26-0280:WC-2026,P-W26-0280,Senaya,WC-2026,DF,minted,25,2,0,71,71,0,71,71,71,0,measured_performance,measured_performance,,,0.261194,0.261194,0.069652,0.069652,0.512433,0.512433,0,0,,,,,0,0,false,false,33.12,33.12
P-W26-0281:WC-2026,P-W26-0281,Adu,WC-2026,FW,minted,22,5,0,70,70,0,70,70,70,0,measured_performance,measured_performance,,,0.10199,0.10199,0.191542,0.191542,0.439501,0.439501,0,0,,,,,0,0,false,false,29.0057,29.0057
P-W26-0282:WC-2026,P-W26-0282,Nuamah,WC-2026,FW,minted,22,18,4,80,80,0,80,80,80,0,measured_performance,measured_performance,,,0.626866,0.626866,0.539801,0.539801,0.769448,0.769448,0,0,,,,,0,0,false,false,50.8601,50.8601
P-W26-0283:WC-2026,P-W26-0283,Adjetey,WC-2026,DF,minted,22,10,0,74,74,0,74,74,74,0,measured_performance,measured_performance,,,0.293532,0.293532,0.425373,0.425373,0.683179,0.683179,0,0,,,,,0,0,false,false,43.3165,43.3165
P-W26-0284:WC-2026,P-W26-0284,Fatawu,WC-2026,FW,minted,22,28,3,82,82,0,82,82,82,0,measured_performance,measured_performance,,,0.544776,0.544776,0.721393,0.721393,0.792687,0.792687,0,0,,,,,0,0,false,false,53.6,53.6
P-W26-0285:WC-2026,P-W26-0285,Peprah Oppong,WC-2026,DF,minted,22,4,0,71,71,0,71,71,71,0,measured_performance,measured_performance,,,0.293532,0.293532,0.181592,0.181592,0.566164,0.566164,0,0,,,,,0,0,false,false,34.8085,34.8085
P-W26-0286:WC-2026,P-W26-0286,Bonsu Baah,WC-2026,FW,minted,21,9,0,70,70,0,70,70,70,0,measured_performance,measured_performance,,,0.11194,0.11194,0.348259,0.348259,0.461889,0.461889,0,0,,,,,0,0,false,false,30.6024,30.6024
P-W26-0287:WC-2026,P-W26-0287,Yirenkyi,WC-2026,MF,minted,20,11,1,72,72,0,72,72,72,0,measured_performance,measured_performance,,,0.492537,0.492537,0.41791,0.41791,0.612125,0.612125,0,0,,,,,0,0,false,false,37.8849,37.8849
P-W26-0288:WC-2026,P-W26-0288,Placide,WC-2026,GK,minted,38,80,0,83,83,0,83,83,83,0,measured_performance,measured_performance,,,0.5,0.5,0.726368,0.726368,0.800657,0.800657,0,0,,,,,0,0,false,false,54.8649,54.8649
P-W26-0289:WC-2026,P-W26-0289,Ade,WC-2026,DF,minted,36,58,2,72,72,0,72,72,72,0,measured_performance,measured_performance,,,0.529851,0.529851,0.562189,0.562189,0.600051,0.600051,0,0,,,,,0,0,false,false,36.934349,36.934349
P-W26-0290:WC-2026,P-W26-0290,Lacroix,WC-2026,DF,minted,32,15,3,70,70,0,70,70,70,0,measured_performance,measured_performance,,,0.766169,0.766169,0.189055,0.189055,0.470546,0.470546,0,0,,,,,0,0,false,false,31.2258,31.2258
P-W26-0291:WC-2026,P-W26-0291,Nazon,WC-2026,FW,minted,32,77,44,78,78,0,78,78,78,0,measured_performance,measured_performance,,,0.893035,0.893035,0.776119,0.776119,0.744827,0.744827,0,0,0.075,0.075,,,0,0,false,false,49.25,49.25
P-W26-0292:WC-2026,P-W26-0292,Pierrot,WC-2026,FW,minted,31,50,34,80,80,0,80,80,80,0,measured_performance,measured_performance,,,0.870647,0.870647,0.634328,0.634328,0.769352,0.769352,0,0,0.0585,0.0585,,,0,0,false,false,50.8601,50.8601
P-W26-0293:WC-2026,P-W26-0293,Arcus,WC-2026,DF,minted,29,52,1,87,87,0,87,87,87,0,measured_performance,measured_performance,,,0.539801,0.539801,0.791045,0.791045,0.858702,0.858702,0,0,,,,,0,0,false,false,60.32,60.32
P-W26-0294:WC-2026,P-W26-0294,Etienne,WC-2026,FW,minted,29,47,8,72,72,0,72,72,72,0,measured_performance,measured_performance,,,0.616915,0.616915,0.676617,0.676617,0.633483,0.633483,0,0,,,,,0,0,false,false,39.45,39.45
P-W26-0295:WC-2026,P-W26-0295,Duverne,WC-2026,DF,minted,28,16,1,71,71,0,71,71,71,0,measured_performance,measured_performance,,,0.569652,0.569652,0.320896,0.320896,0.53383,0.53383,0,0,,,,,0,0,false,false,33.9122,33.9122
P-W26-0296:WC-2026,P-W26-0296,Pierre,WC-2026,MF,minted,28,33,0,72,72,0,72,72,72,0,measured_performance,measured_performance,,,0.121891,0.121891,0.495025,0.495025,0.61757,0.61757,0,0,,,,,0,0,false,false,38.1925,38.1925
P-W26-0297:WC-2026,P-W26-0297,Bellegarde,WC-2026,MF,minted,27,9,0,72,72,0,72,72,72,0,measured_performance,measured_performance,,,0.126866,0.126866,0.141791,0.141791,0.605194,0.605194,0,0,,,,,0,0,false,false,37.3191,37.3191
P-W26-0298:WC-2026,P-W26-0298,Fortune,WC-2026,FW,minted,27,4,0,70,70,0,70,70,70,0,measured_performance,measured_performance,,,0.054726,0.054726,0.087065,0.087065,0.459549,0.459549,0,0,,,,,0,0,false,false,30.523273,30.523273
P-W26-0299:WC-2026,P-W26-0299,Delcroix,WC-2026,DF,minted,27,6,0,70,70,0,70,70,70,0,measured_performance,measured_performance,,,0.236318,0.236318,0.161692,0.161692,0.457412,0.457412,0,0,,,,,0,0,false,false,30.3156,30.3156
P-W26-0300:WC-2026,P-W26-0300,Experience,WC-2026,DF,minted,27,20,0,75,75,0,75,75,75,0,measured_performance,measured_performance,,,0.236318,0.236318,0.455224,0.455224,0.697508,0.697508,0,0,,,,,0,0,false,false,44.62,44.62
P-W26-0301:WC-2026,P-W26-0301,Duverger,WC-2026,GK,minted,26,6,0,74,74,0,74,74,74,0,measured_performance,measured_performance,,,0.5,0.5,0.487562,0.487562,0.68603,0.68603,0,0,,,,,0,0,false,false,43.5838,43.5838
P-W26-0302:WC-2026,P-W26-0302,Jean Jacques,WC-2026,MF,minted,26,29,6,76,76,0,76,76,76,0,measured_performance,measured_performance,,,0.820896,0.820896,0.5199,0.5199,0.704543,0.704543,0,0,,,,,0,0,false,false,45.7018,45.7018
P-W26-0303:WC-2026,P-W26-0303,Simon,WC-2026,MF,minted,25,1,0,66,66,0,66,66,66,0,measured_performance,measured_performance,,,0.139303,0.139303,0.014925,0.014925,0.373845,0.373845,0,0,,,,,0,0,false,false,20,20
P-W26-0304:WC-2026,P-W26-0304,Isidor,WC-2026,FW,minted,25,3,1,72,72,0,72,72,72,0,measured_performance,measured_performance,,,0.216418,0.216418,0.09204,0.09204,0.598955,0.598955,0,0,,,,,0,0,false,false,36.7074,36.7074
P-W26-0305:WC-2026,P-W26-0305,Joseph,WC-2026,FW,minted,25,1,1,68,68,0,68,68,68,0,measured_performance,measured_performance,,,0.216418,0.216418,0.034826,0.034826,0.41229,0.41229,0,0,,,,,0,0,false,false,24.1739,24.1739
P-W26-0306:WC-2026,P-W26-0306,Deedson,WC-2026,FW,minted,25,31,10,78,78,0,78,78,78,0,measured_performance,measured_performance,,,0.79602,0.79602,0.681592,0.681592,0.748158,0.748158,0,0,,,,,0,0,false,false,49.490633,49.490633
P-W26-0307:WC-2026,P-W26-0307,Pierre,WC-2026,GK,minted,25,15,0,84,84,0,84,84,84,0,measured_performance,measured_performance,,,0.5,0.5,0.781095,0.781095,0.826926,0.826926,0,0,,,,,0,0,false,false,57.3068,57.3068
P-W26-0308:WC-2026,P-W26-0308,Providence,WC-2026,FW,minted,24,14,3,73,73,0,73,73,73,0,measured_performance,measured_performance,,,0.470149,0.470149,0.380597,0.380597,0.644325,0.644325,0,0,,,,,0,0,false,false,40.4444,40.4444
P-W26-0309:WC-2026,P-W26-0309,Paugain,WC-2026,DF,minted,24,7,0,71,71,0,71,71,71,0,measured_performance,measured_performance,,,0.271144,0.271144,0.268657,0.268657,0.508755,0.508755,0,0,,,,,0,0,false,false,33.0286,33.0286
P-W26-0310:WC-2026,P-W26-0310,Casimir,WC-2026,FW,minted,24,6,0,71,71,0,71,71,71,0,measured_performance,measured_performance,,,0.079602,0.079602,0.171642,0.171642,0.528254,0.528254,0,0,,,,,0,0,false,false,33.75,33.75
P-W26-0311:WC-2026,P-W26-0311,Sainte,WC-2026,MF,minted,23,26,0,72,72,0,72,72,72,0,measured_performance,measured_performance,,,0.151741,0.151741,0.60199,0.60199,0.599707,0.599707,0,0,,,,,0,0,false,false,36.8029,36.8029
P-W26-0312:WC-2026,P-W26-0312,Pierre,WC-2026,MF,minted,21,1,0,66,66,0,66,66,66,0,measured_performance,measured_performance,,,0.171642,0.171642,0.024876,0.024876,0.38292,0.38292,0,0,,,,,0,0,false,false,20,20
P-W26-0313:WC-2026,P-W26-0313,Thermoncy,WC-2026,DF,minted,20,1,0,68,68,0,68,68,68,0,measured_performance,measured_performance,,,0.318408,0.318408,0.084577,0.084577,0.420397,0.420397,0,0,,,,,0,0,false,false,24.4,24.4
P-W26-0314:WC-2026,P-W26-0314,Moghanlou,WC-2026,FW,minted,31,20,2,68,68,0,68,68,68,0,measured_performance,measured_performance,,,0.186567,0.186567,0.281095,0.281095,0.431096,0.431096,0,0,,,,,0,0,false,false,24.5257,24.5257
P-W26-0315:WC-2026,P-W26-0315,Alipour,WC-2026,FW,minted,30,13,1,68,68,0,68,68,68,0,measured_performance,measured_performance,,,0.116915,0.116915,0.19403,0.19403,0.395573,0.395573,0,0,,,,,0,0,false,false,23.9328,23.9328
P-W26-0316:WC-2026,P-W26-0316,Nemati,WC-2026,DF,minted,30,16,0,70,70,0,70,70,70,0,measured_performance,measured_performance,,,0.199005,0.199005,0.261194,0.261194,0.455573,0.455573,0,0,,,,,0,0,false,false,30.2546,30.2546
P-W26-0317:WC-2026,P-W26-0317,Eckert,WC-2026,FW,minted,29,0,0,68,68,0,68,68,68,0,measured_performance,measured_performance,,,0.039801,0.039801,0.004975,0.004975,0.394725,0.394725,0,0,,,,,0,0,false,false,23.920425,23.920425
P-W26-0318:WC-2026,P-W26-0318,Ghayedi,WC-2026,FW,minted,27,29,10,73,73,0,73,73,73,0,measured_performance,measured_performance,,,0.731343,0.731343,0.564677,0.564677,0.661245,0.661245,0,0,,,,,0,0,false,false,41.402077,41.402077
P-W26-0319:WC-2026,P-W26-0319,Mohebi,WC-2026,MF,minted,27,36,14,79,79,0,79,79,79,0,measured_performance,measured_performance,,,0.957711,0.957711,0.589552,0.589552,0.750871,0.750871,0,0,,,,,0,0,false,false,49.6471,49.6471
P-W26-0320:WC-2026,P-W26-0320,Hardani,WC-2026,DF,minted,27,17,1,71,71,0,71,71,71,0,measured_performance,measured_performance,,,0.597015,0.597015,0.380597,0.380597,0.512887,0.512887,0,0,,,,,0,0,false,false,33.12,33.12
P-W26-0321:WC-2026,P-W26-0321,Hosseinzadeh,WC-2026,FW,minted,25,17,5,72,72,0,72,72,72,0,measured_performance,measured_performance,,,0.594527,0.594527,0.400498,0.400498,0.592289,0.592289,0,0,,,,,0,0,false,false,36.557,36.557
P-W26-0322:WC-2026,P-W26-0322,Ghorbani,WC-2026,MF,minted,24,15,0,71,71,0,71,71,71,0,measured_performance,measured_performance,,,0.144279,0.144279,0.358209,0.358209,0.473666,0.473666,0,0,,,,,0,0,false,false,31.579,31.579
P-W26-0323:WC-2026,P-W26-0323,Yousefi,WC-2026,DF,minted,24,13,1,71,71,0,71,71,71,0,measured_performance,measured_performance,,,0.664179,0.664179,0.41791,0.41791,0.530797,0.530797,0,0,,,,,0,0,false,false,33.75,33.75
P-W26-0324:WC-2026,P-W26-0324,Eiri,WC-2026,DF,minted,22,0,0,66,66,0,66,66,66,0,measured_performance,measured_performance,,,0.293532,0.293532,0.0199,0.0199,0.339752,0.339752,0,0,,,,,0,0,false,false,20,20
P-W26-0325:WC-2026,P-W26-0325,Razzaghinia,WC-2026,MF,minted,20,3,0,68,68,0,68,68,68,0,measured_performance,measured_performance,,,0.18408,0.18408,0.134328,0.134328,0.41683,0.41683,0,0,,,,,0,0,false,false,24.2753,24.2753
P-W26-0326:WC-2026,P-W26-0326,Hassan,WC-2026,GK,minted,35,100,0,79,79,0,79,79,79,0,measured_performance,measured_performance,,,0.5,0.5,0.915423,0.915423,0.757003,0.757003,0,0,,,,,0,0,false,false,49.888836,49.888836
P-W26-0327:WC-2026,P-W26-0327,Sulaka,WC-2026,DF,minted,34,54,1,72,72,0,72,72,72,0,measured_performance,measured_performance,,,0.39801,0.39801,0.609453,0.609453,0.622737,0.622737,0,0,,,,,0,0,false,false,38.6667,38.6667
P-W26-0328:WC-2026,P-W26-0328,Putros,WC-2026,DF,minted,32,26,0,71,71,0,71,71,71,0,measured_performance,measured_performance,,,0.171642,0.171642,0.378109,0.378109,0.511692,0.511692,0,0,,,,,0,0,false,false,33.1174,33.1174
P-W26-0329:WC-2026,P-W26-0329,Talib,WC-2026,GK,minted,31,21,0,72,72,0,72,72,72,0,measured_performance,measured_performance,,,0.5,0.5,0.616915,0.616915,0.613719,0.613719,0,0,,,,,0,0,false,false,37.9474,37.9474
P-W26-0330:WC-2026,P-W26-0330,Yahya,WC-2026,DF,minted,30,19,0,71,71,0,71,71,71,0,measured_performance,measured_performance,,,0.199005,0.199005,0.338308,0.338308,0.492588,0.492588,0,0,,,,,0,0,false,false,32.3555,32.3555
P-W26-0331:WC-2026,P-W26-0331,Yousif,WC-2026,FW,minted,30,6,1,66,66,0,66,66,66,0,measured_performance,measured_performance,,,0.116915,0.116915,0.074627,0.074627,0.381245,0.381245,0,0,,,,,0,0,false,false,20,20
P-W26-0332:WC-2026,P-W26-0332,Hussein,WC-2026,FW,minted,30,93,33,79,79,0,79,79,79,0,measured_performance,measured_performance,,,0.885572,0.885572,0.915423,0.915423,0.758857,0.758857,0,0,,,,,0,0,false,false,50.045604,50.045604
P-W26-0333:WC-2026,P-W26-0333,Basil,WC-2026,GK,minted,29,14,0,72,72,0,72,72,72,0,measured_performance,measured_performance,,,0.5,0.5,0.616915,0.616915,0.613719,0.613719,0,0,,,,,0,0,false,false,37.9474,37.9474
P-W26-0334:WC-2026,P-W26-0334,Younis,WC-2026,DF,minted,29,32,1,72,72,0,72,72,72,0,measured_performance,measured_performance,,,0.539801,0.539801,0.574627,0.574627,0.606021,0.606021,0,0,,,,,0,0,false,false,37.4877,37.4877
P-W26-0335:WC-2026,P-W26-0335,Ammari,WC-2026,MF,minted,28,49,3,76,76,0,76,76,76,0,measured_performance,measured_performance,,,0.589552,0.589552,0.701493,0.701493,0.712424,0.712424,0,0,,,,,0,0,false,false,46.010793,46.010793
P-W26-0336:WC-2026,P-W26-0336,Hashim,WC-2026,DF,minted,27,12,1,70,70,0,70,70,70,0,measured_performance,measured_performance,,,0.597015,0.597015,0.28607,0.28607,0.467514,0.467514,0,0,,,,,0,0,false,false,31.2,31.2
P-W26-0337:WC-2026,P-W26-0337,Doski,WC-2026,DF,minted,26,30,0,75,75,0,75,75,75,0,measured_performance,measured_performance,,,0.248756,0.248756,0.671642,0.671642,0.702188,0.702188,0,0,,,,,0,0,false,false,45.557887,45.557887
P-W26-0338:WC-2026,P-W26-0338,Bayesh,WC-2026,MF,minted,26,74,8,80,80,0,80,80,80,0,measured_performance,measured_performance,,,0.873134,0.873134,0.950249,0.950249,0.784113,0.784113,0,0,,,,,0,0,false,false,52.0578,52.0578
P-W26-0339:WC-2026,P-W26-0339,Ali,WC-2026,FW,minted,25,71,27,81,81,0,81,81,81,0,measured_performance,measured_performance,,,0.950249,0.950249,0.952736,0.952736,0.786618,0.786618,0,0,,,,,0,0,false,false,52.5702,52.5702
P-W26-0340:WC-2026,P-W26-0340,Yakob,WC-2026,MF,minted,25,7,0,70,70,0,70,70,70,0,measured_performance,measured_performance,,,0.139303,0.139303,0.151741,0.151741,0.467648,0.467648,0,0,,,,,0,0,false,false,31.2096,31.2096
P-W26-0341:WC-2026,P-W26-0341,Tahseen,WC-2026,DF,minted,25,26,1,72,72,0,72,72,72,0,measured_performance,measured_performance,,,0.644279,0.644279,0.626866,0.626866,0.631096,0.631096,0,0,,,,,0,0,false,false,39.0909,39.0909
P-W26-0342:WC-2026,P-W26-0342,Saadoon,WC-2026,DF,minted,25,15,0,71,71,0,71,71,71,0,measured_performance,measured_performance,,,0.261194,0.261194,0.402985,0.402985,0.523633,0.523633,0,0,,,,,0,0,false,false,33.4,33.4
P-W26-0343:WC-2026,P-W26-0343,Ismail,WC-2026,MF,minted,24,5,0,68,68,0,68,68,68,0,measured_performance,measured_performance,,,0.144279,0.144279,0.116915,0.116915,0.404173,0.404173,0,0,,,,,0,0,false,false,24,24
P-W26-0344:WC-2026,P-W26-0344,Hamadi,WC-2026,FW,minted,24,18,5,81,81,0,81,81,81,0,measured_performance,measured_performance,,,0.629353,0.629353,0.460199,0.460199,0.791791,0.791791,0,0,,,,,0,0,false,false,53.3692,53.3692
P-W26-0345:WC-2026,P-W26-0345,Ali,WC-2026,DF,minted,24,25,1,74,74,0,74,74,74,0,measured_performance,measured_performance,,,0.664179,0.664179,0.646766,0.646766,0.690248,0.690248,0,0,,,,,0,0,false,false,43.949771,43.949771
P-W26-0346:WC-2026,P-W26-0346,Sher,WC-2026,MF,minted,23,6,0,71,71,0,71,71,71,0,measured_performance,measured_performance,,,0.151741,0.151741,0.166667,0.166667,0.474334,0.474334,0,0,,,,,0,0,false,false,31.7251,31.7251
P-W26-0347:WC-2026,P-W26-0347,Iqbal,WC-2026,MF,minted,23,23,2,77,77,0,77,77,77,0,measured_performance,measured_performance,,,0.621891,0.621891,0.552239,0.552239,0.730048,0.730048,0,0,,,,,0,0,false,false,47.6279,47.6279
P-W26-0348:WC-2026,P-W26-0348,Qasem,WC-2026,FW,minted,22,1,0,68,68,0,68,68,68,0,measured_performance,measured_performance,,,0.10199,0.10199,0.052239,0.052239,0.422785,0.422785,0,0,,,,,0,0,false,false,24.437,24.437
P-W26-0349:WC-2026,P-W26-0349,Amyn,WC-2026,MF,minted,22,25,2,73,73,0,73,73,73,0,measured_performance,measured_performance,,,0.639303,0.639303,0.631841,0.631841,0.647516,0.647516,0,0,,,,,0,0,false,false,40.736,40.736
P-W26-0350:WC-2026,P-W26-0350,Jasim,WC-2026,FW,minted,22,35,2,72,72,0,72,72,72,0,measured_performance,measured_performance,,,0.442786,0.442786,0.820896,0.820896,0.63771,0.63771,0,0,,,,,0,0,false,false,39.7976,39.7976
P-W26-0351:WC-2026,P-W26-0351,Farji,WC-2026,FW,minted,22,10,0,71,71,0,71,71,71,0,measured_performance,measured_performance,,,0.10199,0.10199,0.363184,0.363184,0.559298,0.559298,0,0,,,,,0,0,false,false,34.75,34.75
P-W26-0352:WC-2026,P-W26-0352,Seri,WC-2026,MF,minted,34,65,4,72,72,0,72,72,72,0,measured_performance,measured_performance,,,0.452736,0.452736,0.569652,0.569652,0.593785,0.593785,0,0,,,,,0,0,false,false,36.557,36.557
P-W26-0353:WC-2026,P-W26-0353,Fofana,WC-2026,MF,minted,31,31,7,74,74,0,74,74,74,0,measured_performance,measured_performance,,,0.731343,0.731343,0.313433,0.313433,0.682287,0.682287,0,0,,,,,0,0,false,false,43.2872,43.2872
P-W26-0354:WC-2026,P-W26-0354,Pepe,WC-2026,FW,minted,31,54,12,85,85,0,85,85,85,0,measured_performance,measured_performance,,,0.671642,0.671642,0.69403,0.69403,0.835075,0.835075,0,0,,,,,0,0,false,false,57.867195,57.867195
P-W26-0355:WC-2026,P-W26-0355,Konan,WC-2026,DF,minted,30,53,0,82,82,0,82,82,82,0,measured_performance,measured_performance,,,0.199005,0.199005,0.768657,0.768657,0.798355,0.798355,0,0,,,,,0,0,false,false,54.157431,54.157431
P-W26-0356:WC-2026,P-W26-0356,Kessie,WC-2026,MF,minted,29,102,15,87,87,0,87,87,87,0,measured_performance,measured_performance,,,0.947761,0.947761,0.970149,0.970149,0.858573,0.858573,0,0,0.0504,0.0504,,,0,0,false,false,60.3158,60.3158
P-W26-0357:WC-2026,P-W26-0357,Operi,WC-2026,DF,minted,29,11,0,71,71,0,71,71,71,0,measured_performance,measured_performance,,,0.208955,0.208955,0.199005,0.199005,0.475322,0.475322,0,0,,,,,0,0,false,false,32.0686,32.0686
P-W26-0358:WC-2026,P-W26-0358,Agbadou,WC-2026,DF,minted,28,19,2,71,71,0,71,71,71,0,measured_performance,measured_performance,,,0.748756,0.748756,0.400498,0.400498,0.572039,0.572039,0,0,,,,,0,0,false,false,35.1795,35.1795
P-W26-0359:WC-2026,P-W26-0359,Sangare,WC-2026,MF,minted,28,57,12,88,88,0,88,88,88,0,measured_performance,measured_performance,,,0.915423,0.915423,0.771144,0.771144,0.937851,0.937851,0,0,,,,,0,0,false,false,62,62
P-W26-0360:WC-2026,P-W26-0360,Lafont,WC-2026,GK,minted,27,4,0,71,71,0,71,71,71,0,measured_performance,measured_performance,,,0.5,0.5,0.368159,0.368159,0.539116,0.539116,0,0,,,,,0,0,false,false,34,34
P-W26-0361:WC-2026,P-W26-0361,Ndicka,WC-2026,DF,minted,26,28,0,81,81,0,81,81,81,0,measured_performance,measured_performance,,,0.248756,0.248756,0.639303,0.639303,0.785865,0.785865,0,0,,,,,0,0,false,false,52.5106,52.5106
P-W26-0362:WC-2026,P-W26-0362,Fofana,WC-2026,GK,minted,25,34,0,83,83,0,83,83,83,0,measured_performance,measured_performance,,,0.5,0.5,0.920398,0.920398,0.804191,0.804191,0,0,,,,,0,0,false,false,55.0439,55.0439
P-W26-0363:WC-2026,P-W26-0363,Singo,WC-2026,DF,minted,25,33,1,78,78,0,78,78,78,0,measured_performance,measured_performance,,,0.644279,0.644279,0.756219,0.756219,0.742785,0.742785,0,0,,,,,0,0,false,false,48.9044,48.9044
P-W26-0364:WC-2026,P-W26-0364,Kossounou,WC-2026,DF,minted,25,35,0,87,86,-1,86,87,86,-1,measured_performance,measured_performance,,,0.261194,0.261194,0.776119,0.776119,0.851537,0.851537,0,0,,,,,0,0,false,false,59.8467,59.8467
P-W26-0365:WC-2026,P-W26-0365,Guiagon,WC-2026,MF,minted,25,5,0,70,70,0,70,70,70,0,measured_performance,measured_performance,,,0.139303,0.139303,0.10199,0.10199,0.453319,0.453319,0,0,,,,,0,0,false,false,29.7655,29.7655
P-W26-0366:WC-2026,P-W26-0366,Guessand,WC-2026,FW,minted,24,21,4,80,80,0,80,80,80,0,measured_performance,measured_performance,,,0.554726,0.554726,0.502488,0.502488,0.77,0.77,0,0,,,,,0,0,false,false,50.8988,50.8988
P-W26-0367:WC-2026,P-W26-0367,Adingra,WC-2026,FW,minted,24,28,5,80,80,0,80,80,80,0,measured_performance,measured_performance,,,0.629353,0.629353,0.651741,0.651741,0.783776,0.783776,0,0,,,,,0,0,false,false,52.0578,52.0578
P-W26-0368:WC-2026,P-W26-0368,Kone,WC-2026,GK,minted,24,0,0,66,66,0,66,66,66,0,measured_performance,measured_performance,,,0.5,0.5,0.049751,0.049751,0.38628,0.38628,0,0,,,,,0,0,false,false,20,20
P-W26-0369:WC-2026,P-W26-0369,Diallo,WC-2026,FW,minted,23,18,5,83,83,0,83,83,83,0,measured_performance,measured_performance,,,0.661692,0.661692,0.502488,0.502488,0.808508,0.808508,0,0,,,,,0,0,false,false,55.3191,55.3191
P-W26-0370:WC-2026,P-W26-0370,Doue,WC-2026,DF,minted,23,19,2,79,79,0,79,79,79,0,measured_performance,measured_performance,,,0.853234,0.853234,0.584577,0.584577,0.759597,0.759597,0,0,,,,,0,0,false,false,50.4986,50.4986
P-W26-0371:WC-2026,P-W26-0371,Wahi,WC-2026,FW,minted,23,1,0,71,71,0,71,71,71,0,measured_performance,measured_performance,,,0.089552,0.089552,0.044776,0.044776,0.516612,0.516612,0,0,,,,,0,0,false,false,33.25,33.25
P-W26-0372:WC-2026,P-W26-0372,Bonny,WC-2026,FW,minted,22,0,0,71,71,0,71,71,71,0,measured_performance,measured_performance,,,0.10199,0.10199,0.00995,0.00995,0.51691,0.51691,0,0,,,,,0,0,false,false,33.25,33.25
P-W26-0373:WC-2026,P-W26-0373,Diomande,WC-2026,DF,minted,22,14,1,74,74,0,74,74,74,0,measured_performance,measured_performance,,,0.708955,0.708955,0.524876,0.524876,0.68134,0.68134,0,0,,,,,0,0,false,false,43.2872,43.2872
P-W26-0374:WC-2026,P-W26-0374,Diakite,WC-2026,FW,minted,22,28,6,78,78,0,78,78,78,0,measured_performance,measured_performance,,,0.761194,0.761194,0.721393,0.721393,0.740397,0.740397,0,0,,,,,0,0,false,false,48.5,48.5
P-W26-0375:WC-2026,P-W26-0375,Toure,WC-2026,FW,minted,20,5,2,74,74,0,74,74,74,0,measured_performance,measured_performance,,,0.512438,0.512438,0.236318,0.236318,0.691836,0.691836,0,0,,,,,0,0,false,false,44.1021,44.1021
P-W26-0376:WC-2026,P-W26-0376,Inao Oulai,WC-2026,MF,minted,20,8,0,71,71,0,71,71,71,0,measured_performance,measured_performance,,,0.18408,0.18408,0.335821,0.335821,0.52926,0.52926,0,0,,,,,0,0,false,false,33.75,33.75
P-W26-0377:WC-2026,P-W26-0377,Diomande,WC-2026,FW,minted,19,9,3,79,79,0,79,79,79,0,measured_performance,measured_performance,,,0.651741,0.651741,0.415423,0.415423,0.763478,0.763478,0,0,,,,,0,0,false,false,50.7718,50.7718
P-W26-0378:WC-2026,P-W26-0378,Watanabe,WC-2026,DF,minted,29,11,0,71,71,0,71,71,71,0,measured_performance,measured_performance,,,0.208955,0.208955,0.199005,0.199005,0.524922,0.524922,0,0,,,,,0,0,false,false,33.480201,33.480201
P-W26-0379:WC-2026,P-W26-0379,Ogawa,WC-2026,FW,minted,28,15,11,77,77,0,77,77,77,0,measured_performance,measured_performance,,,0.733831,0.733831,0.298507,0.298507,0.7294,0.7294,0,0,,,,,0,0,false,false,47.6279,47.6279
P-W26-0380:WC-2026,P-W26-0380,Hayakawa,WC-2026,GK,minted,27,4,0,71,71,0,71,71,71,0,measured_performance,measured_performance,,,0.5,0.5,0.368159,0.368159,0.539116,0.539116,0,0,,,,,0,0,false,false,34,34
P-W26-0381:WC-2026,P-W26-0381,Osako,WC-2026,GK,minted,26,11,0,73,73,0,73,73,73,0,measured_performance,measured_performance,,,0.5,0.5,0.646766,0.646766,0.672848,0.672848,0,0,,,,,0,0,false,false,42.5098,42.5098
P-W26-0382:WC-2026,P-W26-0382,Seko,WC-2026,DF,minted,26,14,0,73,73,0,73,73,73,0,measured_performance,measured_performance,,,0.248756,0.248756,0.353234,0.353234,0.648552,0.648552,0,0,,,,,0,0,false,false,40.736,40.736
P-W26-0383:WC-2026,P-W26-0383,Sugawara,WC-2026,DF,minted,25,21,2,78,78,0,78,78,78,0,measured_performance,measured_performance,,,0.81592,0.81592,0.547264,0.547264,0.741687,0.741687,0,0,,,,,0,0,false,false,48.9044,48.9044
P-W26-0384:WC-2026,P-W26-0384,Nakamura,WC-2026,MF,minted,25,25,10,85,85,0,85,85,85,0,measured_performance,measured_performance,,,0.932836,0.932836,0.497512,0.497512,0.828388,0.828388,0,0,,,,,0,0,false,false,57.49929,57.49929
P-W26-0385:WC-2026,P-W26-0385,Sano,WC-2026,MF,minted,25,13,0,72,72,0,72,72,72,0,measured_performance,measured_performance,,,0.139303,0.139303,0.288557,0.288557,0.615851,0.615851,0,0,,,,,0,0,false,false,38.144,38.144
P-W26-0386:WC-2026,P-W26-0386,Suzuki,WC-2026,MF,minted,24,6,0,72,72,0,72,72,72,0,measured_performance,measured_performance,,,0.144279,0.144279,0.146766,0.146766,0.57597,0.57597,0,0,,,,,0,0,false,false,35.5493,35.5493
P-W26-0387:WC-2026,P-W26-0387,Suzuki,WC-2026,GK,minted,23,24,0,88,88,0,88,88,88,0,measured_performance,measured_performance,,,0.5,0.5,0.895522,0.895522,0.881851,0.881851,0,0,,,,,0,0,false,false,62,62
P-W26-0388:WC-2026,P-W26-0388,Suzuki,WC-2026,DF,minted,22,6,0,71,71,0,71,71,71,0,measured_performance,measured_performance,,,0.293532,0.293532,0.300995,0.300995,0.524278,0.524278,0,0,,,,,0,0,false,false,33.4,33.4
P-W26-0389:WC-2026,P-W26-0389,Shiogai,WC-2026,FW,minted,21,2,0,71,71,0,71,71,71,0,measured_performance,measured_performance,,,0.11194,0.11194,0.109453,0.109453,0.532433,0.532433,0,0,,,,,0,0,false,false,33.8421,33.8421
P-W26-0390:WC-2026,P-W26-0390,Goto,WC-2026,FW,minted,21,4,0,70,70,0,70,70,70,0,measured_performance,measured_performance,,,0.11194,0.11194,0.186567,0.186567,0.442486,0.442486,0,0,,,,,0,0,false,false,29.5448,29.5448
P-W26-0391:WC-2026,P-W26-0391,Martinez,WC-2026,FW,minted,31,11,3,71,71,0,71,71,71,0,measured_performance,measured_performance,,,0.238806,0.238806,0.144279,0.144279,0.483084,0.483084,0,0,,,,,0,0,false,false,32.1339,32.1339
P-W26-0392:WC-2026,P-W26-0392,Acevedo,WC-2026,GK,minted,30,7,0,71,71,0,71,71,71,0,measured_performance,measured_performance,,,0.5,0.5,0.38806,0.38806,0.548669,0.548669,0,0,,,,,0,0,false,false,34.279076,34.279076
P-W26-0393:WC-2026,P-W26-0393,Quinones,WC-2026,FW,minted,29,21,2,71,71,0,71,71,71,0,measured_performance,measured_performance,,,0.228856,0.228856,0.355721,0.355721,0.504875,0.504875,0,0,,,,,0,0,false,false,32.9461,32.9461
P-W26-0394:WC-2026,P-W26-0394,Fidalgo,WC-2026,MF,minted,29,3,0,71,71,0,71,71,71,0,measured_performance,measured_performance,,,0.114428,0.114428,0.029851,0.029851,0.570567,0.570567,0,0,,,,,0,0,false,false,35.094886,35.094886
P-W26-0395:WC-2026,P-W26-0395,Rangel,WC-2026,GK,minted,26,13,0,75,76,1,76,75,76,1,measured_performance,measured_performance,,,0.5,0.5,0.708955,0.708955,0.702698,0.702698,0,0,,,,,0,0,false,false,45.665313,45.665313
P-W26-0396:WC-2026,P-W26-0396,Lira,WC-2026,MF,minted,26,24,0,71,71,0,71,71,71,0,measured_performance,measured_performance,,,0.131841,0.131841,0.427861,0.427861,0.545737,0.545737,0,0,,,,,0,0,false,false,34.2297,34.2297
P-W26-0397:WC-2026,P-W26-0397,Reyes,WC-2026,DF,minted,26,33,2,77,77,0,77,77,77,0,measured_performance,measured_performance,,,0.79602,0.79602,0.718905,0.718905,0.724874,0.724874,0,0,,,,,0,0,false,false,47.0545,47.0545
P-W26-0398:WC-2026,P-W26-0398,Huerta,WC-2026,FW,minted,25,26,3,72,72,0,72,72,72,0,measured_performance,measured_performance,,,0.437811,0.437811,0.579602,0.579602,0.606964,0.606964,0,0,,,,,0,0,false,false,37.5047,37.5047
P-W26-0399:WC-2026,P-W26-0399,Gimenez,WC-2026,FW,minted,25,47,6,83,83,0,83,83,83,0,measured_performance,measured_performance,,,0.659204,0.659204,0.810945,0.810945,0.813627,0.813627,0,0,,,,,0,0,false,false,55.680118,55.680118
P-W26-0400:WC-2026,P-W26-0400,Gonzalez,WC-2026,FW,minted,23,7,1,71,71,0,71,71,71,0,measured_performance,measured_performance,,,0.266169,0.266169,0.216418,0.216418,0.501591,0.501591,0,0,,,,,0,0,false,false,32.8067,32.8067
P-W26-0401:WC-2026,P-W26-0401,Gutierrez,WC-2026,MF,minted,22,6,2,72,72,0,72,72,72,0,measured_performance,measured_performance,,,0.639303,0.639303,0.19403,0.19403,0.575827,0.575827,0,0,,,,,0,0,false,false,35.5493,35.5493
P-W26-0402:WC-2026,P-W26-0402,Chavez,WC-2026,DF,minted,22,9,0,72,72,0,72,72,72,0,measured_performance,measured_performance,,,0.293532,0.293532,0.400498,0.400498,0.621639,0.621639,0,0,,,,,0,0,false,false,38.5143,38.5143
P-W26-0403:WC-2026,P-W26-0403,Vargas,WC-2026,MF,minted,20,6,0,73,73,0,73,73,73,0,measured_performance,measured_performance,,,0.18408,0.18408,0.258706,0.258706,0.649851,0.649851,0,0,,,,,0,0,false,false,40.874,40.874
P-W26-0404:WC-2026,P-W26-0404,Mora,WC-2026,MF,minted,17,7,0,71,71,0,71,71,71,0,measured_performance,measured_performance,,,0.233831,0.233831,0.41791,0.41791,0.562454,0.562454,0,0,,,,,0,0,false,false,34.75,34.75
P-W26-0405:WC-2026,P-W26-0405,Rahimi,WC-2026,FW,minted,30,36,12,73,73,0,73,73,73,0,measured_performance,measured_performance,,,0.70398,0.70398,0.524876,0.524876,0.646618,0.646618,0,0,,,,,0,0,false,false,40.6141,40.6141
P-W26-0406:WC-2026,P-W26-0406,Diop,WC-2026,DF,minted,29,3,0,71,71,0,71,71,71,0,measured_performance,measured_performance,,,0.208955,0.208955,0.054726,0.054726,0.536268,0.536268,0,0,,,,,0,0,false,false,33.9122,33.9122
P-W26-0407:WC-2026,P-W26-0407,Belammari,WC-2026,DF,minted,27,18,0,71,71,0,71,71,71,0,measured_performance,measured_performance,,,0.236318,0.236318,0.405473,0.405473,0.524827,0.524827,0,0,,,,,0,0,false,false,33.4054,33.4054
P-W26-0408:WC-2026,P-W26-0408,Diaz,WC-2026,FW,minted,26,25,13,88,88,0,88,88,88,0,measured_performance,measured_performance,,,0.838308,0.838308,0.522388,0.522388,0.874477,0.874477,0,0,,,,,0,0,false,false,61.8723,61.8723
P-W26-0409:WC-2026,P-W26-0409,Saibari,WC-2026,MF,minted,25,30,9,82,82,0,82,82,82,0,measured_performance,measured_performance,,,0.912935,0.912935,0.589552,0.589552,0.796674,0.796674,0,0,,,,,0,0,false,false,54.0784,54.0784
P-W26-0410:WC-2026,P-W26-0410,Aynaoui,WC-2026,MF,minted,24,15,2,77,77,0,77,77,77,0,measured_performance,measured_performance,,,0.60199,0.60199,0.358209,0.358209,0.724746,0.724746,0,0,,,,,0,0,false,false,47,47
P-W26-0411:WC-2026,P-W26-0411,Ouahdi,WC-2026,DF,minted,24,2,0,68,68,0,68,68,68,0,measured_performance,measured_performance,,,0.271144,0.271144,0.08209,0.08209,0.419203,0.419203,0,0,,,,,0,0,false,false,24.4,24.4
P-W26-0412:WC-2026,P-W26-0412,Salah-Eddine,WC-2026,DF,minted,24,9,0,72,72,0,72,72,72,0,measured_performance,measured_performance,,,0.271144,0.271144,0.318408,0.318408,0.582236,0.582236,0,0,,,,,0,0,false,false,36.105207,36.105207
P-W26-0413:WC-2026,P-W26-0413,Halhal,WC-2026,DF,minted,23,2,0,68,68,0,68,68,68,0,measured_performance,measured_performance,,,0.283582,0.283582,0.09204,0.09204,0.423979,0.423979,0,0,,,,,0,0,false,false,24.4651,24.4651
P-W26-0414:WC-2026,P-W26-0414,Riad,WC-2026,DF,minted,22,5,1,72,72,0,72,72,72,0,measured_performance,measured_performance,,,0.708955,0.708955,0.241294,0.241294,0.625821,0.625821,0,0,,,,,0,0,false,false,38.8946,38.8946
P-W26-0415:WC-2026,P-W26-0415,Khannouss,WC-2026,MF,minted,22,36,3,88,88,0,88,88,88,0,measured_performance,measured_performance,,,0.753731,0.753731,0.798507,0.798507,0.880686,0.880686,0,0,,,,,0,0,false,false,62,62
P-W26-0416:WC-2026,P-W26-0416,Amaimouni,WC-2026,FW,minted,21,1,0,71,71,0,71,71,71,0,measured_performance,measured_performance,,,0.11194,0.11194,0.054726,0.054726,0.525866,0.525866,0,0,,,,,0,0,false,false,33.6875,33.6875
P-W26-0417:WC-2026,P-W26-0417,Talbi,WC-2026,MF,minted,21,5,0,72,72,0,72,72,72,0,measured_performance,measured_performance,,,0.171642,0.171642,0.186567,0.186567,0.626687,0.626687,0,0,,,,,0,0,false,false,38.9241,38.9241
P-W26-0418:WC-2026,P-W26-0418,Mourabet,WC-2026,MF,minted,20,3,0,72,72,0,72,72,72,0,measured_performance,measured_performance,,,0.18408,0.18408,0.134328,0.134328,0.58003,0.58003,0,0,,,,,0,0,false,false,35.8873,35.8873
P-W26-0419:WC-2026,P-W26-0419,Yassine,WC-2026,MF,minted,20,5,0,72,72,0,72,72,72,0,measured_performance,measured_performance,,,0.18408,0.18408,0.21393,0.21393,0.602955,0.602955,0,0,,,,,0,0,false,false,37.3,37.3
P-W26-0420:WC-2026,P-W26-0420,Bouaddi,WC-2026,MF,minted,18,3,0,72,72,0,72,72,72,0,measured_performance,measured_performance,,,0.216418,0.216418,0.189055,0.189055,0.602,0.602,0,0,,,,,0,0,false,false,37.3,37.3
P-W26-0421:WC-2026,P-W26-0421,Flekken,WC-2026,GK,minted,32,11,0,73,73,0,73,73,73,0,measured_performance,measured_performance,,,0.5,0.5,0.402985,0.402985,0.645433,0.645433,0,0,,,,,0,0,false,false,40.4444,40.4444
P-W26-0422:WC-2026,P-W26-0422,Til,WC-2026,MF,minted,28,6,1,71,71,0,71,71,71,0,measured_performance,measured_performance,,,0.343284,0.343284,0.074627,0.074627,0.539003,0.539003,0,0,,,,,0,0,false,false,33.9862,33.9862
P-W26-0423:WC-2026,P-W26-0423,Reijnders,WC-2026,MF,minted,27,31,7,86,86,0,86,86,86,0,measured_performance,measured_performance,,,0.833333,0.833333,0.50995,0.50995,0.846866,0.846866,0,0,,,,,0,0,false,false,59.7215,59.7215
P-W26-0424:WC-2026,P-W26-0424,Malen,WC-2026,FW,minted,27,52,13,88,88,0,88,88,88,0,measured_performance,measured_performance,,,0.813433,0.813433,0.825871,0.825871,0.87094,0.87094,0,0,,,,,0,0,false,false,61.570948,61.570948
P-W26-0425:WC-2026,P-W26-0425,Kluivert,WC-2026,MF,minted,27,12,0,72,72,0,72,72,72,0,measured_performance,measured_performance,,,0.126866,0.126866,0.199005,0.199005,0.621672,0.621672,0,0,,,,,0,0,false,false,38.5143,38.5143
P-W26-0426:WC-2026,P-W26-0426,Wieffer,WC-2026,DF,minted,26,15,1,74,74,0,74,74,74,0,measured_performance,measured_performance,,,0.621891,0.621891,0.368159,0.368159,0.686716,0.686716,0,0,,,,,0,0,false,false,43.5838,43.5838
P-W26-0427:WC-2026,P-W26-0427,Hecke,WC-2026,DF,minted,26,11,0,73,73,0,73,73,73,0,measured_performance,measured_performance,,,0.248756,0.248756,0.293532,0.293532,0.650895,0.650895,0,0,,,,,0,0,false,false,40.9647,40.9647
P-W26-0428:WC-2026,P-W26-0428,Ven,WC-2026,DF,minted,25,20,1,79,79,0,79,79,79,0,measured_performance,measured_performance,,,0.644279,0.644279,0.527363,0.527363,0.763134,0.763134,0,0,,,,,0,0,false,false,50.7368,50.7368
P-W26-0429:WC-2026,P-W26-0429,Timber,WC-2026,MF,minted,24,11,1,73,73,0,73,73,73,0,measured_performance,measured_performance,,,0.415423,0.415423,0.271144,0.271144,0.663851,0.663851,0,0,,,,,0,0,false,false,41.6807,41.6807
P-W26-0430:WC-2026,P-W26-0430,Summerville,WC-2026,FW,minted,24,1,0,71,71,0,71,71,71,0,measured_performance,measured_performance,,,0.079602,0.079602,0.039801,0.039801,0.543433,0.543433,0,0,,,,,0,0,false,false,34.0606,34.0606
P-W26-0431:WC-2026,P-W26-0431,Brobbey,WC-2026,FW,minted,24,11,1,72,72,0,72,72,72,0,measured_performance,measured_performance,,,0.238806,0.238806,0.323383,0.323383,0.634776,0.634776,0,0,,,,,0,0,false,false,39.644516,39.644516
P-W26-0432:WC-2026,P-W26-0432,Gravenberch,WC-2026,MF,minted,24,26,1,80,80,0,80,80,80,0,measured_performance,measured_performance,,,0.415423,0.415423,0.562189,0.562189,0.781672,0.781672,0,0,,,,,0,0,false,false,51.8,51.8
P-W26-0433:WC-2026,P-W26-0433,Verbruggen,WC-2026,GK,minted,23,28,0,88,88,0,88,88,88,0,measured_performance,measured_performance,,,0.5,0.5,0.925373,0.925373,0.924179,0.924179,0,0,,,,,0,0,false,false,62,62
P-W26-0434:WC-2026,P-W26-0434,Roefs,WC-2026,GK,minted,23,1,0,72,72,0,72,72,72,0,measured_performance,measured_performance,,,0.5,0.5,0.243781,0.243781,0.597015,0.597015,0,0,,,,,0,0,false,false,36.7059,36.7059
P-W26-0435:WC-2026,P-W26-0435,Hato,WC-2026,DF,minted,20,8,0,77,77,0,77,77,77,0,measured_performance,measured_performance,,,0.318408,0.318408,0.457711,0.457711,0.729701,0.729701,0,0,,,,,0,0,false,false,47.6279,47.6279
P-W26-0436:WC-2026,P-W26-0436,Boxall,WC-2026,DF,minted,37,62,1,73,73,0,73,73,73,0,measured_performance,measured_performance,,,0.310945,0.310945,0.58209,0.58209,0.659203,0.659203,0,0,,,,,0,0,false,false,41.24795,41.24795
P-W26-0437:WC-2026,P-W26-0437,Barbarouses,WC-2026,FW,minted,36,75,10,71,71,0,71,71,71,0,measured_performance,measured_performance,,,0.363184,0.363184,0.517413,0.517413,0.523036,0.523036,0,0,,,,,0,0,false,false,33.3476,33.3476
P-W26-0438:WC-2026,P-W26-0438,Crocombe,WC-2026,GK,minted,32,23,0,79,79,0,79,79,79,0,measured_performance,measured_performance,,,0.5,0.5,0.597015,0.597015,0.766567,0.766567,0,0,,,,,0,0,false,false,50.7718,50.7718
P-W26-0439:WC-2026,P-W26-0439,Payne,WC-2026,DF,minted,32,50,3,73,73,0,73,73,73,0,measured_performance,measured_performance,,,0.766169,0.766169,0.651741,0.651741,0.643036,0.643036,0,0,,,,,0,0,false,false,40.1081,40.1081
P-W26-0440:WC-2026,P-W26-0440,De Vries,WC-2026,DF,minted,31,19,1,71,71,0,71,71,71,0,measured_performance,measured_performance,,,0.487562,0.487562,0.308458,0.308458,0.47826,0.47826,0,0,,,,,0,0,false,false,32.1044,32.1044
P-W26-0441:WC-2026,P-W26-0441,Thomas,WC-2026,MF,minted,31,25,3,72,72,0,72,72,72,0,measured_performance,measured_performance,,,0.475124,0.475124,0.233831,0.233831,0.610167,0.610167,0,0,,,,,0,0,false,false,37.8022,37.8022
P-W26-0442:WC-2026,P-W26-0442,Rufer,WC-2026,MF,minted,29,25,0,70,70,0,70,70,70,0,measured_performance,measured_performance,,,0.114428,0.114428,0.310945,0.310945,0.454322,0.454322,0,0,,,,,0,0,false,false,29.7655,29.7655
P-W26-0443:WC-2026,P-W26-0443,Woud,WC-2026,GK,minted,27,6,0,71,71,0,71,71,71,0,measured_performance,measured_performance,,,0.5,0.5,0.455224,0.455224,0.536108,0.536108,0,0,,,,,0,0,false,false,33.9122,33.9122
P-W26-0444:WC-2026,P-W26-0444,Singh,WC-2026,MF,minted,27,27,3,72,72,0,72,72,72,0,measured_performance,measured_performance,,,0.621891,0.621891,0.430348,0.430348,0.586143,0.586143,0,0,,,,,0,0,false,false,36.3595,36.3595
P-W26-0445:WC-2026,P-W26-0445,Pijnaker,WC-2026,DF,minted,27,24,0,72,72,0,72,72,72,0,measured_performance,measured_performance,,,0.236318,0.236318,0.517413,0.517413,0.578558,0.578558,0,0,,,,,0,0,false,false,35.609005,35.609005
P-W26-0446:WC-2026,P-W26-0446,Bell,WC-2026,MF,minted,27,31,1,72,72,0,72,72,72,0,measured_performance,measured_performance,,,0.360697,0.360697,0.50995,0.50995,0.613319,0.613319,0,0,,,,,0,0,false,false,37.9449,37.9449
P-W26-0447:WC-2026,P-W26-0447,Mccowatt,WC-2026,MF,minted,27,31,4,74,74,0,74,74,74,0,measured_performance,measured_performance,,,0.708955,0.708955,0.50995,0.50995,0.680185,0.680185,0,0,,,,,0,0,false,false,43.25,43.25
P-W26-0448:WC-2026,P-W26-0448,Elliot,WC-2026,DF,minted,26,10,0,70,70,0,70,70,70,0,measured_performance,measured_performance,,,0.248756,0.248756,0.261194,0.261194,0.455573,0.455573,0,0,,,,,0,0,false,false,30.2546,30.2546
P-W26-0449:WC-2026,P-W26-0449,Just,WC-2026,MF,minted,26,43,9,80,80,0,80,80,80,0,measured_performance,measured_performance,,,0.893035,0.893035,0.746269,0.746269,0.783588,0.783588,0,0,,,,,0,0,false,false,52,52
P-W26-0450:WC-2026,P-W26-0450,Cacace,WC-2026,DF,minted,25,36,1,76,76,0,76,76,76,0,measured_performance,measured_performance,,,0.644279,0.644279,0.793532,0.793532,0.711095,0.711095,0,0,,,,,0,0,false,false,45.931,45.931
P-W26-0451:WC-2026,P-W26-0451,Waine,WC-2026,FW,minted,25,31,9,88,88,0,88,88,88,0,measured_performance,measured_performance,,,0.773632,0.773632,0.681592,0.681592,0.870299,0.870299,0,0,,,,,0,0,false,false,61.4265,61.4265
P-W26-0452:WC-2026,P-W26-0452,Stamenic,WC-2026,MF,minted,24,38,3,75,75,0,75,75,75,0,measured_performance,measured_performance,,,0.71393,0.71393,0.756219,0.756219,0.697666,0.697666,0,0,,,,,0,0,false,false,44.62,44.62
P-W26-0453:WC-2026,P-W26-0453,Garbett,WC-2026,MF,minted,24,36,5,88,88,0,88,88,88,0,measured_performance,measured_performance,,,0.833333,0.833333,0.723881,0.723881,0.908478,0.908478,0,0,,,,,0,0,false,false,62,62
P-W26-0454:WC-2026,P-W26-0454,Paulsen,WC-2026,GK,minted,23,7,0,73,73,0,73,73,73,0,measured_performance,measured_performance,,,0.5,0.5,0.646766,0.646766,0.672848,0.672848,0,0,,,,,0,0,false,false,42.5098,42.5098
P-W26-0455:WC-2026,P-W26-0455,Bayliss,WC-2026,MF,minted,23,3,0,68,68,0,68,68,68,0,measured_performance,measured_performance,,,0.151741,0.151741,0.08209,0.08209,0.395576,0.395576,0,0,,,,,0,0,false,false,23.9328,23.9328
P-W26-0456:WC-2026,P-W26-0456,Old,WC-2026,MF,minted,23,23,2,80,80,0,80,80,80,0,measured_performance,measured_performance,,,0.621891,0.621891,0.552239,0.552239,0.784448,0.784448,0,0,,,,,0,0,false,false,52.0578,52.0578
P-W26-0457:WC-2026,P-W26-0457,Randall,WC-2026,FW,minted,23,10,2,71,71,0,71,71,71,0,measured_performance,measured_performance,,,0.405473,0.405473,0.325871,0.325871,0.515275,0.515275,0,0,,,,,0,0,false,false,33.2,33.2
P-W26-0458:WC-2026,P-W26-0458,Surman,WC-2026,DF,minted,22,18,2,73,73,0,73,73,73,0,measured_performance,measured_performance,,,0.868159,0.868159,0.606965,0.606965,0.671143,0.671143,0,0,,,,,0,0,false,false,42.3256,42.3256
P-W26-0459:WC-2026,P-W26-0459,Bindon,WC-2026,DF,minted,21,24,3,87,87,0,87,87,87,0,measured_performance,measured_performance,,,0.945274,0.945274,0.743781,0.743781,0.867015,0.867015,0,0,,,,,0,0,false,false,61.0618,61.0618
P-W26-0460:WC-2026,P-W26-0460,Nyland,WC-2026,GK,minted,35,70,0,86,85,-1,85,86,85,-1,measured_performance,measured_performance,,,0.5,0.5,0.746269,0.746269,0.838209,0.838209,0,0,,,,,0,0,false,false,58.6428,58.6428
P-W26-0461:WC-2026,P-W26-0461,Sorloth,WC-2026,FW,minted,30,71,26,88,88,0,88,88,88,0,measured_performance,measured_performance,,,0.863184,0.863184,0.825871,0.825871,0.919851,0.919851,0,0,,,,,0,0,false,false,62,62
P-W26-0462:WC-2026,P-W26-0462,Aursnes,WC-2026,MF,minted,30,21,1,72,72,0,72,72,72,0,measured_performance,measured_performance,,,0.308458,0.308458,0.228856,0.228856,0.576734,0.576734,0,0,,,,,0,0,false,false,35.5493,35.5493
P-W26-0463:WC-2026,P-W26-0463,Thorsby,WC-2026,MF,minted,30,31,0,72,72,0,72,72,72,0,measured_performance,measured_performance,,,0.109453,0.109453,0.363184,0.363184,0.631612,0.631612,0,0,,,,,0,0,false,false,39.2605,39.2605
P-W26-0464:WC-2026,P-W26-0464,Selvik,WC-2026,GK,minted,28,6,0,74,74,0,74,74,74,0,measured_performance,measured_performance,,,0.5,0.5,0.41791,0.41791,0.680597,0.680597,0,0,,,,,0,0,false,false,43.2552,43.2552
P-W26-0465:WC-2026,P-W26-0465,Ryerson,WC-2026,FW,minted,28,42,1,72,72,0,72,72,72,0,measured_performance,measured_performance,,,0.151741,0.151741,0.676617,0.676617,0.614821,0.614821,0,0,,,,,0,0,false,false,38.0885,38.0885
P-W26-0466:WC-2026,P-W26-0466,Berg,WC-2026,MF,minted,28,42,0,72,72,0,72,72,72,0,measured_performance,measured_performance,,,0.121891,0.121891,0.641791,0.641791,0.605439,0.605439,0,0,,,,,0,0,false,false,37.3878,37.3878
P-W26-0467:WC-2026,P-W26-0467,Berge,WC-2026,MF,minted,28,65,1,86,86,0,86,86,86,0,measured_performance,measured_performance,,,0.343284,0.343284,0.833333,0.833333,0.84591,0.84591,0,0,,,,,0,0,false,false,59.5294,59.5294
P-W26-0468:WC-2026,P-W26-0468,Ajer,WC-2026,DF,minted,28,51,2,88,88,0,88,88,88,0,measured_performance,measured_performance,,,0.748756,0.748756,0.810945,0.810945,0.899254,0.899254,0,0,,,,,0,0,false,false,62,62
P-W26-0469:WC-2026,P-W26-0469,Bjorkan,WC-2026,DF,minted,27,20,1,72,72,0,72,72,72,0,measured_performance,measured_performance,,,0.597015,0.597015,0.455224,0.455224,0.598308,0.598308,0,0,,,,,0,0,false,false,36.7059,36.7059
P-W26-0470:WC-2026,P-W26-0470,Odegaard,WC-2026,MF,minted,27,67,4,88,88,0,88,88,88,0,measured_performance,measured_performance,,,0.708955,0.708955,0.885572,0.885572,0.931164,0.931164,0,0,0.2304,0.2304,,,0,0,false,false,62,62
P-W26-0471:WC-2026,P-W26-0471,Heggem,WC-2026,DF,minted,27,14,0,72,72,0,72,72,72,0,measured_performance,measured_performance,,,0.236318,0.236318,0.313433,0.313433,0.629448,0.629448,0,0,,,,,0,0,false,false,39.0634,39.0634
P-W26-0472:WC-2026,P-W26-0472,Thorstvedt,WC-2026,MF,minted,27,36,4,83,83,0,83,83,83,0,measured_performance,measured_performance,,,0.708955,0.708955,0.589552,0.589552,0.81191,0.81191,0,0,,,,,0,0,false,false,55.3455,55.3455
P-W26-0473:WC-2026,P-W26-0473,Hauge,WC-2026,MF,minted,26,15,1,71,71,0,71,71,71,0,measured_performance,measured_performance,,,0.378109,0.378109,0.283582,0.283582,0.551469,0.551469,0,0,,,,,0,0,false,false,34.4,34.4
P-W26-0474:WC-2026,P-W26-0474,Ostigard,WC-2026,DF,minted,26,37,1,86,86,0,86,86,86,0,measured_performance,measured_performance,,,0.621891,0.621891,0.768657,0.768657,0.847955,0.847955,0,0,,,,,0,0,false,false,59.834,59.834
P-W26-0475:WC-2026,P-W26-0475,Strand Larsen,WC-2026,FW,minted,26,27,6,83,83,0,83,83,83,0,measured_performance,measured_performance,,,0.629353,0.629353,0.559701,0.559701,0.803731,0.803731,0,0,,,,,0,0,false,false,54.9714,54.9714
P-W26-0476:WC-2026,P-W26-0476,Pedersen,WC-2026,DF,minted,25,32,0,85,85,0,85,85,85,0,measured_performance,measured_performance,,,0.261194,0.261194,0.738806,0.738806,0.833627,0.833627,0,0,,,,,0,0,false,false,57.6459,57.6459
P-W26-0477:WC-2026,P-W26-0477,Haaland,WC-2026,FW,minted,25,49,55,98,98,0,88,88,88,0,career_stature_estimate,career_stature_estimate,,,0.985075,0.985075,0.845771,0.845771,0.96612,0.96612,0.08,0.08,0.842791,0.842791,0.895194,0.895194,1,1,true,true,97.5194,62
P-W26-0478:WC-2026,P-W26-0478,Langas,WC-2026,DF,minted,25,3,0,71,71,0,71,71,71,0,measured_performance,measured_performance,,,0.261194,0.261194,0.099502,0.099502,0.557761,0.557761,0,0,,,,,0,0,false,false,34.75,34.75
P-W26-0479:WC-2026,P-W26-0479,Moller Wolfe,WC-2026,DF,minted,24,21,1,81,81,0,81,81,81,0,measured_performance,measured_performance,,,0.664179,0.664179,0.587065,0.587065,0.791791,0.791791,0,0,,,,,0,0,false,false,53.392046,53.392046
P-W26-0480:WC-2026,P-W26-0480,Aasgaard,WC-2026,MF,minted,24,7,5,72,72,0,72,72,72,0,measured_performance,measured_performance,,,0.833333,0.833333,0.186567,0.186567,0.610931,0.610931,0,0,,,,,0,0,false,false,37.8615,37.8615
P-W26-0481:WC-2026,P-W26-0481,Tangvik,WC-2026,GK,minted,23,0,0,71,71,0,71,71,71,0,measured_performance,measured_performance,,,0.5,0.5,0.062189,0.062189,0.481851,0.481851,0,0,,,,,0,0,false,false,32.1081,32.1081
P-W26-0482:WC-2026,P-W26-0482,Falchener,WC-2026,DF,minted,23,1,0,68,68,0,68,68,68,0,measured_performance,measured_performance,,,0.283582,0.283582,0.057214,0.057214,0.407263,0.407263,0,0,,,,,0,0,false,false,24.0239,24.0239
P-W26-0483:WC-2026,P-W26-0483,Bobb,WC-2026,MF,minted,22,19,2,84,84,0,84,84,84,0,measured_performance,measured_performance,,,0.639303,0.639303,0.527363,0.527363,0.814627,0.814627,0,0,,,,,0,0,false,false,56.110809,56.110809
P-W26-0484:WC-2026,P-W26-0484,Schjelderup,WC-2026,MF,minted,22,11,1,72,72,0,72,72,72,0,measured_performance,measured_performance,,,0.442786,0.442786,0.333333,0.333333,0.632615,0.632615,0,0,,,,,0,0,false,false,39.283841,39.283841
P-W26-0485:WC-2026,P-W26-0485,Nusa,WC-2026,FW,minted,21,23,8,88,87,-1,87,88,87,-1,measured_performance,measured_performance,,,0.858209,0.858209,0.661692,0.661692,0.867358,0.867358,0,0,,,,,0,0,false,false,61.2506,61.2506
P-W26-0486:WC-2026,P-W26-0486,Quintero,WC-2026,MF,minted,38,141,7,75,75,0,75,75,75,0,measured_performance,measured_performance,,,0.485075,0.485075,0.905473,0.905473,0.696711,0.696711,0,0,0.0729,0.0729,,,0,0,false,false,44.62,44.62
P-W26-0487:WC-2026,P-W26-0487,Mejia,WC-2026,GK,minted,35,56,0,72,72,0,72,72,72,0,measured_performance,measured_performance,,,0.5,0.5,0.661692,0.661692,0.635212,0.635212,0,0,,,,,0,0,false,false,39.6709,39.6709
P-W26-0488:WC-2026,P-W26-0488,Waterman,WC-2026,FW,minted,35,54,15,71,71,0,71,71,71,0,measured_performance,measured_performance,,,0.512438,0.512438,0.460199,0.460199,0.569902,0.569902,0,0,,,,,0,0,false,false,35.0807,35.0807
P-W26-0489:WC-2026,P-W26-0489,Miller,WC-2026,DF,minted,34,50,2,72,72,0,72,72,72,0,measured_performance,measured_performance,,,0.589552,0.589552,0.562189,0.562189,0.600051,0.600051,0,0,,,,,0,0,false,false,36.934349,36.934349
P-W26-0490:WC-2026,P-W26-0490,Fajardo,WC-2026,FW,minted,32,67,17,73,73,0,73,73,73,0,measured_performance,measured_performance,,,0.679104,0.679104,0.699005,0.699005,0.658558,0.658558,0,0,,,,,0,0,false,false,41.1846,41.1846
P-W26-0491:WC-2026,P-W26-0491,Barcenas,WC-2026,MF,minted,32,103,10,84,84,0,84,84,84,0,measured_performance,measured_performance,,,0.78607,0.78607,0.930348,0.930348,0.816066,0.816066,0,0,,,,,0,0,false,false,56.4276,56.4276
P-W26-0492:WC-2026,P-W26-0492,Samudio,WC-2026,GK,minted,32,5,0,70,70,0,70,70,70,0,measured_performance,measured_performance,,,0.5,0.5,0.276119,0.276119,0.450137,0.450137,0,0,,,,,0,0,false,false,29.7225,29.7225
P-W26-0493:WC-2026,P-W26-0493,Mosquera,WC-2026,GK,minted,31,47,0,78,78,0,78,78,78,0,measured_performance,measured_performance,,,0.5,0.5,0.791045,0.791045,0.742102,0.742102,0,0,,,,,0,0,false,false,48.9044,48.9044
P-W26-0494:WC-2026,P-W26-0494,Yanis,WC-2026,MF,minted,30,56,5,73,73,0,73,73,73,0,measured_performance,measured_performance,,,0.676617,0.676617,0.656716,0.656716,0.661845,0.661845,0,0,,,,,0,0,false,false,41.4737,41.4737
P-W26-0495:WC-2026,P-W26-0495,Ramos,WC-2026,DF,minted,29,22,1,71,71,0,71,71,71,0,measured_performance,measured_performance,,,0.539801,0.539801,0.422886,0.422886,0.533185,0.533185,0,0,,,,,0,0,false,false,33.898541,33.898541
P-W26-0496:WC-2026,P-W26-0496,Martinez,WC-2026,MF,minted,29,65,2,73,73,0,73,73,73,0,measured_performance,measured_performance,,,0.460199,0.460199,0.79602,0.79602,0.660412,0.660412,0,0,,,,,0,0,false,false,41.2941,41.2941
P-W26-0497:WC-2026,P-W26-0497,Blackman,WC-2026,DF,minted,28,39,3,73,73,0,73,73,73,0,measured_performance,measured_performance,,,0.848259,0.848259,0.70398,0.70398,0.66811,0.66811,0,0,,,,,0,0,false,false,41.7,41.7
P-W26-0498:WC-2026,P-W26-0498,Gutierrez,WC-2026,DF,minted,27,18,0,71,71,0,71,71,71,0,measured_performance,measured_performance,,,0.236318,0.236318,0.405473,0.405473,0.524827,0.524827,0,0,,,,,0,0,false,false,33.4054,33.4054
P-W26-0499:WC-2026,P-W26-0499,Andrade,WC-2026,DF,minted,27,49,1,80,80,0,80,80,80,0,measured_performance,measured_performance,,,0.597015,0.597015,0.830846,0.830846,0.778606,0.778606,0,0,,,,,0,0,false,false,51.8,51.8
P-W26-0500:WC-2026,P-W26-0500,Carrasquilla,WC-2026,MF,minted,27,73,3,80,80,0,80,80,80,0,measured_performance,measured_performance,,,0.621891,0.621891,0.91791,0.91791,0.780961,0.780961,0,0,0.11648,0.11648,,,0,0,false,false,51.8,51.8
P-W26-0501:WC-2026,P-W26-0501,Rodriguez,WC-2026,FW,minted,27,13,4,71,71,0,71,71,71,0,measured_performance,measured_performance,,,0.452736,0.452736,0.266169,0.266169,0.525125,0.525125,0,0,,,,,0,0,false,false,33.6276,33.6276
P-W26-0502:WC-2026,P-W26-0502,Harvey,WC-2026,DF,minted,26,27,3,73,74,1,74,73,74,1,measured_performance,measured_performance,,,0.878109,0.878109,0.619403,0.619403,0.677113,0.677113,0,0,,,,,0,0,false,false,43.000905,43.000905
P-W26-0503:WC-2026,P-W26-0503,Cordoba,WC-2026,DF,minted,25,32,1,87,87,0,87,87,87,0,measured_performance,measured_performance,,,0.644279,0.644279,0.738806,0.738806,0.864627,0.864627,0,0,,,,,0,0,false,false,60.772351,60.772351
P-W26-0504:WC-2026,P-W26-0504,Londono,WC-2026,FW,minted,24,10,0,66,66,0,66,66,66,0,measured_performance,measured_performance,,,0.079602,0.079602,0.288557,0.288557,0.393484,0.393484,0,0,,,,,0,0,false,false,20,20
P-W26-0505:WC-2026,P-W26-0505,Farina,WC-2026,DF,minted,24,17,0,72,72,0,72,72,72,0,measured_performance,measured_performance,,,0.271144,0.271144,0.492537,0.492537,0.616218,0.616218,0,0,,,,,0,0,false,false,38.1925,38.1925
P-W26-0506:WC-2026,P-W26-0506,Fernandez,WC-2026,GK,minted,38,30,0,71,71,0,71,71,71,0,measured_performance,measured_performance,,,0.5,0.5,0.323383,0.323383,0.472824,0.472824,0,0,,,,,0,0,false,false,31.479,31.479
P-W26-0507:WC-2026,P-W26-0507,Avalos,WC-2026,FW,minted,35,22,2,70,70,0,70,70,70,0,measured_performance,measured_performance,,,0.11194,0.11194,0.21393,0.21393,0.44577,0.44577,0,0,,,,,0,0,false,false,29.6,29.6
P-W26-0508:WC-2026,P-W26-0508,Velazquez,WC-2026,DF,minted,35,12,1,66,66,0,66,66,66,0,measured_performance,measured_performance,,,0.363184,0.363184,0.097015,0.097015,0.376767,0.376767,0,0,,,,,0,0,false,false,20,20
P-W26-0509:WC-2026,P-W26-0509,Balbuena,WC-2026,DF,minted,34,47,2,74,74,0,74,74,74,0,measured_performance,measured_performance,,,0.589552,0.589552,0.537313,0.537313,0.68731,0.68731,0,0,,,,,0,0,false,false,43.8146,43.8146
P-W26-0510:WC-2026,P-W26-0510,Alonso,WC-2026,DF,minted,33,70,3,83,83,0,83,83,83,0,measured_performance,measured_performance,,,0.743781,0.743781,0.800995,0.800995,0.813878,0.813878,0,0,,,,,0,0,false,false,56,56
P-W26-0511:WC-2026,P-W26-0511,Olveira,WC-2026,GK,minted,33,1,0,66,66,0,66,66,66,0,measured_performance,measured_performance,,,0.5,0.5,0.0199,0.0199,0.327152,0.327152,0,0,,,,,0,0,false,false,20,20
P-W26-0512:WC-2026,P-W26-0512,Gomez,WC-2026,DF,minted,33,88,4,87,87,0,87,87,87,0,measured_performance,measured_performance,,,0.828358,0.828358,0.890547,0.890547,0.856863,0.856863,0,0,0.3781,0.3781,,,0,0,false,false,60.172284,60.172284
P-W26-0513:WC-2026,P-W26-0513,Almiron,WC-2026,MF,minted,32,75,9,80,80,0,80,80,80,0,measured_performance,measured_performance,,,0.756219,0.756219,0.79602,0.79602,0.771648,0.771648,0,0,,,,,0,0,false,false,50.8988,50.8988
P-W26-0514:WC-2026,P-W26-0514,Kaku,WC-2026,FW,minted,31,32,5,71,71,0,71,71,71,0,measured_performance,measured_performance,,,0.385572,0.385572,0.452736,0.452736,0.523334,0.523334,0,0,,,,,0,0,false,false,33.392,33.392
P-W26-0515:WC-2026,P-W26-0515,Arce,WC-2026,FW,minted,30,14,1,70,70,0,70,70,70,0,measured_performance,measured_performance,,,0.116915,0.116915,0.216418,0.216418,0.44786,0.44786,0,0,,,,,0,0,false,false,29.6976,29.6976
P-W26-0516:WC-2026,P-W26-0516,Sanabria,WC-2026,FW,minted,30,47,7,79,79,0,79,79,79,0,measured_performance,measured_performance,,,0.554726,0.554726,0.639303,0.639303,0.755418,0.755418,0,0,,,,,0,0,false,false,49.8488,49.8488
P-W26-0517:WC-2026,P-W26-0517,Cubas,WC-2026,MF,minted,30,32,0,71,71,0,71,71,71,0,measured_performance,measured_performance,,,0.109453,0.109453,0.385572,0.385572,0.47486,0.47486,0,0,,,,,0,0,false,false,32.042053,32.042053
P-W26-0518:WC-2026,P-W26-0518,Canale,WC-2026,DF,minted,29,1,0,66,66,0,66,66,66,0,measured_performance,measured_performance,,,0.208955,0.208955,0.0199,0.0199,0.389352,0.389352,0,0,,,,,0,0,false,false,20,20
P-W26-0519:WC-2026,P-W26-0519,Alderete,WC-2026,DF,minted,29,35,3,83,83,0,83,83,83,0,measured_performance,measured_performance,,,0.828358,0.828358,0.606965,0.606965,0.801343,0.801343,0,0,,,,,0,0,false,false,54.95,54.95
P-W26-0520:WC-2026,P-W26-0520,Pitta,WC-2026,FW,minted,26,5,0,70,70,0,70,70,70,0,measured_performance,measured_performance,,,0.062189,0.062189,0.114428,0.114428,0.465519,0.465519,0,0,,,,,0,0,false,false,30.7919,30.7919
P-W26-0521:WC-2026,P-W26-0521,Sosa,WC-2026,MF,minted,26,28,1,73,73,0,73,73,73,0,measured_performance,measured_performance,,,0.378109,0.378109,0.502488,0.502488,0.668913,0.668913,0,0,,,,,0,0,false,false,42.0081,42.0081
P-W26-0522:WC-2026,P-W26-0522,Caceres,WC-2026,DF,minted,26,16,0,71,71,0,71,71,71,0,measured_performance,measured_performance,,,0.248756,0.248756,0.385572,0.385572,0.564875,0.564875,0,0,,,,,0,0,false,false,34.8085,34.8085
P-W26-0523:WC-2026,P-W26-0523,Gill,WC-2026,GK,minted,26,5,0,72,72,0,72,72,72,0,measured_performance,measured_performance,,,0.5,0.5,0.460199,0.460199,0.583296,0.583296,0,0,,,,,0,0,false,false,36.1444,36.1444
P-W26-0524:WC-2026,P-W26-0524,Ojeda,WC-2026,MF,minted,25,16,0,71,71,0,71,71,71,0,measured_performance,measured_performance,,,0.139303,0.139303,0.353234,0.353234,0.525678,0.525678,0,0,,,,,0,0,false,false,33.6276,33.6276
P-W26-0525:WC-2026,P-W26-0525,Maurício,WC-2026,MF,minted,24,2,0,71,71,0,71,71,71,0,measured_performance,measured_performance,,,0.144279,0.144279,0.042289,0.042289,0.491481,0.491481,0,0,,,,,0,0,false,false,32.3303,32.3303
P-W26-0526:WC-2026,P-W26-0526,Bobadilla,WC-2026,MF,minted,24,19,1,73,73,0,73,73,73,0,measured_performance,measured_performance,,,0.415423,0.415423,0.447761,0.447761,0.660316,0.660316,0,0,,,,,0,0,false,false,41.2667,41.2667
P-W26-0527:WC-2026,P-W26-0527,Caballero,WC-2026,MF,minted,24,2,1,72,72,0,72,72,72,0,measured_performance,measured_performance,,,0.415423,0.415423,0.042289,0.042289,0.63194,0.63194,0,0,,,,,0,0,false,false,39.2605,39.2605
P-W26-0528:WC-2026,P-W26-0528,Galarza,WC-2026,MF,minted,24,14,2,72,72,0,72,72,72,0,measured_performance,measured_performance,,,0.60199,0.60199,0.338308,0.338308,0.610215,0.610215,0,0,,,,,0,0,false,false,37.804062,37.804062
P-W26-0529:WC-2026,P-W26-0529,Gomez,WC-2026,MF,minted,23,23,3,86,86,0,86,86,86,0,measured_performance,measured_performance,,,0.736318,0.736318,0.552239,0.552239,0.840418,0.840418,0,0,,,,,0,0,false,false,58.7451,58.7451
P-W26-0530:WC-2026,P-W26-0530,Enciso,WC-2026,FW,minted,22,31,4,82,82,0,82,82,82,0,measured_performance,measured_performance,,,0.626866,0.626866,0.788557,0.788557,0.799299,0.799299,0,0,,,,,0,0,false,false,54.430075,54.430075
P-W26-0531:WC-2026,P-W26-0531,Maidana,WC-2026,DF,minted,20,1,0,68,68,0,68,68,68,0,measured_performance,measured_performance,,,0.318408,0.318408,0.084577,0.084577,0.420397,0.420397,0,0,,,,,0,0,false,false,24.4,24.4
P-W26-0532:WC-2026,P-W26-0532,Semedo,WC-2026,DF,minted,32,48,0,74,74,0,74,74,74,0,measured_performance,measured_performance,,,0.171642,0.171642,0.631841,0.631841,0.683084,0.683084,0,0,,,,,0,0,false,false,43.2872,43.2872
P-W26-0533:WC-2026,P-W26-0533,Silva,WC-2026,GK,minted,32,2,0,69,69,0,69,69,69,0,measured_performance,measured_performance,,,0.5,0.5,0.059701,0.059701,0.435856,0.435856,0,0,,,,,0,0,false,false,27.5616,27.5616
P-W26-0534:WC-2026,P-W26-0534,Trincao,WC-2026,FW,minted,26,17,3,72,72,0,72,72,72,0,measured_performance,measured_performance,,,0.402985,0.402985,0.368159,0.368159,0.618654,0.618654,0,0,,,,,0,0,false,false,38.2686,38.2686
P-W26-0535:WC-2026,P-W26-0535,Neto,WC-2026,FW,minted,26,23,2,74,74,0,74,74,74,0,measured_performance,measured_performance,,,0.308458,0.308458,0.49005,0.49005,0.679851,0.679851,0,0,,,,,0,0,false,false,43.25,43.25
P-W26-0536:WC-2026,P-W26-0536,Costa,WC-2026,DF,minted,25,4,0,71,71,0,71,71,71,0,measured_performance,measured_performance,,,0.261194,0.261194,0.131841,0.131841,0.573284,0.573284,0,0,,,,,0,0,false,false,35.2941,35.2941
P-W26-0537:WC-2026,P-W26-0537,Inacio,WC-2026,DF,minted,24,20,2,75,75,0,75,75,75,0,measured_performance,measured_performance,,,0.835821,0.835821,0.567164,0.567164,0.701639,0.701639,0,0,,,,,0,0,false,false,45.4017,45.4017
P-W26-0538:WC-2026,P-W26-0538,Araujo,WC-2026,DF,minted,24,3,0,71,71,0,71,71,71,0,measured_performance,measured_performance,,,0.271144,0.271144,0.11194,0.11194,0.483131,0.483131,0,0,,,,,0,0,false,false,32.1339,32.1339
P-W26-0539:WC-2026,P-W26-0539,Conceicao,WC-2026,FW,minted,23,15,3,76,76,0,76,76,76,0,measured_performance,measured_performance,,,0.504975,0.504975,0.452736,0.452736,0.715119,0.715119,0,0,,,,,0,0,false,false,46.2169,46.2169
P-W26-0540:WC-2026,P-W26-0540,Veiga,WC-2026,DF,minted,22,11,1,77,77,0,77,77,77,0,measured_performance,measured_performance,,,0.708955,0.708955,0.450249,0.450249,0.72612,0.72612,0,0,,,,,0,0,false,false,47.114224,47.114224
P-W26-0541:WC-2026,P-W26-0541,Neves,WC-2026,MF,minted,21,21,3,86,85,-1,85,86,85,-1,measured_performance,measured_performance,,,0.781095,0.781095,0.631841,0.631841,0.83794,0.83794,0,0,,,,,0,0,false,false,58.4658,58.4658
P-W26-0542:WC-2026,P-W26-0542,Mendes,WC-2026,DF,minted,35,25,1,70,70,0,70,70,70,0,measured_performance,measured_performance,,,0.363184,0.363184,0.268657,0.268657,0.459155,0.459155,0,0,,,,,0,0,false,false,30.414,30.414
P-W26-0543:WC-2026,P-W26-0543,Pedro Miguel,WC-2026,DF,minted,35,98,3,79,79,0,79,79,79,0,measured_performance,measured_performance,,,0.69403,0.69403,0.883085,0.883085,0.754081,0.754081,0,0,0.0549,0.0549,,,0,0,false,false,49.75,49.75
P-W26-0544:WC-2026,P-W26-0544,Fathy,WC-2026,MF,minted,33,47,0,71,71,0,71,71,71,0,measured_performance,measured_performance,,,0.084577,0.084577,0.422886,0.422886,0.48083,0.48083,0,0,,,,,0,0,false,false,32.1081,32.1081
P-W26-0545:WC-2026,P-W26-0545,Edmilson Junior,WC-2026,FW,minted,31,15,0,66,66,0,66,66,66,0,measured_performance,measured_performance,,,0.029851,0.029851,0.216418,0.216418,0.366917,0.366917,0,0,,,,,0,0,false,false,20,20
P-W26-0546:WC-2026,P-W26-0546,Brake,WC-2026,DF,minted,30,16,0,70,70,0,70,70,70,0,measured_performance,measured_performance,,,0.199005,0.199005,0.261194,0.261194,0.455573,0.455573,0,0,,,,,0,0,false,false,30.2546,30.2546
P-W26-0547:WC-2026,P-W26-0547,Laye,WC-2026,DF,minted,28,3,0,66,66,0,66,66,66,0,measured_performance,measured_performance,,,0.221393,0.221393,0.057214,0.057214,0.357663,0.357663,0,0,,,,,0,0,false,false,20,20
P-W26-0548:WC-2026,P-W26-0548,Zakaria,WC-2026,GK,minted,27,8,0,72,72,0,72,72,72,0,measured_performance,measured_performance,,,0.5,0.5,0.552239,0.552239,0.582675,0.582675,0,0,,,,,0,0,false,false,36.1074,36.1074
P-W26-0549:WC-2026,P-W26-0549,Abdurisag,WC-2026,FW,minted,26,38,3,71,71,0,71,71,71,0,measured_performance,measured_performance,,,0.402985,0.402985,0.708955,0.708955,0.560349,0.560349,0,0,,,,,0,0,false,false,34.75,34.75
P-W26-0550:WC-2026,P-W26-0550,Abunada,WC-2026,GK,minted,26,4,0,71,71,0,71,71,71,0,measured_performance,measured_performance,,,0.5,0.5,0.400498,0.400498,0.509839,0.509839,0,0,,,,,0,0,false,false,33.1174,33.1174
P-W26-0551:WC-2026,P-W26-0551,Ganehi,WC-2026,MF,minted,25,13,1,71,71,0,71,71,71,0,measured_performance,measured_performance,,,0.39801,0.39801,0.288557,0.288557,0.502322,0.502322,0,0,,,,,0,0,false,false,32.8893,32.8893
P-W26-0552:WC-2026,P-W26-0552,Manai,WC-2026,FW,minted,23,9,0,68,68,0,68,68,68,0,measured_performance,measured_performance,,,0.089552,0.089552,0.283582,0.283582,0.396469,0.396469,0,0,,,,,0,0,false,false,23.9328,23.9328
P-W26-0553:WC-2026,P-W26-0553,Hussain,WC-2026,DF,minted,22,7,0,71,71,0,71,71,71,0,measured_performance,measured_performance,,,0.293532,0.293532,0.350746,0.350746,0.498558,0.498558,0,0,,,,,0,0,false,false,32.7659,32.7659
P-W26-0554:WC-2026,P-W26-0554,Oui,WC-2026,DF,minted,21,5,0,70,70,0,70,70,70,0,measured_performance,measured_performance,,,0.308458,0.308458,0.266169,0.266169,0.457961,0.457961,0,0,,,,,0,0,false,false,30.414,30.414
P-W26-0555:WC-2026,P-W26-0555,Jamshid,WC-2026,FW,minted,19,2,0,66,66,0,66,66,66,0,measured_performance,measured_performance,,,0.129353,0.129353,0.134328,0.134328,0.392886,0.392886,0,0,,,,,0,0,false,false,20,20
P-W26-0556:WC-2026,P-W26-0556,Kassar,WC-2026,GK,minted,35,8,0,71,71,0,71,71,71,0,measured_performance,measured_performance,,,0.5,0.5,0.233831,0.233831,0.474639,0.474639,0,0,,,,,0,0,false,false,31.8154,31.8154
P-W26-0557:WC-2026,P-W26-0557,Kadesh,WC-2026,DF,minted,33,19,2,71,71,0,71,71,71,0,measured_performance,measured_performance,,,0.616915,0.616915,0.258706,0.258706,0.503979,0.503979,0,0,,,,,0,0,false,false,32.921507,32.921507
P-W26-0558:WC-2026,P-W26-0558,Mandash,WC-2026,FW,minted,31,5,1,68,68,0,68,68,68,0,measured_performance,measured_performance,,,0.10199,0.10199,0.049751,0.049751,0.422487,0.422487,0,0,,,,,0,0,false,false,24.437,24.437
P-W26-0559:WC-2026,P-W26-0559,Hejji,WC-2026,MF,minted,30,1,0,68,68,0,68,68,68,0,measured_performance,measured_performance,,,0.109453,0.109453,0.007463,0.007463,0.420364,0.420364,0,0,,,,,0,0,false,false,24.4,24.4
P-W26-0560:WC-2026,P-W26-0560,Lajami,WC-2026,DF,minted,30,20,1,71,71,0,71,71,71,0,measured_performance,measured_performance,,,0.514925,0.514925,0.363184,0.363184,0.554128,0.554128,0,0,,,,,0,0,false,false,34.5,34.5
P-W26-0561:WC-2026,P-W26-0561,Hamdan,WC-2026,FW,minted,26,48,11,79,79,0,79,79,79,0,measured_performance,measured_performance,,,0.798507,0.798507,0.793532,0.793532,0.762486,0.762486,0,0,,,,,0,0,false,false,50.6667,50.6667
P-W26-0562:WC-2026,P-W26-0562,Boushal,WC-2026,DF,minted,26,24,0,73,73,0,73,73,73,0,measured_performance,measured_performance,,,0.248756,0.248756,0.549751,0.549751,0.64368,0.64368,0,0,,,,,0,0,false,false,40.247966,40.247966
P-W26-0563:WC-2026,P-W26-0563,Majrashi,WC-2026,DF,minted,26,20,0,72,72,0,72,72,72,0,measured_performance,measured_performance,,,0.248756,0.248756,0.49005,0.49005,0.615024,0.615024,0,0,,,,,0,0,false,false,38.0885,38.0885
P-W26-0564:WC-2026,P-W26-0564,Harbi,WC-2026,DF,minted,26,11,0,71,71,0,71,71,71,0,measured_performance,measured_performance,,,0.248756,0.248756,0.293532,0.293532,0.520695,0.520695,0,0,,,,,0,0,false,false,33.3379,33.3379
P-W26-0565:WC-2026,P-W26-0565,Ghannam,WC-2026,FW,minted,25,5,0,68,68,0,68,68,68,0,measured_performance,measured_performance,,,0.069652,0.069652,0.131841,0.131841,0.420696,0.420696,0,0,,,,,0,0,false,false,24.437,24.437
P-W26-0566:WC-2026,P-W26-0566,Yahya,WC-2026,FW,minted,25,25,0,70,70,0,70,70,70,0,measured_performance,measured_performance,,,0.069652,0.069652,0.554726,0.554726,0.471442,0.471442,0,0,,,,,0,0,false,false,31.2457,31.2457
P-W26-0567:WC-2026,P-W26-0567,Thakri,WC-2026,DF,minted,24,6,0,71,71,0,71,71,71,0,measured_performance,measured_performance,,,0.271144,0.271144,0.238806,0.238806,0.494427,0.494427,0,0,,,,,0,0,false,false,32.5,32.5
P-W26-0568:WC-2026,P-W26-0568,Johani,WC-2026,MF,minted,24,11,0,71,71,0,71,71,71,0,measured_performance,measured_performance,,,0.144279,0.144279,0.271144,0.271144,0.502991,0.502991,0,0,,,,,0,0,false,false,32.9114,32.9114
P-W26-0569:WC-2026,P-W26-0569,Abu Shamat,WC-2026,DF,minted,23,5,0,71,71,0,71,71,71,0,measured_performance,measured_performance,,,0.283582,0.283582,0.216418,0.216418,0.483681,0.483681,0,0,,,,,0,0,false,false,32.1739,32.1739
P-W26-0570:WC-2026,P-W26-0570,Juwayr,WC-2026,MF,minted,22,33,6,81,81,0,81,81,81,0,measured_performance,measured_performance,,,0.890547,0.890547,0.766169,0.766169,0.788842,0.788842,0,0,,,,,0,0,false,false,52.7895,52.7895
P-W26-0571:WC-2026,P-W26-0571,Gordon,WC-2026,GK,minted,43,84,0,72,72,0,72,72,72,0,measured_performance,measured_performance,,,0.5,0.5,0.567164,0.567164,0.634639,0.634639,0,0,,,,,0,0,false,false,39.6119,39.6119
P-W26-0572:WC-2026,P-W26-0572,Hanley,WC-2026,DF,minted,34,67,2,78,78,0,78,78,78,0,measured_performance,measured_performance,,,0.589552,0.589552,0.751244,0.751244,0.740397,0.740397,0,0,,,,,0,0,false,false,48.685496,48.685496
P-W26-0573:WC-2026,P-W26-0573,Mclean,WC-2026,MF,minted,34,57,3,78,78,0,78,78,78,0,measured_performance,measured_performance,,,0.365672,0.365672,0.467662,0.467662,0.744896,0.744896,0,0,,,,,0,0,false,false,49.2603,49.2603
P-W26-0574:WC-2026,P-W26-0574,Robertson,WC-2026,DF,minted,32,93,4,89,88,-1,88,88,88,0,career_stature_estimate,career_stature_estimate,,,0.845771,0.845771,0.922886,0.922886,0.952985,0.952985,0.07,0.07,0.522494,0.435292,0.67758,0.622352,1,0.7941,false,false,67.745441,62
P-W26-0575:WC-2026,P-W26-0575,Mcginn,WC-2026,MF,minted,31,85,20,88,88,0,88,88,88,0,measured_performance,measured_performance,,,0.970149,0.970149,0.895522,0.895522,0.984179,0.984179,0,0,,,,,0,0,false,false,62,62
P-W26-0576:WC-2026,P-W26-0576,Christie,WC-2026,MF,minted,31,67,10,88,88,0,88,88,88,0,measured_performance,measured_performance,,,0.813433,0.813433,0.738806,0.738806,0.908955,0.908955,0,0,,,,,0,0,false,false,62,62
P-W26-0577:WC-2026,P-W26-0577,Hendry,WC-2026,DF,minted,31,37,3,73,73,0,73,73,73,0,measured_performance,measured_performance,,,0.788557,0.788557,0.544776,0.544776,0.641292,0.641292,0,0,,,,,0,0,false,false,40.0367,40.0367
P-W26-0578:WC-2026,P-W26-0578,Shankland,WC-2026,FW,minted,30,19,6,72,72,0,72,72,72,0,measured_performance,measured_performance,,,0.49005,0.49005,0.291045,0.291045,0.591143,0.591143,0,0,,,,,0,0,false,false,36.5283,36.5283
P-W26-0579:WC-2026,P-W26-0579,Dykes,WC-2026,FW,minted,30,51,10,84,84,0,84,84,84,0,measured_performance,measured_performance,,,0.639303,0.639303,0.699005,0.699005,0.82403,0.82403,0,0,,,,,0,0,false,false,56.9908,56.9908
P-W26-0580:WC-2026,P-W26-0580,Hyam,WC-2026,DF,minted,30,3,0,66,66,0,66,66,66,0,measured_performance,measured_performance,,,0.199005,0.199005,0.049751,0.049751,0.35408,0.35408,0,0,,,,,0,0,false,false,20,20
P-W26-0581:WC-2026,P-W26-0581,Gunn,WC-2026,GK,minted,30,21,0,82,82,0,82,82,82,0,measured_performance,measured_performance,,,0.5,0.5,0.666667,0.666667,0.8,0.8,0,0,,,,,0,0,false,false,54.6354,54.6354
P-W26-0582:WC-2026,P-W26-0582,Kelly,WC-2026,GK,minted,30,3,0,70,70,0,70,70,70,0,measured_performance,measured_performance,,,0.5,0.5,0.174129,0.174129,0.445982,0.445982,0,0,,,,,0,0,false,false,29.6,29.6
P-W26-0583:WC-2026,P-W26-0583,Stewart,WC-2026,FW,minted,29,2,0,71,71,0,71,71,71,0,measured_performance,measured_performance,,,0.039801,0.039801,0.034826,0.034826,0.528507,0.528507,0,0,,,,,0,0,false,false,33.75,33.75
P-W26-0584:WC-2026,P-W26-0584,Adams,WC-2026,FW,minted,29,46,11,83,83,0,83,83,83,0,measured_performance,measured_performance,,,0.70398,0.70398,0.664179,0.664179,0.812134,0.812134,0,0,,,,,0,0,false,false,55.5855,55.5855
P-W26-0585:WC-2026,P-W26-0585,Souttar,WC-2026,DF,minted,29,23,2,72,72,0,72,72,72,0,measured_performance,measured_performance,,,0.721393,0.721393,0.437811,0.437811,0.589949,0.589949,0,0,,,,,0,0,false,false,36.5157,36.5157
P-W26-0586:WC-2026,P-W26-0586,Mckenna,WC-2026,DF,minted,29,50,1,79,79,0,79,79,79,0,measured_performance,measured_performance,,,0.539801,0.539801,0.768657,0.768657,0.748755,0.748755,0,0,,,,,0,0,false,false,49.6291,49.6291
P-W26-0587:WC-2026,P-W26-0587,Mctominay,WC-2026,MF,minted,29,69,14,88,88,0,88,88,88,0,measured_performance,measured_performance,,,0.930348,0.930348,0.835821,0.835821,0.925343,0.925343,0,0,0.192,0.192,,,0,0,false,false,62,62
P-W26-0588:WC-2026,P-W26-0588,Tierney,WC-2026,DF,minted,29,55,2,80,80,0,80,80,80,0,measured_performance,measured_performance,,,0.721393,0.721393,0.823383,0.823383,0.775024,0.775024,0,0,,,,,0,0,false,false,51.1,51.1
P-W26-0589:WC-2026,P-W26-0589,Ralston,WC-2026,DF,minted,27,26,1,73,73,0,73,73,73,0,measured_performance,measured_performance,,,0.597015,0.597015,0.549751,0.549751,0.64368,0.64368,0,0,,,,,0,0,false,false,40.247966,40.247966
P-W26-0590:WC-2026,P-W26-0590,Hirst,WC-2026,FW,minted,27,9,1,72,72,0,72,72,72,0,measured_performance,measured_performance,,,0.174129,0.174129,0.179104,0.179104,0.594179,0.594179,0,0,,,,,0,0,false,false,36.5596,36.5596
P-W26-0591:WC-2026,P-W26-0591,Ferguson,WC-2026,MF,minted,26,23,1,75,75,0,75,75,75,0,measured_performance,measured_performance,,,0.378109,0.378109,0.410448,0.410448,0.696806,0.696806,0,0,,,,,0,0,false,false,44.62,44.62
P-W26-0592:WC-2026,P-W26-0592,Patterson,WC-2026,DF,minted,24,26,1,85,85,0,85,85,85,0,measured_performance,measured_performance,,,0.664179,0.664179,0.669154,0.669154,0.831194,0.831194,0,0,,,,,0,0,false,false,57.6459,57.6459
P-W26-0593:WC-2026,P-W26-0593,Hickey,WC-2026,DF,minted,24,20,0,80,80,0,80,80,80,0,measured_performance,measured_performance,,,0.271144,0.271144,0.567164,0.567164,0.782239,0.782239,0,0,,,,,0,0,false,false,51.9448,51.9448
P-W26-0594:WC-2026,P-W26-0594,Gannon-Doak,WC-2026,FW,minted,20,13,1,75,75,0,75,75,75,0,measured_performance,measured_performance,,,0.348259,0.348259,0.517413,0.517413,0.697463,0.697463,0,0,,,,,0,0,false,false,44.62,44.62
P-W26-0595:WC-2026,P-W26-0595,Curtis,WC-2026,FW,minted,20,2,1,71,71,0,71,71,71,0,measured_performance,measured_performance,,,0.348259,0.348259,0.119403,0.119403,0.519502,0.519502,0,0,,,,,0,0,false,false,33.274205,33.274205
P-W26-0596:WC-2026,P-W26-0596,Fletcher,WC-2026,MF,minted,19,1,0,72,72,0,72,72,72,0,measured_performance,measured_performance,,,0.199005,0.199005,0.037313,0.037313,0.588955,0.588955,0,0,,,,,0,0,false,false,36.4594,36.4594
P-W26-0597:WC-2026,P-W26-0597,Seck,WC-2026,DF,minted,34,22,4,70,70,0,70,70,70,0,measured_performance,measured_performance,,,0.80597,0.80597,0.271144,0.271144,0.460349,0.460349,0,0,,,,,0,0,false,false,30.6024,30.6024
P-W26-0598:WC-2026,P-W26-0598,Diaw,WC-2026,GK,minted,32,5,0,72,72,0,72,72,72,0,measured_performance,measured_performance,,,0.5,0.5,0.276119,0.276119,0.584537,0.584537,0,0,,,,,0,0,false,false,36.348,36.348
P-W26-0599:WC-2026,P-W26-0599,Ndiaye,WC-2026,FW,minted,30,18,4,71,71,0,71,71,71,0,measured_performance,measured_performance,,,0.350746,0.350746,0.276119,0.276119,0.539203,0.539203,0,0,,,,,0,0,false,false,34,34
P-W26-0600:WC-2026,P-W26-0600,Niakhate,WC-2026,DF,minted,30,30,0,77,77,0,77,77,77,0,measured_performance,measured_performance,,,0.199005,0.199005,0.512438,0.512438,0.72497,0.72497,0,0,,,,,0,0,false,false,47.0545,47.0545
P-W26-0601:WC-2026,P-W26-0601,Diouf,WC-2026,GK,minted,26,2,0,71,71,0,71,71,71,0,measured_performance,measured_performance,,,0.5,0.5,0.226368,0.226368,0.560657,0.560657,0,0,,,,,0,0,false,false,34.75,34.75
P-W26-0602:WC-2026,P-W26-0602,Camara,WC-2026,MF,minted,22,32,7,88,88,0,88,88,88,0,measured_performance,measured_performance,,,0.915423,0.915423,0.753731,0.753731,0.898836,0.898836,0,0,,,,,0,0,false,false,62,62
P-W26-0603:WC-2026,P-W26-0603,Diarra,WC-2026,MF,minted,22,20,4,87,87,0,87,87,87,0,measured_performance,measured_performance,,,0.825871,0.825871,0.564677,0.564677,0.861194,0.861194,0,0,,,,,0,0,false,false,60.57328,60.57328
P-W26-0604:WC-2026,P-W26-0604,Mendy,WC-2026,DF,minted,22,6,0,72,72,0,72,72,72,0,measured_performance,measured_performance,,,0.293532,0.293532,0.300995,0.300995,0.623478,0.623478,0,0,,,,,0,0,false,false,38.75,38.75
P-W26-0605:WC-2026,P-W26-0605,Diouf,WC-2026,DF,minted,21,19,1,85,85,0,85,85,85,0,measured_performance,measured_performance,,,0.731343,0.731343,0.671642,0.671642,0.832388,0.832388,0,0,,,,,0,0,false,false,57.6459,57.6459
P-W26-0606:WC-2026,P-W26-0606,Sarr,WC-2026,DF,minted,20,7,0,76,76,0,76,76,76,0,measured_performance,measured_performance,,,0.318408,0.318408,0.412935,0.412935,0.708209,0.708209,0,0,,,,,0,0,false,false,45.7951,45.7951
P-W26-0607:WC-2026,P-W26-0607,Diao,WC-2026,FW,minted,20,5,0,71,71,0,71,71,71,0,measured_performance,measured_performance,,,0.119403,0.119403,0.236318,0.236318,0.550343,0.550343,0,0,,,,,0,0,false,false,34.3404,34.3404
P-W26-0608:WC-2026,P-W26-0608,Sapoko Ndiaye,WC-2026,MF,minted,18,1,0,71,71,0,71,71,71,0,measured_performance,measured_performance,,,0.216418,0.216418,0.047264,0.047264,0.561164,0.561164,0,0,,,,,0,0,false,false,34.75,34.75
P-W26-0609:WC-2026,P-W26-0609,Mbaye,WC-2026,FW,minted,18,10,3,82,82,0,82,82,82,0,measured_performance,measured_performance,,,0.69403,0.69403,0.542289,0.542289,0.793925,0.793925,0,0,,,,,0,0,false,false,53.7387,53.7387
P-W26-0610:WC-2026,P-W26-0610,Zwane,WC-2026,MF,minted,36,53,12,72,72,0,72,72,72,0,measured_performance,measured_performance,,,0.766169,0.766169,0.323383,0.323383,0.583039,0.583039,0,0,,,,,0,0,false,false,36.1444,36.1444
P-W26-0611:WC-2026,P-W26-0611,Williams,WC-2026,GK,minted,34,62,0,74,74,0,74,74,74,0,measured_performance,measured_performance,,,0.5,0.5,0.751244,0.751244,0.678197,0.678197,0,0,,,,,0,0,false,false,43.1314,43.1314
P-W26-0612:WC-2026,P-W26-0612,Goss,WC-2026,GK,minted,32,4,0,68,68,0,68,68,68,0,measured_performance,measured_performance,,,0.5,0.5,0.216418,0.216418,0.421481,0.421481,0,0,,,,,0,0,false,false,24.437,24.437
P-W26-0613:WC-2026,P-W26-0613,Mudau,WC-2026,DF,minted,31,32,1,71,71,0,71,71,71,0,measured_performance,measured_performance,,,0.487562,0.487562,0.495025,0.495025,0.567812,0.567812,0,0,,,,,0,0,false,false,35.0554,35.0554
P-W26-0614:WC-2026,P-W26-0614,Modiba,WC-2026,DF,minted,30,44,3,73,73,0,73,73,73,0,measured_performance,measured_performance,,,0.818408,0.818408,0.671642,0.671642,0.652588,0.652588,0,0,,,,,0,0,false,false,40.9709,40.9709
P-W26-0615:WC-2026,P-W26-0615,Sibisi,WC-2026,DF,minted,30,19,0,71,71,0,71,71,71,0,measured_performance,measured_performance,,,0.199005,0.199005,0.338308,0.338308,0.492588,0.492588,0,0,,,,,0,0,false,false,32.3555,32.3555
P-W26-0616:WC-2026,P-W26-0616,Rayners,WC-2026,FW,minted,30,13,4,71,71,0,71,71,71,0,measured_performance,measured_performance,,,0.350746,0.350746,0.19403,0.19403,0.479752,0.479752,0,0,,,,,0,0,false,false,32.1044,32.1044
P-W26-0617:WC-2026,P-W26-0617,Chaine,WC-2026,GK,minted,29,3,0,68,68,0,68,68,68,0,measured_performance,measured_performance,,,0.5,0.5,0.20398,0.20398,0.41551,0.41551,0,0,,,,,0,0,false,false,24.2753,24.2753
P-W26-0618:WC-2026,P-W26-0618,Mokoena,WC-2026,MF,minted,29,51,9,75,75,0,75,75,75,0,measured_performance,measured_performance,,,0.835821,0.835821,0.671642,0.671642,0.696711,0.696711,0,0,,,,,0,0,false,false,44.62,44.62
P-W26-0619:WC-2026,P-W26-0619,Matuludi,WC-2026,DF,minted,27,2,0,66,66,0,66,66,66,0,measured_performance,measured_performance,,,0.236318,0.236318,0.049751,0.049751,0.35408,0.35408,0,0,,,,,0,0,false,false,20,20
P-W26-0620:WC-2026,P-W26-0620,Sithole,WC-2026,MF,minted,27,27,1,73,73,0,73,73,73,0,measured_performance,measured_performance,,,0.360697,0.360697,0.430348,0.430348,0.644794,0.644794,0,0,,,,,0,0,false,false,40.4444,40.4444
P-W26-0621:WC-2026,P-W26-0621,Mbatha,WC-2026,MF,minted,26,14,3,71,71,0,71,71,71,0,measured_performance,measured_performance,,,0.651741,0.651741,0.263682,0.263682,0.543875,0.543875,0,0,,,,,0,0,false,false,34.1655,34.1655
P-W26-0622:WC-2026,P-W26-0622,Makgopa,WC-2026,FW,minted,26,26,6,72,72,0,72,72,72,0,measured_performance,measured_performance,,,0.629353,0.629353,0.532338,0.532338,0.620648,0.620648,0,0,,,,,0,0,false,false,38.483,38.483
P-W26-0623:WC-2026,P-W26-0623,Foster,WC-2026,FW,minted,25,26,10,87,87,0,87,87,87,0,measured_performance,measured_performance,,,0.79602,0.79602,0.579602,0.579602,0.866119,0.866119,0,0,,,,,0,0,false,false,60.936181,60.936181
P-W26-0624:WC-2026,P-W26-0624,Moremi,WC-2026,FW,minted,25,9,1,69,69,0,69,69,69,0,measured_performance,measured_performance,,,0.216418,0.216418,0.223881,0.223881,0.434976,0.434976,0,0,,,,,0,0,false,false,27.2,27.2
P-W26-0625:WC-2026,P-W26-0625,Cross,WC-2026,DF,minted,25,0,0,66,66,0,66,66,66,0,measured_performance,measured_performance,,,0.261194,0.261194,0.012438,0.012438,0.33617,0.33617,0,0,,,,,0,0,false,false,20,20
P-W26-0626:WC-2026,P-W26-0626,Adams,WC-2026,MF,minted,25,4,0,66,66,0,66,66,66,0,measured_performance,measured_performance,,,0.139303,0.139303,0.079602,0.079602,0.392472,0.392472,0,0,,,,,0,0,false,false,20,20
P-W26-0627:WC-2026,P-W26-0627,Appollis,WC-2026,FW,minted,24,25,8,74,74,0,74,74,74,0,measured_performance,measured_performance,,,0.776119,0.776119,0.589552,0.589552,0.680349,0.680349,0,0,,,,,0,0,false,false,43.2552,43.2552
P-W26-0628:WC-2026,P-W26-0628,Sebelebele,WC-2026,FW,minted,23,2,0,66,66,0,66,66,66,0,measured_performance,measured_performance,,,0.089552,0.089552,0.089552,0.089552,0.373185,0.373185,0,0,,,,,0,0,false,false,20,20
P-W26-0629:WC-2026,P-W26-0629,Maseko,WC-2026,FW,minted,22,9,1,71,71,0,71,71,71,0,measured_performance,measured_performance,,,0.29602,0.29602,0.31592,0.31592,0.474678,0.474678,0,0,,,,,0,0,false,false,32,32
P-W26-0630:WC-2026,P-W26-0630,Ndamane,WC-2026,DF,minted,22,5,0,70,70,0,70,70,70,0,measured_performance,measured_performance,,,0.293532,0.293532,0.241294,0.241294,0.446021,0.446021,0,0,,,,,0,0,false,false,29.6976,29.6976
P-W26-0631:WC-2026,P-W26-0631,Okon,WC-2026,DF,minted,22,7,1,73,73,0,73,73,73,0,measured_performance,measured_performance,,,0.708955,0.708955,0.350746,0.350746,0.647358,0.647358,0,0,,,,,0,0,false,false,40.736,40.736
P-W26-0632:WC-2026,P-W26-0632,Kabini,WC-2026,DF,minted,22,5,0,71,71,0,71,71,71,0,measured_performance,measured_performance,,,0.293532,0.293532,0.241294,0.241294,0.495621,0.495621,0,0,,,,,0,0,false,false,32.5,32.5
P-W26-0633:WC-2026,P-W26-0633,Makhanya,WC-2026,DF,minted,22,0,0,66,66,0,66,66,66,0,measured_performance,measured_performance,,,0.293532,0.293532,0.0199,0.0199,0.389352,0.389352,0,0,,,,,0,0,false,false,20,20
P-W26-0634:WC-2026,P-W26-0634,Mofokeng,WC-2026,FW,minted,21,12,0,68,68,0,68,68,68,0,measured_performance,measured_performance,,,0.11194,0.11194,0.457711,0.457711,0.425424,0.425424,0,0,,,,,0,0,false,false,24.4813,24.4813
P-W26-0635:WC-2026,P-W26-0635,Mbokazi,WC-2026,DF,minted,20,10,1,72,72,0,72,72,72,0,measured_performance,measured_performance,,,0.753731,0.753731,0.512438,0.512438,0.62577,0.62577,0,0,,,,,0,0,false,false,38.7826,38.7826
P-W26-0636:WC-2026,P-W26-0636,Park,WC-2026,DF,minted,30,14,1,70,70,0,70,70,70,0,measured_performance,measured_performance,,,0.514925,0.514925,0.228856,0.228856,0.440051,0.440051,0,0,,,,,0,0,false,false,29.3881,29.3881
P-W26-0637:WC-2026,P-W26-0637,Kim,WC-2026,MF,minted,29,22,3,72,72,0,72,72,72,0,measured_performance,measured_performance,,,0.557214,0.557214,0.271144,0.271144,0.582275,0.582275,0,0,,,,,0,0,false,false,36.1074,36.1074
P-W26-0638:WC-2026,P-W26-0638,Lee,WC-2026,MF,minted,28,18,4,72,72,0,72,72,72,0,measured_performance,measured_performance,,,0.681592,0.681592,0.248756,0.248756,0.599707,0.599707,0,0,,,,,0,0,false,false,36.8029,36.8029
P-W26-0639:WC-2026,P-W26-0639,Seol,WC-2026,DF,minted,27,34,0,76,76,0,76,76,76,0,measured_performance,measured_performance,,,0.236318,0.236318,0.686567,0.686567,0.709352,0.709352,0,0,,,,,0,0,false,false,45.7951,45.7951
P-W26-0640:WC-2026,P-W26-0640,Lee,WC-2026,MF,minted,25,3,0,70,70,0,70,70,70,0,measured_performance,measured_performance,,,0.139303,0.139303,0.059701,0.059701,0.44114,0.44114,0,0,,,,,0,0,false,false,29.504,29.504
P-W26-0641:WC-2026,P-W26-0641,Kim,WC-2026,DF,minted,25,7,0,71,71,0,71,71,71,0,measured_performance,measured_performance,,,0.261194,0.261194,0.236318,0.236318,0.493233,0.493233,0,0,,,,,0,0,false,false,32.3555,32.3555
P-W26-0642:WC-2026,P-W26-0642,Oh,WC-2026,FW,minted,25,27,6,74,74,0,74,74,74,0,measured_performance,measured_performance,,,0.659204,0.659204,0.59204,0.59204,0.688158,0.688158,0,0,,,,,0,0,false,false,43.8146,43.8146
P-W26-0643:WC-2026,P-W26-0643,Cho,WC-2026,DF,minted,24,1,0,68,68,0,68,68,68,0,measured_performance,measured_performance,,,0.271144,0.271144,0.047264,0.047264,0.402487,0.402487,0,0,,,,,0,0,false,false,24,24
P-W26-0644:WC-2026,P-W26-0644,Eom,WC-2026,MF,minted,24,9,2,71,71,0,71,71,71,0,measured_performance,measured_performance,,,0.60199,0.60199,0.221393,0.221393,0.522143,0.522143,0,0,,,,,0,0,false,false,33.3379,33.3379
P-W26-0645:WC-2026,P-W26-0645,Yang,WC-2026,MF,minted,24,9,0,71,71,0,71,71,71,0,measured_performance,measured_performance,,,0.144279,0.144279,0.221393,0.221393,0.488663,0.488663,0,0,,,,,0,0,false,false,32.2001,32.2001
P-W26-0646:WC-2026,P-W26-0646,Lee,WC-2026,DF,minted,23,8,0,71,71,0,71,71,71,0,measured_performance,measured_performance,,,0.283582,0.283582,0.335821,0.335821,0.540994,0.540994,0,0,,,,,0,0,false,false,34.0606,34.0606
P-W26-0647:WC-2026,P-W26-0647,Lee,WC-2026,DF,minted,23,15,1,72,72,0,72,72,72,0,measured_performance,measured_performance,,,0.686567,0.686567,0.492537,0.492537,0.616218,0.616218,0,0,,,,,0,0,false,false,38.1925,38.1925
P-W26-0648:WC-2026,P-W26-0648,Castrop,WC-2026,DF,minted,22,7,0,73,73,0,73,73,73,0,measured_performance,measured_performance,,,0.293532,0.293532,0.350746,0.350746,0.647358,0.647358,0,0,,,,,0,0,false,false,40.736,40.736
P-W26-0649:WC-2026,P-W26-0649,Bae,WC-2026,MF,minted,22,13,2,80,80,0,80,80,80,0,measured_performance,measured_performance,,,0.639303,0.639303,0.38806,0.38806,0.774507,0.774507,0,0,,,,,0,0,false,false,51.1,51.1
P-W26-0650:WC-2026,P-W26-0650,Iglesias,WC-2026,FW,minted,33,6,0,71,71,0,71,71,71,0,measured_performance,measured_performance,,,0.0199,0.0199,0.044776,0.044776,0.522537,0.522537,0,0,,,,,0,0,false,false,33.3385,33.3385
P-W26-0651:WC-2026,P-W26-0651,Grimaldo,WC-2026,DF,minted,30,12,0,71,71,0,71,71,71,0,measured_performance,measured_performance,,,0.199005,0.199005,0.196517,0.196517,0.573328,0.573328,0,0,0.17723,0.17723,,,0,0,false,false,35.4,35.4
P-W26-0652:WC-2026,P-W26-0652,Ruiz,WC-2026,MF,minted,30,41,6,82,82,0,82,82,82,0,measured_performance,measured_performance,,,0.721393,0.721393,0.522388,0.522388,0.794955,0.794955,0,0,,,,,0,0,false,false,53.9,53.9
P-W26-0653:WC-2026,P-W26-0653,Merino,WC-2026,MF,minted,29,41,10,88,88,0,88,88,88,0,measured_performance,measured_performance,,,0.860697,0.860697,0.572139,0.572139,0.87003,0.87003,0,0,,,,,0,0,false,false,61.4244,61.4244
P-W26-0654:WC-2026,P-W26-0654,Oyarzabal,WC-2026,FW,minted,29,52,24,88,88,0,88,88,88,0,measured_performance,measured_performance,,,0.865672,0.865672,0.761194,0.761194,0.912985,0.912985,0,0,,,,,0,0,false,false,62,62
P-W26-0655:WC-2026,P-W26-0655,Cucurella,WC-2026,DF,minted,27,23,1,79,79,0,79,79,79,0,measured_performance,measured_performance,,,0.597015,0.597015,0.502488,0.502488,0.751194,0.751194,0,0,,,,,0,0,false,false,49.6471,49.6471
P-W26-0656:WC-2026,P-W26-0656,Zubimendi,WC-2026,MF,minted,27,25,3,80,80,0,80,80,80,0,measured_performance,measured_performance,,,0.621891,0.621891,0.39801,0.39801,0.77403,0.77403,0,0,,,,,0,0,false,false,51.045049,51.045049
P-W26-0657:WC-2026,P-W26-0657,Porro,WC-2026,DF,minted,26,16,0,75,75,0,75,75,75,0,measured_performance,measured_performance,,,0.248756,0.248756,0.385572,0.385572,0.695075,0.695075,0,0,,,,,0,0,false,false,44.3572,44.3572
P-W26-0658:WC-2026,P-W26-0658,Garcia,WC-2026,GK,minted,25,1,0,71,71,0,71,71,71,0,measured_performance,measured_performance,,,0.5,0.5,0.161692,0.161692,0.557612,0.557612,0,0,,,,,0,0,false,false,34.75,34.75
P-W26-0659:WC-2026,P-W26-0659,Baena,WC-2026,MF,minted,24,15,2,79,79,0,79,79,79,0,measured_performance,measured_performance,,,0.60199,0.60199,0.358209,0.358209,0.758746,0.758746,0,0,,,,,0,0,false,false,49.9098,49.9098
P-W26-0660:WC-2026,P-W26-0660,Pubill,WC-2026,DF,minted,22,0,0,71,71,0,71,71,71,0,measured_performance,measured_performance,,,0.293532,0.293532,0.0199,0.0199,0.519552,0.519552,0,0,,,,,0,0,false,false,33.3333,33.3333
P-W26-0661:WC-2026,P-W26-0661,Munoz,WC-2026,FW,minted,22,2,1,72,72,0,72,72,72,0,measured_performance,measured_performance,,,0.29602,0.29602,0.10199,0.10199,0.628806,0.628806,0,0,,,,,0,0,false,false,38.9913,38.9913
P-W26-0662:WC-2026,P-W26-0662,Cubarsi,WC-2026,DF,minted,19,11,0,82,82,0,82,82,82,0,measured_performance,measured_performance,,,0.328358,0.328358,0.604478,0.604478,0.800149,0.800149,0,0,,,,,0,0,false,false,54.778016,54.778016
P-W26-0663:WC-2026,P-W26-0663,Yamal,WC-2026,FW,minted,18,25,6,92,92,0,88,88,88,0,career_stature_estimate,career_stature_estimate,,,0.890547,0.890547,0.81592,0.81592,0.928507,0.928507,0.08,0.08,0.641,0.641,0.760667,0.760667,1,1,true,true,84.066667,62
P-W26-0664:WC-2026,P-W26-0664,Sema,WC-2026,MF,minted,32,33,5,71,71,0,71,71,71,0,measured_performance,measured_performance,,,0.599502,0.599502,0.308458,0.308458,0.54674,0.54674,0,0,,,,,0,0,false,false,34.2667,34.2667
P-W26-0665:WC-2026,P-W26-0665,Starfelt,WC-2026,DF,minted,31,17,0,72,72,0,72,72,72,0,measured_performance,measured_performance,,,0.18408,0.18408,0.261194,0.261194,0.635373,0.635373,0,0,,,,,0,0,false,false,39.6709,39.6709
P-W26-0666:WC-2026,P-W26-0666,Karlstrom,WC-2026,MF,minted,30,24,0,72,72,0,72,72,72,0,measured_performance,measured_performance,,,0.109453,0.109453,0.261194,0.261194,0.602239,0.602239,0,0,,,,,0,0,false,false,37.3,37.3
P-W26-0667:WC-2026,P-W26-0667,Smith,WC-2026,DF,minted,29,1,0,71,71,0,71,71,71,0,measured_performance,measured_performance,,,0.208955,0.208955,0.0199,0.0199,0.488552,0.488552,0,0,,,,,0,0,false,false,32.2001,32.2001
P-W26-0668:WC-2026,P-W26-0668,Nilsson,WC-2026,FW,minted,29,9,3,71,71,0,71,71,71,0,measured_performance,measured_performance,,,0.310945,0.310945,0.139303,0.139303,0.508457,0.508457,0,0,,,,,0,0,false,false,33.0286,33.0286
P-W26-0669:WC-2026,P-W26-0669,Johansson,WC-2026,DF,minted,28,3,0,68,68,0,68,68,68,0,measured_performance,measured_performance,,,0.221393,0.221393,0.057214,0.057214,0.407263,0.407263,0,0,,,,,0,0,false,false,24.0239,24.0239
P-W26-0670:WC-2026,P-W26-0670,Gyokeres,WC-2026,FW,minted,28,32,19,88,88,0,88,88,88,0,measured_performance,measured_performance,,,0.850746,0.850746,0.574627,0.574627,0.885224,0.885224,0,0,,0.288,,,0,0,false,false,62,62
P-W26-0671:WC-2026,P-W26-0671,Ali,WC-2026,FW,minted,27,1,0,66,66,0,66,66,66,0,measured_performance,measured_performance,,,0.054726,0.054726,0.027363,0.027363,0.353185,0.353185,0,0,,,,,0,0,false,false,20,20
P-W26-0672:WC-2026,P-W26-0672,Widell Zetterstrom,WC-2026,GK,minted,27,3,0,72,72,0,72,72,72,0,measured_performance,measured_performance,,,0.5,0.5,0.268657,0.268657,0.608955,0.608955,0,0,,,,,0,0,false,false,37.7021,37.7021
P-W26-0673:WC-2026,P-W26-0673,Bernhardsson,WC-2026,DF,minted,27,10,0,72,72,0,72,72,72,0,measured_performance,measured_performance,,,0.236318,0.236318,0.231343,0.231343,0.590045,0.590045,0,0,,,,,0,0,false,false,36.5157,36.5157
P-W26-0674:WC-2026,P-W26-0674,Johansson,WC-2026,GK,minted,27,12,0,81,81,0,81,81,81,0,measured_performance,measured_performance,,,0.5,0.5,0.644279,0.644279,0.789254,0.789254,0,0,,,,,0,0,false,false,52.847333,52.847333
P-W26-0675:WC-2026,P-W26-0675,Ekdal,WC-2026,DF,minted,27,12,0,73,73,0,73,73,73,0,measured_performance,measured_performance,,,0.236318,0.236318,0.28607,0.28607,0.647314,0.647314,0,0,,,,,0,0,false,false,40.6512,40.6512
P-W26-0676:WC-2026,P-W26-0676,Svanberg,WC-2026,MF,minted,27,40,2,82,82,0,82,82,82,0,measured_performance,measured_performance,,,0.514925,0.514925,0.651741,0.651741,0.792567,0.792567,0,0,,,,,0,0,false,false,53.5936,53.5936
P-W26-0677:WC-2026,P-W26-0677,Hien,WC-2026,DF,minted,27,28,0,79,80,1,80,79,80,1,measured_performance,measured_performance,,,0.236318,0.236318,0.604478,0.604478,0.769149,0.769149,0,0,,,,,0,0,false,false,50.8571,50.8571
P-W26-0678:WC-2026,P-W26-0678,Gudmundsson,WC-2026,DF,minted,27,23,0,79,79,0,79,79,79,0,measured_performance,measured_performance,,,0.236318,0.236318,0.502488,0.502488,0.751194,0.751194,0,0,,,,,0,0,false,false,49.6471,49.6471
P-W26-0679:WC-2026,P-W26-0679,Isak,WC-2026,FW,minted,26,57,17,88,88,0,88,88,88,0,measured_performance,measured_performance,,,0.880597,0.880597,0.880597,0.880597,0.932687,0.932687,0,0,,0.32,,,0,0,false,false,62,62
P-W26-0680:WC-2026,P-W26-0680,Lagerbielke,WC-2026,DF,minted,26,10,2,71,71,0,71,71,71,0,measured_performance,measured_performance,,,0.79602,0.79602,0.261194,0.261194,0.554773,0.554773,0,0,,,,,0,0,false,false,34.5745,34.5745
P-W26-0681:WC-2026,P-W26-0681,Nygren,WC-2026,MF,minted,24,10,3,72,72,0,72,72,72,0,measured_performance,measured_performance,,,0.71393,0.71393,0.246269,0.246269,0.6052,0.6052,0,0,,,,,0,0,false,false,37.3878,37.3878
P-W26-0682:WC-2026,P-W26-0682,Svensson,WC-2026,DF,minted,24,12,0,73,73,0,73,73,73,0,measured_performance,measured_performance,,,0.271144,0.271144,0.390547,0.390547,0.666463,0.666463,0,0,,,,,0,0,false,false,41.7,41.7
P-W26-0683:WC-2026,P-W26-0683,Elanga,WC-2026,FW,minted,24,29,6,86,86,0,86,86,86,0,measured_performance,measured_performance,,,0.69403,0.69403,0.681592,0.681592,0.841642,0.841642,0,0,,,,,0,0,false,false,59.0261,59.0261
P-W26-0684:WC-2026,P-W26-0684,Stroud,WC-2026,DF,minted,23,0,0,66,66,0,66,66,66,0,measured_performance,measured_performance,,,0.283582,0.283582,0.017413,0.017413,0.338558,0.338558,0,0,,,,,0,0,false,false,20,20
P-W26-0685:WC-2026,P-W26-0685,Zeneli,WC-2026,MF,minted,23,7,0,71,71,0,71,71,71,0,measured_performance,measured_performance,,,0.151741,0.151741,0.199005,0.199005,0.483648,0.483648,0,0,,,,,0,0,false,false,32.1604,32.1604
P-W26-0686:WC-2026,P-W26-0686,Ayari,WC-2026,MF,minted,22,20,3,86,86,0,86,86,86,0,measured_performance,measured_performance,,,0.753731,0.753731,0.564677,0.564677,0.847343,0.847343,0,0,,,,,0,0,false,false,59.7838,59.7838
P-W26-0687:WC-2026,P-W26-0687,Bergvall,WC-2026,MF,minted,20,9,0,74,74,0,74,74,74,0,measured_performance,measured_performance,,,0.18408,0.18408,0.358209,0.358209,0.678508,0.678508,0,0,,,,,0,0,false,false,43.1314,43.1314
P-W26-0688:WC-2026,P-W26-0688,Itten,WC-2026,FW,minted,29,14,5,73,73,0,73,73,73,0,measured_performance,measured_performance,,,0.457711,0.457711,0.241294,0.241294,0.672731,0.672731,0,0,,,,,0,0,false,false,42.427712,42.427712
P-W26-0689:WC-2026,P-W26-0689,Muheim,WC-2026,DF,minted,28,9,0,71,71,0,71,71,71,0,measured_performance,measured_performance,,,0.221393,0.221393,0.19403,0.19403,0.572134,0.572134,0,0,,,,,0,0,false,false,35.1795,35.1795
P-W26-0690:WC-2026,P-W26-0690,Ndoye,WC-2026,FW,minted,25,30,7,86,86,0,86,86,86,0,measured_performance,measured_performance,,,0.711443,0.711443,0.661692,0.661692,0.845523,0.845523,0,0,,,,,0,0,false,false,59.5294,59.5294
P-W26-0691:WC-2026,P-W26-0691,Amdouni,WC-2026,FW,minted,25,28,11,88,88,0,88,88,88,0,measured_performance,measured_performance,,,0.823383,0.823383,0.614428,0.614428,0.880149,0.880149,0,0,,,,,0,0,false,false,62,62
P-W26-0692:WC-2026,P-W26-0692,Keller,WC-2026,GK,minted,23,1,0,71,71,0,71,71,71,0,measured_performance,measured_performance,,,0.5,0.5,0.243781,0.243781,0.479415,0.479415,0,0,,,,,0,0,false,false,32.1044,32.1044
P-W26-0693:WC-2026,P-W26-0693,Jaquez,WC-2026,DF,minted,23,3,0,71,71,0,71,71,71,0,measured_performance,measured_performance,,,0.283582,0.283582,0.126866,0.126866,0.539896,0.539896,0,0,,,,,0,0,false,false,34,34
P-W26-0694:WC-2026,P-W26-0694,Amenda,WC-2026,DF,minted,22,6,0,72,72,0,72,72,72,0,measured_performance,measured_performance,,,0.293532,0.293532,0.300995,0.300995,0.623478,0.623478,0,0,,,,,0,0,false,false,38.75,38.75
P-W26-0695:WC-2026,P-W26-0695,Manzambi,WC-2026,MF,minted,20,11,3,80,80,0,80,80,80,0,measured_performance,measured_performance,,,0.800995,0.800995,0.41791,0.41791,0.780149,0.780149,0,0,,,,,0,0,false,false,51.8,51.8
P-W26-0696:WC-2026,P-W26-0696,Khedira,WC-2026,MF,minted,32,3,0,71,71,0,71,71,71,0,measured_performance,measured_performance,,,0.094527,0.094527,0.0199,0.0199,0.52988,0.52988,0,0,,,,,0,0,false,false,33.75,33.75
P-W26-0697:WC-2026,P-W26-0697,Ben Ouanes,WC-2026,DF,minted,31,17,0,71,71,0,71,71,71,0,measured_performance,measured_performance,,,0.18408,0.18408,0.261194,0.261194,0.505173,0.505173,0,0,,,,,0,0,false,false,32.9461,32.9461
P-W26-0698:WC-2026,P-W26-0698,Ben Hamida,WC-2026,DF,minted,30,12,0,68,68,0,68,68,68,0,measured_performance,measured_performance,,,0.199005,0.199005,0.196517,0.196517,0.424528,0.424528,0,0,,,,,0,0,false,false,24.4813,24.4813
P-W26-0699:WC-2026,P-W26-0699,Chaouat,WC-2026,FW,minted,30,29,6,71,71,0,71,71,71,0,measured_performance,measured_performance,,,0.49005,0.49005,0.452736,0.452736,0.560946,0.560946,0,0,,,,,0,0,false,false,34.75,34.75
P-W26-0700:WC-2026,P-W26-0700,Ben Hessen,WC-2026,GK,minted,29,2,0,66,66,0,66,66,66,0,measured_performance,measured_performance,,,0.5,0.5,0.116915,0.116915,0.373719,0.373719,0,0,,,,,0,0,false,false,20,20
P-W26-0701:WC-2026,P-W26-0701,Mastouri,WC-2026,FW,minted,28,18,4,71,71,0,71,71,71,0,measured_performance,measured_performance,,,0.420398,0.420398,0.333333,0.333333,0.571143,0.571143,0,0,,,,,0,0,false,false,35.1795,35.1795
P-W26-0702:WC-2026,P-W26-0702,Achouri,WC-2026,FW,minted,27,29,4,72,72,0,72,72,72,0,measured_performance,measured_performance,,,0.452736,0.452736,0.564677,0.564677,0.610546,0.610546,0,0,,,,,0,0,false,false,37.8286,37.8286
P-W26-0703:WC-2026,P-W26-0703,Valery,WC-2026,DF,minted,27,22,0,72,72,0,72,72,72,0,measured_performance,measured_performance,,,0.236318,0.236318,0.487562,0.487562,0.61383,0.61383,0,0,,,,,0,0,false,false,38,38
P-W26-0704:WC-2026,P-W26-0704,Saad,WC-2026,FW,minted,26,15,4,75,75,0,75,75,75,0,measured_performance,measured_performance,,,0.485075,0.485075,0.343284,0.343284,0.694821,0.694821,0,0,,,,,0,0,false,false,44.3064,44.3064
P-W26-0705:WC-2026,P-W26-0705,Mahmoud,WC-2026,MF,minted,26,8,0,70,70,0,70,70,70,0,measured_performance,measured_performance,,,0.131841,0.131841,0.151741,0.151741,0.466215,0.466215,0,0,,,,,0,0,false,false,31.09852,31.09852
P-W26-0706:WC-2026,P-W26-0706,Chamakh,WC-2026,GK,minted,24,2,0,71,71,0,71,71,71,0,measured_performance,measured_performance,,,0.5,0.5,0.330846,0.330846,0.476406,0.476406,0,0,,,,,0,0,false,false,32.0686,32.0686
P-W26-0707:WC-2026,P-W26-0707,Rekik,WC-2026,DF,minted,24,5,0,68,68,0,68,68,68,0,measured_performance,measured_performance,,,0.271144,0.271144,0.196517,0.196517,0.424528,0.424528,0,0,,,,,0,0,false,false,24.4813,24.4813
P-W26-0708:WC-2026,P-W26-0708,Tounekti,WC-2026,MF,minted,23,11,1,71,71,0,71,71,71,0,measured_performance,measured_performance,,,0.430348,0.430348,0.300995,0.300995,0.566513,0.566513,0,0,,,,,0,0,false,false,34.907157,34.907157
P-W26-0709:WC-2026,P-W26-0709,Gharbi,WC-2026,MF,minted,22,16,2,79,79,0,79,79,79,0,measured_performance,measured_performance,,,0.639303,0.639303,0.465174,0.465174,0.762716,0.762716,0,0,,,,,0,0,false,false,50.6667,50.6667
P-W26-0710:WC-2026,P-W26-0710,Chikhaoui,WC-2026,DF,minted,22,0,0,66,66,0,66,66,66,0,measured_performance,measured_performance,,,0.293532,0.293532,0.0199,0.0199,0.339752,0.339752,0,0,,,,,0,0,false,false,20,20
P-W26-0711:WC-2026,P-W26-0711,Arous,WC-2026,DF,minted,21,1,0,68,68,0,68,68,68,0,measured_performance,measured_performance,,,0.308458,0.308458,0.072139,0.072139,0.414427,0.414427,0,0,,,,,0,0,false,false,24.2753,24.2753
P-W26-0712:WC-2026,P-W26-0712,Neffati,WC-2026,DF,minted,21,5,0,70,70,0,70,70,70,0,measured_performance,measured_performance,,,0.308458,0.308458,0.266169,0.266169,0.457961,0.457961,0,0,,,,,0,0,false,false,30.414,30.414
P-W26-0713:WC-2026,P-W26-0713,Ayari,WC-2026,MF,minted,21,3,0,71,71,0,71,71,71,0,measured_performance,measured_performance,,,0.171642,0.171642,0.116915,0.116915,0.572627,0.572627,0,0,,,,,0,0,false,false,35.2085,35.2085
P-W26-0714:WC-2026,P-W26-0714,Elloumi,WC-2026,FW,minted,18,3,0,68,68,0,68,68,68,0,measured_performance,measured_performance,,,0.144279,0.144279,0.223881,0.223881,0.409006,0.409006,0,0,,,,,0,0,false,false,24.1739,24.1739
P-W26-0715:WC-2026,P-W26-0715,Gunok,WC-2026,GK,minted,37,37,0,72,72,0,72,72,72,0,measured_performance,measured_performance,,,0.5,0.5,0.447761,0.447761,0.577325,0.577325,0,0,,,,,0,0,false,false,35.5493,35.5493
P-W26-0716:WC-2026,P-W26-0716,Calhanoglu,WC-2026,MF,minted,32,104,22,88,88,0,88,88,88,0,measured_performance,measured_performance,,,0.970149,0.970149,0.935323,0.935323,0.961642,0.961642,0,0,0.074906,0.074906,,,0,0,false,false,62,62
P-W26-0717:WC-2026,P-W26-0717,Akaydin,WC-2026,DF,minted,32,19,1,71,71,0,71,71,71,0,measured_performance,measured_performance,,,0.457711,0.457711,0.281095,0.281095,0.514726,0.514726,0,0,,,,,0,0,false,false,33.1846,33.1846
P-W26-0718:WC-2026,P-W26-0718,Bardakci,WC-2026,DF,minted,31,26,2,72,72,0,72,72,72,0,measured_performance,measured_performance,,,0.671642,0.671642,0.410448,0.410448,0.576815,0.576815,0,0,,,,,0,0,false,false,35.5493,35.5493
P-W26-0719:WC-2026,P-W26-0719,Ayhan,WC-2026,MF,minted,31,73,5,78,79,1,79,78,79,1,measured_performance,measured_performance,,,0.634328,0.634328,0.79602,0.79602,0.748245,0.748245,0,0,,,,,0,0,false,false,49.614,49.614
P-W26-0720:WC-2026,P-W26-0720,Kahveci,WC-2026,FW,minted,30,46,6,72,72,0,72,72,72,0,measured_performance,measured_performance,,,0.49005,0.49005,0.624378,0.624378,0.631143,0.631143,0,0,,,,,0,0,false,false,39.1163,39.1163
P-W26-0721:WC-2026,P-W26-0721,Cakir,WC-2026,GK,minted,30,38,0,78,78,0,78,78,78,0,measured_performance,measured_performance,,,0.5,0.5,0.803483,0.803483,0.748072,0.748072,0,0,,,,,0,0,false,false,49.4621,49.4621
P-W26-0722:WC-2026,P-W26-0722,Soyuncu,WC-2026,DF,minted,30,60,2,80,80,0,80,80,80,0,measured_performance,measured_performance,,,0.696517,0.696517,0.825871,0.825871,0.776218,0.776218,0,0,,,,,0,0,false,false,51.549261,51.549261
P-W26-0723:WC-2026,P-W26-0723,Celik,WC-2026,DF,minted,29,60,3,88,88,0,88,88,88,0,measured_performance,measured_performance,,,0.828358,0.828358,0.858209,0.858209,0.89094,0.89094,0,0,,,,,0,0,false,false,62,62
P-W26-0724:WC-2026,P-W26-0724,Ozcan,WC-2026,MF,minted,28,29,1,75,75,0,75,75,75,0,measured_performance,measured_performance,,,0.343284,0.343284,0.422886,0.422886,0.693702,0.693702,0,0,,,,,0,0,false,false,44.3064,44.3064
P-W26-0725:WC-2026,P-W26-0725,Demiral,WC-2026,DF,minted,28,61,6,83,83,0,83,83,83,0,measured_performance,measured_performance,,,0.950249,0.950249,0.893035,0.893035,0.808457,0.808457,0,0,,,,,0,0,false,false,55.241187,55.241187
P-W26-0726:WC-2026,P-W26-0726,Bayindir,WC-2026,GK,minted,28,12,0,79,79,0,79,79,79,0,measured_performance,measured_performance,,,0.5,0.5,0.599502,0.599502,0.767761,0.767761,0,0,,,,,0,0,false,false,50.7718,50.7718
P-W26-0727:WC-2026,P-W26-0727,Akturkoglu,WC-2026,FW,minted,27,51,15,80,80,0,80,80,80,0,measured_performance,measured_performance,,,0.838308,0.838308,0.808458,0.808458,0.778606,0.778606,0,0,,,,,0,0,false,false,51.8,51.8
P-W26-0728:WC-2026,P-W26-0728,Yuksek,WC-2026,MF,minted,27,31,1,72,72,0,72,72,72,0,measured_performance,measured_performance,,,0.360697,0.360697,0.50995,0.50995,0.613319,0.613319,0,0,,,,,0,0,false,false,37.9449,37.9449
P-W26-0729:WC-2026,P-W26-0729,Muldur,WC-2026,DF,minted,27,44,3,79,79,0,79,79,79,0,measured_performance,measured_performance,,,0.865672,0.865672,0.79602,0.79602,0.76189,0.76189,0,0,,,,,0,0,false,false,50.6667,50.6667
P-W26-0730:WC-2026,P-W26-0730,Kadioglu,WC-2026,DF,minted,26,30,2,85,85,0,85,85,85,0,measured_performance,measured_performance,,,0.79602,0.79602,0.671642,0.671642,0.832388,0.832388,0,0,,,,,0,0,false,false,57.6459,57.6459
P-W26-0731:WC-2026,P-W26-0731,Kabak,WC-2026,DF,minted,26,29,2,82,82,0,82,82,82,0,measured_performance,measured_performance,,,0.79602,0.79602,0.656716,0.656716,0.794224,0.794224,0,0,,,,,0,0,false,false,53.7982,53.7982
P-W26-0732:WC-2026,P-W26-0732,Yilmaz,WC-2026,FW,minted,26,34,3,72,72,0,72,72,72,0,measured_performance,measured_performance,,,0.402985,0.402985,0.674129,0.674129,0.60577,0.60577,0,0,,,,,0,0,false,false,37.474408,37.474408
P-W26-0733:WC-2026,P-W26-0733,Elmali,WC-2026,DF,minted,25,22,0,73,73,0,73,73,73,0,measured_performance,measured_performance,,,0.261194,0.261194,0.557214,0.557214,0.647263,0.647263,0,0,,,,,0,0,false,false,40.634552,40.634552
P-W26-0734:WC-2026,P-W26-0734,Akgun,WC-2026,FW,minted,25,18,3,72,72,0,72,72,72,0,measured_performance,measured_performance,,,0.437811,0.437811,0.420398,0.420398,0.58786,0.58786,0,0,,,,,0,0,false,false,36.3983,36.3983
P-W26-0735:WC-2026,P-W26-0735,Aydin,WC-2026,FW,minted,25,10,0,69,69,0,69,69,69,0,measured_performance,measured_performance,,,0.069652,0.069652,0.256219,0.256219,0.435621,0.435621,0,0,,,,,0,0,false,false,27.3044,27.3044
P-W26-0736:WC-2026,P-W26-0736,Kokcu,WC-2026,MF,minted,25,49,4,81,81,0,81,81,81,0,measured_performance,measured_performance,,,0.768657,0.768657,0.835821,0.835821,0.785499,0.785499,0,0,,,,,0,0,false,false,52.25,52.25
P-W26-0737:WC-2026,P-W26-0737,Gul,WC-2026,FW,minted,21,7,2,72,72,0,72,72,72,0,measured_performance,measured_performance,,,0.477612,0.477612,0.271144,0.271144,0.633878,0.633878,0,0,,,,,0,0,false,false,39.4846,39.4846
P-W26-0738:WC-2026,P-W26-0738,Guler,WC-2026,FW,minted,21,28,6,88,88,0,88,88,88,0,measured_performance,measured_performance,,,0.791045,0.791045,0.758706,0.758706,0.885821,0.885821,0,0,,,,,0,0,false,false,62,62
P-W26-0739:WC-2026,P-W26-0739,Yildiz,WC-2026,FW,minted,21,28,5,85,85,0,85,85,85,0,measured_performance,measured_performance,,,0.726368,0.726368,0.758706,0.758706,0.831537,0.831537,0,0,,,,,0,0,false,false,57.6459,57.6459
P-W26-0740:WC-2026,P-W26-0740,Uzun,WC-2026,FW,minted,20,5,1,72,72,0,72,72,72,0,measured_performance,measured_performance,,,0.348259,0.348259,0.236318,0.236318,0.632731,0.632731,0,0,,,,,0,0,false,false,39.3548,39.3548
P-W26-0741:WC-2026,P-W26-0741,Robinson,WC-2026,DF,minted,29,39,3,75,75,0,75,75,75,0,measured_performance,measured_performance,,,0.828358,0.828358,0.659204,0.659204,0.696218,0.696218,0,0,,,,,0,0,false,false,44.62,44.62
P-W26-0742:WC-2026,P-W26-0742,Zendejas,WC-2026,FW,minted,28,14,2,71,71,0,71,71,71,0,measured_performance,measured_performance,,,0.256219,0.256219,0.263682,0.263682,0.503681,0.503681,0,0,,,,,0,0,false,false,32.92,32.92
P-W26-0743:WC-2026,P-W26-0743,Trusty,WC-2026,DF,minted,27,7,0,70,70,0,70,70,70,0,measured_performance,measured_performance,,,0.236318,0.236318,0.181592,0.181592,0.466964,0.466964,0,0,,,,,0,0,false,false,31.1915,31.1915
P-W26-0744:WC-2026,P-W26-0744,Freese,WC-2026,GK,minted,27,14,0,75,75,0,75,75,75,0,measured_performance,measured_performance,,,0.5,0.5,0.701493,0.701493,0.699117,0.699117,0,0,,,,,0,0,false,false,44.679,44.679
P-W26-0745:WC-2026,P-W26-0745,Mckenzie,WC-2026,DF,minted,27,28,0,79,80,1,80,79,80,1,measured_performance,measured_performance,,,0.236318,0.236318,0.604478,0.604478,0.769149,0.769149,0,0,,,,,0,0,false,false,50.8571,50.8571
P-W26-0746:WC-2026,P-W26-0746,Richards,WC-2026,DF,minted,26,36,3,88,88,0,88,88,88,0,measured_performance,measured_performance,,,0.878109,0.878109,0.753731,0.753731,0.871791,0.871791,0,0,,,,,0,0,false,false,61.8203,61.8203
P-W26-0747:WC-2026,P-W26-0747,Arfsten,WC-2026,DF,minted,25,19,1,72,72,0,72,72,72,0,measured_performance,measured_performance,,,0.644279,0.644279,0.5,0.5,0.6198,0.6198,0,0,,,,,0,0,false,false,38.4314,38.4314
P-W26-0748:WC-2026,P-W26-0748,Berhalter,WC-2026,MF,minted,25,12,1,71,71,0,71,71,71,0,measured_performance,measured_performance,,,0.39801,0.39801,0.266169,0.266169,0.495875,0.495875,0,0,,,,,0,0,false,false,32.6081,32.6081
P-W26-0749:WC-2026,P-W26-0749,Balogun,WC-2026,FW,minted,24,26,9,86,86,0,86,86,86,0,measured_performance,measured_performance,,,0.803483,0.803483,0.614428,0.614428,0.841985,0.841985,0,0,,,,,0,0,false,false,59.094582,59.094582
P-W26-0750:WC-2026,P-W26-0750,Tillman,WC-2026,MF,minted,24,29,3,84,84,0,84,84,84,0,measured_performance,measured_performance,,,0.71393,0.71393,0.626866,0.626866,0.823612,0.823612,0,0,,,,,0,0,false,false,56.8372,56.8372
P-W26-0751:WC-2026,P-W26-0751,Pepi,WC-2026,FW,minted,23,36,13,86,86,0,86,86,86,0,measured_performance,measured_performance,,,0.902985,0.902985,0.79602,0.79602,0.849997,0.849997,0,0,,,,,0,0,false,false,59.834,59.834
P-W26-0752:WC-2026,P-W26-0752,Brady,WC-2026,GK,minted,22,1,0,71,71,0,71,71,71,0,measured_performance,measured_performance,,,0.5,0.5,0.293532,0.293532,0.503295,0.503295,0,0,,,,,0,0,false,false,32.92,32.92
P-W26-0753:WC-2026,P-W26-0753,Freeman,WC-2026,DF,minted,21,16,2,82,82,0,82,82,82,0,measured_performance,measured_performance,,,0.885572,0.885572,0.597015,0.597015,0.796567,0.796567,0,0,,,,,0,0,false,false,54.0784,54.0784
P-W26-0754:WC-2026,P-W26-0754,Aguirre,WC-2026,FW,minted,31,10,3,71,71,0,71,71,71,0,measured_performance,measured_performance,,,0.238806,0.238806,0.121891,0.121891,0.480397,0.480397,0,0,,,,,0,0,false,false,32.1044,32.1044
P-W26-0755:WC-2026,P-W26-0755,Mele,WC-2026,GK,minted,28,8,0,72,72,0,72,72,72,0,measured_performance,measured_performance,,,0.5,0.5,0.512438,0.512438,0.60837,0.60837,0,0,,,,,0,0,false,false,37.683452,37.683452
P-W26-0756:WC-2026,P-W26-0756,Vinas,WC-2026,FW,minted,27,11,2,72,72,0,72,72,72,0,measured_performance,measured_performance,,,0.283582,0.283582,0.233831,0.233831,0.640149,0.640149,0,0,,,,,0,0,false,false,39.916548,39.916548
P-W26-0757:WC-2026,P-W26-0757,Piquerez,WC-2026,MF,minted,27,19,0,71,71,0,71,71,71,0,measured_performance,measured_performance,,,0.126866,0.126866,0.308458,0.308458,0.564794,0.564794,0,0,,,,,0,0,false,false,34.8085,34.8085
P-W26-0758:WC-2026,P-W26-0758,Bueno,WC-2026,DF,minted,27,8,0,72,72,0,72,72,72,0,measured_performance,measured_performance,,,0.236318,0.236318,0.20398,0.20398,0.60791,0.60791,0,0,,,,,0,0,false,false,37.5086,37.5086
P-W26-0759:WC-2026,P-W26-0759,Zalazar,WC-2026,MF,minted,26,8,2,72,72,0,72,72,72,0,measured_performance,measured_performance,,,0.544776,0.544776,0.151741,0.151741,0.599898,0.599898,0,0,,,,,0,0,false,false,36.8029,36.8029
P-W26-0760:WC-2026,P-W26-0760,Martinez,WC-2026,MF,minted,26,10,0,71,71,0,71,71,71,0,measured_performance,measured_performance,,,0.131841,0.131841,0.189055,0.189055,0.531361,0.531361,0,0,,,,,0,0,false,false,33.75,33.75
P-W26-0761:WC-2026,P-W26-0761,Caceres,WC-2026,DF,minted,26,24,0,73,73,0,73,73,73,0,measured_performance,measured_performance,,,0.248756,0.248756,0.549751,0.549751,0.64368,0.64368,0,0,,,,,0,0,false,false,40.247966,40.247966
P-W26-0762:WC-2026,P-W26-0762,Araujo,WC-2026,MF,minted,26,28,3,77,77,0,77,77,77,0,measured_performance,measured_performance,,,0.651741,0.651741,0.502488,0.502488,0.721451,0.721451,0,0,,,,,0,0,false,false,46.9673,46.9673
P-W26-0763:WC-2026,P-W26-0763,Sanabria,WC-2026,MF,minted,26,5,1,71,71,0,71,71,71,0,measured_performance,measured_performance,,,0.378109,0.378109,0.08209,0.08209,0.493439,0.493439,0,0,,,,,0,0,false,false,32.3555,32.3555
P-W26-0764:WC-2026,P-W26-0764,Rodriguez,WC-2026,FW,minted,26,32,4,72,72,0,72,72,72,0,measured_performance,measured_performance,,,0.485075,0.485075,0.656716,0.656716,0.633233,0.633233,0,0,,,,,0,0,false,false,39.3973,39.3973
P-W26-0765:WC-2026,P-W26-0765,Vozinha,WC-2026,GK,minted,40,86,0,78,78,0,78,78,78,0,measured_performance,measured_performance,,,0.5,0.5,0.701493,0.701493,0.743917,0.743917,0,0,,,,,0,0,false,false,49.15,49.15
P-W26-0766:WC-2026,P-W26-0766,Stopira,WC-2026,DF,minted,38,61,4,74,74,0,74,74,74,0,measured_performance,measured_performance,,,0.716418,0.716418,0.517413,0.517413,0.677758,0.677758,0,0,,,,,0,0,false,false,43.1111,43.1111
P-W26-0767:WC-2026,P-W26-0767,Mendes,WC-2026,FW,minted,36,97,22,73,73,0,73,73,73,0,measured_performance,measured_performance,,,0.529851,0.529851,0.656716,0.656716,0.649352,0.649352,0,0,,,,,0,0,false,false,40.874,40.874
P-W26-0768:WC-2026,P-W26-0768,Rodrigues,WC-2026,MF,minted,35,59,9,72,72,0,72,72,72,0,measured_performance,measured_performance,,,0.674129,0.674129,0.452736,0.452736,0.602621,0.602621,0,0,,,,,0,0,false,false,37.3,37.3
P-W26-0769:WC-2026,P-W26-0769,Da Costa,WC-2026,MF,minted,35,8,1,70,70,0,70,70,70,0,measured_performance,measured_performance,,,0.18408,0.18408,0.032338,0.032338,0.441857,0.441857,0,0,,,,,0,0,false,false,29.5448,29.5448
P-W26-0770:WC-2026,P-W26-0770,Lopes,WC-2026,DF,minted,33,45,0,72,72,0,72,72,72,0,measured_performance,measured_performance,,,0.156716,0.156716,0.559701,0.559701,0.598856,0.598856,0,0,,,,,0,0,false,false,36.7074,36.7074
P-W26-0771:WC-2026,P-W26-0771,Monteiro,WC-2026,MF,minted,32,54,5,76,77,1,77,76,77,1,measured_performance,measured_performance,,,0.599502,0.599502,0.537313,0.537313,0.721451,0.721451,0,0,,,,,0,0,false,false,46.9673,46.9673
P-W26-0772:WC-2026,P-W26-0772,Semedo,WC-2026,MF,minted,32,37,2,71,71,0,71,71,71,0,measured_performance,measured_performance,,,0.355721,0.355721,0.365672,0.365672,0.516412,0.516412,0,0,,,,,0,0,false,false,33.2,33.2
P-W26-0773:WC-2026,P-W26-0773,Moreira,WC-2026,DF,minted,31,19,0,71,71,0,71,71,71,0,measured_performance,measured_performance,,,0.18408,0.18408,0.308458,0.308458,0.52786,0.52786,0,0,,,,,0,0,false,false,33.7143,33.7143
P-W26-0774:WC-2026,P-W26-0774,Diney,WC-2026,DF,minted,31,30,2,71,71,0,71,71,71,0,measured_performance,measured_performance,,,0.671642,0.671642,0.472637,0.472637,0.557066,0.557066,0,0,,,,,0,0,false,false,34.7429,34.7429
P-W26-0775:WC-2026,P-W26-0775,Semedo,WC-2026,MF,minted,30,10,1,71,71,0,71,71,71,0,measured_performance,measured_performance,,,0.308458,0.308458,0.104478,0.104478,0.540914,0.540914,0,0,,,,,0,0,false,false,34.0606,34.0606
P-W26-0776:WC-2026,P-W26-0776,Pina,WC-2026,MF,minted,29,31,3,72,72,0,72,72,72,0,measured_performance,measured_performance,,,0.557214,0.557214,0.40796,0.40796,0.621678,0.621678,0,0,,,,,0,0,false,false,38.5275,38.5275
P-W26-0777:WC-2026,P-W26-0777,Rosa,WC-2026,GK,minted,29,10,0,71,71,0,71,71,71,0,measured_performance,measured_performance,,,0.5,0.5,0.492537,0.492537,0.554018,0.554018,0,0,,,,,0,0,false,false,34.5,34.5
P-W26-0778:WC-2026,P-W26-0778,Duarte,WC-2026,MF,minted,29,13,1,70,70,0,70,70,70,0,measured_performance,measured_performance,,,0.325871,0.325871,0.164179,0.164179,0.452651,0.452651,0,0,,,,,0,0,false,false,29.74,29.74
P-W26-0779:WC-2026,P-W26-0779,João Paulo,WC-2026,MF,minted,28,41,1,72,72,0,72,72,72,0,measured_performance,measured_performance,,,0.343284,0.343284,0.621891,0.621891,0.587815,0.587815,0,0,,,,,0,0,false,false,36.3983,36.3983
P-W26-0780:WC-2026,P-W26-0780,Cabral,WC-2026,MF,minted,27,26,2,73,73,0,73,73,73,0,measured_performance,measured_performance,,,0.514925,0.514925,0.410448,0.410448,0.668675,0.668675,0,0,,,,,0,0,false,false,41.7809,41.7809
P-W26-0781:WC-2026,P-W26-0781,Duarte,WC-2026,MF,minted,26,30,0,71,71,0,71,71,71,0,measured_performance,measured_performance,,,0.131841,0.131841,0.537313,0.537313,0.52286,0.52286,0,0,,,,,0,0,false,false,33.3476,33.3476
P-W26-0782:WC-2026,P-W26-0782,Pires,WC-2026,DF,minted,26,5,1,68,68,0,68,68,68,0,measured_performance,measured_performance,,,0.621891,0.621891,0.151741,0.151741,0.403036,0.403036,0,0,,,,,0,0,false,false,24,24
P-W26-0783:WC-2026,P-W26-0783,Dos Santos,WC-2026,GK,minted,25,1,0,70,70,0,70,70,70,0,measured_performance,measured_performance,,,0.5,0.5,0.161692,0.161692,0.440012,0.440012,0,0,,,,,0,0,false,false,29.1056,29.1056
P-W26-0784:WC-2026,P-W26-0784,Costa,WC-2026,DF,minted,25,27,0,84,84,0,84,84,84,0,measured_performance,measured_performance,,,0.261194,0.261194,0.659204,0.659204,0.826418,0.826418,0,0,,,,,0,0,false,false,57.25,57.25
P-W26-0785:WC-2026,P-W26-0785,Livramento,WC-2026,FW,minted,25,21,7,78,78,0,78,78,78,0,measured_performance,measured_performance,,,0.711443,0.711443,0.467662,0.467662,0.741639,0.741639,0,0,,,,,0,0,false,false,48.9044,48.9044
P-W26-0786:WC-2026,P-W26-0786,Arcanjo,WC-2026,MF,minted,24,15,1,72,72,0,72,72,72,0,measured_performance,measured_performance,,,0.415423,0.415423,0.358209,0.358209,0.634525,0.634525,0,0,,,,,0,0,false,false,39.5405,39.5405
P-W26-0787:WC-2026,P-W26-0787,Benchimol,WC-2026,FW,minted,24,22,6,75,75,0,75,75,75,0,measured_performance,measured_performance,,,0.69403,0.69403,0.532338,0.532338,0.693531,0.693531,0,0,,,,,0,0,false,false,44.3064,44.3064
P-W26-0788:WC-2026,P-W26-0788,Varela,WC-2026,MF,minted,24,20,0,71,71,0,71,71,71,0,measured_performance,measured_performance,,,0.144279,0.144279,0.482587,0.482587,0.509487,0.509487,0,0,,,,,0,0,false,false,33.1174,33.1174
P-W26-0789:WC-2026,P-W26-0789,Lopes Cabral,WC-2026,DF,minted,23,9,3,72,72,0,72,72,72,0,measured_performance,measured_performance,,,0.920398,0.920398,0.358209,0.358209,0.60134,0.60134,0,0,,,,,0,0,false,false,37.2,37.2
P-W26-0790:WC-2026,P-W26-0790,Pina,WC-2026,DF,minted,23,13,0,72,72,0,72,72,72,0,measured_performance,measured_performance,,,0.283582,0.283582,0.462687,0.462687,0.60189,0.60189,0,0,,,,,0,0,false,false,37.2258,37.2258
P-W26-0791:WC-2026,P-W26-0791,Room,WC-2026,GK,minted,37,71,0,74,74,0,74,74,74,0,measured_performance,measured_performance,,,0.5,0.5,0.681592,0.681592,0.689564,0.689564,0,0,,,,,0,0,false,false,43.8146,43.8146
P-W26-0792:WC-2026,P-W26-0792,Bacuna,WC-2026,MF,minted,34,71,16,79,79,0,79,79,79,0,measured_performance,measured_performance,,,0.900498,0.900498,0.646766,0.646766,0.756364,0.756364,0,0,,,,,0,0,false,false,49.8488,49.8488
P-W26-0793:WC-2026,P-W26-0793,Kuwas,WC-2026,FW,minted,33,34,2,71,71,0,71,71,71,0,measured_performance,measured_performance,,,0.146766,0.146766,0.378109,0.378109,0.527609,0.527609,0,0,,,,,0,0,false,false,33.695303,33.695303
P-W26-0794:WC-2026,P-W26-0794,Locadia,WC-2026,FW,minted,32,13,1,68,68,0,68,68,68,0,measured_performance,measured_performance,,,0.089552,0.089552,0.154229,0.154229,0.430546,0.430546,0,0,,,,,0,0,false,false,24.5257,24.5257
P-W26-0795:WC-2026,P-W26-0795,Gaari,WC-2026,DF,minted,32,59,1,77,78,1,78,77,78,1,measured_performance,measured_performance,,,0.457711,0.457711,0.746269,0.746269,0.738009,0.738009,0,0,,,,,0,0,false,false,48.2581,48.2581
P-W26-0796:WC-2026,P-W26-0796,Brenet,WC-2026,DF,minted,32,17,1,71,71,0,71,71,71,0,measured_performance,measured_performance,,,0.457711,0.457711,0.238806,0.238806,0.494427,0.494427,0,0,,,,,0,0,false,false,32.5,32.5
P-W26-0797:WC-2026,P-W26-0797,Gorre,WC-2026,FW,minted,31,37,6,71,71,0,71,71,71,0,measured_performance,measured_performance,,,0.457711,0.457711,0.504975,0.504975,0.555573,0.555573,0,0,,,,,0,0,false,false,34.7429,34.7429
P-W26-0798:WC-2026,P-W26-0798,Kastaneer,WC-2026,FW,minted,30,28,9,72,72,0,72,72,72,0,measured_performance,measured_performance,,,0.606965,0.606965,0.432836,0.432836,0.600648,0.600648,0,0,,,,,0,0,false,false,37.1429,37.1429
P-W26-0799:WC-2026,P-W26-0799,Bazoer,WC-2026,DF,minted,29,4,0,68,68,0,68,68,68,0,measured_performance,measured_performance,,,0.208955,0.208955,0.084577,0.084577,0.420397,0.420397,0,0,,,,,0,0,false,false,24.4,24.4
P-W26-0800:WC-2026,P-W26-0800,Bacuna,WC-2026,MF,minted,28,48,14,85,85,0,85,85,85,0,measured_performance,measured_performance,,,0.942786,0.942786,0.689055,0.689055,0.831063,0.831063,0,0,,,,,0,0,false,false,57.6459,57.6459
P-W26-0801:WC-2026,P-W26-0801,Eijma,WC-2026,DF,minted,28,27,1,74,74,0,74,74,74,0,measured_performance,measured_performance,,,0.569652,0.569652,0.542289,0.542289,0.689699,0.689699,0,0,,,,,0,0,false,false,43.8146,43.8146
P-W26-0802:WC-2026,P-W26-0802,Floranus,WC-2026,DF,minted,27,27,0,76,76,0,76,76,76,0,measured_performance,measured_performance,,,0.236318,0.236318,0.579602,0.579602,0.707609,0.707609,0,0,,,,,0,0,false,false,45.7829,45.7829
P-W26-0803:WC-2026,P-W26-0803,Obispo,WC-2026,DF,minted,27,5,0,71,71,0,71,71,71,0,measured_performance,measured_performance,,,0.236318,0.236318,0.134328,0.134328,0.493877,0.493877,0,0,,,,,0,0,false,false,32.3555,32.3555
P-W26-0804:WC-2026,P-W26-0804,Doornbusch,WC-2026,GK,minted,26,7,0,73,73,0,73,73,73,0,measured_performance,measured_performance,,,0.5,0.5,0.534826,0.534826,0.663916,0.663916,0,0,,,,,0,0,false,false,41.6986,41.6986
P-W26-0805:WC-2026,P-W26-0805,Roemeratoe,WC-2026,MF,minted,26,27,1,73,73,0,73,73,73,0,measured_performance,measured_performance,,,0.378109,0.378109,0.477612,0.477612,0.661749,0.661749,0,0,,,,,0,0,false,false,41.4737,41.4737
P-W26-0806:WC-2026,P-W26-0806,Felida,WC-2026,MF,minted,26,19,1,72,72,0,72,72,72,0,measured_performance,measured_performance,,,0.378109,0.378109,0.353234,0.353234,0.625928,0.625928,0,0,,,,,0,0,false,false,38.9241,38.9241
P-W26-0807:WC-2026,P-W26-0807,Chong,WC-2026,MF,minted,26,5,3,74,74,0,74,74,74,0,measured_performance,measured_performance,,,0.651741,0.651741,0.08209,0.08209,0.688776,0.688776,0,0,,,,,0,0,false,false,43.8146,43.8146
P-W26-0808:WC-2026,P-W26-0808,Margaritha,WC-2026,FW,minted,26,21,5,72,72,0,72,72,72,0,measured_performance,measured_performance,,,0.559701,0.559701,0.432836,0.432836,0.633233,0.633233,0,0,,,,,0,0,false,false,39.3571,39.3571
P-W26-0809:WC-2026,P-W26-0809,Sambo,WC-2026,DF,minted,24,7,0,71,71,0,71,71,71,0,measured_performance,measured_performance,,,0.271144,0.271144,0.268657,0.268657,0.558355,0.558355,0,0,,,,,0,0,false,false,34.75,34.75
P-W26-0810:WC-2026,P-W26-0810,Antonisse,WC-2026,FW,minted,24,26,3,72,72,0,72,72,72,0,measured_performance,measured_performance,,,0.470149,0.470149,0.614428,0.614428,0.622785,0.622785,0,0,,,,,0,0,false,false,38.679,38.679
P-W26-0811:WC-2026,P-W26-0811,Bodak,WC-2026,GK,minted,24,4,0,72,72,0,72,72,72,0,measured_performance,measured_performance,,,0.5,0.5,0.482587,0.482587,0.638842,0.638842,0,0,,,,,0,0,false,false,39.8823,39.8823
P-W26-0812:WC-2026,P-W26-0812,Hansen,WC-2026,FW,minted,24,5,1,72,72,0,72,72,72,0,measured_performance,measured_performance,,,0.238806,0.238806,0.149254,0.149254,0.613881,0.613881,0,0,,,,,0,0,false,false,38.0414,38.0414
P-W26-0813:WC-2026,P-W26-0813,Noslin,WC-2026,FW,minted,23,6,1,71,71,0,71,71,71,0,measured_performance,measured_performance,,,0.266169,0.266169,0.196517,0.196517,0.548803,0.548803,0,0,,,,,0,0,false,false,34.2877,34.2877
P-W26-0814:WC-2026,P-W26-0814,Fonville,WC-2026,DF,minted,23,1,0,70,70,0,70,70,70,0,measured_performance,measured_performance,,,0.283582,0.283582,0.057214,0.057214,0.456863,0.456863,0,0,,,,,0,0,false,false,30.3156,30.3156
P-W26-0815:WC-2026,P-W26-0815,Martha,WC-2026,MF,minted,22,8,2,77,77,0,77,77,77,0,measured_performance,measured_performance,,,0.639303,0.639303,0.261194,0.261194,0.73797,0.73797,0,0,,,,,0,0,false,false,48.158807,48.158807
P-W26-0816:WC-2026,P-W26-0816,Comenencia,WC-2026,MF,minted,22,19,1,72,72,0,72,72,72,0,measured_performance,measured_performance,,,0.442786,0.442786,0.527363,0.527363,0.634095,0.634095,0,0,,,,,0,0,false,false,39.5405,39.5405
P-W26-0817:WC-2026,P-W26-0817,Bakambu,WC-2026,FW,minted,35,69,21,80,80,0,80,80,80,0,measured_performance,measured_performance,,,0.567164,0.567164,0.542289,0.542289,0.779254,0.779254,0,0,,,,,0,0,false,false,51.8,51.8
P-W26-0818:WC-2026,P-W26-0818,Kakuta,WC-2026,FW,minted,34,30,5,71,71,0,71,71,71,0,measured_performance,measured_performance,,,0.266169,0.266169,0.303483,0.303483,0.512039,0.512039,0,0,,,,,0,0,false,false,33.1174,33.1174
P-W26-0819:WC-2026,P-W26-0819,Masuaku,WC-2026,DF,minted,32,45,4,79,79,0,79,79,79,0,measured_performance,measured_performance,,,0.845771,0.845771,0.599502,0.599502,0.766761,0.766761,0,0,,,,,0,0,false,false,50.7718,50.7718
P-W26-0820:WC-2026,P-W26-0820,Mayele,WC-2026,FW,minted,31,37,6,71,71,0,71,71,71,0,measured_performance,measured_performance,,,0.457711,0.457711,0.504975,0.504975,0.555573,0.555573,0,0,,,,,0,0,false,false,34.7429,34.7429
P-W26-0821:WC-2026,P-W26-0821,Mpasi,WC-2026,GK,minted,31,28,0,80,80,0,80,80,80,0,measured_performance,measured_performance,,,0.5,0.5,0.676617,0.676617,0.776776,0.776776,0,0,,,,,0,0,false,false,51.6365,51.6365
P-W26-0822:WC-2026,P-W26-0822,Mbemba,WC-2026,DF,minted,31,108,7,88,88,0,88,88,88,0,measured_performance,measured_performance,,,0.932836,0.932836,0.970149,0.970149,0.944672,0.944672,0,0,0.053774,0.053774,,,0,0,false,false,62,62
P-W26-0823:WC-2026,P-W26-0823,Kayembe,WC-2026,DF,minted,31,25,0,71,71,0,71,71,71,0,measured_performance,measured_performance,,,0.18408,0.18408,0.395522,0.395522,0.569651,0.569651,0,0,,,,,0,0,false,false,35.0807,35.0807
P-W26-0824:WC-2026,P-W26-0824,Tshibola,WC-2026,MF,minted,31,16,1,71,71,0,71,71,71,0,measured_performance,measured_performance,,,0.281095,0.281095,0.144279,0.144279,0.492723,0.492723,0,0,,,,,0,0,false,false,32.3555,32.3555
P-W26-0825:WC-2026,P-W26-0825,Bongonda,WC-2026,MF,minted,30,37,7,74,74,0,74,74,74,0,measured_performance,measured_performance,,,0.761194,0.761194,0.465174,0.465174,0.677319,0.677319,0,0,,,,,0,0,false,false,43.0667,43.0667
P-W26-0826:WC-2026,P-W26-0826,Batubinsika,WC-2026,DF,minted,30,14,1,71,71,0,71,71,71,0,measured_performance,measured_performance,,,0.514925,0.514925,0.228856,0.228856,0.489651,0.489651,0,0,,,,,0,0,false,false,32.2017,32.2017
P-W26-0827:WC-2026,P-W26-0827,Moutoussamy,WC-2026,MF,minted,29,57,0,72,72,0,72,72,72,0,measured_performance,measured_performance,,,0.114428,0.114428,0.723881,0.723881,0.627648,0.627648,0,0,,,,,0,0,false,false,38.9474,38.9474
P-W26-0828:WC-2026,P-W26-0828,Banza,WC-2026,FW,minted,29,15,2,70,70,0,70,70,70,0,measured_performance,measured_performance,,,0.228856,0.228856,0.271144,0.271144,0.445125,0.445125,0,0,,,,,0,0,false,false,29.6,29.6
P-W26-0829:WC-2026,P-W26-0829,Wissa,WC-2026,FW,minted,29,37,9,83,83,0,83,83,83,0,measured_performance,measured_performance,,,0.644279,0.644279,0.584577,0.584577,0.81209,0.81209,0,0,,,,,0,0,false,false,55.5385,55.5385
P-W26-0830:WC-2026,P-W26-0830,Pickel,WC-2026,MF,minted,29,34,1,77,77,0,77,77,77,0,measured_performance,measured_performance,,,0.325871,0.325871,0.465174,0.465174,0.736537,0.736537,0,0,,,,,0,0,false,false,48.1143,48.1143
P-W26-0831:WC-2026,P-W26-0831,Elia,WC-2026,FW,minted,28,68,12,79,79,0,79,79,79,0,measured_performance,measured_performance,,,0.768657,0.768657,0.870647,0.870647,0.760994,0.760994,0,0,,,,,0,0,false,false,50.6383,50.6383
P-W26-0832:WC-2026,P-W26-0832,Kalulu,WC-2026,DF,minted,28,28,0,72,72,0,72,72,72,0,measured_performance,measured_performance,,,0.221393,0.221393,0.564677,0.564677,0.601245,0.601245,0,0,,,,,0,0,false,false,37.2,37.2
P-W26-0833:WC-2026,P-W26-0833,Tuanzebe,WC-2026,DF,minted,28,13,1,73,73,0,73,73,73,0,measured_performance,measured_performance,,,0.569652,0.569652,0.278607,0.278607,0.643731,0.643731,0,0,,,,,0,0,false,false,40.4444,40.4444
P-W26-0834:WC-2026,P-W26-0834,Wan-Bissaka,WC-2026,DF,minted,28,11,0,72,72,0,72,72,72,0,measured_performance,measured_performance,,,0.221393,0.221393,0.228856,0.228856,0.619851,0.619851,0,0,,,,,0,0,false,false,38.4696,38.4696
P-W26-0835:WC-2026,P-W26-0835,Cipenga,WC-2026,FW,minted,28,7,0,71,71,0,71,71,71,0,measured_performance,measured_performance,,,0.047264,0.047264,0.116915,0.116915,0.541045,0.541045,0,0,,,,,0,0,false,false,34.0606,34.0606
P-W26-0836:WC-2026,P-W26-0836,Kapuadi,WC-2026,DF,minted,28,4,0,68,68,0,68,68,68,0,measured_performance,measured_performance,,,0.221393,0.221393,0.09204,0.09204,0.423979,0.423979,0,0,,,,,0,0,false,false,24.4651,24.4651
P-W26-0837:WC-2026,P-W26-0837,Kayembe,WC-2026,MF,minted,28,42,2,84,84,0,84,84,84,0,measured_performance,measured_performance,,,0.487562,0.487562,0.641791,0.641791,0.818448,0.818448,0,0,,,,,0,0,false,false,56.6666,56.6666
P-W26-0838:WC-2026,P-W26-0838,Fayulu,WC-2026,GK,minted,26,3,0,70,70,0,70,70,70,0,measured_performance,measured_performance,,,0.5,0.5,0.308458,0.308458,0.46566,0.46566,0,0,,,,,0,0,false,false,30.7919,30.7919
P-W26-0839:WC-2026,P-W26-0839,Mbuku,WC-2026,MF,minted,24,18,2,78,78,0,78,78,78,0,measured_performance,measured_performance,,,0.60199,0.60199,0.41791,0.41791,0.74194,0.74194,0,0,,,,,0,0,false,false,48.9044,48.9044
P-W26-0840:WC-2026,P-W26-0840,Mukau,WC-2026,MF,minted,21,13,0,73,73,0,73,73,73,0,measured_performance,measured_performance,,,0.171642,0.171642,0.432836,0.432836,0.663612,0.663612,0,0,,,,,0,0,false,false,41.6,41.6
P-W26-0841:WC-2026,P-W26-0841,Sadiki,WC-2026,MF,minted,21,19,0,78,78,0,78,78,78,0,measured_performance,measured_performance,,,0.171642,0.171642,0.577114,0.577114,0.739164,0.739164,0,0,,,,,0,0,false,false,48.2667,48.2667
P-W26-0842:WC-2026,P-W26-0842,Epolo,WC-2026,GK,minted,21,1,0,71,71,0,71,71,71,0,measured_performance,measured_performance,,,0.5,0.5,0.345771,0.345771,0.52837,0.52837,0,0,,,,,0,0,false,false,33.75,33.75
P-W26-0843:WC-2026,P-W26-0843,Obaid,WC-2026,DF,minted,34,10,0,66,66,0,66,66,66,0,measured_performance,measured_performance,,,0.141791,0.141791,0.087065,0.087065,0.371991,0.371991,0,0,,,,,0,0,false,false,20,20
P-W26-0844:WC-2026,P-W26-0844,Dawoud,WC-2026,MF,minted,34,12,1,68,68,0,68,68,68,0,measured_performance,measured_performance,,,0.208955,0.208955,0.064677,0.064677,0.401546,0.401546,0,0,,,,,0,0,false,false,23.9771,23.9771
P-W26-0845:WC-2026,P-W26-0845,Abulaila,WC-2026,GK,minted,33,75,0,77,77,0,77,77,77,0,measured_performance,measured_performance,,,0.5,0.5,0.855721,0.855721,0.728346,0.728346,0,0,,,,,0,0,false,false,47.1617,47.1617
P-W26-0846:WC-2026,P-W26-0846,Bani Attiah,WC-2026,GK,minted,33,4,0,68,68,0,68,68,68,0,measured_performance,measured_performance,,,0.5,0.5,0.189055,0.189055,0.408346,0.408346,0,0,,,,,0,0,false,false,24.1739,24.1739
P-W26-0847:WC-2026,P-W26-0847,Ayed,WC-2026,MF,minted,32,72,0,71,72,1,72,71,72,1,measured_performance,measured_performance,,,0.094527,0.094527,0.741294,0.741294,0.574442,0.574442,0,0,,,,,0,0,false,false,35.5146,35.5146
P-W26-0848:WC-2026,P-W26-0848,Mardi,WC-2026,FW,minted,32,88,9,72,72,0,72,72,72,0,measured_performance,measured_performance,,,0.5199,0.5199,0.81592,0.81592,0.615274,0.615274,0,0,,,,,0,0,false,false,38.091235,38.091235
P-W26-0849:WC-2026,P-W26-0849,Haddad,WC-2026,DF,minted,32,91,2,79,79,0,79,79,79,0,measured_performance,measured_performance,,,0.644279,0.644279,0.912935,0.912935,0.768409,0.768409,0,0,,,,,0,0,false,false,50.772165,50.772165
P-W26-0850:WC-2026,P-W26-0850,Nasib,WC-2026,DF,minted,32,64,3,76,76,0,76,76,76,0,measured_performance,measured_performance,,,0.766169,0.766169,0.791045,0.791045,0.709902,0.709902,0,0,,,,,0,0,false,false,45.876586,45.876586
P-W26-0851:WC-2026,P-W26-0851,Abu Hashish,WC-2026,DF,minted,31,55,1,74,74,0,74,74,74,0,measured_performance,measured_performance,,,0.487562,0.487562,0.748756,0.748756,0.689603,0.689603,0,0,,,,,0,0,false,false,43.8146,43.8146
P-W26-0852:WC-2026,P-W26-0852,Arab,WC-2026,DF,minted,30,79,3,84,84,0,84,84,84,0,measured_performance,measured_performance,,,0.818408,0.818408,0.915423,0.915423,0.819203,0.819203,0,0,,,,,0,0,false,false,56.75,56.75
P-W26-0853:WC-2026,P-W26-0853,Rosan,WC-2026,DF,minted,29,20,2,71,71,0,71,71,71,0,measured_performance,measured_performance,,,0.721393,0.721393,0.395522,0.395522,0.520051,0.520051,0,0,,,,,0,0,false,false,33.3379,33.3379
P-W26-0854:WC-2026,P-W26-0854,Rawabdeh,WC-2026,MF,minted,29,67,3,74,74,0,74,74,74,0,measured_performance,measured_performance,,,0.557214,0.557214,0.823383,0.823383,0.686919,0.686919,0,0,,,,,0,0,false,false,43.736395,43.736395
P-W26-0855:WC-2026,P-W26-0855,Taamari,WC-2026,FW,minted,29,91,24,88,88,0,88,88,88,0,measured_performance,measured_performance,,,0.865672,0.865672,0.927861,0.927861,0.901985,0.901985,0,0,,,,,0,0,false,false,62,62
P-W26-0856:WC-2026,P-W26-0856,Badawi,WC-2026,DF,minted,28,1,0,66,66,0,66,66,66,0,measured_performance,measured_performance,,,0.221393,0.221393,0.024876,0.024876,0.34214,0.34214,0,0,,,,,0,0,false,false,20,20
P-W26-0857:WC-2026,P-W26-0857,Abu Zrayq,WC-2026,FW,minted,28,40,5,72,72,0,72,72,72,0,measured_performance,measured_performance,,,0.492537,0.492537,0.671642,0.671642,0.58811,0.58811,0,0,,,,,0,0,false,false,36.3983,36.3983
P-W26-0858:WC-2026,P-W26-0858,Rashdan,WC-2026,MF,minted,27,46,4,74,74,0,74,74,74,0,measured_performance,measured_performance,,,0.708955,0.708955,0.721393,0.721393,0.686681,0.686681,0,0,,,,,0,0,false,false,43.5838,43.5838
P-W26-0859:WC-2026,P-W26-0859,Fakhouri,WC-2026,GK,minted,26,11,0,72,72,0,72,72,72,0,measured_performance,measured_performance,,,0.5,0.5,0.646766,0.646766,0.628048,0.628048,0,0,,,,,0,0,false,false,38.9913,38.9913
P-W26-0860:WC-2026,P-W26-0860,Olwan,WC-2026,FW,minted,26,65,29,80,80,0,80,80,80,0,measured_performance,measured_performance,,,0.945274,0.945274,0.905473,0.905473,0.779155,0.779155,0,0,,,,,0,0,false,false,51.8,51.8
P-W26-0861:WC-2026,P-W26-0861,Sadeh,WC-2026,MF,minted,26,56,3,76,76,0,76,76,76,0,measured_performance,measured_performance,,,0.651741,0.651741,0.835821,0.835821,0.708651,0.708651,0,0,,,,,0,0,false,false,45.7951,45.7951
P-W26-0862:WC-2026,P-W26-0862,Abu Dahab,WC-2026,DF,minted,26,17,0,71,71,0,71,71,71,0,measured_performance,measured_performance,,,0.248756,0.248756,0.415423,0.415423,0.529603,0.529603,0,0,,,,,0,0,false,false,33.75,33.75
P-W26-0863:WC-2026,P-W26-0863,Abualnadi,WC-2026,DF,minted,25,17,0,71,71,0,71,71,71,0,measured_performance,measured_performance,,,0.261194,0.261194,0.450249,0.450249,0.54632,0.54632,0,0,,,,,0,0,false,false,34.2667,34.2667
P-W26-0864:WC-2026,P-W26-0864,Jamous,WC-2026,MF,minted,23,18,1,71,71,0,71,71,71,0,measured_performance,measured_performance,,,0.430348,0.430348,0.450249,0.450249,0.555099,0.555099,0,0,,,,,0,0,false,false,34.5745,34.5745
P-W26-0865:WC-2026,P-W26-0865,Abu Taha,WC-2026,MF,minted,23,28,1,72,72,0,72,72,72,0,measured_performance,measured_performance,,,0.430348,0.430348,0.646766,0.646766,0.611695,0.611695,0,0,,,,,0,0,false,false,37.8615,37.8615
P-W26-0866:WC-2026,P-W26-0866,Azaizeh,WC-2026,FW,minted,22,3,0,69,69,0,69,69,69,0,measured_performance,measured_performance,,,0.10199,0.10199,0.141791,0.141791,0.433531,0.433531,0,0,,,,,0,0,false,false,25.8909,25.8909
P-W26-0867:WC-2026,P-W26-0867,Fakhouri,WC-2026,FW,minted,20,9,1,71,71,0,71,71,71,0,measured_performance,measured_performance,,,0.348259,0.348259,0.380597,0.380597,0.501245,0.501245,0,0,,,,,0,0,false,false,32.8067,32.8067
P-W26-0868:WC-2026,P-W26-0868,Sabra,WC-2026,FW,minted,20,9,1,71,71,0,71,71,71,0,measured_performance,measured_performance,,,0.348259,0.348259,0.380597,0.380597,0.550845,0.550845,0,0,,,,,0,0,false,false,34.4,34.4
P-W26-0869:WC-2026,P-W26-0869,Yusupov,WC-2026,GK,minted,35,39,0,72,72,0,72,72,72,0,measured_performance,measured_performance,,,0.5,0.5,0.567164,0.567164,0.589839,0.589839,0,0,,,,,0,0,false,false,36.4594,36.4594
P-W26-0870:WC-2026,P-W26-0870,Sayfiev,WC-2026,DF,minted,35,45,1,71,71,0,71,71,71,0,measured_performance,measured_performance,,,0.363184,0.363184,0.452736,0.452736,0.547513,0.547513,0,0,,,,,0,0,false,false,34.2785,34.2785
P-W26-0871:WC-2026,P-W26-0871,Eshmurodov,WC-2026,DF,minted,33,29,0,71,71,0,71,71,71,0,measured_performance,measured_performance,,,0.156716,0.156716,0.385572,0.385572,0.515275,0.515275,0,0,,,,,0,0,false,false,33.2,33.2
P-W26-0872:WC-2026,P-W26-0872,Sergeev,WC-2026,FW,minted,33,82,24,73,73,0,73,73,73,0,measured_performance,measured_performance,,,0.716418,0.716418,0.741294,0.741294,0.677066,0.677066,0,0,,,,,0,0,false,false,42.9333,42.9333
P-W26-0873:WC-2026,P-W26-0873,Masharipov,WC-2026,MF,minted,32,74,12,77,77,0,77,77,77,0,measured_performance,measured_performance,,,0.835821,0.835821,0.778607,0.778607,0.727516,0.727516,0,0,,,,,0,0,false,false,47.1617,47.1617
P-W26-0874:WC-2026,P-W26-0874,Iskanderov,WC-2026,MF,minted,32,37,4,71,71,0,71,71,71,0,measured_performance,measured_performance,,,0.527363,0.527363,0.365672,0.365672,0.549367,0.549367,0,0,,,,,0,0,false,false,34.3137,34.3137
P-W26-0875:WC-2026,P-W26-0875,Ergashev,WC-2026,GK,minted,30,2,0,66,66,0,66,66,66,0,measured_performance,measured_performance,,,0.5,0.5,0.09204,0.09204,0.361779,0.361779,0,0,,,,,0,0,false,false,20,20
P-W26-0876:WC-2026,P-W26-0876,Shomurodov,WC-2026,FW,minted,30,91,44,84,85,1,85,84,85,1,measured_performance,measured_performance,,,0.940299,0.940299,0.905473,0.905473,0.826964,0.826964,0,0,0.0735,0.0735,,,0,0,false,false,57.414985,57.414985
P-W26-0877:WC-2026,P-W26-0877,Hamrobekov,WC-2026,MF,minted,30,72,1,72,72,0,72,72,72,0,measured_performance,measured_performance,,,0.308458,0.308458,0.81592,0.81592,0.637009,0.637009,0,0,,,,,0,0,false,false,39.734261,39.734261
P-W26-0878:WC-2026,P-W26-0878,Shukurov,WC-2026,MF,minted,29,83,9,80,80,0,80,80,80,0,measured_performance,measured_performance,,,0.835821,0.835821,0.925373,0.925373,0.769785,0.769785,0,0,,,,,0,0,false,false,50.8988,50.8988
P-W26-0879:WC-2026,P-W26-0879,Ashurmatov,WC-2026,DF,minted,29,48,1,75,75,0,75,75,75,0,measured_performance,measured_performance,,,0.539801,0.539801,0.753731,0.753731,0.691991,0.691991,0,0,,,,,0,0,false,false,44.3064,44.3064
P-W26-0880:WC-2026,P-W26-0880,Khamdamov,WC-2026,MF,minted,29,33,5,72,72,0,72,72,72,0,measured_performance,measured_performance,,,0.708955,0.708955,0.445274,0.445274,0.607158,0.607158,0,0,,,,,0,0,false,false,37.505122,37.505122
P-W26-0881:WC-2026,P-W26-0881,Alijonov,WC-2026,DF,minted,29,40,2,73,73,0,73,73,73,0,measured_performance,measured_performance,,,0.721393,0.721393,0.669154,0.669154,0.651394,0.651394,0,0,,,,,0,0,false,false,40.9709,40.9709
P-W26-0882:WC-2026,P-W26-0882,Abdullaev,WC-2026,DF,minted,28,17,0,71,71,0,71,71,71,0,measured_performance,measured_performance,,,0.221393,0.221393,0.353234,0.353234,0.499752,0.499752,0,0,,,,,0,0,false,false,32.8067,32.8067
P-W26-0883:WC-2026,P-W26-0883,Amonov,WC-2026,FW,minted,28,12,2,70,70,0,70,70,70,0,measured_performance,measured_performance,,,0.256219,0.256219,0.226368,0.226368,0.449603,0.449603,0,0,,,,,0,0,false,false,29.6976,29.6976
P-W26-0884:WC-2026,P-W26-0884,Ganiev,WC-2026,MF,minted,28,19,0,70,70,0,70,70,70,0,measured_performance,measured_performance,,,0.121891,0.121891,0.268657,0.268657,0.443576,0.443576,0,0,,,,,0,0,false,false,29.6,29.6
P-W26-0885:WC-2026,P-W26-0885,Nasrullaev,WC-2026,DF,minted,27,30,2,72,72,0,72,72,72,0,measured_performance,measured_performance,,,0.773632,0.773632,0.631841,0.631841,0.633484,0.633484,0,0,,,,,0,0,false,false,39.45,39.45
P-W26-0886:WC-2026,P-W26-0886,Mozgovoy,WC-2026,MF,minted,27,24,1,71,71,0,71,71,71,0,measured_performance,measured_performance,,,0.360697,0.360697,0.383085,0.383085,0.522382,0.522382,0,0,,,,,0,0,false,false,33.3379,33.3379
P-W26-0887:WC-2026,P-W26-0887,Ulmasaliev,WC-2026,DF,minted,26,0,0,66,66,0,66,66,66,0,measured_performance,measured_performance,,,0.248756,0.248756,0.00995,0.00995,0.334976,0.334976,0,0,,,,,0,0,false,false,20,20
P-W26-0888:WC-2026,P-W26-0888,Urunov,WC-2026,MF,minted,25,41,10,78,78,0,78,78,78,0,measured_performance,measured_performance,,,0.932836,0.932836,0.763682,0.763682,0.741845,0.741845,0,0,,,,,0,0,false,false,48.9044,48.9044
P-W26-0889:WC-2026,P-W26-0889,Nematov,WC-2026,GK,minted,25,8,0,72,72,0,72,72,72,0,measured_performance,measured_performance,,,0.5,0.5,0.626866,0.626866,0.618496,0.618496,0,0,,,,,0,0,false,false,38.1925,38.1925
P-W26-0890:WC-2026,P-W26-0890,Esanov,WC-2026,MF,minted,23,1,0,66,66,0,66,66,66,0,measured_performance,measured_performance,,,0.151741,0.151741,0.0199,0.0199,0.377665,0.377665,0,0,,,,,0,0,false,false,20,20
P-W26-0891:WC-2026,P-W26-0891,Fayzullaev,WC-2026,MF,minted,22,31,8,81,81,0,81,81,81,0,measured_performance,measured_performance,,,0.930348,0.930348,0.741294,0.741294,0.789319,0.789319,0,0,,,,,0,0,false,false,52.931253,52.931253
P-W26-0892:WC-2026,P-W26-0892,Urozov,WC-2026,DF,minted,22,3,0,68,68,0,68,68,68,0,measured_performance,measured_performance,,,0.293532,0.293532,0.139303,0.139303,0.397065,0.397065,0,0,,,,,0,0,false,false,23.9328,23.9328
P-W26-0893:WC-2026,P-W26-0893,Khusanov,WC-2026,DF,minted,22,26,0,88,87,-1,87,88,87,-1,measured_performance,measured_performance,,,0.293532,0.293532,0.748756,0.748756,0.869403,0.869403,0,0,,,,,0,0,false,false,61.333149,61.333149
P-W26-0894:WC-2026,P-W26-0894,Karimov,WC-2026,DF,minted,18,2,0,68,68,0,68,68,68,0,measured_performance,measured_performance,,,0.338308,0.338308,0.174129,0.174129,0.413782,0.413782,0,0,,,,,0,0,false,false,24.1739,24.1739
