source_line,country,year,player_name,final_rating,rule,current_baseline,card_id,player_id,tournament_id,nation_id,matched_name,match_method
35,Argentina,2002,Matias Almeyda,82,agree,71,P-88203:WC-2002,P-88203,WC-2002,T-03,Almeyda,exact:full_name
36,Argentina,2002,German Burgos,76,f2-only,71,P-56385:WC-2002,P-56385,WC-2002,T-03,Burgos,exact:full_name
37,Argentina,2002,Claudio Caniggia,76,f2-only,71,P-35873:WC-2002,P-35873,WC-2002,T-03,Caniggia,exact:full_name
38,Argentina,2002,Jose Chamot,76,f2-only,71,P-28816:WC-2002,P-28816,WC-2002,T-03,Chamot,exact:full_name
39,Argentina,2002,Roberto Bonano,75,agree,71,P-12056:WC-2002,P-12056,WC-2002,T-03,Bonano,exact:full_name
153,Belgium,2002,Glen De Boeck,77,agree,72,P-94736:WC-2002,P-94736,WC-2002,T-06,De Boeck,exact:full_name
154,Belgium,2002,Sven Vermant,76,agree,71,P-91831:WC-2002,P-91831,WC-2002,T-06,Vermant,exact:full_name
155,Belgium,2002,Mbo Mpenza,72,agree,72,P-90633:WC-2002,P-90633,WC-2002,T-06,Mpenza,exact:full_name
156,Belgium,2002,Peter Van der Heyden,71,agree,72,P-02977:WC-2002,P-02977,WC-2002,T-06,Van der Heyden,exact:full_name
157,Belgium,2002,Eric Deflandre,71,agree,71,P-17071:WC-2002,P-17071,WC-2002,T-06,Deflandre,exact:full_name
158,Belgium,2002,Nico van Kerckhoven,71,f1-only,72,P-28883:WC-2002,P-28883,WC-2002,T-06,Van Kerckhoven,exact:full_name
159,Belgium,2002,Eric Van Kerckhoven,71,f2-only,72,P-28883:WC-2002,P-28883,WC-2002,T-06,Van Kerckhoven,distinctive_single:kerckhoven
160,Belgium,2002,Eric Van Meir,70,f2-only,72,P-71601:WC-2002,P-71601,WC-2002,T-06,Van Meir,exact:full_name
161,Belgium,2002,Frederic Herpoel,69,agree,71,P-44716:WC-2002,P-44716,WC-2002,T-06,Herpoel,exact:full_name
162,Belgium,2002,Branko Strupar,68,f2-only,71,P-03038:WC-2002,P-03038,WC-2002,T-06,Strupar,exact:full_name
163,Belgium,2002,Franky Vandendriessche,65,agree,71,P-12777:WC-2002,P-12777,WC-2002,T-06,Vandendriessche,exact:full_name
228,Brazil,2002,Lúcio,93,agree,87,P-42918:WC-2002,P-42918,WC-2002,T-09,Lúcio,exact:common_name
229,Brazil,2002,Marcos,93,agree,87,P-64377:WC-2002,P-64377,WC-2002,T-09,Marcos,exact:common_name
230,Brazil,2002,Cafu,90,agree,87,P-91718:WC-2002,P-91718,WC-2002,T-09,Cafu,exact:common_name
231,Brazil,2002,Gilberto Silva,89,f2-only,87,P-45956:WC-2002,P-45956,WC-2002,T-09,Silva,exact:full_name
232,Brazil,2002,Edmílson,84,agree,87,P-09270:WC-2002,P-09270,WC-2002,T-09,Edmílson,exact:common_name
233,Brazil,2002,Kléberson,83,agree,87,P-79283:WC-2002,P-79283,WC-2002,T-09,Kléberson,exact:common_name
234,Brazil,2002,José Vitor Roque Junior,81,f1-only,87,P-66308:WC-2002,P-66308,WC-2002,T-09,Júnior,v4.5_local_token_subset
236,Brazil,2002,Paulista,79,"avg(70,87)",87,P-20389:WC-2002,P-20389,WC-2002,T-09,Paulista,exact:common_name
298,Cameroon,2002,Geremi Fotso,84,agree,78,P-86465:WC-2002,P-86465,WC-2002,T-11,Geremi,distinctive_single:geremi
299,Cameroon,2002,Rigobert Song,80,f1-only,78,P-98173:WC-2002,P-98173,WC-2002,T-11,Song,exact:full_name
301,Cameroon,2002,Raymond Kalla,79,f1-only,78,P-07520:WC-2002,P-07520,WC-2002,T-11,Kalla,exact:full_name
303,Cameroon,2002,Joseph-Desire Job,75,agree,71,P-14458:WC-2002,P-14458,WC-2002,T-11,Job,exact:full_name
304,Cameroon,2002,Bill Tchato,75,agree,78,P-60766:WC-2002,P-60766,WC-2002,T-11,Tchato,exact:full_name
305,Cameroon,2002,Carlos Kameni,74,agree,71,P-59683:WC-2002,P-59683,WC-2002,T-11,Kameni,exact:full_name
306,Cameroon,2002,Pius Ndiefi,71,agree,71,P-67466:WC-2002,P-67466,WC-2002,T-11,Ndiefi,exact:full_name
307,Cameroon,2002,Womé,70,f1-only,78,P-67168:WC-2002,P-67168,WC-2002,T-11,Womé,exact:common_name
309,Cameroon,2002,Jacques o,69,f2-only,71,P-93402:WC-2002,P-93402,WC-2002,T-11,Songo'o,v4.5_local_initials_subset
310,Cameroon,2002,Patrick Suffo,67,agree,71,P-99681:WC-2002,P-99681,WC-2002,T-11,Suffo,exact:full_name
311,Cameroon,2002,Pierre Njanka,65,f1-only,71,P-53197:WC-2002,P-53197,WC-2002,T-11,Njanka,exact:full_name
400,China,2002,Du Wei,63,f2-only,72,P-60686:WC-2002,P-60686,WC-2002,T-14,Du,exact:family_given
401,China,2002,Hao Haidong,63,f2-only,72,P-27445:WC-2002,P-27445,WC-2002,T-14,Hao,exact:family_given
402,China,2002,Ma Mingyu,63,f2-only,72,P-05235:WC-2002,P-05235,WC-2002,T-14,Ma,exact:family_given
403,China,2002,Yang Pu,63,f2-only,72,P-83943:WC-2002,P-83943,WC-2002,T-14,Yang,exact:family_given
404,China,2002,Qu Bo,63,f2-only,72,P-57338:WC-2002,P-57338,WC-2002,T-14,Qu,exact:family_given
405,China,2002,Shao Jiayi,63,f2-only,72,P-37402:WC-2002,P-37402,WC-2002,T-14,Shao,exact:family_given
406,China,2002,Yu Genwei,63,f2-only,72,P-19411:WC-2002,P-19411,WC-2002,T-14,Yu,exact:family_given
407,China,2002,Zhao Junzhe,63,f2-only,72,P-90061:WC-2002,P-90061,WC-2002,T-14,Zhao,exact:family_given
408,China,2002,Yang Chen,62,f2-only,71,P-84550:WC-2002,P-84550,WC-2002,T-14,Yang,exact:family_given
409,China,2002,Fan Zhiyi,62,f2-only,71,P-24535:WC-2002,P-24535,WC-2002,T-14,Fan,exact:repo_alias
410,China,2002,Ou Chuliang,62,f2-only,71,P-92129:WC-2002,P-92129,WC-2002,T-14,Ou,exact:family_given
411,China,2002,An Qi,62,f2-only,71,P-31496:WC-2002,P-31496,WC-2002,T-14,An,exact:family_given
412,China,2002,Qi Hong,62,f2-only,71,P-68056:WC-2002,P-68056,WC-2002,T-14,Qi,exact:family_given
413,China,2002,Su Maozhen,62,f2-only,71,P-05845:WC-2002,P-05845,WC-2002,T-14,Su,exact:family_given
414,China,2002,Sun Jihai,62,f2-only,71,P-50519:WC-2002,P-50519,WC-2002,T-14,Sun,exact:family_given
445,Costa Rica,2002,Mauricio Wright,70,"avg(71,69)",78,P-56613:WC-2002,P-56613,WC-2002,T-17,Wright,exact:full_name
446,Costa Rica,2002,C. Castro,69,f2-only,78,P-73169:WC-2002,P-73169,WC-2002,T-17,Castro,mononym:common_name
450,Costa Rica,2002,Luis Antonio Marin,65,f1-only,78,P-50749:WC-2002,P-50749,WC-2002,T-17,Marín,distinctive_single:marin
451,Costa Rica,2002,Gilberto Martinez,64,f1-only,78,P-32696:WC-2002,P-32696,WC-2002,T-17,Martínez,exact:full_name
505,Croatia,2002,Zvonimir Soldo,82,agree,72,P-37461:WC-2002,P-37461,WC-2002,T-18,Soldo,exact:full_name
506,Croatia,2002,Boris Živković,80,agree,71,P-70100:WC-2002,P-70100,WC-2002,T-18,Živković,exact:full_name
507,Croatia,2002,Bosko Balaban,80,agree,71,P-53874:WC-2002,P-53874,WC-2002,T-18,Balaban,exact:full_name
508,Croatia,2002,Josip Šimunić,79,agree,78,P-29621:WC-2002,P-29621,WC-2002,T-18,Šimunić,exact:full_name
509,Croatia,2002,Robert Kovač,78,agree,78,P-61666:WC-2002,P-61666,WC-2002,T-18,Kovač,exact:full_name
510,Croatia,2002,Dario Šimić,77,agree,72,P-41724:WC-2002,P-41724,WC-2002,T-18,Šimić,exact:full_name
511,Croatia,2002,Robert Jarni,76,f2-only,78,P-26414:WC-2002,P-26414,WC-2002,T-18,Jarni,exact:full_name
512,Croatia,2002,Šarić,76,f2-only,78,P-36689:WC-2002,P-36689,WC-2002,T-18,Šarić,exact:common_name
513,Croatia,2002,Alen Bokšić,75,f2-only,72,P-50470:WC-2002,P-50470,WC-2002,T-18,Bokšić,exact:full_name
514,Croatia,2002,Mario Stanić,75,f2-only,72,P-75377:WC-2002,P-75377,WC-2002,T-18,Stanić,exact:full_name
515,Croatia,2002,Stjepan Tomas,74,f1-only,78,P-87187:WC-2002,P-87187,WC-2002,T-18,Tomas,exact:full_name
517,Croatia,2002,Jurica Vranjes,73,f1-only,72,P-91190:WC-2002,P-91190,WC-2002,T-18,Vranješ,exact:full_name
518,Croatia,2002,Robert Prosinečki,73,f2-only,71,P-62861:WC-2002,P-62861,WC-2002,T-18,Prosinečki,exact:full_name
519,Croatia,2002,Vladimir Vasilj,73,f2-only,71,P-94668:WC-2002,P-94668,WC-2002,T-18,Vasilj,exact:full_name
520,Croatia,2002,Goran Vlaović,73,f2-only,71,P-96110:WC-2002,P-96110,WC-2002,T-18,Vlaović,exact:full_name
521,Croatia,2002,J. Vranješ,73,f2-only,72,P-91190:WC-2002,P-91190,WC-2002,T-18,Vranješ,mononym:common_name
522,Croatia,2002,Tomislav Butina,70,agree,71,P-99830:WC-2002,P-99830,WC-2002,T-18,Butina,exact:full_name
523,Croatia,2002,Davor Vugrinec,62,agree,71,P-10638:WC-2002,P-10638,WC-2002,T-18,Vugrinec,exact:full_name
617,Denmark,2002,Jon Tomasson,87,agree,86,P-50534:WC-2002,P-50534,WC-2002,T-22,Tomasson,token:full_name:total=2.00:exact=2:fuzzy=0:initial=0
618,Denmark,2002,Dennis Rommedahl,85,agree,86,P-80170:WC-2002,P-80170,WC-2002,T-22,Rommedahl,exact:full_name
619,Denmark,2002,Martin Laursen,83,agree,86,P-27808:WC-2002,P-27808,WC-2002,T-22,Laursen,exact:full_name
620,Denmark,2002,Thomas Sørensen,82,agree,86,P-00212:WC-2002,P-00212,WC-2002,T-22,Sørensen,exact:full_name
621,Denmark,2002,Peter Løvenkrands,82,agree,71,P-41271:WC-2002,P-41271,WC-2002,T-22,Løvenkrands,exact:full_name
622,Denmark,2002,Thomas Helveg,79,agree,86,P-72404:WC-2002,P-72404,WC-2002,T-22,Helveg,exact:full_name
623,Denmark,2002,Claus Jensen,79,agree,71,P-26759:WC-2002,P-26759,WC-2002,T-22,Jensen,exact:full_name
624,Denmark,2002,Peter Madsen,79,agree,71,P-06985:WC-2002,P-06985,WC-2002,T-22,Madsen,exact:full_name
625,Denmark,2002,P. Kjær,77,f2-only,71,P-25541:WC-2002,P-25541,WC-2002,T-22,Kjær,mononym:common_name
626,Denmark,2002,Rene Henriksen,74,agree,86,P-86345:WC-2002,P-86345,WC-2002,T-22,Henriksen,exact:full_name
627,Denmark,2002,Christiansen,63,agree,71,P-21988:WC-2002,P-21988,WC-2002,T-22,Christiansen,exact:common_name
628,Denmark,2002,Steen Nielsen,59,agree,71,P-04393:WC-2002,P-04393,WC-2002,T-22,Steen Nielsen,exact:common_name
662,Ecuador,2002,Ulises de la Cruz,72,"avg(75,69)",78,P-92146:WC-2002,P-92146,WC-2002,T-25,de la Cruz,exact:full_name
663,Ecuador,2002,A. Porozo,69,f2-only,78,P-59372:WC-2002,P-59372,WC-2002,T-25,Porozo,mononym:common_name
664,Ecuador,2002,Guerrón,69,f2-only,78,P-32567:WC-2002,P-32567,WC-2002,T-25,Guerrón,exact:common_name
665,Ecuador,2002,Marlon Ayoví,69,f2-only,78,P-90857:WC-2002,P-90857,WC-2002,T-25,Ayoví,exact:full_name
666,Ecuador,2002,Iván Kaviedes,68,"avg(73,62)",71,P-03128:WC-2002,P-03128,WC-2002,T-25,Kaviedes,exact:full_name
667,Ecuador,2002,Iván Hurtado,63,"avg(57,69)",78,P-98031:WC-2002,P-98031,WC-2002,T-25,Hurtado,exact:full_name
668,Ecuador,2002,Asencio,62,f2-only,71,P-74323:WC-2002,P-74323,WC-2002,T-25,Asencio,exact:common_name
669,Ecuador,2002,O. Ibarra,62,f2-only,71,P-47469:WC-2002,P-47469,WC-2002,T-25,Ibarra,mononym:common_name
670,Ecuador,2002,Viteri,62,f2-only,71,P-53809:WC-2002,P-53809,WC-2002,T-25,Viteri,exact:common_name
671,Ecuador,2002,Ángel Fernández,62,f2-only,71,P-85736:WC-2002,P-85736,WC-2002,T-25,Fernández,exact:full_name
727,England,2002,Rio Ferdinand,86,"avg(92,79)",88,P-01249:WC-2002,P-01249,WC-2002,T-28,Ferdinand,exact:full_name
728,England,2002,Sol Campbell,86,"avg(93,79)",88,P-97840:WC-2002,P-97840,WC-2002,T-28,Campbell,exact:full_name
729,England,2002,Ashley Cole,84,"avg(88,79)",88,P-16557:WC-2002,P-16557,WC-2002,T-28,Cole,exact:full_name
730,England,2002,David Seaman,79,f2-only,88,P-13285:WC-2002,P-13285,WC-2002,T-28,Seaman,exact:full_name
731,England,2002,Danny Mills,77,"avg(74,79)",88,P-68164:WC-2002,P-68164,WC-2002,T-28,Mills,exact:full_name
782,France,2002,David Trezeguet,92,agree,72,P-12167:WC-2002,P-12167,WC-2002,T-30,Trezeguet,exact:full_name
783,France,2002,Djibril Cissé,90,agree,72,P-53533:WC-2002,P-53533,WC-2002,T-30,Cissé,exact:full_name
784,France,2002,Johan Micoud,85,agree,72,P-57906:WC-2002,P-57906,WC-2002,T-30,Micoud,exact:full_name
785,France,2002,Christophe Dugarry,83,f2-only,72,P-74065:WC-2002,P-74065,WC-2002,T-30,Dugarry,exact:full_name
786,France,2002,Emmanuel Petit,83,f2-only,72,P-40400:WC-2002,P-40400,WC-2002,T-30,Petit,exact:full_name
787,France,2002,Frank Leboeuf,83,f2-only,72,P-19907:WC-2002,P-19907,WC-2002,T-30,Leboeuf,exact:full_name
788,France,2002,Youri Djorkaeff,83,f2-only,72,P-80680:WC-2002,P-80680,WC-2002,T-30,Djorkaeff,exact:full_name
789,France,2002,Vincent Candela,80,agree,72,P-22876:WC-2002,P-22876,WC-2002,T-30,Candela,exact:full_name
790,France,2002,Sylvain Wiltord,76,agree,72,P-00916:WC-2002,P-00916,WC-2002,T-30,Wiltord,exact:full_name
856,Germany,2002,Christoph Metzelder,89,agree,87,P-04065:WC-2002,P-04065,WC-2002,T-31,Metzelder,exact:full_name
857,Germany,2002,Dietmar Hamann,85,agree,87,P-35902:WC-2002,P-35902,WC-2002,T-31,Hamann,exact:full_name
858,Germany,2002,Torsten Frings,85,agree,87,P-35264:WC-2002,P-35264,WC-2002,T-31,Frings,exact:full_name
859,Germany,2002,Thomas Linke,83,agree,87,P-17520:WC-2002,P-17520,WC-2002,T-31,Linke,exact:full_name
860,Germany,2002,Bernd Schneider,83,agree,87,P-32136:WC-2002,P-32136,WC-2002,T-31,Schneider,exact:full_name
861,Germany,2002,Oliver Bierhoff,81,f2-only,87,P-84534:WC-2002,P-84534,WC-2002,T-31,Bierhoff,exact:full_name
862,Germany,2002,Marco Bode,81,f2-only,87,P-03026:WC-2002,P-03026,WC-2002,T-31,Bode,exact:full_name
863,Germany,2002,Carsten Jancker,76,"avg(70,81)",87,P-45490:WC-2002,P-45490,WC-2002,T-31,Jancker,exact:full_name
864,Germany,2002,Carsten Ramelow,76,agree,87,P-57588:WC-2002,P-57588,WC-2002,T-31,Ramelow,exact:full_name
865,Germany,2002,Christian Ziege,76,agree,87,P-67544:WC-2002,P-67544,WC-2002,T-31,Ziege,exact:full_name
866,Germany,2002,Jens Jeremies,74,agree,87,P-65108:WC-2002,P-65108,WC-2002,T-31,Jeremies,exact:full_name
867,Germany,2002,Oliver Neuville,73,agree,87,P-55504:WC-2002,P-55504,WC-2002,T-31,Neuville,exact:full_name
1095,Italy,2002,Francesco Toldo,92,agree,71,P-53723:WC-2002,P-53723,WC-2002,T-41,Toldo,exact:full_name
1096,Italy,2002,Filippo Inzaghi,90,agree,71,P-29172:WC-2002,P-29172,WC-2002,T-41,Inzaghi,exact:full_name
1097,Italy,2002,Vincenzo Montella,86,agree,71,P-01311:WC-2002,P-01311,WC-2002,T-41,Montella,exact:full_name
1098,Italy,2002,Christian Abbiati,83,agree,71,P-81393:WC-2002,P-81393,WC-2002,T-41,Abbiati,exact:full_name
1099,Italy,2002,Mark Iuliano,82,f2-only,71,P-84093:WC-2002,P-84093,WC-2002,T-41,Iuliano,exact:full_name
1100,Italy,2002,Marco Materazzi,79,agree,71,P-37126:WC-2002,P-37126,WC-2002,T-41,Materazzi,exact:full_name
1101,Italy,2002,Luigi Di Biagio,76,"avg(69,82)",71,P-42659:WC-2002,P-42659,WC-2002,T-41,Di Biagio,exact:full_name
1102,Italy,2002,Marco Delvecchio,74,agree,71,P-17035:WC-2002,P-17035,WC-2002,T-41,Delvecchio,exact:full_name
1162,Japan,2002,Hidetoshi Nakata,78,agree,85,P-09349:WC-2002,P-09349,WC-2002,T-44,Nakata,exact:full_name
1163,Japan,2002,Koji Nakata,74,f2-only,85,P-95259:WC-2002,P-95259,WC-2002,T-44,Nakata,exact:full_name
1164,Japan,2002,Naoki Matsuda,74,f2-only,85,P-21222:WC-2002,P-21222,WC-2002,T-44,Matsuda,exact:full_name
1165,Japan,2002,Tsuneyasu Miyamoto,74,f2-only,85,P-11915:WC-2002,P-11915,WC-2002,T-44,Miyamoto,exact:full_name
1166,Japan,2002,Seigo Narazaki,74,f2-only,85,P-24251:WC-2002,P-24251,WC-2002,T-44,Narazaki,exact:full_name
1167,Japan,2002,Junichi Inamoto,73,agree,85,P-46807:WC-2002,P-46807,WC-2002,T-44,Inamoto,exact:full_name
1168,Japan,2002,Yoshikatsu Kawaguchi,59,agree,71,P-54298:WC-2002,P-54298,WC-2002,T-44,Kawaguchi,exact:full_name
1169,Japan,2002,Takashi Fukunishi,57,f2-only,71,P-89292:WC-2002,P-89292,WC-2002,T-44,Fukunishi,exact:full_name
1170,Japan,2002,Toshihiro Hattori,57,f2-only,71,P-64961:WC-2002,P-64961,WC-2002,T-44,Hattori,exact:full_name
1171,Japan,2002,Ryuzo Morioka,57,f2-only,71,P-49610:WC-2002,P-49610,WC-2002,T-44,Morioka,exact:full_name
1172,Japan,2002,Masashi Nakayama,57,f2-only,71,P-84762:WC-2002,P-84762,WC-2002,T-44,Nakayama,exact:full_name
1173,Japan,2002,Akinori Nishizawa,57,f2-only,71,P-99721:WC-2002,P-99721,WC-2002,T-44,Nishizawa,exact:full_name
1174,Japan,2002,Mitsuo Ogasawara,57,f2-only,71,P-12376:WC-2002,P-12376,WC-2002,T-44,Ogasawara,exact:full_name
1175,Japan,2002,Hitoshi Sogahata,57,f2-only,71,P-94511:WC-2002,P-94511,WC-2002,T-44,Sogahata,exact:full_name
1267,Mexico,2002,Rafael Márquez,80,"avg(83,77)",86,P-44763:WC-2002,P-44763,WC-2002,T-46,Márquez,exact:full_name
1269,Mexico,2002,Jared Borgetti,75,"avg(72,77)",86,P-81643:WC-2002,P-81643,WC-2002,T-46,Borgetti,exact:full_name
1270,Mexico,2002,Salvador Carmona,74,"avg(70,77)",86,P-32594:WC-2002,P-32594,WC-2002,T-46,Carmona,exact:full_name
1271,Mexico,2002,Óscar Pérez,73,f1-only,86,P-52784:WC-2002,P-52784,WC-2002,T-46,Pérez,exact:full_name
1272,Mexico,2002,Gerardo Torrado,70,"avg(63,77)",86,P-89297:WC-2002,P-89297,WC-2002,T-46,Torrado,exact:full_name
1273,Mexico,2002,Manuel Vidrio,70,"avg(63,77)",86,P-13917:WC-2002,P-13917,WC-2002,T-46,Vidrio,exact:full_name
1274,Mexico,2002,Oswaldo Sánchez,70,"avg(78,62)",71,P-92932:WC-2002,P-92932,WC-2002,T-46,Sánchez,exact:full_name
1275,Mexico,2002,Rafael García,70,f1-only,71,P-87592:WC-2002,P-87592,WC-2002,T-46,García,exact:full_name
1276,Mexico,2002,Francisco Palencia,66,"avg(69,62)",71,P-80183:WC-2002,P-80183,WC-2002,T-46,Palencia,exact:full_name
1277,Mexico,2002,Alberto Aspe,62,f2-only,71,P-21495:WC-2002,P-21495,WC-2002,T-46,García Aspe,token:full_name:total=2.00:exact=2:fuzzy=0:initial=0
1279,Mexico,2002,Jorge Campos,60,"avg(57,62)",71,P-50787:WC-2002,P-50787,WC-2002,T-46,Campos,exact:full_name
1474,Nigeria,2002,Nwankwo Kanu,82,agree,71,P-91516:WC-2002,P-91516,WC-2002,T-50,Kanu,exact:full_name
1475,Nigeria,2002,Bartholomew Ogbeche,74,agree,71,P-48550:WC-2002,P-48550,WC-2002,T-50,Ogbeche,exact:full_name
1476,Nigeria,2002,John Utaka,74,agree,71,P-64893:WC-2002,P-64893,WC-2002,T-50,Utaka,exact:full_name
1478,Nigeria,2002,Femi Opabunmi,68,f2-only,71,P-52099:WC-2002,P-52099,WC-2002,T-50,Opabunmi,exact:full_name
1479,Nigeria,2002,Agustine Ejide,65,f1-only,71,P-47983:WC-2002,P-47983,WC-2002,T-50,Ejide,token:full_name:total=1.82:exact=1:fuzzy=1:initial=0
1481,Nigeria,2002,Benedict Akwuegbu,63,f1-only,71,P-48288:WC-2002,P-48288,WC-2002,T-50,Akwuegbu,exact:full_name
1483,Nigeria,2002,Garba Lawal,62,f1-only,71,P-76542:WC-2002,P-76542,WC-2002,T-50,Lawal,exact:full_name
1565,Paraguay,2002,Roque Santa Cruz,75,"avg(77,73)",82,P-34530:WC-2002,P-34530,WC-2002,T-55,Santa Cruz,exact:full_name
1566,Paraguay,2002,Carlos Gamarra,74,"avg(74,73)",82,P-19241:WC-2002,P-19241,WC-2002,T-55,Gamarra,exact:full_name
1567,Paraguay,2002,Celso Ayala,73,"avg(72,73)",82,P-34957:WC-2002,P-34957,WC-2002,T-55,Ayala,exact:full_name
1568,Paraguay,2002,Jose Chilavert,73,f2-only,82,P-36426:WC-2002,P-36426,WC-2002,T-55,Chilavert,token:full_name:total=2.00:exact=2:fuzzy=0:initial=0
1569,Paraguay,2002,Jorge Campos,73,f2-only,82,P-78557:WC-2002,P-78557,WC-2002,T-55,Campos,token:full_name:total=2.00:exact=2:fuzzy=0:initial=0
1570,Paraguay,2002,Nelson Cuevas,71,"avg(69,73)",82,P-88899:WC-2002,P-88899,WC-2002,T-55,Cuevas,exact:full_name
1571,Paraguay,2002,Denis Caniza,70,"avg(67,73)",82,P-82458:WC-2002,P-82458,WC-2002,T-55,Caniza,exact:full_name
1572,Paraguay,2002,Francisco Arce,69,"avg(64,73)",82,P-76678:WC-2002,P-76678,WC-2002,T-55,Arce,exact:full_name
1573,Paraguay,2002,Julio Cáceres,69,"avg(65,73)",82,P-50109:WC-2002,P-50109,WC-2002,T-55,Cáceres,token:full_name:total=2.00:exact=2:fuzzy=0:initial=0
1606,Poland,2002,Maciej Żurawski,80,agree,72,P-07088:WC-2002,P-07088,WC-2002,T-57,Żurawski,exact:full_name
1607,Poland,2002,Jacek Bąk,76,agree,71,P-46873:WC-2002,P-46873,WC-2002,T-57,Bąk,exact:full_name
1608,Poland,2002,Jacek Zieliński,74,agree,71,P-66681:WC-2002,P-66681,WC-2002,T-57,Zieliński,exact:full_name
1609,Poland,2002,Radoslaw Kaluzny,74,f1-only,72,P-29986:WC-2002,P-29986,WC-2002,T-57,Kałużny,v4.5_local_token_subset
1610,Poland,2002,Radosław Kałużny,74,f2-only,72,P-29986:WC-2002,P-29986,WC-2002,T-57,Kałużny,exact:full_name
1611,Poland,2002,Michał Żewłakow,73,agree,72,P-15578:WC-2002,P-15578,WC-2002,T-57,Żewłakow,exact:full_name
1612,Poland,2002,Tomasz Rząsa,72,f1-only,71,P-20085:WC-2002,P-20085,WC-2002,T-57,Rząsa,exact:full_name
1613,Poland,2002,Marek Rząsa,72,f2-only,71,P-20085:WC-2002,P-20085,WC-2002,T-57,Rząsa,distinctive_single:rzasa
1614,Poland,2002,Tomasz Kłos,71,agree,72,P-99558:WC-2002,P-99558,WC-2002,T-57,Kłos,exact:full_name
1615,Poland,2002,Arkadiusz Bąk,71,f2-only,71,P-90321:WC-2002,P-90321,WC-2002,T-57,Bąk,exact:full_name
1616,Poland,2002,Bartosz Kucharski,71,f2-only,71,P-93812:WC-2002,P-93812,WC-2002,T-57,Kucharski,distinctive_single:kucharski
1617,Poland,2002,Tomasz Matysek,71,f2-only,71,P-01018:WC-2002,P-01018,WC-2002,T-57,Matysek,distinctive_single:matysek
1618,Poland,2002,Maciej Murawski,71,f2-only,71,P-68833:WC-2002,P-68833,WC-2002,T-57,Murawski,exact:full_name
1619,Poland,2002,Paweł Sibik,71,f2-only,71,P-09579:WC-2002,P-09579,WC-2002,T-57,Sibik,exact:full_name
1620,Poland,2002,Piotr Świerczewski,71,f2-only,72,P-34709:WC-2002,P-34709,WC-2002,T-57,Świerczewski,exact:full_name
1621,Poland,2002,Arkadiusz Głowacki,66,agree,71,P-37701:WC-2002,P-37701,WC-2002,T-57,Głowacki,exact:full_name
1622,Poland,2002,Tomasz Hajto,64,agree,72,P-53829:WC-2002,P-53829,WC-2002,T-57,Hajto,exact:full_name
1661,Portugal,2002,Rui Costa,89,agree,78,P-62808:WC-2002,P-62808,WC-2002,T-58,Costa,exact:full_name
1662,Portugal,2002,Jorge Andrade,87,f2-only,78,P-82191:WC-2002,P-82191,WC-2002,T-58,Andrade,exact:full_name
1663,Portugal,2002,Fernando Couto,84,agree,78,P-23927:WC-2002,P-23927,WC-2002,T-58,Couto,exact:full_name
1664,Portugal,2002,Nuno Gomes,82,agree,71,P-57631:WC-2002,P-57631,WC-2002,T-58,Gomes,exact:full_name
1665,Portugal,2002,Ricardo,82,f1-only,71,P-45712:WC-2002,P-45712,WC-2002,T-58,Ricardo,exact:common_name
1666,Portugal,2002,Jorge Costa,81,agree,78,P-73722:WC-2002,P-73722,WC-2002,T-58,Costa,exact:full_name
1668,Portugal,2002,Abel Xavier,76,f2-only,71,P-39199:WC-2002,P-39199,WC-2002,T-58,Xavier,exact:full_name
1669,Portugal,2002,Nuno Frechaut,75,agree,71,P-11424:WC-2002,P-11424,WC-2002,T-58,Frechaut,exact:full_name
1670,Portugal,2002,Nuno Capucho,74,agree,71,P-07559:WC-2002,P-07559,WC-2002,T-58,Capucho,distinctive_single:capucho
1671,Portugal,2002,Beto,73,agree,78,P-37140:WC-2002,P-37140,WC-2002,T-58,Beto,exact:common_name
1672,Portugal,2002,Rui Jorge,69,f1-only,78,P-61068:WC-2002,P-61068,WC-2002,T-58,Jorge,exact:full_name
1737,Republic of Ireland,2002,Steve Finnan,78,"avg(77,79)",86,P-56778:WC-2002,P-56778,WC-2002,T-60,Finnan,exact:full_name
1738,Republic of Ireland,2002,Ian Harte,78,"avg(79,76)",86,P-59412:WC-2002,P-59412,WC-2002,T-60,Harte,exact:full_name
1739,Republic of Ireland,2002,Dean Kiely,75,"avg(79,70)",71,P-79072:WC-2002,P-79072,WC-2002,T-60,Kiely,exact:full_name
1740,Republic of Ireland,2002,Clinton Morrison,75,"avg(76,74)",71,P-83418:WC-2002,P-83418,WC-2002,T-60,Morrison,exact:full_name
1741,Republic of Ireland,2002,Gary Breen,73,"avg(70,75)",86,P-22209:WC-2002,P-22209,WC-2002,T-60,Breen,exact:full_name
1742,Republic of Ireland,2002,David Connolly,72,f1-only,71,P-20792:WC-2002,P-20792,WC-2002,T-60,Connolly,exact:full_name
1744,Republic of Ireland,2002,Steve Staunton,71,"avg(68,74)",86,P-69817:WC-2002,P-69817,WC-2002,T-60,Staunton,exact:full_name
1745,Republic of Ireland,2002,Lee Carsley,71,"avg(72,70)",71,P-57284:WC-2002,P-57284,WC-2002,T-60,Carsley,exact:full_name
1746,Republic of Ireland,2002,Gary Kelly,70,f1-only,86,P-07683:WC-2002,P-07683,WC-2002,T-60,Kelly,exact:full_name
1748,Russia,2002,Alexandr Kerzhakov,82,f1-only,71,P-89971:WC-2002,P-89971,WC-2002,T-62,Kerzhakov,token:full_name:total=1.82:exact=1:fuzzy=1:initial=0
1749,Russia,2002,Dmitry Sennikov,78,f1-only,71,P-53680:WC-2002,P-53680,WC-2002,T-62,Sennikov,token:full_name:total=1.82:exact=1:fuzzy=1:initial=0
1750,Russia,2002,Stanislav Cherchesov,62,f2-only,71,P-82210:WC-2002,P-82210,WC-2002,T-62,Cherchesov,exact:full_name
1751,Russia,2002,Aleksandr Filimonov,62,f2-only,71,P-76203:WC-2002,P-76203,WC-2002,T-62,Filimonov,exact:full_name
1752,Russia,2002,Aleksandr Kerzhakov,62,f2-only,71,P-89971:WC-2002,P-89971,WC-2002,T-62,Kerzhakov,exact:full_name
1753,Russia,2002,Ruslan Pimenov,62,f2-only,71,P-76375:WC-2002,P-76375,WC-2002,T-62,Pimenov,exact:full_name
1754,Russia,2002,Dmitri Sennikov,62,f2-only,71,P-53680:WC-2002,P-53680,WC-2002,T-62,Sennikov,exact:full_name
1772,Saudi Arabia,2002,Al-Dokhi,63,f2-only,72,P-53448:WC-2002,P-53448,WC-2002,T-63,Al-Dokhi,exact:common_name
1773,Saudi Arabia,2002,Al-Jahani,63,f2-only,72,P-55518:WC-2002,P-55518,WC-2002,T-63,Al-Jahani,exact:common_name
1774,Saudi Arabia,2002,Al-Jumaan,63,f2-only,72,P-26868:WC-2002,P-26868,WC-2002,T-63,Al-Jumaan,exact:common_name
1775,Saudi Arabia,2002,Al-Waked,63,f2-only,72,P-75813:WC-2002,P-75813,WC-2002,T-63,Al-Waked,exact:common_name
1776,Saudi Arabia,2002,Al-Yami,63,f2-only,72,P-00683:WC-2002,P-00683,WC-2002,T-63,Al-Yami,exact:common_name
1777,Saudi Arabia,2002,F. Al-Shehri,63,f2-only,72,P-48349:WC-2002,P-48349,WC-2002,T-63,Al-Shehri,mononym:common_name
1779,Saudi Arabia,2002,Mohammed Noor,63,f2-only,72,P-90435:WC-2002,P-90435,WC-2002,T-63,Noor,exact:full_name
1781,Saudi Arabia,2002,Al-Khojali,62,f2-only,71,P-29107:WC-2002,P-29107,WC-2002,T-63,Al-Khojali,exact:common_name
1782,Saudi Arabia,2002,Mohammad Al-Shalhoub,62,f2-only,71,P-11262:WC-2002,P-11262,WC-2002,T-63,Al-Shalhoub,exact:full_name
1784,Saudi Arabia,2002,Zaid,62,f2-only,71,P-99270:WC-2002,P-99270,WC-2002,T-63,Zaid,exact:common_name
1862,Senegal,2002,Henri Camara,77,agree,80,P-01462:WC-2002,P-01462,WC-2002,T-65,Camara,exact:full_name
1863,Senegal,2002,Tony Sylva,75,agree,80,P-16571:WC-2002,P-16571,WC-2002,T-65,Sylva,exact:full_name
1864,Senegal,2002,Papa Bouba Diop,75,f1-only,80,P-82212:WC-2002,P-82212,WC-2002,T-65,Diop,exact:full_name
1865,Senegal,2002,Salif Diao,74,agree,80,P-35019:WC-2002,P-35019,WC-2002,T-65,Diao,exact:full_name
1866,Senegal,2002,Lamine Diatta,72,agree,80,P-16046:WC-2002,P-16046,WC-2002,T-65,Diatta,exact:full_name
1867,Senegal,2002,Papa Diop,72,"avg(69,75)",80,P-82212:WC-2002,P-82212,WC-2002,T-65,Diop,token:full_name:total=2.00:exact=2:fuzzy=0:initial=0
1868,Senegal,2002,Aliou Cissé,71,agree,80,P-95302:WC-2002,P-95302,WC-2002,T-65,Cissé,exact:full_name
1869,Senegal,2002,Omar Daf,70,agree,80,P-27229:WC-2002,P-27229,WC-2002,T-65,Daf,exact:full_name
1870,Senegal,2002,Souleymane Camara,70,agree,71,P-05029:WC-2002,P-05029,WC-2002,T-65,Camara,exact:full_name
1871,Senegal,2002,Khalilou Fadiga,70,f2-only,80,P-62977:WC-2002,P-62977,WC-2002,T-65,Fadiga,exact:full_name
1872,Senegal,2002,Pape Sarr,69,agree,71,P-81968:WC-2002,P-81968,WC-2002,T-65,Sarr,exact:full_name
1873,Senegal,2002,Pape Diop,69,f2-only,80,P-50303:WC-2002,P-50303,WC-2002,T-65,Malick Diop,token:full_name:total=2.00:exact=2:fuzzy=0:initial=0
1874,Senegal,2002,Ferdinand Coly,67,agree,80,P-37924:WC-2002,P-37924,WC-2002,T-65,Coly,exact:full_name
1875,Senegal,2002,Pape Thiaw,65,agree,71,P-91308:WC-2002,P-91308,WC-2002,T-65,Thiaw,exact:full_name
1876,Senegal,2002,Kalidou Cissokho,65,f2-only,71,P-58665:WC-2002,P-58665,WC-2002,T-65,Cissokho,exact:full_name
1877,Senegal,2002,Omar Diallo,65,f2-only,71,P-02673:WC-2002,P-02673,WC-2002,T-65,Diallo,exact:full_name
1878,Senegal,2002,Amara Traoré,65,f2-only,71,P-75923:WC-2002,P-75923,WC-2002,T-65,Traoré,exact:full_name
1879,Senegal,2002,Dour,64,f1-corrupt->f2,71,P-82601:WC-2002,P-82601,WC-2002,T-65,N'Dour,mononym:common_name
1973,Slovenia,2002,Aleksander Knavs,78,agree,72,P-04672:WC-2002,P-04672,WC-2002,T-69,Knavs,exact:full_name
1974,Slovenia,2002,Zlatko Zahovič,76,agree,71,P-64619:WC-2002,P-64619,WC-2002,T-69,Zahovič,exact:full_name
1975,Slovenia,2002,Nastja Čeh,75,agree,72,P-74981:WC-2002,P-74981,WC-2002,T-69,Čeh,exact:full_name
1976,Slovenia,2002,Gajser,74,f2-only,71,P-75095:WC-2002,P-75095,WC-2002,T-69,Gajser,exact:common_name
1977,Slovenia,2002,Galič,74,f2-only,71,P-48946:WC-2002,P-48946,WC-2002,T-69,Galič,exact:common_name
1978,Slovenia,2002,Nemec,74,f2-only,71,P-32449:WC-2002,P-32449,WC-2002,T-69,Nemec,exact:common_name
1979,Slovenia,2002,Tiganj,74,f2-only,71,P-12511:WC-2002,P-12511,WC-2002,T-69,Tiganj,exact:common_name
1980,Slovenia,2002,Saša Vugdalić,74,f2-only,71,P-13966:WC-2002,P-13966,WC-2002,T-69,Vugdalić,distinctive_single:vugdalic
1981,Slovenia,2002,Bulajič,74,f2-only,72,P-54102:WC-2002,P-54102,WC-2002,T-69,Bulajič,exact:common_name
1982,Slovenia,2002,Milan Osterc,74,f2-only,72,P-48910:WC-2002,P-48910,WC-2002,T-69,Osterc,exact:full_name
1983,Slovenia,2002,Mladen Rudonja,74,f2-only,72,P-30524:WC-2002,P-30524,WC-2002,T-69,Rudonja,exact:full_name
1984,Slovenia,2002,Tavčar,67,"avg(60,74)",71,P-26609:WC-2002,P-26609,WC-2002,T-69,Tavčar,exact:common_name
1986,South Africa,2002,Quinton Fortune,73,"avg(75,70)",79,P-02423:WC-2002,P-02423,WC-2002,T-70,Fortune,exact:full_name
1987,South Africa,2002,Andre Arendse,70,f2-only,79,P-57595:WC-2002,P-57595,WC-2002,T-70,Arendse,exact:full_name
1988,South Africa,2002,Benni McCarthy,70,f2-only,79,P-59298:WC-2002,P-59298,WC-2002,T-70,McCarthy,exact:full_name
1989,South Africa,2002,Teboho Mokoena,70,f2-only,79,P-99521:WC-2002,P-99521,WC-2002,T-70,Mokoena,exact:full_name
1990,South Africa,2002,Delron Buckley,65,"avg(68,62)",71,P-37844:WC-2002,P-37844,WC-2002,T-70,Buckley,exact:full_name
1991,South Africa,2002,Molefe,62,agree,71,P-68024:WC-2002,P-68024,WC-2002,T-70,Molefe,exact:common_name
1992,South Africa,2002,Pule,62,agree,71,P-27802:WC-2002,P-27802,WC-2002,T-70,Pule,exact:common_name
1993,South Africa,2002,Pierre Issa,62,f2-only,71,P-65806:WC-2002,P-65806,WC-2002,T-70,Issa,exact:full_name
1994,South Africa,2002,Jacob Lekgetho,62,f2-only,71,P-10439:WC-2002,P-10439,WC-2002,T-70,Lekgetho,exact:full_name
1995,South Africa,2002,Marlin,62,f2-only,71,P-13782:WC-2002,P-13782,WC-2002,T-70,Marlin,exact:common_name
1996,South Africa,2002,Mukansi,62,f2-only,71,P-65059:WC-2002,P-65059,WC-2002,T-70,Mukansi,exact:common_name
1997,South Africa,2002,Hans Vonk,60,"avg(58,62)",71,P-57626:WC-2002,P-57626,WC-2002,T-70,Vonk,exact:full_name
1998,South Africa,2002,Siyabonga Nomvethe,59,"avg(48,70)",79,P-22393:WC-2002,P-22393,WC-2002,T-70,Nomvethe,exact:full_name
2019,South Korea,2002,J. S. Park,77,f1-only,81,P-25724:WC-2002,P-25724,WC-2002,T-71,Park,mononym:common_name
2020,South Korea,2002,Lee Young-pyo,76,"avg(79,72)",81,P-46519:WC-2002,P-46519,WC-2002,T-71,Lee,exact:family_given
2022,South Korea,2002,Song Chong-gug,74,"avg(75,72)",81,P-83544:WC-2002,P-83544,WC-2002,T-71,Song,exact:family_given
2024,South Korea,2002,Seol K.H.,74,f1-only,81,P-56626:WC-2002,P-56626,WC-2002,T-71,Seol,mononym:common_name
2027,South Korea,2002,Ahn Jung-hwan,72,f2-only,81,P-26616:WC-2002,P-26616,WC-2002,T-71,Ahn,exact:family_given
2028,South Korea,2002,Lee Eul-yong,72,f2-only,81,P-60562:WC-2002,P-60562,WC-2002,T-71,Lee,exact:family_given
2029,South Korea,2002,Choi Jin-cheul,72,f2-only,81,P-07865:WC-2002,P-07865,WC-2002,T-71,Choi,exact:family_given
2030,South Korea,2002,Park Ji-sung,72,f2-only,81,P-25724:WC-2002,P-25724,WC-2002,T-71,Park,exact:family_given
2031,South Korea,2002,Seol Ki-hyeon,72,f2-only,81,P-56626:WC-2002,P-56626,WC-2002,T-71,Seol,exact:family_given
2032,South Korea,2002,Kim Nam-il,72,f2-only,81,P-51785:WC-2002,P-51785,WC-2002,T-71,Kim,exact:family_given
2033,South Korea,2002,Yoo Sang-chul,72,f2-only,81,P-75255:WC-2002,P-75255,WC-2002,T-71,Yoo,exact:family_given
2034,South Korea,2002,Hwang Sun-hong,72,f2-only,81,P-15222:WC-2002,P-15222,WC-2002,T-71,Hwang,exact:family_given
2035,South Korea,2002,Kim Tae-young,72,f2-only,81,P-96267:WC-2002,P-96267,WC-2002,T-71,Kim,exact:family_given
2036,South Korea,2002,Lee Woon-jae,72,f2-only,81,P-95122:WC-2002,P-95122,WC-2002,T-71,Lee,exact:family_given
2037,South Korea,2002,Ahn H. Y.,66,f1-only,81,P-26616:WC-2002,P-26616,WC-2002,T-71,Ahn,mononym:common_name
2109,Spain,2002,Albert Luque,87,agree,71,P-23336:WC-2002,P-23336,WC-2002,T-73,Luque,exact:full_name
2110,Spain,2002,D. Tristan,87,f1-only,71,P-71130:WC-2002,P-71130,WC-2002,T-73,Tristán,mononym:common_name
2112,Spain,2002,Pedro Contreras,85,f2-only,71,P-95116:WC-2002,P-95116,WC-2002,T-73,Contreras,exact:full_name
2113,Spain,2002,Sergio Soriano,81,"avg(76,85)",71,P-14456:WC-2002,P-14456,WC-2002,T-73,Sergio,distinctive_single:sergio
2114,Spain,2002,Ricardo Felipe,80,"avg(74,85)",71,P-45039:WC-2002,P-45039,WC-2002,T-73,Ricardo,distinctive_single:ricardo
2115,Spain,2002,C. Torres,79,f1-only,71,P-19229:WC-2002,P-19229,WC-2002,T-73,Torres,mononym:common_name
2116,Spain,2002,Cristobal Torres,79,f2-only,71,P-19229:WC-2002,P-19229,WC-2002,T-73,Torres,distinctive_single:torres
2149,Sweden,2002,Johan Mjällby,80,"avg(83,77)",86,P-56718:WC-2002,P-56718,WC-2002,T-74,Mjällby,exact:full_name
2150,Sweden,2002,Olof Mellberg,79,"avg(81,77)",86,P-06256:WC-2002,P-06256,WC-2002,T-74,Mellberg,exact:full_name
2151,Sweden,2002,Anders Svensson,78,"avg(79,77)",86,P-85432:WC-2002,P-85432,WC-2002,T-74,Svensson,exact:full_name
2152,Sweden,2002,Magnus Hedman,77,agree,86,P-07902:WC-2002,P-07902,WC-2002,T-74,Hedman,exact:full_name
2153,Sweden,2002,Teddy Lučić,77,"avg(76,77)",86,P-30568:WC-2002,P-30568,WC-2002,T-74,Lučić,exact:full_name
2154,Sweden,2002,Niclas Alexandersson,76,"avg(75,77)",86,P-42808:WC-2002,P-42808,WC-2002,T-74,Alexandersson,exact:full_name
2155,Sweden,2002,Andreas Jakobsson,74,"avg(70,77)",86,P-68329:WC-2002,P-68329,WC-2002,T-74,Jakobsson,exact:full_name
2277,Tunisia,2002,Tunisian Gabsi,63,f2-only,72,P-15858:WC-2002,P-15858,WC-2002,T-79,Gabsi,distinctive_single:gabsi
2278,Tunisia,2002,Kaies Ghodhbane,63,f2-only,72,P-41620:WC-2002,P-41620,WC-2002,T-79,Ghodhbane,exact:full_name
2279,Tunisia,2002,Tunisian Melki,63,f2-only,72,P-00668:WC-2002,P-00668,WC-2002,T-79,Melki,distinctive_single:melki
2280,Tunisia,2002,Tunisian Zitouni,63,f2-only,72,P-63935:WC-2002,P-63935,WC-2002,T-79,Zitouni,distinctive_single:zitouni
2281,Tunisia,2002,Ziad Jaziri,62,"avg(60,63)",72,P-00640:WC-2002,P-00640,WC-2002,T-79,Jaziri,exact:full_name
2282,Tunisia,2002,Bejaoui,62,f2-only,71,P-58954:WC-2002,P-58954,WC-2002,T-79,Bejaoui,exact:common_name
2283,Tunisia,2002,Ahmed Jaouachi,62,f2-only,71,P-56293:WC-2002,P-56293,WC-2002,T-79,El-Jaouachi,token:full_name:total=2.00:exact=2:fuzzy=0:initial=0
2284,Tunisia,2002,Jose Clayton,62,f2-only,71,P-44011:WC-2002,P-44011,WC-2002,T-79,Clayton,exact:full_name
2285,Tunisia,2002,Tunisian Jelassi,62,f2-only,71,P-89922:WC-2002,P-89922,WC-2002,T-79,Jelassi,distinctive_single:jelassi
2286,Tunisia,2002,Tunisian Mhedhebi,62,f2-only,71,P-72780:WC-2002,P-72780,WC-2002,T-79,Mhedhebi,distinctive_single:mhedhebi
2288,Tunisia,2002,Adel Sellimi,62,f2-only,71,P-15025:WC-2002,P-15025,WC-2002,T-79,Sellimi,exact:full_name
2289,Tunisia,2002,Mohamed Mkacher,56,f1-only,71,P-44407:WC-2002,P-44407,WC-2002,T-79,Mkacher,exact:full_name
2355,Turkey,2002,Yildiray Baştürk,85,agree,83,P-21108:WC-2002,P-21108,WC-2002,T-80,Baştürk,distinctive_single:basturk
2356,Turkey,2002,Emre Belözoğlu,82,f2-only,83,P-46497:WC-2002,P-46497,WC-2002,T-80,Belözoğlu,exact:full_name
2357,Turkey,2002,Rustu Reçber,82,f2-only,83,P-61478:WC-2002,P-61478,WC-2002,T-80,Reçber,exact:full_name
2358,Turkey,2002,Hakan Şükür,81,agree,83,P-58212:WC-2002,P-58212,WC-2002,T-80,Şükür,exact:full_name
2359,Turkey,2002,Hasan Şaş,80,agree,83,P-23883:WC-2002,P-23883,WC-2002,T-80,Şaş,exact:full_name
2360,Turkey,2002,Ergun Penbe,77,agree,83,P-65298:WC-2002,P-65298,WC-2002,T-80,Penbe,exact:full_name
2361,Turkey,2002,Bulent Korkmaz,76,agree,83,P-94559:WC-2002,P-94559,WC-2002,T-80,Korkmaz,exact:full_name
2362,Turkey,2002,Hakan Ünsal,74,agree,83,P-78533:WC-2002,P-78533,WC-2002,T-80,Ünsal,exact:full_name
2363,Turkey,2002,Tugay Kerimoğlu,74,agree,83,P-63089:WC-2002,P-63089,WC-2002,T-80,Kerimoğlu,exact:full_name
2364,Turkey,2002,Ilhan Mansız,74,f2-only,83,P-41133:WC-2002,P-41133,WC-2002,T-80,Mansız,exact:full_name
2365,Turkey,2002,Alpay Özalan,74,f2-only,83,P-44850:WC-2002,P-44850,WC-2002,T-80,Özalan,exact:full_name
2366,Turkey,2002,Umit Davala,72,f2-only,83,P-31566:WC-2002,P-31566,WC-2002,T-80,Davala,exact:full_name
2367,Turkey,2002,Fatih Akyel,67,f1-only,83,P-79130:WC-2002,P-79130,WC-2002,T-80,Akyel,exact:full_name
2368,Turkey,2002,Fevzi Akyel,67,f2-only,83,P-79130:WC-2002,P-79130,WC-2002,T-80,Akyel,distinctive_single:akyel
2369,Turkey,2002,Omer Çatkıç,64,f2-only,83,P-49485:WC-2002,P-49485,WC-2002,T-80,Çatkıç,exact:full_name
2386,United States,2002,Brad Friedel,81,"avg(85,76)",85,P-76191:WC-2002,P-76191,WC-2002,T-83,Friedel,exact:full_name
2387,United States,2002,Eddie Pope,78,"avg(80,76)",85,P-02842:WC-2002,P-02842,WC-2002,T-83,Pope,exact:full_name
2388,United States,2002,Brian McBride,77,"avg(77,76)",85,P-60597:WC-2002,P-60597,WC-2002,T-83,McBride,exact:full_name
2389,United States,2002,Tony Sanneh,76,agree,85,P-92064:WC-2002,P-92064,WC-2002,T-83,Sanneh,exact:full_name
2390,United States,2002,Brien,76,f1-corrupt->f2,85,P-88043:WC-2002,P-88043,WC-2002,T-83,O'Brien,mononym:common_name
2447,Uruguay,2002,Darío Silva,81,agree,72,P-74863:WC-2002,P-74863,WC-2002,T-84,Silva,exact:full_name
2448,Uruguay,2002,Federico Magallanes,77,agree,71,P-95938:WC-2002,P-95938,WC-2002,T-84,Magallanes,exact:full_name
2449,Uruguay,2002,de Santos,77,agree,71,P-97963:WC-2002,P-97963,WC-2002,T-84,de los Santos,distinctive_single:santos
2450,Uruguay,2002,M. Romero,76,f1-only,72,P-03231:WC-2002,P-03231,WC-2002,T-84,Romero,mononym:common_name
2451,Uruguay,2002,Probable Romero,76,f2-only,72,P-03231:WC-2002,P-03231,WC-2002,T-84,Romero,distinctive_single:romero
2452,Uruguay,2002,Adrián Elduayen,75,f2-only,71,P-54429:WC-2002,P-54429,WC-2002,T-84,Elduayen,distinctive_single:elduayen
2453,Uruguay,2002,Gustavo Méndez,75,f2-only,71,P-17321:WC-2002,P-17321,WC-2002,T-84,Méndez,exact:full_name
2454,Uruguay,2002,Nicolás Olivera,75,f2-only,71,P-22489:WC-2002,P-22489,WC-2002,T-84,Olivera,exact:full_name
2455,Uruguay,2002,Gustavo Munúa,74,agree,71,P-79836:WC-2002,P-79836,WC-2002,T-84,Munúa,exact:full_name
2456,Uruguay,2002,Alejandro Lembo,72,agree,72,P-31352:WC-2002,P-31352,WC-2002,T-84,Lembo,exact:full_name
2457,Uruguay,2002,Gustavo Varela,67,agree,72,P-41694:WC-2002,P-41694,WC-2002,T-84,Varela,exact:full_name
2458,Uruguay,2002,Gianni Guigou,67,agree,72,P-45056:WC-2002,P-45056,WC-2002,T-84,Guigou,exact:full_name
2459,Uruguay,2002,Sebastián Abreu,67,agree,72,P-64372:WC-2002,P-64372,WC-2002,T-84,Abreu,exact:full_name
2460,Uruguay,2002,Mario Regueiro,64,agree,72,P-46554:WC-2002,P-46554,WC-2002,T-84,Regueiro,exact:full_name
24,Angola,2006,Flávio Amado,70,f2-only,79,P-78483:WC-2006,P-78483,WC-2006,T-02,Flávio,distinctive_single:flavio
25,Angola,2006,João Ricardo,70,f2-only,79,P-24930:WC-2006,P-24930,WC-2006,T-02,Ricardo,exact:full_name
26,Angola,2006,Jamba,70,f2-only,79,P-61845:WC-2006,P-61845,WC-2006,T-02,Jamba,exact:common_name
27,Angola,2006,Kali,70,f2-only,79,P-44205:WC-2006,P-44205,WC-2006,T-02,Kali,exact:common_name
28,Angola,2006,Locó,70,f2-only,79,P-03457:WC-2006,P-03457,WC-2006,T-02,Locó,exact:common_name
29,Angola,2006,Norberto Delgado,70,f2-only,79,P-75104:WC-2006,P-75104,WC-2006,T-02,Delgado,distinctive_single:delgado
30,Angola,2006,Hipólito,62,f2-only,71,P-24893:WC-2006,P-24893,WC-2006,T-02,Hipólito,exact:common_name
31,Angola,2006,Lamá,62,f2-only,71,P-04803:WC-2006,P-04803,WC-2006,T-02,Lamá,exact:common_name
32,Angola,2006,Love,62,f2-only,71,P-30892:WC-2006,P-30892,WC-2006,T-02,Love,exact:common_name
33,Angola,2006,Nobre,62,f2-only,71,P-13744:WC-2006,P-13744,WC-2006,T-02,Nobre,exact:common_name
34,Angola,2006,Titi Buengo,58,"avg(53,62)",71,P-31166:WC-2006,P-31166,WC-2006,T-02,Buengo,exact:full_name
40,Argentina,2006,Gabriel Milito,86,agree,71,P-91357:WC-2006,P-91357,WC-2006,T-03,Milito,exact:full_name
41,Argentina,2006,Rodrigo Palacio,76,agree,71,P-27419:WC-2006,P-27419,WC-2006,T-03,Palacio,exact:full_name
42,Argentina,2006,Lionel Scaloni,76,agree,71,P-73619:WC-2006,P-73619,WC-2006,T-03,Scaloni,exact:full_name
43,Argentina,2006,Oscar Ustari,74,f2-only,71,P-66580:WC-2006,P-66580,WC-2006,T-03,Ustari,exact:full_name
44,Argentina,2006,Leandro Cufré,69,agree,71,P-16541:WC-2006,P-16541,WC-2006,T-03,Cufré,exact:full_name
80,Australia,2006,Harry Kewell,85,agree,82,P-14290:WC-2006,P-14290,WC-2006,T-04,Kewell,exact:full_name
81,Australia,2006,Mark Schwarzer,83,agree,82,P-78863:WC-2006,P-78863,WC-2006,T-04,Schwarzer,exact:full_name
82,Australia,2006,Tim Cahill,82,agree,82,P-44926:WC-2006,P-44926,WC-2006,T-04,Cahill,exact:full_name
83,Australia,2006,Craig Moore,77,agree,82,P-66908:WC-2006,P-66908,WC-2006,T-04,Moore,exact:full_name
84,Australia,2006,Scott Chipperfield,75,agree,80,P-60008:WC-2006,P-60008,WC-2006,T-04,Chipperfield,exact:full_name
85,Australia,2006,Mark Bresciano,73,f1-only,80,P-84486:WC-2006,P-84486,WC-2006,T-04,Bresciano,exact:full_name
86,Australia,2006,Marco Bresciano,73,f2-only,80,P-84486:WC-2006,P-84486,WC-2006,T-04,Bresciano,distinctive_single:bresciano
87,Australia,2006,Lucas Neill,71,agree,82,P-91832:WC-2006,P-91832,WC-2006,T-04,Neill,exact:full_name
88,Australia,2006,Brett Emerton,70,agree,80,P-83566:WC-2006,P-83566,WC-2006,T-04,Emerton,exact:full_name
89,Australia,2006,Vince Grella,70,agree,80,P-63129:WC-2006,P-63129,WC-2006,T-04,Grella,exact:full_name
90,Australia,2006,John Aloisi,66,agree,82,P-59039:WC-2006,P-59039,WC-2006,T-04,Aloisi,exact:full_name
91,Australia,2006,Jason Culina,60,agree,80,P-21864:WC-2006,P-21864,WC-2006,T-04,Culina,exact:full_name
237,Brazil,2006,Adriano,94,agree,88,P-20372:WC-2006,P-20372,WC-2006,T-09,Adriano,exact:common_name
238,Brazil,2006,Zé Roberto,92,agree,88,P-39545:WC-2006,P-39545,WC-2006,T-09,Zé Roberto,exact:common_name
239,Brazil,2006,Dida,91,agree,88,P-02795:WC-2006,P-02795,WC-2006,T-09,Dida,exact:common_name
240,Brazil,2006,Lúcio,90,agree,88,P-42918:WC-2006,P-42918,WC-2006,T-09,Lúcio,exact:common_name
241,Brazil,2006,Juan dos Santos,85,agree,88,P-98607:WC-2006,P-98607,WC-2006,T-09,Juan,distinctive_single:juan
452,Costa Rica,2006,Álvaro Saborío,72,f1-only,72,P-55781:WC-2006,P-55781,WC-2006,T-17,Saborío,exact:full_name
453,Costa Rica,2006,to Saborío,72,f2-only,72,P-55781:WC-2006,P-55781,WC-2006,T-17,Saborío,distinctive_single:saborio
454,Costa Rica,2006,Douglas Sequeira,69,f1-only,72,P-37092:WC-2006,P-37092,WC-2006,T-17,Sequeira,exact:full_name
455,Costa Rica,2006,D. Sequeira,69,f2-only,72,P-37092:WC-2006,P-37092,WC-2006,T-17,Sequeira,mononym:common_name
456,Costa Rica,2006,to Bolaños,68,f2-only,72,P-57722:WC-2006,P-57722,WC-2006,T-17,Bolaños,distinctive_single:bolanos
458,Costa Rica,2006,to Fonseca,68,f2-only,72,P-30163:WC-2006,P-30163,WC-2006,T-17,Fonseca,distinctive_single:fonseca
459,Costa Rica,2006,Gilberto Martinez Vidal,64,f1-only,71,P-32696:WC-2006,P-32696,WC-2006,T-17,Martínez,distinctive_single:martinez
460,Costa Rica,2006,G. Martínez,64,f2-only,71,P-32696:WC-2006,P-32696,WC-2006,T-17,Martínez,mononym:common_name
461,Costa Rica,2006,Cristian Badilla,63,f1-only,71,P-97927:WC-2006,P-97927,WC-2006,T-17,Badilla,distinctive_single:badilla
464,Costa Rica,2006,to Bernard,62,f2-only,71,P-01674:WC-2006,P-01674,WC-2006,T-17,Bernard,distinctive_single:bernard
466,Costa Rica,2006,to Núñez,62,f2-only,71,P-17028:WC-2006,P-17028,WC-2006,T-17,Núñez,distinctive_single:nunez
467,Costa Rica,2006,W. Alfaro,62,f2-only,71,P-82853:WC-2006,P-82853,WC-2006,T-17,Alfaro,mononym:common_name
524,Croatia,2006,Bosko Balaban,79,agree,71,P-53874:WC-2006,P-53874,WC-2006,T-18,Balaban,exact:full_name
525,Croatia,2006,Stjepan Tomas,76,agree,71,P-87187:WC-2006,P-87187,WC-2006,T-18,Tomas,exact:full_name
526,Croatia,2006,Ivan Bošnjak,71,f2-only,71,P-15428:WC-2006,P-15428,WC-2006,T-18,Bošnjak,exact:full_name
527,Croatia,2006,Tomislav Butina,70,agree,71,P-99830:WC-2006,P-99830,WC-2006,T-18,Butina,exact:full_name
528,Croatia,2006,Joseph Didulica,70,agree,71,P-59970:WC-2006,P-59970,WC-2006,T-18,Didulica,distinctive_single:didulica
579,Czech Republic,2006,Milan Baroš,86,agree,71,P-14907:WC-2006,P-14907,WC-2006,T-20,Baroš,exact:full_name
580,Czech Republic,2006,Jaromir Blažek,78,agree,71,P-44775:WC-2006,P-44775,WC-2006,T-20,Blažek,exact:full_name
581,Czech Republic,2006,Marek Heinz,76,agree,71,P-21701:WC-2006,P-21701,WC-2006,T-20,Heinz,exact:full_name
582,Czech Republic,2006,Radoslav Kováč,76,f2-only,71,P-23972:WC-2006,P-23972,WC-2006,T-20,Kováč,exact:full_name
583,Czech Republic,2006,Libor Sionko,72,"avg(67,76)",71,P-40666:WC-2006,P-40666,WC-2006,T-20,Sionko,exact:full_name
584,Czech Republic,2006,David Jarolím,71,"avg(66,76)",71,P-04349:WC-2006,P-04349,WC-2006,T-20,Jarolím,exact:full_name
585,Czech Republic,2006,Antonín Kinský,68,agree,71,P-07338:WC-2006,P-07338,WC-2006,T-20,Kinský,exact:full_name
672,Ecuador,2006,Agustin Delgado,81,f2-only,79,P-19156:WC-2006,P-19156,WC-2006,T-25,Delgado,exact:full_name
673,Ecuador,2006,Giovanny Espinoza,80,f2-only,79,P-06468:WC-2006,P-06468,WC-2006,T-25,Espinoza,exact:full_name
674,Ecuador,2006,Edison Méndez,79,f2-only,79,P-42534:WC-2006,P-42534,WC-2006,T-25,Méndez,exact:full_name
675,Ecuador,2006,Edwin Tenorio,78,f2-only,79,P-30306:WC-2006,P-30306,WC-2006,T-25,Tenorio,exact:full_name
676,Ecuador,2006,Ivan Hurtado,78,f2-only,79,P-98031:WC-2006,P-98031,WC-2006,T-25,Hurtado,exact:full_name
677,Ecuador,2006,Neicer Reasco,78,f2-only,79,P-61229:WC-2006,P-61229,WC-2006,T-25,Reasco,exact:full_name
678,Ecuador,2006,Cristian Villafuerte,77,f2-only,71,P-29399:WC-2006,P-29399,WC-2006,T-25,Villafuerte,distinctive_single:villafuerte
679,Ecuador,2006,Cristian Mora,76,f2-only,79,P-18894:WC-2006,P-18894,WC-2006,T-25,Mora,exact:full_name
680,Ecuador,2006,Carlos Tenorio,76,f2-only,79,P-86943:WC-2006,P-86943,WC-2006,T-25,Tenorio,exact:full_name
682,Ecuador,2006,Jorge Lanza,76,f2-only,71,P-27162:WC-2006,P-27162,WC-2006,T-25,Lanza,distinctive_single:lanza
683,Ecuador,2006,Ulises de la Cruz,75,agree,79,P-92146:WC-2006,P-92146,WC-2006,T-25,de la Cruz,exact:full_name
684,Ecuador,2006,Ivan Kaviedes,75,f2-only,79,P-03128:WC-2006,P-03128,WC-2006,T-25,Kaviedes,exact:full_name
685,Ecuador,2006,Christian Benítez,70,f2-only,71,P-63618:WC-2006,P-63618,WC-2006,T-25,Benítez,exact:full_name
686,Ecuador,2006,Felix Borja,70,f2-only,71,P-51733:WC-2006,P-51733,WC-2006,T-25,Borja,exact:full_name
687,Ecuador,2006,Marlon Ambrossi,67,f2-only,71,P-75905:WC-2006,P-75905,WC-2006,T-25,Ambrosi,distinctive_single:ambrossi
688,Ecuador,2006,Marlon Ayoví,67,f2-only,71,P-90857:WC-2006,P-90857,WC-2006,T-25,Ayoví,exact:full_name
689,Ecuador,2006,Luis Valencia,60,agree,79,P-49265:WC-2006,P-49265,WC-2006,T-25,Valencia,distinctive_single:valencia
732,England,2006,Rio Ferdinand,91,agree,88,P-01249:WC-2006,P-01249,WC-2006,T-28,Ferdinand,exact:full_name
733,England,2006,John Terry,90,agree,88,P-71420:WC-2006,P-71420,WC-2006,T-28,Terry,exact:full_name
734,England,2006,Sol Campbell,90,agree,71,P-97840:WC-2006,P-97840,WC-2006,T-28,Campbell,exact:full_name
735,England,2006,Paul Robinson,87,agree,88,P-72859:WC-2006,P-72859,WC-2006,T-28,Robinson,exact:full_name
736,England,2006,Ashley Cole,85,agree,88,P-16557:WC-2006,P-16557,WC-2006,T-28,Cole,exact:full_name
737,England,2006,David James,85,agree,71,P-59324:WC-2006,P-59324,WC-2006,T-28,James,exact:full_name
738,England,2006,Michael Carrick,80,agree,71,P-50718:WC-2006,P-50718,WC-2006,T-28,Carrick,exact:full_name
739,England,2006,Joe Cole,76,agree,88,P-37933:WC-2006,P-37933,WC-2006,T-28,Cole,exact:full_name
740,England,2006,Scott Carson,75,agree,71,P-57447:WC-2006,P-57447,WC-2006,T-28,Carson,exact:full_name
741,England,2006,Theo Walcott,71,f2-only,71,P-24015:WC-2006,P-24015,WC-2006,T-28,Walcott,exact:full_name
791,France,2006,Patrick Vieira,89,agree,88,P-96540:WC-2006,P-96540,WC-2006,T-30,Vieira,exact:full_name
792,France,2006,Claude Makélélé,88,agree,88,P-93048:WC-2006,P-93048,WC-2006,T-30,Makélélé,exact:full_name
793,France,2006,Willy Sagnol,87,agree,88,P-23315:WC-2006,P-23315,WC-2006,T-30,Sagnol,exact:full_name
794,France,2006,William Gallas,86,"avg(86,85)",88,P-68803:WC-2006,P-68803,WC-2006,T-30,Gallas,exact:full_name
795,France,2006,Florent Malouda,82,agree,88,P-18830:WC-2006,P-18830,WC-2006,T-30,Malouda,exact:full_name
796,France,2006,Eric Abidal,81,agree,88,P-04469:WC-2006,P-04469,WC-2006,T-30,Abidal,exact:full_name
868,Germany,2006,Christoph Metzelder,86,agree,87,P-04065:WC-2006,P-04065,WC-2006,T-31,Metzelder,exact:full_name
869,Germany,2006,Jens Lehmann,84,agree,87,P-98511:WC-2006,P-98511,WC-2006,T-31,Lehmann,exact:full_name
870,Germany,2006,Arne Friedrich,83,agree,87,P-43481:WC-2006,P-43481,WC-2006,T-31,Friedrich,exact:full_name
871,Germany,2006,Per Mertesacker,83,agree,87,P-02328:WC-2006,P-02328,WC-2006,T-31,Mertesacker,exact:full_name
872,Germany,2006,Torsten Frings,81,agree,87,P-35264:WC-2006,P-35264,WC-2006,T-31,Frings,exact:full_name
873,Germany,2006,Bernd Schneider,81,agree,87,P-32136:WC-2006,P-32136,WC-2006,T-31,Schneider,exact:full_name
874,Germany,2006,Oliver Neuville,78,agree,87,P-55504:WC-2006,P-55504,WC-2006,T-31,Neuville,exact:full_name
875,Germany,2006,Tim Borowski,76,agree,87,P-08154:WC-2006,P-08154,WC-2006,T-31,Borowski,exact:full_name
876,Germany,2006,Bastian Schweinsteiger,76,agree,87,P-43400:WC-2006,P-43400,WC-2006,T-31,Schweinsteiger,exact:full_name
933,Ghana,2006,Stephen Appiah,77,agree,79,P-09728:WC-2006,P-09728,WC-2006,T-32,Appiah,exact:full_name
935,Ghana,2006,Eric Addo,62,agree,79,P-77757:WC-2006,P-77757,WC-2006,T-32,Addo,exact:full_name
936,Ghana,2006,Sulley Muntari,61,agree,79,P-50641:WC-2006,P-50641,WC-2006,T-32,Muntari,exact:full_name
937,Ghana,2006,John Mensah,60,agree,79,P-29967:WC-2006,P-29967,WC-2006,T-32,Mensah,exact:full_name
938,Ghana,2006,Asamoah Gyan,60,f2-only,79,P-38556:WC-2006,P-38556,WC-2006,T-32,Gyan,exact:full_name
939,Ghana,2006,Richard Kingson,60,f2-only,79,P-81778:WC-2006,P-81778,WC-2006,T-32,Kingson,exact:full_name
940,Ghana,2006,John Pantsil,60,f2-only,79,P-25083:WC-2006,P-25083,WC-2006,T-32,Paintsil,token:full_name:total=1.82:exact=1:fuzzy=1:initial=0
941,Ghana,2006,Illiasu Shilla,60,f2-only,79,P-52437:WC-2006,P-52437,WC-2006,T-32,Shilla,exact:full_name
1036,Iran,2006,Vahid Hashemian,81,agree,72,P-47539:WC-2006,P-47539,WC-2006,T-38,Hashemian,exact:full_name
1037,Iran,2006,Ferydoon Zandi,80,agree,72,P-34386:WC-2006,P-34386,WC-2006,T-38,Zandi,exact:full_name
1038,Iran,2006,Arash Borhani,78,f2-only,72,P-13809:WC-2006,P-13809,WC-2006,T-38,Borhani,exact:full_name
1039,Iran,2006,Ali Daei,78,f2-only,72,P-38371:WC-2006,P-38371,WC-2006,T-38,Daei,exact:full_name
1040,Iran,2006,Rasoul Khatibi,78,f2-only,72,P-56998:WC-2006,P-56998,WC-2006,T-38,Khatibi,exact:full_name
1041,Iran,2006,Javad Nekounam,78,f2-only,72,P-59901:WC-2006,P-59901,WC-2006,T-38,Nekounam,exact:full_name
1042,Iran,2006,Reza Enayati,77,f2-only,71,P-64146:WC-2006,P-64146,WC-2006,T-38,Enayati,exact:full_name
1043,Iran,2006,Javad Kazemian,77,f2-only,71,P-60564:WC-2006,P-60564,WC-2006,T-38,Kazemian,exact:full_name
1044,Iran,2006,Masoud Shojaei,77,f2-only,71,P-00111:WC-2006,P-00111,WC-2006,T-38,Shojaei,exact:full_name
1045,Iran,2006,Hassan Roudbarian,77,f2-only,71,P-74059:WC-2006,P-74059,WC-2006,T-38,Roudbarian,exact:full_name
1046,Iran,2006,Vahid Talebloo,77,f2-only,71,P-55739:WC-2006,P-55739,WC-2006,T-38,Talebloo,exact:full_name
1047,Iran,2006,Mohammed Karimi,71,agree,72,P-16416:WC-2006,P-16416,WC-2006,T-38,Karimi,distinctive_single:karimi
1103,Italy,2006,Gianluca Zambrotta,91,agree,87,P-42227:WC-2006,P-42227,WC-2006,T-41,Zambrotta,exact:full_name
1104,Italy,2006,Alessandro Nesta,90,agree,87,P-55511:WC-2006,P-55511,WC-2006,T-41,Nesta,exact:full_name
1105,Italy,2006,Alessandro Del Piero,89,agree,87,P-83836:WC-2006,P-83836,WC-2006,T-41,Del Piero,exact:full_name
1106,Italy,2006,Francesco Totti,89,agree,87,P-42038:WC-2006,P-42038,WC-2006,T-41,Totti,exact:full_name
1107,Italy,2006,Alberto Gilardino,87,agree,87,P-48645:WC-2006,P-48645,WC-2006,T-41,Gilardino,exact:full_name
1108,Italy,2006,Gennaro Gattuso,87,agree,87,P-18164:WC-2006,P-18164,WC-2006,T-41,Gattuso,exact:full_name
1109,Italy,2006,Mauro Camoranesi,84,agree,87,P-22378:WC-2006,P-22378,WC-2006,T-41,Camoranesi,exact:full_name
1110,Italy,2006,Simone Perrotta,81,agree,87,P-57529:WC-2006,P-57529,WC-2006,T-41,Perrotta,exact:full_name
1111,Italy,2006,Luca Toni,80,agree,87,P-96512:WC-2006,P-96512,WC-2006,T-41,Toni,exact:full_name
1112,Italy,2006,Marco Materazzi,79,f2-only,87,P-37126:WC-2006,P-37126,WC-2006,T-41,Materazzi,exact:full_name
1113,Italy,2006,Vincenzo Iaquinta,70,agree,87,P-38599:WC-2006,P-38599,WC-2006,T-41,Iaquinta,exact:full_name
1114,Italy,2006,Fabio Grosso,65,agree,87,P-99473:WC-2006,P-99473,WC-2006,T-41,Grosso,exact:full_name
1115,Italy,2006,Cristian Zaccardo,63,agree,87,P-14267:WC-2006,P-14267,WC-2006,T-41,Zaccardo,exact:full_name
1130,Ivory Coast,2006,Cyril Domoraud,78,agree,71,P-20335:WC-2006,P-20335,WC-2006,T-42,Domoraud,exact:full_name
1131,Ivory Coast,2006,Gilles Yapo,77,agree,71,P-58634:WC-2006,P-58634,WC-2006,T-42,Yapi Yapo,token:full_name:total=2.00:exact=2:fuzzy=0:initial=0
1132,Ivory Coast,2006,Blaise Kouassi,71,agree,71,P-80902:WC-2006,P-80902,WC-2006,T-42,Kouassi,exact:full_name
1133,Ivory Coast,2006,Gerard Gnanhouan,69,agree,71,P-51266:WC-2006,P-51266,WC-2006,T-42,Gnanhouan,exact:full_name
1134,Ivory Coast,2006,Romaric,69,agree,71,P-55581:WC-2006,P-55581,WC-2006,T-42,Romaric,exact:common_name
1176,Japan,2006,Shinji Ono,77,agree,71,P-04785:WC-2006,P-04785,WC-2006,T-44,Ono,exact:full_name
1177,Japan,2006,Naohiro Takahara,74,agree,72,P-56897:WC-2006,P-56897,WC-2006,T-44,Takahara,exact:full_name
1178,Japan,2006,Koji Nakata,73,agree,71,P-95259:WC-2006,P-95259,WC-2006,T-44,Nakata,exact:full_name
1179,Japan,2006,Junichi Inamoto,73,agree,72,P-46807:WC-2006,P-46807,WC-2006,T-44,Inamoto,exact:full_name
1180,Japan,2006,Yoichi Doi,73,f2-only,71,P-40995:WC-2006,P-40995,WC-2006,T-44,Doi,exact:full_name
1181,Japan,2006,Yuichi Komano,73,f2-only,71,P-46091:WC-2006,P-46091,WC-2006,T-44,Komano,exact:full_name
1182,Japan,2006,Seiichiro Maki,73,f2-only,71,P-17506:WC-2006,P-17506,WC-2006,T-44,Maki,exact:full_name
1183,Japan,2006,Teruyuki Moniwa,73,f2-only,71,P-65411:WC-2006,P-65411,WC-2006,T-44,Moniwa,exact:full_name
1184,Japan,2006,Seigo Narazaki,73,f2-only,71,P-24251:WC-2006,P-24251,WC-2006,T-44,Narazaki,exact:full_name
1185,Japan,2006,Takashi Fukunishi,71,f2-only,72,P-89292:WC-2006,P-89292,WC-2006,T-44,Fukunishi,exact:full_name
1186,Japan,2006,Mitsuo Ogasawara,71,f2-only,72,P-12376:WC-2006,P-12376,WC-2006,T-44,Ogasawara,exact:full_name
1187,Japan,2006,Masashi Oguro,71,f2-only,72,P-10636:WC-2006,P-10636,WC-2006,T-44,Oguro,exact:full_name
1188,Japan,2006,Atsushi Yanagisawa,63,agree,72,P-35882:WC-2006,P-35882,WC-2006,T-44,Yanagisawa,exact:full_name
1280,Mexico,2006,Oswaldo Sánchez,83,agree,87,P-92932:WC-2006,P-92932,WC-2006,T-46,Sánchez,exact:full_name
1281,Mexico,2006,Rafael Márquez,77,agree,87,P-44763:WC-2006,P-44763,WC-2006,T-46,Márquez,exact:full_name
1282,Mexico,2006,José Corona,74,agree,71,P-05120:WC-2006,P-05120,WC-2006,T-46,de Jesús Corona,token:full_name:total=2.00:exact=2:fuzzy=0:initial=0
1283,Mexico,2006,Omar Bravo,73,agree,87,P-34977:WC-2006,P-34977,WC-2006,T-46,Bravo,exact:full_name
1284,Mexico,2006,Sinha,72,f2-only,87,P-30651:WC-2006,P-30651,WC-2006,T-46,Sinha,exact:common_name
1285,Mexico,2006,F. Ochoa,69,agree,71,P-80826:WC-2006,P-80826,WC-2006,T-46,Ochoa,mononym:common_name
1286,Mexico,2006,Carlos Salcido,68,agree,87,P-97434:WC-2006,P-97434,WC-2006,T-46,Salcido,exact:full_name
1287,Mexico,2006,Francisco Rodríguez,67,agree,71,P-11191:WC-2006,P-11191,WC-2006,T-46,Rodríguez,token:full_name:total=2.00:exact=2:fuzzy=0:initial=0
1288,Mexico,2006,Jesus Arellano,66,agree,71,P-92547:WC-2006,P-92547,WC-2006,T-46,Arellano,exact:full_name
1289,Mexico,2006,Andres Guardado,66,f2-only,71,P-40312:WC-2006,P-40312,WC-2006,T-46,Guardado,exact:full_name
1290,Mexico,2006,Gonzalo Pineda,65,agree,87,P-10860:WC-2006,P-10860,WC-2006,T-46,Pineda,exact:full_name
1291,Mexico,2006,Mario Méndez,63,agree,87,P-77467:WC-2006,P-77467,WC-2006,T-46,Méndez,exact:full_name
1292,Mexico,2006,Ricardo Osorio,61,agree,87,P-98486:WC-2006,P-98486,WC-2006,T-46,Osorio,exact:full_name
1390,Netherlands,2006,Jan Hesselink,74,f2-only,71,P-63856:WC-2006,P-63856,WC-2006,T-48,Vennegoor of Hesselink,distinctive_single:hesselink
1391,Netherlands,2006,Maarten Stekelenburg,73,agree,71,P-36850:WC-2006,P-36850,WC-2006,T-48,Stekelenburg,exact:full_name
1392,Netherlands,2006,Hedwiges Maduro,70,agree,71,P-66598:WC-2006,P-66598,WC-2006,T-48,Maduro,exact:full_name
1393,Netherlands,2006,Ryan Babel,69,agree,71,P-17967:WC-2006,P-17967,WC-2006,T-48,Babel,exact:full_name
1394,Netherlands,2006,Henk Timmer,67,"avg(65,68)",71,P-03558:WC-2006,P-03558,WC-2006,T-48,Timmer,exact:full_name
1395,Netherlands,2006,Tim de Cler,65,"avg(62,68)",71,P-13377:WC-2006,P-13377,WC-2006,T-48,de Cler,exact:full_name
1396,Netherlands,2006,Kew Jaliens,60,agree,71,P-81414:WC-2006,P-81414,WC-2006,T-48,Jaliens,exact:full_name
1574,Paraguay,2006,Roque Santa Cruz,84,agree,72,P-34530:WC-2006,P-34530,WC-2006,T-55,Santa Cruz,exact:full_name
1575,Paraguay,2006,Carlos Gamarra,84,agree,80,P-19241:WC-2006,P-19241,WC-2006,T-55,Gamarra,exact:full_name
1576,Paraguay,2006,Nelson Haedo,77,agree,72,P-71995:WC-2006,P-71995,WC-2006,T-55,Valdez,exact:given_name
1577,Paraguay,2006,Paulo da Silva,74,agree,71,P-30891:WC-2006,P-30891,WC-2006,T-55,da Silva,exact:full_name
1578,Paraguay,2006,Nelson Cuevas,74,agree,80,P-88899:WC-2006,P-88899,WC-2006,T-55,Cuevas,exact:full_name
1579,Paraguay,2006,Salvador Cabañas,73,agree,71,P-54903:WC-2006,P-54903,WC-2006,T-55,Cabañas,exact:full_name
1580,Paraguay,2006,Derlis Gómez,71,f2-only,71,P-53378:WC-2006,P-53378,WC-2006,T-55,Gómez,exact:full_name
1581,Paraguay,2006,Dante López,71,f2-only,71,P-99403:WC-2006,P-99403,WC-2006,T-55,López,exact:full_name
1582,Paraguay,2006,Julio Manzur,71,f2-only,71,P-22470:WC-2006,P-22470,WC-2006,T-55,Manzur,token:full_name:total=2.00:exact=2:fuzzy=0:initial=0
1583,Paraguay,2006,Cristian Riveros,70,f2-only,72,P-78654:WC-2006,P-78654,WC-2006,T-55,Riveros,exact:full_name
1584,Paraguay,2006,Julio dos Santos,70,f2-only,72,P-35595:WC-2006,P-35595,WC-2006,T-55,dos Santos,exact:full_name
1585,Paraguay,2006,Julio Cáceres,69,agree,80,P-50109:WC-2006,P-50109,WC-2006,T-55,Cáceres,token:full_name:total=2.00:exact=2:fuzzy=0:initial=0
1586,Paraguay,2006,Denis Caniza,67,agree,80,P-82458:WC-2006,P-82458,WC-2006,T-55,Caniza,exact:full_name
1587,Paraguay,2006,Edgar Barreto,66,agree,72,P-44396:WC-2006,P-44396,WC-2006,T-55,Barreto,exact:full_name
1588,Paraguay,2006,Delio Toledo,63,agree,71,P-42228:WC-2006,P-42228,WC-2006,T-55,Toledo,exact:full_name
1589,Paraguay,2006,Jorge Núñez,62,agree,80,P-00429:WC-2006,P-00429,WC-2006,T-55,Núñez,exact:full_name
1590,Paraguay,2006,Carlos Bonet,61,agree,72,P-22302:WC-2006,P-22302,WC-2006,T-55,Bonet,exact:full_name
1623,Poland,2006,Euzebiusz Smolarek,82,f1-only,72,P-95900:WC-2006,P-95900,WC-2006,T-57,Smolarek,exact:full_name
1624,Poland,2006,E. Smolarek,82,f2-only,72,P-95900:WC-2006,P-95900,WC-2006,T-57,Smolarek,mononym:common_name
1625,Poland,2006,Ireneusz Jeleń,77,agree,72,P-13524:WC-2006,P-13524,WC-2006,T-57,Jeleń,exact:full_name
1626,Poland,2006,Maciej Żurawski,76,agree,72,P-07088:WC-2006,P-07088,WC-2006,T-57,Żurawski,exact:full_name
1627,Poland,2006,Tomasz Kuszczak,70,agree,71,P-34895:WC-2006,P-34895,WC-2006,T-57,Kuszczak,exact:full_name
1628,Poland,2006,Radosław Sobolewski,68,agree,72,P-05425:WC-2006,P-05425,WC-2006,T-57,Sobolewski,exact:full_name
1629,Poland,2006,Kamil Kosowski,68,agree,71,P-24493:WC-2006,P-24493,WC-2006,T-57,Kosowski,exact:full_name
1630,Poland,2006,Brożek,68,"avg(62,74)",72,P-67164:WC-2006,P-67164,WC-2006,T-57,Brożek,exact:common_name
1631,Poland,2006,Grzegorz Rasiak,67,agree,71,P-21451:WC-2006,P-21451,WC-2006,T-57,Rasiak,exact:full_name
1632,Poland,2006,Dariusz Dudka,66,agree,71,P-02210:WC-2006,P-02210,WC-2006,T-57,Dudka,exact:full_name
1633,Poland,2006,Mariusz Jop,65,f2-only,71,P-63796:WC-2006,P-63796,WC-2006,T-57,Jop,exact:full_name
1634,Poland,2006,Mirosław Szymkowiak,62,agree,72,P-86811:WC-2006,P-86811,WC-2006,T-57,Szymkowiak,exact:full_name
1635,Poland,2006,Łukasz Fabiański,52,agree,71,P-57476:WC-2006,P-57476,WC-2006,T-57,Fabiański,exact:full_name
1673,Portugal,2006,Deco,87,agree,88,P-96343:WC-2006,P-96343,WC-2006,T-58,Deco,exact:common_name
1674,Portugal,2006,Fernando Meira,87,agree,88,P-53943:WC-2006,P-53943,WC-2006,T-58,Meira,exact:full_name
1675,Portugal,2006,Ricardo Carvalho,86,agree,88,P-37760:WC-2006,P-37760,WC-2006,T-58,Carvalho,exact:full_name
1676,Portugal,2006,Pauleta,85,agree,88,P-57982:WC-2006,P-57982,WC-2006,T-58,Pauleta,exact:common_name
1677,Portugal,2006,Maniche,83,agree,88,P-17581:WC-2006,P-17581,WC-2006,T-58,Maniche,exact:common_name
1679,Portugal,2006,Ricardo,82,agree,88,P-45712:WC-2006,P-45712,WC-2006,T-58,Ricardo,exact:common_name
1680,Portugal,2006,Simão Sabrosa,82,"avg(80,83)",88,P-32279:WC-2006,P-32279,WC-2006,T-58,Simão,distinctive_single:simao
1681,Portugal,2006,Luis Boa Morte,80,agree,72,P-68375:WC-2006,P-68375,WC-2006,T-58,Boa Morte,exact:full_name
1682,Portugal,2006,Miguel,79,f1-only,88,P-28497:WC-2006,P-28497,WC-2006,T-58,Miguel,exact:common_name
1683,Portugal,2006,Nuno Valente,77,agree,88,P-62437:WC-2006,P-62437,WC-2006,T-58,Valente,exact:full_name
1684,Portugal,2006,Marco Caneira,77,f2-only,72,P-48643:WC-2006,P-48643,WC-2006,T-58,Caneira,exact:full_name
1685,Portugal,2006,Quim,76,"avg(74,78)",72,P-86534:WC-2006,P-86534,WC-2006,T-58,Quim,exact:common_name
1686,Portugal,2006,Ricardo Costa,73,"avg(69,77)",72,P-55321:WC-2006,P-55321,WC-2006,T-58,Costa,exact:full_name
1687,Portugal,2006,Paulo Santos,68,"avg(58,77)",72,P-55784:WC-2006,P-55784,WC-2006,T-58,Santos,exact:full_name
1785,Saudi Arabia,2006,Ahmed Al-Dokhi,70,f2-only,79,P-53448:WC-2006,P-53448,WC-2006,T-63,Al-Dokhi,exact:full_name
1786,Saudi Arabia,2006,Real-world Al-Jaber,70,f2-only,79,P-88041:WC-2006,P-88041,WC-2006,T-63,Al-Jaber,distinctive_single:jaber
1787,Saudi Arabia,2006,Real-world Al-Montashari,70,f2-only,79,P-48279:WC-2006,P-48279,WC-2006,T-63,Al-Montashari,distinctive_single:montashari
1788,Saudi Arabia,2006,Yasser Al-Qahtani,70,f2-only,79,P-87114:WC-2006,P-87114,WC-2006,T-63,Al-Qahtani,exact:full_name
1789,Saudi Arabia,2006,Real-world Abdulghani,70,f2-only,79,P-77199:WC-2006,P-77199,WC-2006,T-63,Abdulghani,distinctive_single:abdulghani
1790,Saudi Arabia,2006,Redha Tukar,70,f2-only,79,P-90725:WC-2006,P-90725,WC-2006,T-63,Tukar,exact:full_name
1791,Saudi Arabia,2006,Mabrouk Zaid,70,f2-only,79,P-99270:WC-2006,P-99270,WC-2006,T-63,Zaid,exact:full_name
1951,Serbia and Montenegro,2006,Mateja Kežman,84,agree,72,P-37893:WC-2006,P-37893,WC-2006,T-67,Kežman,exact:full_name
1952,Serbia and Montenegro,2006,Savo Milošević,81,agree,72,P-48250:WC-2006,P-48250,WC-2006,T-67,Milošević,exact:full_name
1953,Serbia and Montenegro,2006,Danijel Ljuboja,79,agree,72,P-87039:WC-2006,P-87039,WC-2006,T-67,Ljuboja,exact:full_name
1954,Serbia and Montenegro,2006,Ognjen Koroman,78,f2-only,72,P-50012:WC-2006,P-50012,WC-2006,T-67,Koroman,exact:full_name
1955,Serbia and Montenegro,2006,Ivan Ergić,74,f2-only,72,P-41907:WC-2006,P-41907,WC-2006,T-67,Ergić,exact:full_name
2039,South Korea,2006,Kim Dae,66,"avg(69,62)",71,P-50318:WC-2006,P-50318,WC-2006,T-71,Kim,token:full_name:total=2.00:exact=2:fuzzy=0:initial=0
2040,South Korea,2006,Song Chong-gug,62,f2-only,71,P-83544:WC-2006,P-83544,WC-2006,T-71,Song,exact:family_given
2041,South Korea,2006,Park Young,62,f2-only,71,P-06608:WC-2006,P-06608,WC-2006,T-71,Park,token:full_name:total=2.00:exact=2:fuzzy=0:initial=0
2042,South Korea,2006,Chung Kyung-ho,62,f2-only,71,P-04977:WC-2006,P-04977,WC-2006,T-71,Chung,exact:family_given
2043,South Korea,2006,Kim Young-kwang,62,f2-only,71,P-08539:WC-2006,P-08539,WC-2006,T-71,Kim,exact:family_given
2117,Spain,2006,Michel Salgado,87,agree,71,P-63942:WC-2006,P-63942,WC-2006,T-73,Salgado,exact:full_name
2118,Spain,2006,Carlos Marchena,86,agree,71,P-15314:WC-2006,P-15314,WC-2006,T-73,Marchena,exact:full_name
2119,Spain,2006,José Reyes,86,agree,71,P-83711:WC-2006,P-83711,WC-2006,T-73,Reyes,token:full_name:total=2.00:exact=2:fuzzy=0:initial=0
2120,Spain,2006,Pepe Reina,85,f2-only,71,P-44334:WC-2006,P-44334,WC-2006,T-73,Reina,exact:full_name
2121,Spain,2006,Juanito,84,f1-only,71,P-51440:WC-2006,P-51440,WC-2006,T-73,Juanito,exact:common_name
2123,Spain,2006,Antonio López,75,f1-only,71,P-13964:WC-2006,P-13964,WC-2006,T-73,López,exact:full_name
2156,Sweden,2006,Kim Källström,79,agree,80,P-73608:WC-2006,P-73608,WC-2006,T-74,Källström,exact:full_name
2157,Sweden,2006,Christian Wilhelmsson,79,agree,80,P-65907:WC-2006,P-65907,WC-2006,T-74,Wilhelmsson,exact:full_name
2158,Sweden,2006,Anders Svensson,76,agree,71,P-85432:WC-2006,P-85432,WC-2006,T-74,Svensson,exact:full_name
2159,Sweden,2006,Marcus Rosenberg,75,f1-only,71,P-07148:WC-2006,P-07148,WC-2006,T-74,Rosenberg,token:full_name:total=1.82:exact=1:fuzzy=1:initial=0
2160,Sweden,2006,Markus Rosenberg,75,f2-only,71,P-07148:WC-2006,P-07148,WC-2006,T-74,Rosenberg,exact:full_name
2161,Sweden,2006,Niclas Alexandersson,71,agree,80,P-42808:WC-2006,P-42808,WC-2006,T-74,Alexandersson,exact:full_name
2162,Sweden,2006,Daniel Andersson,71,agree,71,P-62207:WC-2006,P-62207,WC-2006,T-74,Andersson,exact:full_name
2163,Sweden,2006,Tobias Linderoth,70,agree,80,P-05583:WC-2006,P-05583,WC-2006,T-74,Linderoth,exact:full_name
2164,Sweden,2006,Mattias Jonson,69,agree,80,P-20557:WC-2006,P-20557,WC-2006,T-74,Jonson,exact:full_name
2165,Sweden,2006,John Alvbåge,66,"avg(61,71)",71,P-02115:WC-2006,P-02115,WC-2006,T-74,Alvbåge,exact:full_name
2166,Sweden,2006,Petter Hansson,64,agree,71,P-20273:WC-2006,P-20273,WC-2006,T-74,Hansson,exact:full_name
2192,Switzerland,2006,Alexander Frei,83,agree,83,P-61684:WC-2006,P-61684,WC-2006,T-75,Frei,exact:full_name
2193,Switzerland,2006,Patrick Müller,81,agree,83,P-37656:WC-2006,P-37656,WC-2006,T-75,Müller,exact:full_name
2194,Switzerland,2006,Philippe Senderos,79,agree,80,P-94161:WC-2006,P-94161,WC-2006,T-75,Senderos,exact:full_name
2195,Switzerland,2006,Ricardo Cabanas,78,agree,80,P-11817:WC-2006,P-11817,WC-2006,T-75,Cabanas,exact:full_name
2196,Switzerland,2006,Raphael Wicky,76,agree,83,P-56006:WC-2006,P-56006,WC-2006,T-75,Wicky,exact:full_name
2197,Switzerland,2006,Pascal Zuberbühler,75,agree,83,P-38789:WC-2006,P-38789,WC-2006,T-75,Zuberbühler,exact:full_name
2198,Switzerland,2006,Johann Vogel,75,agree,80,P-17148:WC-2006,P-17148,WC-2006,T-75,Vogel,exact:full_name
2199,Switzerland,2006,Ludovic Magnin,75,agree,80,P-82814:WC-2006,P-82814,WC-2006,T-75,Magnin,exact:full_name
2200,Switzerland,2006,Philipp Degen,74,agree,83,P-10789:WC-2006,P-10789,WC-2006,T-75,Degen,exact:full_name
2201,Switzerland,2006,Johan Djourou,74,f2-only,80,P-25758:WC-2006,P-25758,WC-2006,T-75,Djourou,exact:full_name
2202,Switzerland,2006,Stéphane Grichting,72,"avg(74,70)",71,P-49127:WC-2006,P-49127,WC-2006,T-75,Grichting,exact:full_name
2203,Switzerland,2006,Christoph Spycher,72,agree,71,P-10953:WC-2006,P-10953,WC-2006,T-75,Spycher,exact:full_name
2204,Switzerland,2006,Tranquillo Barnetta,71,agree,83,P-97143:WC-2006,P-97143,WC-2006,T-75,Barnetta,exact:full_name
2205,Switzerland,2006,Valon Behrami,70,agree,71,P-54713:WC-2006,P-54713,WC-2006,T-75,Behrami,exact:full_name
2206,Switzerland,2006,Fabio Coltorti,70,agree,71,P-07302:WC-2006,P-07302,WC-2006,T-75,Coltorti,exact:full_name
2207,Switzerland,2006,Diego Benaglio,70,f2-only,71,P-46325:WC-2006,P-46325,WC-2006,T-75,Benaglio,exact:full_name
2253,Togo,2006,Sheyi Adebayor,82,agree,72,P-48772:WC-2006,P-48772,WC-2006,T-77,Adebayor,distinctive_single:adebayor
2254,Togo,2006,Mohamed Kader,71,f1-only,79,P-04210:WC-2006,P-04210,WC-2006,T-77,Kader,exact:full_name
2256,Togo,2006,Yao Aziawonou,69,agree,72,P-43931:WC-2006,P-43931,WC-2006,T-77,Aziawonou,exact:full_name
2257,Togo,2006,Kossi Agassa,67,agree,79,P-30416:WC-2006,P-30416,WC-2006,T-77,Agassa,exact:full_name
2258,Togo,2006,Forson,67,f2-only,79,P-58731:WC-2006,P-58731,WC-2006,T-77,Forson,exact:common_name
2259,Togo,2006,Dare Nibombé,67,f2-only,79,P-41085:WC-2006,P-41085,WC-2006,T-77,Nibombé,exact:full_name
2260,Togo,2006,Tchangai,67,f2-only,79,P-08365:WC-2006,P-08365,WC-2006,T-77,Tchangai,exact:common_name
2261,Togo,2006,Agboh,63,f2-only,71,P-08310:WC-2006,P-08310,WC-2006,T-77,Agboh,exact:common_name
2262,Togo,2006,Assemoassa,63,f2-only,71,P-00077:WC-2006,P-00077,WC-2006,T-77,Assemoassa,exact:common_name
2263,Togo,2006,Erassa,63,f2-only,71,P-53024:WC-2006,P-53024,WC-2006,T-77,Erassa,exact:common_name
2264,Togo,2006,Malm,63,f2-only,71,P-21511:WC-2006,P-21511,WC-2006,T-77,Malm,exact:common_name
2265,Togo,2006,Kodjovi Obilalé,63,f2-only,71,P-60422:WC-2006,P-60422,WC-2006,T-77,Obilalé,exact:full_name
2266,Togo,2006,Adekambi Olufadé,63,f2-only,71,P-44097:WC-2006,P-44097,WC-2006,T-77,Olufadé,exact:full_name
2267,Togo,2006,Ouro-Nimini Tchagnirou,63,f2-only,71,P-08028:WC-2006,P-08028,WC-2006,T-77,Tchagnirou,exact:full_name
2268,Togo,2006,Alaixys Romao,61,f2-only,72,P-80410:WC-2006,P-80410,WC-2006,T-77,Romao,exact:full_name
2269,Togo,2006,Mustapha Salifou,57,f1-only,72,P-57309:WC-2006,P-57309,WC-2006,T-77,Salifou,token:full_name:total=1.82:exact=1:fuzzy=1:initial=0
2270,Togo,2006,Moustapha Salifou,57,f2-only,72,P-57309:WC-2006,P-57309,WC-2006,T-77,Salifou,exact:full_name
2271,Togo,2006,Thomas Dossevi,46,agree,72,P-12652:WC-2006,P-12652,WC-2006,T-77,Dossevi,exact:full_name
2272,Trinidad and Tobago,2006,Stern John,70,agree,72,P-88830:WC-2006,P-88830,WC-2006,T-78,John,exact:full_name
2273,Trinidad and Tobago,2006,Kenwyne Jones,65,f2-only,72,P-33665:WC-2006,P-33665,WC-2006,T-78,Jones,exact:full_name
2274,Trinidad and Tobago,2006,Wise,65,f2-only,72,P-03524:WC-2006,P-03524,WC-2006,T-78,Wise,exact:common_name
2275,Trinidad and Tobago,2006,Dwight Yorke,65,f2-only,72,P-94201:WC-2006,P-94201,WC-2006,T-78,Yorke,exact:full_name
2276,Trinidad and Tobago,2006,Cornell Glen,64,agree,72,P-78050:WC-2006,P-78050,WC-2006,T-78,Glen,exact:full_name
2290,Tunisia,2006,Francileudo Santos,80,agree,71,P-09041:WC-2006,P-09041,WC-2006,T-79,Santos,exact:full_name
2291,Tunisia,2006,Hatem Trabelsi,75,agree,80,P-82870:WC-2006,P-82870,WC-2006,T-79,Trabelsi,exact:full_name
2292,Tunisia,2006,Radhi Jaïdi,74,agree,80,P-76769:WC-2006,P-76769,WC-2006,T-79,Jaïdi,exact:full_name
2293,Tunisia,2006,Mehdi Nafti,74,agree,75,P-69034:WC-2006,P-69034,WC-2006,T-79,Nafti,exact:full_name
2294,Tunisia,2006,Adel Chedli,70,agree,75,P-63068:WC-2006,P-63068,WC-2006,T-79,Chedli,exact:full_name
2295,Tunisia,2006,Karim Haggui,69,agree,80,P-72448:WC-2006,P-72448,WC-2006,T-79,Haggui,exact:full_name
2296,Tunisia,2006,Essediri,69,agree,71,P-31347:WC-2006,P-31347,WC-2006,T-79,Essediri,exact:common_name
2297,Tunisia,2006,Alaeddine Yahia,66,agree,71,P-96363:WC-2006,P-96363,WC-2006,T-79,Yahia,exact:full_name
2298,Tunisia,2006,Kaies Ghodhbane,66,f2-only,75,P-41620:WC-2006,P-41620,WC-2006,T-79,Ghodhbane,exact:full_name
2299,Tunisia,2006,Hamed Namouchi,64,agree,75,P-61670:WC-2006,P-61670,WC-2006,T-79,Namouchi,exact:full_name
2300,Tunisia,2006,Jemmali,64,f2-only,71,P-69430:WC-2006,P-69430,WC-2006,T-79,Jemmali,exact:common_name
2301,Tunisia,2006,Hamdi Kasraoui,64,f2-only,71,P-79202:WC-2006,P-79202,WC-2006,T-79,Kasraoui,exact:full_name
2302,Tunisia,2006,Adel Nefzi,64,f2-only,71,P-66577:WC-2006,P-66577,WC-2006,T-79,Nefzi,exact:full_name
2303,Tunisia,2006,Yassine Chikhaoui,64,f2-only,71,P-27618:WC-2006,P-27618,WC-2006,T-79,Chikhaoui,exact:full_name
2304,Tunisia,2006,Jawhar Mnari,63,agree,80,P-61850:WC-2006,P-61850,WC-2006,T-79,Mnari,exact:full_name
2305,Tunisia,2006,Riadh Bouazizi,62,agree,75,P-89154:WC-2006,P-89154,WC-2006,T-79,Bouazizi,exact:full_name
2306,Tunisia,2006,Haykel Guemamdia,62,f2-only,71,P-33293:WC-2006,P-33293,WC-2006,T-79,Guemamdia,exact:full_name
2307,Tunisia,2006,Ziad Jaziri,59,agree,80,P-00640:WC-2006,P-00640,WC-2006,T-79,Jaziri,exact:full_name
2308,Tunisia,2006,Chaouki Ben Saada,51,agree,71,P-54768:WC-2006,P-54768,WC-2006,T-79,Ben Saada,exact:full_name
2309,Tunisia,2006,Ali Boumnijel,51,agree,80,P-52641:WC-2006,P-52641,WC-2006,T-79,Boumnijel,exact:full_name
2377,Ukraine,2006,Anatoliy Tymoshchuk,75,agree,82,P-60675:WC-2006,P-60675,WC-2006,T-81,Tymoshchuk,exact:full_name
2378,Ukraine,2006,Andriy Husin,73,f2-only,82,P-47335:WC-2006,P-47335,WC-2006,T-81,Husin,exact:full_name
2379,Ukraine,2006,Oleg Husyev,73,f2-only,82,P-82307:WC-2006,P-82307,WC-2006,T-81,Husyev,distinctive_single:husyev
2380,Ukraine,2006,Maksym Kalynychenko,73,f2-only,82,P-98387:WC-2006,P-98387,WC-2006,T-81,Kalynychenko,exact:full_name
2381,Ukraine,2006,Andriy Nesmachniy,73,f2-only,82,P-17420:WC-2006,P-17420,WC-2006,T-81,Nesmachniy,exact:full_name
2382,Ukraine,2006,Sergei Rebrov,73,f2-only,82,P-56553:WC-2006,P-56553,WC-2006,T-81,Rebrov,distinctive_single:rebrov
2383,Ukraine,2006,Andriy Rusol,73,f2-only,82,P-07368:WC-2006,P-07368,WC-2006,T-81,Rusol,exact:full_name
2384,Ukraine,2006,Oleh Shelayev,73,f2-only,82,P-56584:WC-2006,P-56584,WC-2006,T-81,Shelayev,exact:full_name
2385,Ukraine,2006,Oleksandr Shovkovskyi,73,f2-only,82,P-91649:WC-2006,P-91649,WC-2006,T-81,Shovkovskyi,exact:full_name
2391,United States,2006,Tim Howard,73,"avg(84,62)",71,P-50522:WC-2006,P-50522,WC-2006,T-83,Howard,exact:full_name
2392,United States,2006,Josh Wolff,68,"avg(73,62)",71,P-78068:WC-2006,P-78068,WC-2006,T-83,Wolff,exact:full_name
2393,United States,2006,Brian Ching,67,"avg(72,62)",71,P-71080:WC-2006,P-71080,WC-2006,T-83,Ching,exact:full_name
2394,United States,2006,Ben Olsen,66,"avg(69,62)",71,P-60945:WC-2006,P-60945,WC-2006,T-83,Olsen,exact:full_name
2395,United States,2006,Marcus Hahnemann,65,"avg(68,62)",71,P-92673:WC-2006,P-92673,WC-2006,T-83,Hahnemann,exact:full_name
2396,United States,2006,Brien,62,f1-corrupt->f2,71,P-88043:WC-2006,P-88043,WC-2006,T-83,O'Brien,mononym:common_name
2,Algeria,2010,Madjid Bougherra,77,"avg(78,76)",79,P-21116:WC-2010,P-21116,WC-2010,T-01,Bougherra,exact:full_name
3,Algeria,2010,Nadir Belhadj,76,"avg(74,77)",79,P-00957:WC-2010,P-00957,WC-2010,T-01,Belhadj,exact:full_name
4,Algeria,2010,Karim Ziani,76,"avg(77,75)",76,P-42107:WC-2010,P-42107,WC-2010,T-01,Ziani,exact:full_name
5,Algeria,2010,Mehdi Lacen,75,f1-only,76,P-23484:WC-2010,P-23484,WC-2010,T-01,Lacen,exact:full_name
6,Algeria,2010,Anthar Yahia,73,"avg(74,72)",79,P-77742:WC-2010,P-77742,WC-2010,T-01,Yahia,token:full_name:total=1.82:exact=1:fuzzy=1:initial=0
7,Algeria,2010,Adlene Guedioura,73,f2-only,76,P-37702:WC-2010,P-37702,WC-2010,T-01,Guedioura,exact:full_name
8,Algeria,2010,Foued Kadir,73,f2-only,76,P-46257:WC-2010,P-46257,WC-2010,T-01,Kadir,exact:full_name
9,Algeria,2010,Medhi Lacen,73,f2-only,76,P-23484:WC-2010,P-23484,WC-2010,T-01,Lacen,v4.5_qid_alias_bound
10,Algeria,2010,Hassan Yebda,73,f2-only,76,P-70560:WC-2010,P-70560,WC-2010,T-01,Yebda,exact:full_name
11,Algeria,2010,Rafik Halliche,72,"avg(71,73)",79,P-19453:WC-2010,P-19453,WC-2010,T-01,Halliche,exact:full_name
12,Algeria,2010,Faouzi Chaouchi,72,f2-only,79,P-17205:WC-2010,P-17205,WC-2010,T-01,Chaouchi,exact:full_name
13,Algeria,2010,Bolhi,72,f2-only,79,P-00596:WC-2010,P-00596,WC-2010,T-01,M'Bolhi,mononym:common_name
45,Argentina,2010,Carlos Tevez,85,agree,88,P-29080:WC-2010,P-29080,WC-2010,T-03,Tevez,exact:full_name
46,Argentina,2010,Gonzalo Higuaín,82,agree,88,P-29398:WC-2010,P-29398,WC-2010,T-03,Higuaín,exact:full_name
47,Argentina,2010,Martin Demichelis,81,agree,88,P-39810:WC-2010,P-39810,WC-2010,T-03,Demichelis,exact:full_name
48,Argentina,2010,Nicolas Burdisso,77,agree,88,P-56532:WC-2010,P-56532,WC-2010,T-03,Burdisso,exact:full_name
49,Argentina,2010,Sergio Romero,77,agree,88,P-60541:WC-2010,P-60541,WC-2010,T-03,Romero,exact:full_name
92,Australia,2010,Harry Kewell,78,agree,71,P-14290:WC-2010,P-14290,WC-2010,T-04,Kewell,exact:full_name
93,Australia,2010,Vincenzo Grella,72,agree,71,P-63129:WC-2010,P-63129,WC-2010,T-04,Grella,distinctive_single:grella
94,Australia,2010,Adam Federici,71,"avg(70,72)",71,P-33989:WC-2010,P-33989,WC-2010,T-04,Federici,exact:full_name
95,Australia,2010,Michael Beauchamp,67,"avg(64,70)",71,P-69089:WC-2010,P-69089,WC-2010,T-04,Beauchamp,exact:full_name
96,Australia,2010,Eugene Galekovic,66,"avg(62,70)",71,P-07864:WC-2010,P-07864,WC-2010,T-04,Galekovic,exact:full_name
97,Australia,2010,Mile Jedinak,65,agree,71,P-37275:WC-2010,P-37275,WC-2010,T-04,Jedinak,exact:full_name
242,Brazil,2010,Júlio César,89,f1-only,88,P-11275:WC-2010,P-11275,WC-2010,T-09,César,exact:full_name
243,Brazil,2010,Júlio de Espindola,89,f2-only,88,P-11275:WC-2010,P-11275,WC-2010,T-09,César,v4.5_qid_alias_bound
244,Brazil,2010,Maicon Sisenando,86,"avg(86,85)",88,P-94551:WC-2010,P-94551,WC-2010,T-09,Maicon,distinctive_single:maicon
245,Brazil,2010,Dani Alves,86,f1-only,88,P-09441:WC-2010,P-09441,WC-2010,T-09,Alves,exact:full_name
246,Brazil,2010,Daniel da Silva,86,f2-only,88,P-09441:WC-2010,P-09441,WC-2010,T-09,Alves,v4.5_qid_alias_bound
247,Brazil,2010,Luís Fabiano,85,agree,88,P-98528:WC-2010,P-98528,WC-2010,T-09,Fabiano,exact:full_name
248,Brazil,2010,Lúcio,85,"avg(85,84)",88,P-42918:WC-2010,P-42918,WC-2010,T-09,Lúcio,exact:common_name
249,Brazil,2010,Robinho,85,f1-only,88,P-13354:WC-2010,P-13354,WC-2010,T-09,Robinho,exact:common_name
250,Brazil,2010,Juan dos Santos,84,agree,88,P-98607:WC-2010,P-98607,WC-2010,T-09,Juan,distinctive_single:juan
251,Brazil,2010,Grafite,83,f1-only,71,P-82456:WC-2010,P-82456,WC-2010,T-09,Grafite,exact:common_name
252,Brazil,2010,Edinaldo Libanio,83,f2-only,71,P-82456:WC-2010,P-82456,WC-2010,T-09,Grafite,v4.5_qid_alias_bound
253,Brazil,2010,Michel Bastos,82,agree,88,P-86163:WC-2010,P-86163,WC-2010,T-09,Bastos,exact:full_name
255,Brazil,2010,Julio Baptista,81,agree,71,P-29075:WC-2010,P-29075,WC-2010,T-09,Baptista,exact:full_name
256,Brazil,2010,Heurelho Gomes,81,"avg(79,82)",71,P-27402:WC-2010,P-27402,WC-2010,T-09,Gomes,exact:full_name
257,Brazil,2010,Robson de Souza,81,f2-only,88,P-13354:WC-2010,P-13354,WC-2010,T-09,Robinho,token:repo_alias:total=2.00:exact=2:fuzzy=0:initial=0
258,Brazil,2010,Doni,79,f1-only,71,P-61927:WC-2010,P-61927,WC-2010,T-09,Doni,exact:common_name
259,Brazil,2010,Donieber Marangao,78,f2-only,71,P-61927:WC-2010,P-61927,WC-2010,T-09,Doni,v4.5_qid_alias_bound
261,Brazil,2010,Kléberson,74,f1-only,71,P-79283:WC-2010,P-79283,WC-2010,T-09,Kléberson,exact:common_name
313,Cameroon,2010,Carlos Kameni,81,agree,71,P-59683:WC-2010,P-59683,WC-2010,T-11,Kameni,exact:full_name
315,Cameroon,2010,Rigobert Song,79,agree,71,P-98173:WC-2010,P-98173,WC-2010,T-11,Song,exact:full_name
316,Cameroon,2010,Achille Emaná,76,agree,72,P-96890:WC-2010,P-96890,WC-2010,T-11,Emaná,exact:full_name
317,Cameroon,2010,Pierre Webó,75,agree,72,P-10830:WC-2010,P-10830,WC-2010,T-11,Webó,exact:full_name
318,Cameroon,2010,Aurelien Chedjou,73,agree,71,P-86625:WC-2010,P-86625,WC-2010,T-11,Chedjou,exact:full_name
319,Cameroon,2010,Eyong Enoh,73,agree,72,P-48455:WC-2010,P-48455,WC-2010,T-11,Enoh,exact:full_name
320,Cameroon,2010,Guemo,72,f1-corrupt->f2,71,P-88732:WC-2010,P-88732,WC-2010,T-11,N'Guémo,mononym:common_name
321,Cameroon,2010,Mohamadou Idrissou,71,agree,72,P-53593:WC-2010,P-53593,WC-2010,T-11,Idrissou,token:full_name:total=1.82:exact=1:fuzzy=1:initial=0
322,Cameroon,2010,Joel Matip,71,f2-only,71,P-47974:WC-2010,P-47974,WC-2010,T-11,Matip,exact:full_name
323,Cameroon,2010,Vincent Aboubakar,71,f2-only,72,P-53452:WC-2010,P-53452,WC-2010,T-11,Aboubakar,exact:full_name
324,Cameroon,2010,Eric Choupo-Moting,67,f2-only,72,P-06117:WC-2010,P-06117,WC-2010,T-11,Choupo-Moting,token:full_name:total=3.00:exact=3:fuzzy=0:initial=0
325,Cameroon,2010,Gaetan Bong,63,agree,71,P-47081:WC-2010,P-47081,WC-2010,T-11,Bong,exact:full_name
326,Cameroon,2010,Guy-Roland Assembé,61,f2-only,71,P-94440:WC-2010,P-94440,WC-2010,T-11,N'dy Assembé,distinctive_single:assembe
394,Chile,2010,Rodrigo Tello,79,agree,71,P-90807:WC-2010,P-90807,WC-2010,T-13,Tello,exact:full_name
395,Chile,2010,Fabian Orellana,74,agree,71,P-31755:WC-2010,P-31755,WC-2010,T-13,Orellana,exact:full_name
396,Chile,2010,Luis Marín,74,f2-only,71,P-11751:WC-2010,P-11751,WC-2010,T-13,Marín,exact:full_name
397,Chile,2010,Miguel Pinto,74,f2-only,71,P-52362:WC-2010,P-52362,WC-2010,T-13,Pinto,exact:full_name
398,Chile,2010,Marco Estrada,74,f2-only,71,P-08305:WC-2010,P-08305,WC-2010,T-13,Estrada,exact:full_name
399,Chile,2010,Ismael Fuentes,73,"avg(71,74)",71,P-98593:WC-2010,P-98593,WC-2010,T-13,Fuentes,exact:full_name
629,Denmark,2010,Daniel Jensen,77,agree,71,P-18657:WC-2010,P-18657,WC-2010,T-22,Jensen,exact:full_name
630,Denmark,2010,Per Krøldrup,76,agree,71,P-83625:WC-2010,P-83625,WC-2010,T-22,Krøldrup,exact:full_name
631,Denmark,2010,Stephan Andersen,75,agree,71,P-83165:WC-2010,P-83165,WC-2010,T-22,Andersen,exact:full_name
632,Denmark,2010,Jesper Christiansen,73,agree,71,P-21988:WC-2010,P-21988,WC-2010,T-22,Christiansen,exact:full_name
633,Denmark,2010,Søren Larsen,70,agree,71,P-05707:WC-2010,P-05707,WC-2010,T-22,Larsen,exact:full_name
634,Denmark,2010,Thomas Enevoldsen,69,agree,71,P-41303:WC-2010,P-41303,WC-2010,T-22,Enevoldsen,exact:full_name
635,Denmark,2010,Mikkel Beckmann,65,agree,71,P-45005:WC-2010,P-45005,WC-2010,T-22,Beckmann,exact:full_name
797,France,2010,Nicolas Anelka,85,agree,72,P-57240:WC-2010,P-57240,WC-2010,T-30,Anelka,exact:full_name
798,France,2010,Yoann Gourcuff,85,agree,72,P-72795:WC-2010,P-72795,WC-2010,T-30,Gourcuff,exact:full_name
799,France,2010,Gaël Clichy,83,agree,71,P-77249:WC-2010,P-77249,WC-2010,T-30,Clichy,exact:full_name
800,France,2010,Steve Mandanda,83,agree,71,P-69594:WC-2010,P-69594,WC-2010,T-30,Mandanda,exact:full_name
801,France,2010,Jérémy Toulalan,83,agree,72,P-09884:WC-2010,P-09884,WC-2010,T-30,Toulalan,exact:full_name
802,France,2010,Cédric Carrasso,82,"avg(81,82)",71,P-38004:WC-2010,P-38004,WC-2010,T-30,Carrasso,exact:full_name
803,France,2010,André-Pierre Gignac,82,agree,72,P-42706:WC-2010,P-42706,WC-2010,T-30,Gignac,exact:full_name
804,France,2010,Sébastien Squillaci,81,agree,71,P-33400:WC-2010,P-33400,WC-2010,T-30,Squillaci,exact:full_name
805,France,2010,Sidney Govou,81,"avg(81,80)",72,P-31668:WC-2010,P-31668,WC-2010,T-30,Govou,exact:full_name
806,France,2010,Djibril Cissé,80,"avg(79,80)",71,P-53533:WC-2010,P-53533,WC-2010,T-30,Cissé,exact:full_name
807,France,2010,Alou Diarra,77,"avg(80,74)",71,P-58415:WC-2010,P-58415,WC-2010,T-30,Diarra,exact:full_name
808,France,2010,Mathieu Valbuena,76,agree,71,P-84312:WC-2010,P-84312,WC-2010,T-30,Valbuena,exact:full_name
877,Germany,2010,Philipp Lahm,86,agree,88,P-18599:WC-2010,P-18599,WC-2010,T-31,Lahm,exact:full_name
878,Germany,2010,Per Mertesacker,84,agree,88,P-02328:WC-2010,P-02328,WC-2010,T-31,Mertesacker,exact:full_name
879,Germany,2010,Lukas Podolski,81,"avg(81,80)",88,P-36287:WC-2010,P-36287,WC-2010,T-31,Podolski,exact:full_name
880,Germany,2010,Bastian Schweinsteiger,81,agree,88,P-43400:WC-2010,P-43400,WC-2010,T-31,Schweinsteiger,exact:full_name
881,Germany,2010,Mesut Özil,81,"avg(80,81)",88,P-12818:WC-2010,P-12818,WC-2010,T-31,Özil,exact:full_name
882,Germany,2010,Arne Friedrich,80,"avg(80,79)",88,P-43481:WC-2010,P-43481,WC-2010,T-31,Friedrich,exact:full_name
883,Germany,2010,Marcell Jansen,79,"avg(77,80)",88,P-50326:WC-2010,P-50326,WC-2010,T-31,Jansen,exact:full_name
884,Germany,2010,Sami Khedira,78,agree,88,P-13029:WC-2010,P-13029,WC-2010,T-31,Khedira,exact:full_name
885,Germany,2010,Cacau,77,agree,88,P-10713:WC-2010,P-10713,WC-2010,T-31,Cacau,exact:common_name
886,Germany,2010,Jérôme Boateng,77,"avg(76,77)",88,P-04224:WC-2010,P-04224,WC-2010,T-31,Boateng,exact:full_name
887,Germany,2010,Toni Kroos,77,"avg(75,79)",88,P-39356:WC-2010,P-39356,WC-2010,T-31,Kroos,exact:full_name
942,Ghana,2010,Sulley Muntari,80,agree,80,P-50641:WC-2010,P-50641,WC-2010,T-32,Muntari,exact:full_name
943,Ghana,2010,Kwadwo Asamoah,78,agree,80,P-39956:WC-2010,P-39956,WC-2010,T-32,Asamoah,exact:full_name
944,Ghana,2010,Kevin-Prince Boateng,78,f2-only,80,P-66316:WC-2010,P-66316,WC-2010,T-32,Boateng,exact:full_name
945,Ghana,2010,Anthony Annan,76,agree,80,P-50270:WC-2010,P-50270,WC-2010,T-32,Annan,exact:full_name
946,Ghana,2010,John Mensah,76,agree,80,P-29967:WC-2010,P-29967,WC-2010,T-32,Mensah,exact:full_name
947,Ghana,2010,John Paintsil,75,"avg(75,74)",80,P-25083:WC-2010,P-25083,WC-2010,T-32,Paintsil,exact:full_name
948,Ghana,2010,Asamoah Gyan,74,"avg(73,75)",80,P-38556:WC-2010,P-38556,WC-2010,T-32,Gyan,exact:full_name
949,Ghana,2010,Hans Sarpei,68,agree,80,P-24586:WC-2010,P-24586,WC-2010,T-32,Sarpei,exact:full_name
950,Ghana,2010,Andre Ayew,66,"avg(64,67)",80,P-01945:WC-2010,P-01945,WC-2010,T-32,Ayew,exact:full_name
951,Ghana,2010,Richard Kingson,66,agree,80,P-81778:WC-2010,P-81778,WC-2010,T-32,Kingson,exact:full_name
989,Greece,2010,Giourkas Seitaridis,77,agree,71,P-70793:WC-2010,P-70793,WC-2010,T-33,Seitaridis,exact:full_name
990,Greece,2010,Michalis Sifakis,76,agree,71,P-07928:WC-2010,P-07928,WC-2010,T-33,Sifakis,exact:full_name
991,Greece,2010,Konstantinos Chalkias,75,agree,71,P-51633:WC-2010,P-51633,WC-2010,T-33,Chalkias,distinctive_single:chalkias
992,Greece,2010,Nikos Spyropoulos,73,agree,71,P-69064:WC-2010,P-69064,WC-2010,T-33,Spyropoulos,exact:full_name
993,Greece,2010,Angelos Charisteas,72,agree,71,P-32124:WC-2010,P-32124,WC-2010,T-33,Charisteas,exact:full_name
994,Greece,2010,Pantelis Kapetanos,72,f2-only,71,P-59270:WC-2010,P-59270,WC-2010,T-33,Kapetanos,exact:full_name
995,Greece,2010,Vangelis Moras,68,agree,71,P-47188:WC-2010,P-47188,WC-2010,T-33,Moras,exact:full_name
1002,Honduras,2010,David Suazo,79,agree,72,P-54804:WC-2010,P-54804,WC-2010,T-35,Suazo,exact:full_name
1003,Honduras,2010,Edgar Álvarez,74,"avg(73,75)",72,P-97689:WC-2010,P-97689,WC-2010,T-35,Álvarez,exact:full_name
1004,Honduras,2010,Hendry Thomas,71,"avg(69,73)",72,P-45221:WC-2010,P-45221,WC-2010,T-35,Thomas,exact:full_name
1005,Honduras,2010,Jerry Palacios,71,f2-only,72,P-73160:WC-2010,P-73160,WC-2010,T-35,Palacios,exact:full_name
1006,Honduras,2010,Danilo Turcios,71,f2-only,72,P-06476:WC-2010,P-06476,WC-2010,T-35,Turcios,exact:full_name
1007,Honduras,2010,Walter Martínez,71,f2-only,72,P-88160:WC-2010,P-88160,WC-2010,T-35,Martínez,exact:full_name
1008,Honduras,2010,Georgie Welcome,71,f2-only,72,P-91430:WC-2010,P-91430,WC-2010,T-35,Welcome,exact:full_name
1009,Honduras,2010,Carlos Pavón,69,f2-only,71,P-59301:WC-2010,P-59301,WC-2010,T-35,Pavón,exact:full_name
1010,Honduras,2010,Amado Guevara,68,agree,72,P-04726:WC-2010,P-04726,WC-2010,T-35,Guevara,exact:full_name
1011,Honduras,2010,Victor Bernárdez,67,agree,71,P-82662:WC-2010,P-82662,WC-2010,T-35,Bernárdez,exact:full_name
1012,Honduras,2010,Ricardo Canales,66,f2-only,71,P-14138:WC-2010,P-14138,WC-2010,T-35,Canales,exact:full_name
1013,Honduras,2010,Donis Escober,66,f2-only,71,P-81025:WC-2010,P-81025,WC-2010,T-35,Escober,exact:full_name
1014,Honduras,2010,Mauricio Sabillón,66,f2-only,71,P-71236:WC-2010,P-71236,WC-2010,T-35,Sabillón,exact:full_name
1015,Honduras,2010,Roger Espinoza,63,"avg(61,65)",72,P-53060:WC-2010,P-53060,WC-2010,T-35,Espinoza,exact:full_name
1116,Italy,2010,Giorgio Chiellini,86,agree,79,P-92874:WC-2010,P-92874,WC-2010,T-41,Chiellini,exact:full_name
1117,Italy,2010,Andrea Pirlo,85,agree,79,P-99537:WC-2010,P-99537,WC-2010,T-41,Pirlo,exact:full_name
1118,Italy,2010,Fabio Quagliarella,83,agree,79,P-01045:WC-2010,P-01045,WC-2010,T-41,Quagliarella,exact:full_name
1119,Italy,2010,Gianluca Zambrotta,81,agree,79,P-42227:WC-2010,P-42227,WC-2010,T-41,Zambrotta,exact:full_name
1120,Italy,2010,Domenico Criscito,77,agree,79,P-54694:WC-2010,P-54694,WC-2010,T-41,Criscito,exact:full_name
1189,Japan,2010,Shunsuke Nakamura,79,"avg(81,77)",71,P-77277:WC-2010,P-77277,WC-2010,T-44,Nakamura,exact:full_name
1190,Japan,2010,Keisuke Honda,78,"avg(77,78)",79,P-33175:WC-2010,P-33175,WC-2010,T-44,Honda,exact:full_name
1191,Japan,2010,Takayuki Morimoto,76,agree,71,P-12781:WC-2010,P-12781,WC-2010,T-44,Morimoto,exact:full_name
1192,Japan,2010,Makoto Hasebe,74,"avg(73,75)",79,P-91793:WC-2010,P-91793,WC-2010,T-44,Hasebe,exact:full_name
1193,Japan,2010,Yuki Abe,74,f2-only,79,P-00148:WC-2010,P-00148,WC-2010,T-44,Abe,exact:full_name
1194,Japan,2010,Yasuhito Endō,74,f2-only,79,P-61292:WC-2010,P-61292,WC-2010,T-44,Endō,exact:full_name
1195,Japan,2010,Eiji Kawashima,74,f2-only,79,P-53272:WC-2010,P-53272,WC-2010,T-44,Kawashima,exact:full_name
1196,Japan,2010,Yuichi Komano,74,f2-only,79,P-46091:WC-2010,P-46091,WC-2010,T-44,Komano,exact:full_name
1197,Japan,2010,Marcus Tanaka,74,f2-only,79,P-29462:WC-2010,P-29462,WC-2010,T-44,Tanaka,token:full_name:total=2.00:exact=2:fuzzy=0:initial=0
1198,Japan,2010,Yuto Nagatomo,74,f2-only,79,P-26303:WC-2010,P-26303,WC-2010,T-44,Nagatomo,exact:full_name
1199,Japan,2010,Yuji Nakazawa,74,f2-only,79,P-90430:WC-2010,P-90430,WC-2010,T-44,Nakazawa,exact:full_name
1200,Japan,2010,Shinji Okazaki,74,f2-only,79,P-84807:WC-2010,P-84807,WC-2010,T-44,Okazaki,exact:full_name
1201,Japan,2010,Yoshikatsu Kawaguchi,74,f2-only,71,P-54298:WC-2010,P-54298,WC-2010,T-44,Kawaguchi,exact:full_name
1202,Japan,2010,Kengo Nakamura,74,f2-only,71,P-16260:WC-2010,P-16260,WC-2010,T-44,Nakamura,exact:full_name
1203,Japan,2010,Yasuyuki Konno,74,f2-only,71,P-85824:WC-2010,P-85824,WC-2010,T-44,Konno,exact:full_name
1204,Japan,2010,Seigo Narazaki,74,f2-only,71,P-24251:WC-2010,P-24251,WC-2010,T-44,Narazaki,exact:full_name
1205,Japan,2010,Kisho Yano,74,f2-only,71,P-89840:WC-2010,P-89840,WC-2010,T-44,Yano,exact:full_name
1293,Mexico,2010,Guillermo Ochoa,80,f1-only,71,P-80826:WC-2010,P-80826,WC-2010,T-46,Ochoa,exact:full_name
1294,Mexico,2010,Francisco Ochoa,80,f2-only,71,P-80826:WC-2010,P-80826,WC-2010,T-46,Ochoa,distinctive_single:ochoa
1295,Mexico,2010,Adolfo Bautista,74,f1-only,71,P-44438:WC-2010,P-44438,WC-2010,T-46,Bautista,exact:full_name
1296,Mexico,2010,Israel Castro,74,f1-only,71,P-02461:WC-2010,P-02461,WC-2010,T-46,Castro,exact:full_name
1299,Mexico,2010,Luis Michel,73,agree,71,P-21945:WC-2010,P-21945,WC-2010,T-46,Michel,token:full_name:total=2.00:exact=2:fuzzy=0:initial=0
1300,Mexico,2010,Paul Aguilar,69,agree,71,P-01835:WC-2010,P-01835,WC-2010,T-46,Aguilar,exact:full_name
1397,Netherlands,2010,Robin van Persie,85,agree,88,P-99934:WC-2010,P-99934,WC-2010,T-48,van Persie,exact:full_name
1398,Netherlands,2010,Rafael van der Vaart,84,"avg(83,84)",88,P-68125:WC-2010,P-68125,WC-2010,T-48,van der Vaart,exact:full_name
1399,Netherlands,2010,Dirk Kuyt,83,agree,88,P-33312:WC-2010,P-33312,WC-2010,T-48,Kuyt,exact:full_name
1400,Netherlands,2010,Klaas-Jan Huntelaar,81,"avg(82,80)",88,P-64344:WC-2010,P-64344,WC-2010,T-48,Huntelaar,exact:full_name
1401,Netherlands,2010,Joris Mathijsen,80,agree,88,P-40197:WC-2010,P-40197,WC-2010,T-48,Mathijsen,exact:full_name
1402,Netherlands,2010,Mark van Bommel,80,agree,88,P-69700:WC-2010,P-69700,WC-2010,T-48,van Bommel,exact:full_name
1403,Netherlands,2010,John Heitinga,79,agree,88,P-28832:WC-2010,P-28832,WC-2010,T-48,Heitinga,exact:full_name
1404,Netherlands,2010,Nigel de Jong,79,agree,88,P-53668:WC-2010,P-53668,WC-2010,T-48,de Jong,exact:full_name
1405,Netherlands,2010,Maarten Stekelenburg,77,"avg(76,77)",88,P-36850:WC-2010,P-36850,WC-2010,T-48,Stekelenburg,exact:full_name
1406,Netherlands,2010,Gregory van der Wiel,75,"avg(74,75)",88,P-20084:WC-2010,P-20084,WC-2010,T-48,van der Wiel,exact:full_name
1407,Netherlands,2010,Giovanni van Bronckhorst,74,agree,88,P-21832:WC-2010,P-21832,WC-2010,T-48,van Bronckhorst,exact:full_name
1444,New Zealand,2010,Ryan Nelsen,78,agree,79,P-81126:WC-2010,P-81126,WC-2010,T-49,Nelsen,exact:full_name
1445,New Zealand,2010,Tony Lochhead,76,f2-only,79,P-10960:WC-2010,P-10960,WC-2010,T-49,Lochhead,exact:full_name
1446,New Zealand,2010,Mark Paston,76,f2-only,79,P-60304:WC-2010,P-60304,WC-2010,T-49,Paston,exact:full_name
1447,New Zealand,2010,Tommy Smith,76,f2-only,79,P-84524:WC-2010,P-84524,WC-2010,T-49,Smith,exact:full_name
1448,New Zealand,2010,Winston Reid,76,f2-only,79,P-57058:WC-2010,P-57058,WC-2010,T-49,Reid,exact:full_name
1449,New Zealand,2010,Shane Smeltz,72,"avg(67,76)",79,P-90145:WC-2010,P-90145,WC-2010,T-49,Smeltz,exact:full_name
1450,New Zealand,2010,Ivan Vicelich,69,"avg(62,76)",79,P-95458:WC-2010,P-95458,WC-2010,T-49,Vicelich,exact:full_name
1485,Nigeria,2010,Obafemi Martins,81,f1-only,72,P-52510:WC-2010,P-52510,WC-2010,T-50,Martins,exact:full_name
1486,Nigeria,2010,O. Martins,81,f2-only,72,P-52510:WC-2010,P-52510,WC-2010,T-50,Martins,mononym:common_name
1487,Nigeria,2010,Chinedu Obasi,79,agree,72,P-62448:WC-2010,P-62448,WC-2010,T-50,Obasi,exact:full_name
1488,Nigeria,2010,John Utaka,77,agree,71,P-64893:WC-2010,P-64893,WC-2010,T-50,Utaka,exact:full_name
1489,Nigeria,2010,Peter Odemwingie,77,"avg(76,77)",72,P-70006:WC-2010,P-70006,WC-2010,T-50,Odemwingie,exact:full_name
1490,Nigeria,2010,Nwankwo Kanu,73,agree,71,P-91516:WC-2010,P-91516,WC-2010,T-50,Kanu,exact:full_name
1494,Nigeria,2010,Ayila Yussuf,71,f2-only,71,P-04333:WC-2010,P-04333,WC-2010,T-50,Yussuf,exact:full_name
1495,Nigeria,2010,Sani Kaita,68,"avg(68,67)",72,P-34118:WC-2010,P-34118,WC-2010,T-50,Kaita,exact:full_name
1496,Nigeria,2010,Brown Ideye,67,f2-only,71,P-39485:WC-2010,P-39485,WC-2010,T-50,Ideye,exact:full_name
1497,Nigeria,2010,Lukman Haruna,63,agree,72,P-98826:WC-2010,P-98826,WC-2010,T-50,Haruna,exact:full_name
1521,North Korea,2010,Pak Chol-jin,71,f2-only,79,P-35746:WC-2010,P-35746,WC-2010,T-51,Pak,exact:family_given
1522,North Korea,2010,Cha Jong-hyok,71,f2-only,79,P-44308:WC-2010,P-44308,WC-2010,T-51,Cha,exact:family_given
1523,North Korea,2010,Ri Jun-il,71,f2-only,79,P-66310:WC-2010,P-66310,WC-2010,T-51,Ri,exact:family_given
1524,North Korea,2010,Ri Kwang-chon,71,f2-only,79,P-72474:WC-2010,P-72474,WC-2010,T-51,Ri,exact:family_given
1525,North Korea,2010,Ri Myong-guk,71,f2-only,79,P-08689:WC-2010,P-08689,WC-2010,T-51,Ri,exact:family_given
1526,North Korea,2010,Ji Yun-nam,71,f2-only,79,P-01454:WC-2010,P-01454,WC-2010,T-51,Ji,exact:family_given
1527,North Korea,2010,An Chol-hyok,63,f2-only,71,P-84945:WC-2010,P-84945,WC-2010,T-51,An,exact:family_given
1528,North Korea,2010,Choe Kum-chol,63,f2-only,71,P-92121:WC-2010,P-92121,WC-2010,T-51,Choe,exact:family_given
1529,North Korea,2010,Kim Myong-gil,63,f2-only,71,P-42392:WC-2010,P-42392,WC-2010,T-51,Kim,exact:family_given
1530,North Korea,2010,Kim Myong-won,63,f2-only,71,P-80634:WC-2010,P-80634,WC-2010,T-51,Kim,exact:family_given
1532,North Korea,2010,Kim Yong-jun,63,f2-only,71,P-02525:WC-2010,P-02525,WC-2010,T-51,Kim,exact:family_given
1591,Paraguay,2010,Paulo da Silva,76,agree,83,P-30891:WC-2010,P-30891,WC-2010,T-55,da Silva,exact:full_name
1592,Paraguay,2010,Justo Villar,76,agree,83,P-94060:WC-2010,P-94060,WC-2010,T-55,Villar,exact:full_name
1593,Paraguay,2010,Denis Caniza,75,agree,71,P-82458:WC-2010,P-82458,WC-2010,T-55,Caniza,exact:full_name
1594,Paraguay,2010,Aldo Bobadilla,74,agree,71,P-26126:WC-2010,P-26126,WC-2010,T-55,Bobadilla,exact:full_name
1595,Paraguay,2010,Dario Verón,73,agree,71,P-95038:WC-2010,P-95038,WC-2010,T-55,Verón,exact:full_name
1596,Paraguay,2010,Cristian Riveros,73,agree,83,P-78654:WC-2010,P-78654,WC-2010,T-55,Riveros,exact:full_name
1597,Paraguay,2010,Julio Cáceres,73,agree,71,P-50109:WC-2010,P-50109,WC-2010,T-55,Cáceres,token:full_name:total=2.00:exact=2:fuzzy=0:initial=0
1598,Paraguay,2010,Claudio Morel,73,agree,83,P-53028:WC-2010,P-53028,WC-2010,T-55,Morel,exact:full_name
1600,Paraguay,2010,Enrique Vera,71,agree,83,P-18210:WC-2010,P-18210,WC-2010,T-55,Vera,exact:full_name
1601,Paraguay,2010,Carlos Gamarra,71,f2-only,71,P-21518:WC-2010,P-21518,WC-2010,T-55,Gamarra,distinctive_single:gamarra
1602,Paraguay,2010,Nestor Ortigoza,69,f2-only,71,P-37133:WC-2010,P-37133,WC-2010,T-55,Ortigoza,exact:full_name
1603,Paraguay,2010,Antolin Alcaraz,68,f1-only,83,P-87859:WC-2010,P-87859,WC-2010,T-55,Alcaraz,exact:full_name
1605,Paraguay,2010,Diego Barreto,67,agree,71,P-35934:WC-2010,P-35934,WC-2010,T-55,Barreto,exact:full_name
1688,Portugal,2010,Deco,82,agree,71,P-96343:WC-2010,P-96343,WC-2010,T-58,Deco,exact:common_name
1689,Portugal,2010,Beto,79,f1-only,71,P-27059:WC-2010,P-27059,WC-2010,T-58,Beto,exact:common_name
1690,Portugal,2010,Paulo Ferreira,78,"avg(78,77)",71,P-16378:WC-2010,P-16378,WC-2010,T-58,Ferreira,exact:full_name
1692,Portugal,2010,Miguel,77,f1-only,71,P-28497:WC-2010,P-28497,WC-2010,T-58,Miguel,exact:common_name
1694,Portugal,2010,Ruben Amorim,76,agree,71,P-11629:WC-2010,P-11629,WC-2010,T-58,Amorim,exact:full_name
1695,Portugal,2010,Daniel Fernandes,75,"avg(74,75)",71,P-06977:WC-2010,P-06977,WC-2010,T-58,Fernandes,exact:full_name
1921,Serbia,2010,Gojko Kačar,78,agree,71,P-85465:WC-2010,P-85465,WC-2010,T-66,Kačar,exact:full_name
1922,Serbia,2010,Nenad Milijaš,75,"avg(74,76)",71,P-39459:WC-2010,P-39459,WC-2010,T-66,Milijaš,exact:full_name
1923,Serbia,2010,Zoran Tošić,75,agree,71,P-25507:WC-2010,P-25507,WC-2010,T-66,Tošić,exact:full_name
1924,Serbia,2010,Ivan Obradović,74,"avg(73,75)",71,P-59023:WC-2010,P-59023,WC-2010,T-66,Obradović,exact:full_name
1925,Serbia,2010,Bojan Isailović,73,f2-only,71,P-38928:WC-2010,P-38928,WC-2010,T-66,Isailović,exact:full_name
1926,Serbia,2010,Dragan Mrđa,73,f2-only,71,P-81872:WC-2010,P-81872,WC-2010,T-66,Mrđa,exact:full_name
1927,Serbia,2010,Radosav Petrović,73,f2-only,71,P-30803:WC-2010,P-30803,WC-2010,T-66,Petrović,exact:full_name
1928,Serbia,2010,Anđelko Đuričić,68,f2-only,71,P-28333:WC-2010,P-28333,WC-2010,T-66,Đuričić,exact:full_name
1956,Slovakia,2010,Martin Škrtel,82,agree,79,P-57606:WC-2010,P-57606,WC-2010,T-68,Škrtel,exact:full_name
1957,Slovakia,2010,Marek Hamšík,81,agree,79,P-73975:WC-2010,P-73975,WC-2010,T-68,Hamšík,exact:full_name
1958,Slovakia,2010,Róbert Vittek,75,agree,79,P-14764:WC-2010,P-14764,WC-2010,T-68,Vittek,exact:full_name
1959,Slovakia,2010,Marek Sapara,75,agree,71,P-81950:WC-2010,P-81950,WC-2010,T-68,Sapara,exact:full_name
1960,Slovakia,2010,Peter Pekarík,73,"avg(72,73)",79,P-55404:WC-2010,P-55404,WC-2010,T-68,Pekarík,exact:full_name
1961,Slovakia,2010,Ján Ďurica,73,agree,79,P-88680:WC-2010,P-88680,WC-2010,T-68,Ďurica,exact:full_name
1962,Slovakia,2010,Miroslav Stoch,72,agree,79,P-78836:WC-2010,P-78836,WC-2010,T-68,Stoch,exact:full_name
1963,Slovakia,2010,Martin Jakubko,72,agree,71,P-82522:WC-2010,P-82522,WC-2010,T-68,Jakubko,exact:full_name
1964,Slovakia,2010,Marek Čech,70,f1-only,71,P-51100:WC-2010,P-51100,WC-2010,T-68,Čech,exact:full_name
1966,Slovakia,2010,Radoslav Zabavník,69,agree,79,P-30935:WC-2010,P-30935,WC-2010,T-68,Zabavník,exact:full_name
1967,Slovakia,2010,Ján Kozák,69,f2-only,71,P-26673:WC-2010,P-26673,WC-2010,T-68,Kozák,exact:full_name
1968,Slovakia,2010,Dušan Kuciak,69,f2-only,71,P-55017:WC-2010,P-55017,WC-2010,T-68,Kuciak,exact:full_name
1969,Slovakia,2010,Dušan Perniš,69,f2-only,71,P-24713:WC-2010,P-24713,WC-2010,T-68,Perniš,exact:full_name
1970,Slovakia,2010,Kornel Saláta,69,f2-only,71,P-75191:WC-2010,P-75191,WC-2010,T-68,Saláta,exact:full_name
1971,Slovakia,2010,Ján Mucha,66,agree,79,P-83904:WC-2010,P-83904,WC-2010,T-68,Mucha,exact:full_name
1972,Slovakia,2010,Martin Petráš,65,agree,71,P-77979:WC-2010,P-77979,WC-2010,T-68,Petráš,exact:full_name
1999,South Africa,2010,Aaron Mokoena,72,agree,79,P-65611:WC-2010,P-65611,WC-2010,T-70,Mokoena,exact:full_name
2000,South Africa,2010,Siphiwe Tshabalala,71,agree,79,P-31160:WC-2010,P-31160,WC-2010,T-70,Tshabalala,exact:full_name
2001,South Africa,2010,Macbeth Sibaya,71,agree,71,P-21000:WC-2010,P-21000,WC-2010,T-70,Sibaya,exact:full_name
2002,South Africa,2010,Siboniso Gaxa,70,agree,79,P-94009:WC-2010,P-94009,WC-2010,T-70,Gaxa,exact:full_name
2003,South Africa,2010,Itumeleng Khune,67,agree,79,P-38574:WC-2010,P-38574,WC-2010,T-70,Khune,exact:full_name
2004,South Africa,2010,Bongani Khumalo,66,agree,79,P-61943:WC-2010,P-61943,WC-2010,T-70,Khumalo,exact:full_name
2005,South Africa,2010,Moeneeb Josephs,65,"avg(64,65)",79,P-73468:WC-2010,P-73468,WC-2010,T-70,Josephs,exact:full_name
2006,South Africa,2010,Thanduyise Khuboni,65,f2-only,71,P-39008:WC-2010,P-39008,WC-2010,T-70,Khuboni,exact:full_name
2007,South Africa,2010,Surprise Moriri,65,f2-only,71,P-22568:WC-2010,P-22568,WC-2010,T-70,Moriri,exact:full_name
2008,South Africa,2010,Siyabonga Nomvethe,65,f2-only,71,P-22393:WC-2010,P-22393,WC-2010,T-70,Nomvethe,exact:full_name
2009,South Africa,2010,Shu-Aib Walters,65,f2-only,71,P-61610:WC-2010,P-61610,WC-2010,T-70,Walters,exact:full_name
2010,South Africa,2010,Thwala,64,"avg(63,65)",71,P-44682:WC-2010,P-44682,WC-2010,T-70,Thwala,exact:common_name
2011,South Africa,2010,Peter Masilela,63,agree,79,P-37930:WC-2010,P-37930,WC-2010,T-70,Masilela,distinctive_single:masilela
2012,South Africa,2010,Katlego Mphela,63,agree,79,P-39078:WC-2010,P-39078,WC-2010,T-70,Mphela,exact:full_name
2013,South Africa,2010,Anele Ngcongca,63,agree,71,P-06967:WC-2010,P-06967,WC-2010,T-70,Ngcongca,exact:full_name
2044,South Korea,2010,Park Ji-sung,80,agree,82,P-25724:WC-2010,P-25724,WC-2010,T-71,Park,exact:family_given
2045,South Korea,2010,Lee Young-pyo,74,agree,82,P-46519:WC-2010,P-46519,WC-2010,T-71,Lee,exact:family_given
2046,South Korea,2010,Lee Woon-Jae,73,agree,71,P-95122:WC-2010,P-95122,WC-2010,T-71,Lee,exact:family_given
2047,South Korea,2010,Park Chu-young,73,f2-only,82,P-06608:WC-2010,P-06608,WC-2010,T-71,Park,exact:family_given
2048,South Korea,2010,Lee Chung-yong,72,agree,82,P-40927:WC-2010,P-40927,WC-2010,T-71,Lee,exact:family_given
2049,South Korea,2010,Kim Dong-jin,72,f2-only,71,P-61550:WC-2010,P-61550,WC-2010,T-71,Kim,exact:family_given
2050,South Korea,2010,Jung Sung-ryong,71,agree,82,P-88939:WC-2010,P-88939,WC-2010,T-71,Jung,exact:family_given
2051,South Korea,2010,Kim Young-kwang,71,agree,71,P-08539:WC-2010,P-08539,WC-2010,T-71,Kim,exact:family_given
2052,South Korea,2010,Ahn,69,f2-only,71,P-26616:WC-2010,P-26616,WC-2010,T-71,Ahn,exact:common_name
2053,South Korea,2010,Lee Jung-soo,66,f2-only,82,P-07494:WC-2010,P-07494,WC-2010,T-71,Lee,exact:family_given
2054,South Korea,2010,Oh Beom-seok,65,agree,71,P-61649:WC-2010,P-61649,WC-2010,T-71,Oh,exact:family_given
2055,South Korea,2010,Lee Seung-yeoul,62,agree,71,P-47809:WC-2010,P-47809,WC-2010,T-71,Lee,exact:family_given
2125,Spain,2010,Francesc Fabregas,87,f1-only,88,P-81297:WC-2010,P-81297,WC-2010,T-73,Fàbregas,distinctive_single:fabregas
2126,Spain,2010,Cesc Fàbregas,87,f2-only,88,P-81297:WC-2010,P-81297,WC-2010,T-73,Fàbregas,exact:full_name
2127,Spain,2010,Xabi Alonso,84,agree,88,P-73924:WC-2010,P-73924,WC-2010,T-73,Alonso,exact:full_name
2128,Spain,2010,Carlos Marchena,82,agree,88,P-15314:WC-2010,P-15314,WC-2010,T-73,Marchena,exact:full_name
2129,Spain,2010,Gerard Piqué,82,agree,88,P-64348:WC-2010,P-64348,WC-2010,T-73,Piqué,exact:full_name
2130,Spain,2010,Joan Capdevila,80,agree,88,P-47753:WC-2010,P-47753,WC-2010,T-73,Capdevila,exact:full_name
2131,Spain,2010,Sergio Busquets,76,agree,88,P-28010:WC-2010,P-28010,WC-2010,T-73,Busquets,exact:full_name
2208,Switzerland,2010,Valon Behrami,77,agree,71,P-54713:WC-2010,P-54713,WC-2010,T-75,Behrami,exact:full_name
2209,Switzerland,2010,Philippe Senderos,76,agree,71,P-94161:WC-2010,P-94161,WC-2010,T-75,Senderos,exact:full_name
2210,Switzerland,2010,Mario Eggimann,73,agree,71,P-31548:WC-2010,P-31548,WC-2010,T-75,Eggimann,exact:full_name
2211,Switzerland,2010,Johnny Leoni,72,agree,71,P-29799:WC-2010,P-29799,WC-2010,T-75,Leoni,exact:full_name
2212,Switzerland,2010,Marco Wölfli,71,f1-only,71,P-75487:WC-2010,P-75487,WC-2010,T-75,Wölfli,exact:full_name
2213,Switzerland,2010,Marco Woelfli,71,f2-only,71,P-75487:WC-2010,P-75487,WC-2010,T-75,Wölfli,token:full_name:total=1.82:exact=1:fuzzy=1:initial=0
2214,Switzerland,2010,Albert Bunjaku,67,agree,71,P-04767:WC-2010,P-04767,WC-2010,T-75,Bunjaku,exact:full_name
2215,Switzerland,2010,Xherdan Shaqiri,55,f2-only,71,P-39460:WC-2010,P-39460,WC-2010,T-75,Shaqiri,exact:full_name
2397,United States,2010,Tim Howard,83,agree,85,P-50522:WC-2010,P-50522,WC-2010,T-83,Howard,exact:full_name
2398,United States,2010,Clint Dempsey,77,agree,85,P-18672:WC-2010,P-18672,WC-2010,T-83,Dempsey,exact:full_name
2400,United States,2010,Michael Bradley,76,agree,85,P-97258:WC-2010,P-97258,WC-2010,T-83,Bradley,exact:full_name
2401,United States,2010,Carlos Bocanegra,74,agree,85,P-12548:WC-2010,P-12548,WC-2010,T-83,Bocanegra,exact:full_name
2402,United States,2010,Marcus Hahnemann,74,agree,71,P-92673:WC-2010,P-92673,WC-2010,T-83,Hahnemann,exact:full_name
2403,United States,2010,Steve Cherundolo,72,agree,85,P-77238:WC-2010,P-77238,WC-2010,T-83,Cherundolo,exact:full_name
2404,United States,2010,Jay DeMerit,72,agree,85,P-78640:WC-2010,P-78640,WC-2010,T-83,DeMerit,exact:full_name
2405,United States,2010,José Torres,72,agree,71,P-55538:WC-2010,P-55538,WC-2010,T-83,Torres,token:full_name:total=2.00:exact=2:fuzzy=0:initial=0
2406,United States,2010,DaMarcus Beasley,70,agree,71,P-91976:WC-2010,P-91976,WC-2010,T-83,Beasley,exact:full_name
2407,United States,2010,Stuart Holden,69,agree,71,P-88370:WC-2010,P-88370,WC-2010,T-83,Holden,exact:full_name
2461,Uruguay,2010,Diego Lugano,82,agree,86,P-89878:WC-2010,P-89878,WC-2010,T-84,Lugano,exact:full_name
2462,Uruguay,2010,Diego Godín,78,agree,86,P-78440:WC-2010,P-78440,WC-2010,T-84,Godín,exact:full_name
2463,Uruguay,2010,Edinson Cavani,77,agree,86,P-59138:WC-2010,P-59138,WC-2010,T-84,Cavani,exact:full_name
2464,Uruguay,2010,Jorge Fucile,76,agree,86,P-95196:WC-2010,P-95196,WC-2010,T-84,Fucile,exact:full_name
2465,Uruguay,2010,Fernando Muslera,76,f1-only,86,P-10014:WC-2010,P-10014,WC-2010,T-84,Muslera,exact:full_name
2466,Uruguay,2010,Nestor Muslera,76,f2-only,86,P-10014:WC-2010,P-10014,WC-2010,T-84,Muslera,distinctive_single:muslera
2468,Uruguay,2010,Maxi Pereira,75,f2-only,86,P-41944:WC-2010,P-41944,WC-2010,T-84,Pereira,exact:full_name
2469,Uruguay,2010,Álvaro Pereira,74,agree,86,P-11075:WC-2010,P-11075,WC-2010,T-84,Pereira,exact:full_name
2470,Uruguay,2010,Egidio Arévalo,74,f2-only,86,P-80668:WC-2010,P-80668,WC-2010,T-84,Arévalo Ríos,token:full_name:total=2.00:exact=2:fuzzy=0:initial=0
2471,Uruguay,2010,Mauricio Victorino,74,f2-only,86,P-92649:WC-2010,P-92649,WC-2010,T-84,Victorino,exact:full_name
2472,Uruguay,2010,Diego Pérez,70,agree,86,P-53254:WC-2010,P-53254,WC-2010,T-84,Pérez,exact:full_name
14,Algeria,2014,Sofiane Feghouli,81,agree,79,P-12165:WC-2014,P-12165,WC-2014,T-01,Feghouli,exact:full_name
15,Algeria,2014,Yacine Brahimi,74,"avg(75,73)",79,P-24983:WC-2014,P-24983,WC-2014,T-01,Brahimi,exact:full_name
16,Algeria,2014,Islam Slimani,74,agree,79,P-59199:WC-2014,P-59199,WC-2014,T-01,Slimani,exact:full_name
17,Algeria,2014,Aissa Mandi,74,"avg(75,72)",79,P-58383:WC-2014,P-58383,WC-2014,T-01,Mandi,exact:full_name
18,Algeria,2014,Madjid Bougherra,74,f2-only,79,P-21116:WC-2014,P-21116,WC-2014,T-01,Bougherra,exact:full_name
19,Algeria,2014,Bolhi,73,f2-only,79,P-00596:WC-2014,P-00596,WC-2014,T-01,M'Bolhi,mononym:common_name
20,Algeria,2014,Essaid Belkalem,72,"avg(69,74)",79,P-41251:WC-2014,P-41251,WC-2014,T-01,Belkalem,exact:full_name
21,Algeria,2014,Abdelmoumene Djabou,72,f2-only,79,P-59147:WC-2014,P-59147,WC-2014,T-01,Djabou,exact:full_name
22,Algeria,2014,Carl Medjani,70,agree,79,P-21704:WC-2014,P-21704,WC-2014,T-01,Medjani,exact:full_name
23,Algeria,2014,Rafik Halliche,68,agree,79,P-19453:WC-2014,P-19453,WC-2014,T-01,Halliche,exact:full_name
50,Argentina,2014,Angel Di María,86,agree,88,P-42113:WC-2014,P-42113,WC-2014,T-03,Di María,exact:full_name
51,Argentina,2014,Gonzalo Higuaín,85,"avg(84,86)",88,P-29398:WC-2014,P-29398,WC-2014,T-03,Higuaín,exact:full_name
52,Argentina,2014,Javier Mascherano,84,agree,88,P-77063:WC-2014,P-77063,WC-2014,T-03,Mascherano,exact:full_name
53,Argentina,2014,Ezequiel Garay,82,agree,84,P-61051:WC-2014,P-61051,WC-2014,T-03,Garay,exact:full_name
54,Argentina,2014,Pablo Zabaleta,82,agree,84,P-96639:WC-2014,P-96639,WC-2014,T-03,Zabaleta,exact:full_name
55,Argentina,2014,Martin Demichelis,81,"avg(79,82)",84,P-39810:WC-2014,P-39810,WC-2014,T-03,Demichelis,exact:full_name
56,Argentina,2014,Lucas Biglia,77,"avg(77,76)",88,P-38647:WC-2014,P-38647,WC-2014,T-03,Biglia,exact:full_name
57,Argentina,2014,Fernando Gago,77,agree,88,P-51894:WC-2014,P-51894,WC-2014,T-03,Gago,exact:full_name
58,Argentina,2014,Marcos Rojo,77,"avg(77,76)",84,P-18222:WC-2014,P-18222,WC-2014,T-03,Rojo,exact:full_name
59,Argentina,2014,Federico Fernández,75,agree,84,P-72244:WC-2014,P-72244,WC-2014,T-03,Fernández,exact:full_name
60,Argentina,2014,Sergio Romero,74,"avg(72,76)",88,P-60541:WC-2014,P-60541,WC-2014,T-03,Romero,exact:full_name
98,Australia,2014,Mitchell Langerak,70,agree,71,P-15064:WC-2014,P-15064,WC-2014,T-04,Langerak,exact:full_name
99,Australia,2014,Mark Milligan,68,agree,71,P-36196:WC-2014,P-36196,WC-2014,T-04,Milligan,exact:full_name
100,Australia,2014,Adam Taggart,68,agree,71,P-81067:WC-2014,P-81067,WC-2014,T-04,Taggart,exact:full_name
101,Australia,2014,Ivan Franjic,67,agree,71,P-12111:WC-2014,P-12111,WC-2014,T-04,Franjic,exact:full_name
102,Australia,2014,Eugene Galeković,67,f1-only,71,P-07864:WC-2014,P-07864,WC-2014,T-04,Galekovic,exact:full_name
164,Belgium,2014,Vincent Kompany,86,agree,84,P-95269:WC-2014,P-95269,WC-2014,T-06,Kompany,exact:full_name
165,Belgium,2014,Simon Mignolet,82,agree,71,P-10313:WC-2014,P-10313,WC-2014,T-06,Mignolet,exact:full_name
166,Belgium,2014,Dries Mertens,82,agree,84,P-84852:WC-2014,P-84852,WC-2014,T-06,Mertens,exact:full_name
167,Belgium,2014,Jan Vertonghen,82,agree,84,P-64049:WC-2014,P-64049,WC-2014,T-06,Vertonghen,exact:full_name
168,Belgium,2014,Thomas Vermaelen,79,agree,71,P-92866:WC-2014,P-92866,WC-2014,T-06,Vermaelen,exact:full_name
169,Belgium,2014,Toby Alderweireld,78,agree,84,P-70547:WC-2014,P-70547,WC-2014,T-06,Alderweireld,exact:full_name
170,Belgium,2014,Daniel Van Buyten,78,f2-only,84,P-21070:WC-2014,P-21070,WC-2014,T-06,Van Buyten,exact:full_name
171,Belgium,2014,Nicolas Lombaerts,76,agree,71,P-35334:WC-2014,P-35334,WC-2014,T-06,Lombaerts,exact:full_name
172,Belgium,2014,Steven Defour,75,agree,71,P-03735:WC-2014,P-03735,WC-2014,T-06,Defour,exact:full_name
173,Belgium,2014,Sammy Bossut,71,"avg(71,70)",71,P-55762:WC-2014,P-55762,WC-2014,T-06,Bossut,exact:full_name
174,Belgium,2014,Divock Origi,71,agree,84,P-77619:WC-2014,P-77619,WC-2014,T-06,Origi,exact:full_name
175,Belgium,2014,Anthony Borre,70,"avg(71,69)",71,P-17974:WC-2014,P-17974,WC-2014,T-06,Vanden Borre,token:full_name:total=2.00:exact=2:fuzzy=0:initial=0
176,Belgium,2014,Adnan Januzaj,68,"avg(73,63)",71,P-15896:WC-2014,P-15896,WC-2014,T-06,Januzaj,exact:full_name
198,Bosnia and Herzegovina,2014,Senad Lulić,79,agree,72,P-74278:WC-2014,P-74278,WC-2014,T-08,Lulić,exact:full_name
199,Bosnia and Herzegovina,2014,Zvjezdan Misimović,78,f2-only,72,P-75995:WC-2014,P-75995,WC-2014,T-08,Misimović,exact:full_name
200,Bosnia and Herzegovina,2014,Sejad Salihović,77,agree,72,P-94434:WC-2014,P-94434,WC-2014,T-08,Salihović,exact:full_name
201,Bosnia and Herzegovina,2014,Izet Hajrović,75,agree,72,P-03146:WC-2014,P-03146,WC-2014,T-08,Hajrović,exact:full_name
202,Bosnia and Herzegovina,2014,Tino-Sven Sušić,75,f2-only,72,P-85929:WC-2014,P-85929,WC-2014,T-08,Sušić,exact:full_name
203,Bosnia and Herzegovina,2014,Ermin Bičakčić,73,"avg(73,72)",71,P-66286:WC-2014,P-66286,WC-2014,T-08,Bičakčić,exact:full_name
204,Bosnia and Herzegovina,2014,Haris Medunjanin,72,f2-only,72,P-34727:WC-2014,P-34727,WC-2014,T-08,Medunjanin,exact:full_name
205,Bosnia and Herzegovina,2014,Avdija Vršajević,67,f2-only,71,P-35118:WC-2014,P-35118,WC-2014,T-08,Vršajević,exact:full_name
206,Bosnia and Herzegovina,2014,Anel Hadžić,66,agree,71,P-15457:WC-2014,P-15457,WC-2014,T-08,Hadžić,exact:full_name
207,Bosnia and Herzegovina,2014,Asmir Avdukić,64,f2-only,71,P-78276:WC-2014,P-78276,WC-2014,T-08,Avdukić,exact:full_name
208,Bosnia and Herzegovina,2014,Ognjen Vranješ,64,f2-only,71,P-52464:WC-2014,P-52464,WC-2014,T-08,Vranješ,exact:full_name
209,Bosnia and Herzegovina,2014,Edin Višća,64,f2-only,71,P-55809:WC-2014,P-55809,WC-2014,T-08,Višća,exact:full_name
210,Bosnia and Herzegovina,2014,Jasmin Fejzić,63,agree,71,P-76271:WC-2014,P-76271,WC-2014,T-08,Fejzić,exact:full_name
262,Brazil,2014,Oscar,84,agree,88,P-37239:WC-2014,P-37239,WC-2014,T-09,Oscar,exact:common_name
263,Brazil,2014,Dante Santos,84,agree,72,P-93619:WC-2014,P-93619,WC-2014,T-09,Dante,distinctive_single:dante
264,Brazil,2014,Jefferson,82,agree,72,P-41422:WC-2014,P-41422,WC-2014,T-09,Jefferson,exact:common_name
265,Brazil,2014,Fernandinho,82,f1-only,88,P-41758:WC-2014,P-41758,WC-2014,T-09,Fernandinho,exact:common_name
266,Brazil,2014,Júlio César,82,f1-only,88,P-11275:WC-2014,P-11275,WC-2014,T-09,César,exact:full_name
267,Brazil,2014,Júlio de Espindola,82,f2-only,88,P-11275:WC-2014,P-11275,WC-2014,T-09,César,v4.5_qid_alias_bound
268,Brazil,2014,Ramires do Nascimento,81,agree,88,P-86499:WC-2014,P-86499,WC-2014,T-09,Ramires,distinctive_single:ramires
269,Brazil,2014,Luiz Gustavo,81,f1-only,88,P-43410:WC-2014,P-43410,WC-2014,T-09,Gustavo,exact:full_name
270,Brazil,2014,Paulinho,81,f1-only,88,P-54013:WC-2014,P-54013,WC-2014,T-09,Paulinho,exact:common_name
271,Brazil,2014,Fernando Roza,81,f2-only,88,P-41758:WC-2014,P-41758,WC-2014,T-09,Fernandinho,v4.5_qid_alias_bound
272,Brazil,2014,Luiz Dias,81,f2-only,88,P-87449:WC-2014,P-87449,WC-2014,T-09,Luiz,distinctive_single:luiz
274,Brazil,2014,Victor Bagy,79,agree,72,P-94095:WC-2014,P-94095,WC-2014,T-09,Victor,distinctive_single:victor
275,Brazil,2014,Fred,79,f1-only,88,P-54042:WC-2014,P-54042,WC-2014,T-09,Fred,exact:common_name
276,Brazil,2014,Frederico Guedes,79,f2-only,88,P-54042:WC-2014,P-54042,WC-2014,T-09,Fred,v4.5_qid_alias_bound
277,Brazil,2014,Maxwell,77,agree,72,P-47180:WC-2014,P-47180,WC-2014,T-09,Maxwell,exact:common_name
278,Brazil,2014,N. Henrique,76,agree,72,P-68649:WC-2014,P-68649,WC-2014,T-09,Henrique,mononym:common_name
327,Cameroon,2014,Alexandre Song-Billong,83,agree,72,P-99407:WC-2014,P-99407,WC-2014,T-11,Song,distinctive_single:song
328,Cameroon,2014,Henri Bedimo,76,f1-only,71,P-97635:WC-2014,P-97635,WC-2014,T-11,Bedimo,exact:full_name
330,Cameroon,2014,Vincent Aboubakar,75,"avg(76,73)",71,P-53452:WC-2014,P-53452,WC-2014,T-11,Aboubakar,exact:full_name
331,Cameroon,2014,Guemo,75,f1-corrupt->f2,71,P-88732:WC-2014,P-88732,WC-2014,T-11,N'Guémo,mononym:common_name
332,Cameroon,2014,Eric Maxim Choupo-Moting,75,f1-only,72,P-06117:WC-2014,P-06117,WC-2014,T-11,Choupo-Moting,exact:full_name
333,Cameroon,2014,Pierre Webó,75,f1-only,72,P-10830:WC-2014,P-10830,WC-2014,T-11,Webó,exact:full_name
335,Cameroon,2014,Jean Makoun,74,agree,71,P-67012:WC-2014,P-67012,WC-2014,T-11,Makoun,exact:full_name
336,Cameroon,2014,Jean-Eric Choupo-Moting,74,f2-only,72,P-06117:WC-2014,P-06117,WC-2014,T-11,Choupo-Moting,token:full_name:total=3.00:exact=3:fuzzy=0:initial=0
337,Cameroon,2014,Allan-Romeo Nyom,73,agree,71,P-05805:WC-2014,P-05805,WC-2014,T-11,Nyom,distinctive_single:nyom
338,Cameroon,2014,Sammy Ndjock,72,agree,71,P-44581:WC-2014,P-44581,WC-2014,T-11,Ndjock,exact:full_name
339,Cameroon,2014,Benjamin Moukandjo,69,f1-only,72,P-65896:WC-2014,P-65896,WC-2014,T-11,Moukandjo,exact:full_name
341,Cameroon,2014,Edgar Salli,68,agree,72,P-72737:WC-2014,P-72737,WC-2014,T-11,Salli,exact:full_name
342,Cameroon,2014,Cedric Djeugoué,63,agree,71,P-75443:WC-2014,P-75443,WC-2014,T-11,Djeugoué,exact:full_name
415,Colombia,2014,Carlos Bacca,78,agree,71,P-12476:WC-2014,P-12476,WC-2014,T-16,Bacca,exact:full_name
416,Colombia,2014,Camilo Vargas,75,agree,71,P-27327:WC-2014,P-27327,WC-2014,T-16,Vargas,exact:full_name
417,Colombia,2014,Éder Balanta,75,agree,71,P-86404:WC-2014,P-86404,WC-2014,T-16,Álvarez Balanta,token:full_name:total=2.00:exact=2:fuzzy=0:initial=0
418,Colombia,2014,Carlos Valdés,73,agree,71,P-77916:WC-2014,P-77916,WC-2014,T-16,Valdés,exact:full_name
419,Colombia,2014,Carlos Carbonero,73,agree,71,P-76077:WC-2014,P-76077,WC-2014,T-16,Carbonero,exact:full_name
468,Costa Rica,2014,Bryan Ruiz,80,"avg(78,82)",82,P-99590:WC-2014,P-99590,WC-2014,T-17,Ruiz,exact:full_name
469,Costa Rica,2014,Joel Campbell,75,"avg(76,74)",82,P-70812:WC-2014,P-70812,WC-2014,T-17,Campbell,exact:full_name
471,Costa Rica,2014,Celso Borges,72,f1-only,82,P-11767:WC-2014,P-11767,WC-2014,T-17,Borges,exact:full_name
472,Costa Rica,2014,Giancarlo González,72,f1-only,82,P-04808:WC-2014,P-04808,WC-2014,T-17,González,exact:full_name
474,Costa Rica,2014,Junior Díaz,71,agree,82,P-81779:WC-2014,P-81779,WC-2014,T-17,Díaz,exact:full_name
475,Costa Rica,2014,Cristian Gamboa,70,"avg(71,69)",82,P-26483:WC-2014,P-26483,WC-2014,T-17,Gamboa,exact:full_name
476,Costa Rica,2014,Christian Bolaños,70,f1-only,82,P-57722:WC-2014,P-57722,WC-2014,T-17,Bolaños,exact:full_name
477,Costa Rica,2014,Oscar Duarte,69,agree,82,P-97912:WC-2014,P-97912,WC-2014,T-17,Duarte,exact:full_name
478,Costa Rica,2014,Yeltsin Tejeda,69,f2-only,82,P-24978:WC-2014,P-24978,WC-2014,T-17,Tejeda,exact:full_name
481,Costa Rica,2014,Marcos Ureña,62,agree,82,P-11307:WC-2014,P-11307,WC-2014,T-17,Ureña,token:full_name:total=1.82:exact=1:fuzzy=1:initial=0
529,Croatia,2014,Nikica Jelavić,75,agree,71,P-65367:WC-2014,P-65367,WC-2014,T-18,Jelavić,exact:full_name
530,Croatia,2014,Danijel Subašić,75,agree,71,P-25428:WC-2014,P-25428,WC-2014,T-18,Subašić,exact:full_name
531,Croatia,2014,Eduardo,75,agree,71,P-15665:WC-2014,P-15665,WC-2014,T-18,Eduardo,exact:common_name
532,Croatia,2014,Sammir,73,agree,71,P-39138:WC-2014,P-39138,WC-2014,T-18,Sammir,exact:common_name
533,Croatia,2014,Marcelo Brozović,73,f2-only,71,P-79215:WC-2014,P-79215,WC-2014,T-18,Brozović,exact:full_name
534,Croatia,2014,Oliver Zelenika,73,f2-only,71,P-02919:WC-2014,P-02919,WC-2014,T-18,Zelenika,exact:full_name
690,Ecuador,2014,Renato Ibarra,73,"avg(74,72)",71,P-73520:WC-2014,P-73520,WC-2014,T-25,Ibarra,exact:full_name
691,Ecuador,2014,Joao Rojas,72,agree,71,P-33089:WC-2014,P-33089,WC-2014,T-25,Rojas,exact:full_name
692,Ecuador,2014,Edison Méndez,72,"avg(71,72)",71,P-42534:WC-2014,P-42534,WC-2014,T-25,Méndez,exact:full_name
693,Ecuador,2014,Maximo Banguera,70,agree,71,P-93941:WC-2014,P-93941,WC-2014,T-25,Banguera,exact:full_name
694,Ecuador,2014,Adrian Bone,70,f2-only,71,P-15123:WC-2014,P-15123,WC-2014,T-25,Bone,exact:full_name
742,England,2014,James Milner,80,agree,71,P-95616:WC-2014,P-95616,WC-2014,T-28,Milner,exact:full_name
743,England,2014,Phil Jones,79,agree,71,P-06851:WC-2014,P-06851,WC-2014,T-28,Jones,exact:full_name
744,England,2014,Danny Welbeck,78,agree,71,P-50943:WC-2014,P-50943,WC-2014,T-28,Welbeck,exact:full_name
745,England,2014,Rickie Lambert,76,agree,71,P-70595:WC-2014,P-70595,WC-2014,T-28,Lambert,exact:full_name
746,England,2014,Chris Smalling,76,agree,71,P-87661:WC-2014,P-87661,WC-2014,T-28,Smalling,exact:full_name
747,England,2014,Fraser Forster,75,"avg(75,74)",71,P-07038:WC-2014,P-07038,WC-2014,T-28,Forster,exact:full_name
748,England,2014,Luke Shaw,74,agree,71,P-36400:WC-2014,P-36400,WC-2014,T-28,Shaw,exact:full_name
809,France,2014,Stephane Ruffier,82,agree,71,P-01560:WC-2014,P-01560,WC-2014,T-30,Ruffier,exact:full_name
810,France,2014,Laurent Koscielny,82,agree,84,P-91114:WC-2014,P-91114,WC-2014,T-30,Koscielny,exact:full_name
811,France,2014,Mamadou Sakho,81,agree,84,P-71633:WC-2014,P-71633,WC-2014,T-30,Sakho,exact:full_name
812,France,2014,Raphael Varane,81,agree,84,P-42326:WC-2014,P-42326,WC-2014,T-30,Varane,exact:full_name
813,France,2014,Rio Mavuba,81,agree,71,P-98143:WC-2014,P-98143,WC-2014,T-30,Mavuba,exact:full_name
814,France,2014,Mickael Landreau,81,f2-only,71,P-30652:WC-2014,P-30652,WC-2014,T-30,Landreau,exact:full_name
815,France,2014,Loic Rémy,80,agree,71,P-21776:WC-2014,P-21776,WC-2014,T-30,Rémy,exact:full_name
816,France,2014,Bacary Sagna,80,agree,71,P-69530:WC-2014,P-69530,WC-2014,T-30,Sagna,exact:full_name
817,France,2014,Mathieu Debuchy,80,agree,84,P-43350:WC-2014,P-43350,WC-2014,T-30,Debuchy,exact:full_name
818,France,2014,Patrice Evra,80,agree,84,P-72916:WC-2014,P-72916,WC-2014,T-30,Evra,exact:full_name
819,France,2014,Olivier Giroud,79,agree,84,P-89750:WC-2014,P-89750,WC-2014,T-30,Giroud,exact:full_name
820,France,2014,Morgan Schneiderlin,78,agree,71,P-45182:WC-2014,P-45182,WC-2014,T-30,Schneiderlin,exact:full_name
821,France,2014,Lucas Digne,75,agree,71,P-67129:WC-2014,P-67129,WC-2014,T-30,Digne,exact:full_name
888,Germany,2014,Bastian Schweinsteiger,88,agree,88,P-43400:WC-2014,P-43400,WC-2014,T-31,Schweinsteiger,exact:full_name
889,Germany,2014,Philipp Lahm,87,agree,88,P-18599:WC-2014,P-18599,WC-2014,T-31,Lahm,exact:full_name
890,Germany,2014,Mesut Özil,87,agree,88,P-12818:WC-2014,P-12818,WC-2014,T-31,Özil,exact:full_name
891,Germany,2014,Mario Götze,85,agree,88,P-63673:WC-2014,P-63673,WC-2014,T-31,Götze,exact:full_name
892,Germany,2014,Mats Hummels,85,agree,84,P-81447:WC-2014,P-81447,WC-2014,T-31,Hummels,exact:full_name
893,Germany,2014,Toni Kroos,84,agree,88,P-39356:WC-2014,P-39356,WC-2014,T-31,Kroos,exact:full_name
894,Germany,2014,Sami Khedira,84,agree,88,P-13029:WC-2014,P-13029,WC-2014,T-31,Khedira,exact:full_name
895,Germany,2014,Jérôme Boateng,83,"avg(84,81)",84,P-04224:WC-2014,P-04224,WC-2014,T-31,Boateng,exact:full_name
896,Germany,2014,Per Mertesacker,82,agree,84,P-02328:WC-2014,P-02328,WC-2014,T-31,Mertesacker,exact:full_name
897,Germany,2014,Benedikt Höwedes,81,agree,84,P-54036:WC-2014,P-54036,WC-2014,T-31,Höwedes,exact:full_name
898,Germany,2014,André Schürrle,80,agree,88,P-46979:WC-2014,P-46979,WC-2014,T-31,Schürrle,exact:full_name
899,Germany,2014,Shkodran Mustafi,72,"avg(76,68)",84,P-67414:WC-2014,P-67414,WC-2014,T-31,Mustafi,exact:full_name
952,Ghana,2014,Kevin-Prince Boateng,81,"avg(80,82)",71,P-66316:WC-2014,P-66316,WC-2014,T-32,Boateng,exact:full_name
953,Ghana,2014,Michael Essien,79,"avg(76,81)",71,P-12805:WC-2014,P-12805,WC-2014,T-32,Essien,exact:full_name
954,Ghana,2014,Abdul Waris,73,"avg(74,71)",71,P-24388:WC-2014,P-24388,WC-2014,T-32,Waris,token:full_name:total=2.00:exact=2:fuzzy=0:initial=0
955,Ghana,2014,Afriyie Acquah,72,agree,71,P-63370:WC-2014,P-63370,WC-2014,T-32,Acquah,exact:full_name
956,Ghana,2014,Albert Adomah,71,agree,71,P-67189:WC-2014,P-67189,WC-2014,T-32,Adomah,exact:full_name
957,Ghana,2014,Daniel Opare,71,agree,71,P-04420:WC-2014,P-04420,WC-2014,T-32,Opare,exact:full_name
958,Ghana,2014,Sadick Adams,51,f2-only,71,P-40630:WC-2014,P-40630,WC-2014,T-32,Adams,distinctive_single:adams
1016,Honduras,2014,Maynor Figueroa,75,agree,79,P-31125:WC-2014,P-31125,WC-2014,T-35,Figueroa,exact:full_name
1017,Honduras,2014,Andy Najar,71,agree,72,P-34878:WC-2014,P-34878,WC-2014,T-35,Najar,exact:full_name
1018,Honduras,2014,Victor Bernárdez,70,agree,79,P-82662:WC-2014,P-82662,WC-2014,T-35,Bernárdez,exact:full_name
1019,Honduras,2014,Wilson Palacios,70,agree,72,P-15185:WC-2014,P-15185,WC-2014,T-35,Palacios,exact:full_name
1021,Honduras,2014,Carlo Costly,70,f2-only,79,P-38682:WC-2014,P-38682,WC-2014,T-35,Costly,exact:full_name
1022,Honduras,2014,Noel Valladares,70,f2-only,79,P-93059:WC-2014,P-93059,WC-2014,T-35,Valladares,exact:full_name
1023,Honduras,2014,Luis Garrido,65,agree,72,P-29674:WC-2014,P-29674,WC-2014,T-35,Garrido,exact:full_name
1024,Honduras,2014,Marvin Chávez,64,agree,72,P-36601:WC-2014,P-36601,WC-2014,T-35,Chávez,exact:full_name
1025,Honduras,2014,Osman Chávez,64,f2-only,71,P-53363:WC-2014,P-53363,WC-2014,T-35,Chávez,exact:full_name
1026,Honduras,2014,Jerry Bengtson,62,agree,72,P-67290:WC-2014,P-67290,WC-2014,T-35,Bengtson,exact:full_name
1027,Honduras,2014,Donis Escober,62,f2-only,71,P-81025:WC-2014,P-81025,WC-2014,T-35,Escober,exact:full_name
1028,Honduras,2014,Jerry Palacios,62,f2-only,71,P-73160:WC-2014,P-73160,WC-2014,T-35,Palacios,exact:full_name
1029,Honduras,2014,López,62,f2-only,71,P-19564:WC-2014,P-19564,WC-2014,T-35,López,exact:common_name
1030,Honduras,2014,Mario,62,f2-only,71,P-05369:WC-2014,P-05369,WC-2014,T-35,Martínez,exact:given_name
1048,Iran,2014,Ashkan Dejagah,74,agree,76,P-84406:WC-2014,P-84406,WC-2014,T-38,Dejagah,exact:full_name
1049,Iran,2014,Masoud Shojaei,72,agree,76,P-00111:WC-2014,P-00111,WC-2014,T-38,Shojaei,exact:full_name
1050,Iran,2014,Amir Sadeghi,72,f2-only,79,P-94570:WC-2014,P-94570,WC-2014,T-38,Sadeghi,token:full_name:total=2.00:exact=2:fuzzy=0:initial=0
1051,Iran,2014,Khosro Heydari,72,f2-only,79,P-82213:WC-2014,P-82213,WC-2014,T-38,Heydari,exact:full_name
1052,Iran,2014,Seyed Hosseini,72,f2-only,79,P-19512:WC-2014,P-19512,WC-2014,T-38,Hosseini,distinctive_single:hosseini
1053,Iran,2014,Pejman Montazeri,72,f2-only,79,P-23272:WC-2014,P-23272,WC-2014,T-38,Montazeri,exact:full_name
1054,Iran,2014,Mehrdad Pooladi,72,f2-only,79,P-94249:WC-2014,P-94249,WC-2014,T-38,Pooladi,exact:full_name
1055,Iran,2014,Ehsan Hajsafi,71,f2-only,76,P-75785:WC-2014,P-75785,WC-2014,T-38,Hajsafi,exact:full_name
1056,Iran,2014,Javad Nekounam,71,f2-only,76,P-59901:WC-2014,P-59901,WC-2014,T-38,Nekounam,exact:full_name
1057,Iran,2014,Andranik Teymourian,71,f2-only,76,P-20969:WC-2014,P-20969,WC-2014,T-38,Teymourian,exact:full_name
1121,Italy,2014,Antonio Cassano,81,"avg(81,80)",71,P-04221:WC-2014,P-04221,WC-2014,T-41,Cassano,exact:full_name
1122,Italy,2014,Alessio Cerci,81,"avg(81,80)",71,P-39774:WC-2014,P-39774,WC-2014,T-41,Cerci,exact:full_name
1123,Italy,2014,Ciro Immobile,80,agree,71,P-01078:WC-2014,P-01078,WC-2014,T-41,Immobile,exact:full_name
1124,Italy,2014,Leonardo Bonucci,79,agree,71,P-57248:WC-2014,P-57248,WC-2014,T-41,Bonucci,exact:full_name
1125,Italy,2014,Lorenzo Insigne,79,agree,71,P-25985:WC-2014,P-25985,WC-2014,T-41,Insigne,exact:full_name
1126,Italy,2014,Ignazio Abate,77,agree,71,P-75462:WC-2014,P-75462,WC-2014,T-41,Abate,exact:full_name
1127,Italy,2014,Mattia De Sciglio,77,"avg(77,76)",71,P-67615:WC-2014,P-67615,WC-2014,T-41,De Sciglio,exact:full_name
1128,Italy,2014,Mattia Perin,77,agree,71,P-60769:WC-2014,P-60769,WC-2014,T-41,Perin,exact:full_name
1129,Italy,2014,Gabriel Paletta,75,"avg(80,70)",71,P-73649:WC-2014,P-73649,WC-2014,T-41,Paletta,exact:full_name
1135,Ivory Coast,2014,Kolo Touré,80,"avg(79,80)",71,P-25398:WC-2014,P-25398,WC-2014,T-42,Touré,exact:full_name
1136,Ivory Coast,2014,Didier Konan,78,"avg(77,78)",71,P-20974:WC-2014,P-20974,WC-2014,T-42,Ya Konan,token:full_name:total=2.00:exact=2:fuzzy=0:initial=0
1137,Ivory Coast,2014,Max-Alain Gradel,74,agree,71,P-10731:WC-2014,P-10731,WC-2014,T-42,Gradel,distinctive_single:gradel
1138,Ivory Coast,2014,Giovanni Sio,74,"avg(74,73)",71,P-33115:WC-2014,P-33115,WC-2014,T-42,Sio,exact:full_name
1139,Ivory Coast,2014,Constant Djakpa,72,"avg(72,71)",71,P-75959:WC-2014,P-75959,WC-2014,T-42,Djakpa,exact:full_name
1140,Ivory Coast,2014,Sylvain Gbohouo,71,f2-only,71,P-25845:WC-2014,P-25845,WC-2014,T-42,Gbohouo,exact:full_name
1141,Ivory Coast,2014,Sayouba Mandé,68,"avg(64,71)",71,P-89713:WC-2014,P-89713,WC-2014,T-42,Mandé,exact:full_name
1142,Ivory Coast,2014,Mathis Bolly,65,"avg(64,66)",71,P-23169:WC-2014,P-23169,WC-2014,T-42,Bolly,exact:full_name
1143,Ivory Coast,2014,Ismael Diomandé,64,agree,71,P-07076:WC-2014,P-07076,WC-2014,T-42,Diomandé,exact:full_name
1206,Japan,2014,Hiroshi Kiyotake,76,agree,71,P-42018:WC-2014,P-42018,WC-2014,T-44,Kiyotake,exact:full_name
1207,Japan,2014,Yuya Osako,71,agree,71,P-23371:WC-2014,P-23371,WC-2014,T-44,Osako,exact:full_name
1208,Japan,2014,Toshihiro Aoyama,68,f2-only,71,P-70237:WC-2014,P-70237,WC-2014,T-44,Aoyama,exact:full_name
1209,Japan,2014,Yoichiro Kakitani,68,f2-only,71,P-75667:WC-2014,P-75667,WC-2014,T-44,Kakitani,exact:full_name
1210,Japan,2014,Masato Morishige,68,f2-only,71,P-27263:WC-2014,P-27263,WC-2014,T-44,Morishige,exact:full_name
1211,Japan,2014,Shusaku Nishikawa,68,f2-only,71,P-28762:WC-2014,P-28762,WC-2014,T-44,Nishikawa,exact:full_name
1212,Japan,2014,Shuichi Gonda,67,f2-only,71,P-66906:WC-2014,P-66906,WC-2014,T-44,Gonda,exact:full_name
1301,Mexico,2014,Hector Moreno,78,agree,84,P-21208:WC-2014,P-21208,WC-2014,T-46,Moreno,exact:full_name
1302,Mexico,2014,José Corona,77,agree,71,P-05120:WC-2014,P-05120,WC-2014,T-46,de Jesús Corona,token:full_name:total=2.00:exact=2:fuzzy=0:initial=0
1303,Mexico,2014,Carlos Peña,75,agree,71,P-77489:WC-2014,P-77489,WC-2014,T-46,Peña,exact:full_name
1304,Mexico,2014,Rafael Márquez,75,f1-only,84,P-44763:WC-2014,P-44763,WC-2014,T-46,Márquez,exact:full_name
1305,Mexico,2014,Rodríguez,74,"avg(74,73)",84,P-11191:WC-2014,P-11191,WC-2014,T-46,Rodríguez,exact:common_name
1306,Mexico,2014,Diego Reyes,73,agree,71,P-03287:WC-2014,P-03287,WC-2014,T-46,Reyes,exact:full_name
1307,Mexico,2014,Javier Aquino,73,agree,71,P-77419:WC-2014,P-77419,WC-2014,T-46,Aquino,exact:full_name
1308,Mexico,2014,Raul Jiménez,73,agree,71,P-57865:WC-2014,P-57865,WC-2014,T-46,Jiménez,exact:full_name
1309,Mexico,2014,Miguel Layún,73,agree,84,P-10063:WC-2014,P-10063,WC-2014,T-46,Layún,exact:full_name
1310,Mexico,2014,Paul Aguilar,73,agree,84,P-01835:WC-2014,P-01835,WC-2014,T-46,Aguilar,exact:full_name
1311,Mexico,2014,Alfredo Talavera,72,"avg(74,70)",71,P-94928:WC-2014,P-94928,WC-2014,T-46,Talavera,exact:full_name
1408,Netherlands,2014,Robin van Persie,89,agree,88,P-99934:WC-2014,P-99934,WC-2014,T-48,van Persie,exact:full_name
1409,Netherlands,2014,Klaas-Jan Huntelaar,84,agree,84,P-64344:WC-2014,P-64344,WC-2014,T-48,Huntelaar,exact:full_name
1410,Netherlands,2014,Ron Vlaar,78,agree,84,P-21798:WC-2014,P-21798,WC-2014,T-48,Vlaar,exact:full_name
1411,Netherlands,2014,Jasper Cillessen,78,agree,88,P-68395:WC-2014,P-68395,WC-2014,T-48,Cillessen,exact:full_name
1412,Netherlands,2014,Nigel de Jong,78,agree,88,P-53668:WC-2014,P-53668,WC-2014,T-48,de Jong,exact:full_name
1413,Netherlands,2014,Georginio Wijnaldum,78,agree,88,P-85698:WC-2014,P-85698,WC-2014,T-48,Wijnaldum,exact:full_name
1414,Netherlands,2014,Daley Blind,77,f1-only,84,P-39861:WC-2014,P-39861,WC-2014,T-48,Blind,exact:full_name
1416,Netherlands,2014,Memphis Depay,76,agree,88,P-27540:WC-2014,P-27540,WC-2014,T-48,Depay,exact:full_name
1417,Netherlands,2014,Daryl Janmaat,75,agree,84,P-21790:WC-2014,P-21790,WC-2014,T-48,Janmaat,exact:full_name
1418,Netherlands,2014,Stefan de Vrij,75,agree,84,P-70280:WC-2014,P-70280,WC-2014,T-48,de Vrij,exact:full_name
1419,Netherlands,2014,Bruno Martins Indi,73,agree,84,P-69329:WC-2014,P-69329,WC-2014,T-48,Martins Indi,exact:full_name
1498,Nigeria,2014,Vincent Enyeama,79,agree,81,P-39249:WC-2014,P-39249,WC-2014,T-50,Enyeama,exact:full_name
1499,Nigeria,2014,Ahmed Musa,76,"avg(75,76)",81,P-19591:WC-2014,P-19591,WC-2014,T-50,Musa,exact:full_name
1500,Nigeria,2014,Joseph Yobo,74,agree,81,P-64104:WC-2014,P-64104,WC-2014,T-50,Yobo,exact:full_name
1501,Nigeria,2014,Peter Odemwingie,71,agree,81,P-70006:WC-2014,P-70006,WC-2014,T-50,Odemwingie,exact:full_name
1502,Nigeria,2014,Shola Ameobi,70,agree,71,P-03886:WC-2014,P-03886,WC-2014,T-50,Ameobi,exact:full_name
1503,Nigeria,2014,Efe Ambrose,69,f1-only,81,P-22192:WC-2014,P-22192,WC-2014,T-50,Ambrose,exact:full_name
1505,Nigeria,2014,Kenneth Omeruo,67,"avg(68,66)",81,P-98806:WC-2014,P-98806,WC-2014,T-50,Omeruo,exact:full_name
1506,Nigeria,2014,Uche Nwofor,65,agree,71,P-97867:WC-2014,P-97867,WC-2014,T-50,Nwofor,exact:full_name
1507,Nigeria,2014,Michael Uchebo,64,agree,71,P-15097:WC-2014,P-15097,WC-2014,T-50,Uchebo,exact:full_name
1508,Nigeria,2014,Ramon Azeez,63,"avg(64,61)",71,P-78347:WC-2014,P-78347,WC-2014,T-50,Azeez,exact:full_name
1509,Nigeria,2014,Reuben Gabriel,63,agree,71,P-94823:WC-2014,P-94823,WC-2014,T-50,Gabriel,exact:full_name
1510,Nigeria,2014,Chigozie Agbim,62,f2-only,71,P-53035:WC-2014,P-53035,WC-2014,T-50,Agbim,exact:full_name
1511,Nigeria,2014,Austin Ejide,62,f2-only,71,P-47983:WC-2014,P-47983,WC-2014,T-50,Ejide,exact:full_name
1512,Nigeria,2014,Godfrey Oboabona,62,f2-only,71,P-14952:WC-2014,P-14952,WC-2014,T-50,Oboabona,exact:full_name
1513,Nigeria,2014,Ejike Uzoenyi,62,f2-only,71,P-28119:WC-2014,P-28119,WC-2014,T-50,Uzoenyi,exact:full_name
1514,Nigeria,2014,Juwon Oshaniwa,55,f2-only,81,P-79048:WC-2014,P-79048,WC-2014,T-50,Oshaniwa,exact:full_name
1696,Portugal,2014,Fabio Coentrão,79,agree,71,P-92000:WC-2014,P-92000,WC-2014,T-58,Coentrão,exact:full_name
1697,Portugal,2014,Vieirinha,78,agree,71,P-23990:WC-2014,P-23990,WC-2014,T-58,Vieirinha,exact:common_name
1698,Portugal,2014,Helder Postiga,76,agree,71,P-83900:WC-2014,P-83900,WC-2014,T-58,Postiga,exact:full_name
1699,Portugal,2014,Hugo de Almeida,76,f2-only,71,P-14428:WC-2014,P-14428,WC-2014,T-58,Almeida,token:full_name:total=2.00:exact=2:fuzzy=0:initial=0
1700,Portugal,2014,Ruben Amorim,70,"avg(63,76)",71,P-11629:WC-2014,P-11629,WC-2014,T-58,Amorim,exact:full_name
2056,South Korea,2014,Koo Ja-cheol,76,agree,79,P-47440:WC-2014,P-47440,WC-2014,T-71,Koo,exact:family_given
2057,South Korea,2014,Kim Shin-wook,73,agree,71,P-15736:WC-2014,P-15736,WC-2014,T-71,Kim,exact:family_given
2058,South Korea,2014,Hong Jeong-ho,71,agree,79,P-55453:WC-2014,P-55453,WC-2014,T-71,Hong,exact:family_given
2059,South Korea,2014,Ji Dong-won,71,agree,71,P-03922:WC-2014,P-03922,WC-2014,T-71,Ji,exact:family_given
2060,South Korea,2014,Park Chu-young,70,f2-only,71,P-06608:WC-2014,P-06608,WC-2014,T-71,Park,exact:family_given
2061,South Korea,2014,Lee Keun-ho,69,agree,79,P-71308:WC-2014,P-71308,WC-2014,T-71,Lee,exact:family_given
2062,South Korea,2014,Kim Young-gwon,69,"avg(68,70)",79,P-07259:WC-2014,P-07259,WC-2014,T-71,Kim,exact:family_given
2063,South Korea,2014,Yun Suk-young,68,agree,79,P-13271:WC-2014,P-13271,WC-2014,T-71,Yun,exact:family_given
2064,South Korea,2014,Jung Sung-ryong,68,"avg(67,69)",79,P-88939:WC-2014,P-88939,WC-2014,T-71,Jung,exact:family_given
2065,South Korea,2014,Lee Yong,68,"avg(74,62)",79,P-64718:WC-2014,P-64718,WC-2014,T-71,Lee,exact:family_given
2067,South Korea,2014,Lee Bum-young,66,"avg(68,63)",71,P-18963:WC-2014,P-18963,WC-2014,T-71,Lee,exact:family_given
2068,South Korea,2014,Hwang Seok-ho,63,f2-only,71,P-09632:WC-2014,P-09632,WC-2014,T-71,Hwang,exact:family_given
2132,Spain,2014,Diego Costa,84,"avg(84,83)",71,P-02231:WC-2014,P-02231,WC-2014,T-73,Costa,exact:full_name
2133,Spain,2014,Pedro Rodriguez,84,agree,71,P-78418:WC-2014,P-78418,WC-2014,T-73,Pedro,distinctive_single:pedro
2134,Spain,2014,Javi Martinez,84,f1-only,71,P-05758:WC-2014,P-05758,WC-2014,T-73,Martínez,exact:full_name
2136,Spain,2014,David de Gea,83,agree,71,P-52217:WC-2014,P-52217,WC-2014,T-73,de Gea,exact:full_name
2137,Spain,2014,Raúl Albiol,80,f1-only,71,P-24647:WC-2014,P-24647,WC-2014,T-73,Albiol,exact:full_name
2139,Spain,2014,Juanfran,79,f1-only,71,P-35157:WC-2014,P-35157,WC-2014,T-73,Juanfran,exact:common_name
2140,Spain,2014,Juan Torres,79,f2-only,71,P-71661:WC-2014,P-71661,WC-2014,T-73,Torres,distinctive_single:torres
2216,Switzerland,2014,Valentin Stocker,79,agree,71,P-00875:WC-2014,P-00875,WC-2014,T-75,Stocker,exact:full_name
2217,Switzerland,2014,Yann Sommer,79,agree,71,P-63312:WC-2014,P-63312,WC-2014,T-75,Sommer,exact:full_name
2218,Switzerland,2014,Roman Bürki,74,agree,71,P-90361:WC-2014,P-90361,WC-2014,T-75,Bürki,exact:full_name
2219,Switzerland,2014,Gelson Fernandes,73,agree,71,P-77553:WC-2014,P-77553,WC-2014,T-75,Fernandes,exact:full_name
2220,Switzerland,2014,Philippe Senderos,72,"avg(71,72)",71,P-94161:WC-2014,P-94161,WC-2014,T-75,Senderos,exact:full_name
2221,Switzerland,2014,Michael Lang,67,agree,71,P-95507:WC-2014,P-95507,WC-2014,T-75,Lang,exact:full_name
2408,United States,2014,Brad Guzan,78,agree,71,P-58476:WC-2014,P-58476,WC-2014,T-83,Guzan,exact:full_name
2409,United States,2014,Jozy Altidore,74,agree,71,P-07475:WC-2014,P-07475,WC-2014,T-83,Altidore,exact:full_name
2410,United States,2014,Aron Jóhannsson,73,agree,71,P-01169:WC-2014,P-01169,WC-2014,T-83,Jóhannsson,exact:full_name
2411,United States,2014,Nick Rimando,73,"avg(76,70)",71,P-78113:WC-2014,P-78113,WC-2014,T-83,Rimando,exact:full_name
2412,United States,2014,Chris Wondolowski,72,agree,71,P-78024:WC-2014,P-78024,WC-2014,T-83,Wondolowski,exact:full_name
2413,United States,2014,Brad Davis,71,agree,71,P-41052:WC-2014,P-41052,WC-2014,T-83,Davis,exact:full_name
2414,United States,2014,John Brooks,71,agree,71,P-41262:WC-2014,P-41262,WC-2014,T-83,Brooks,exact:full_name
2473,Uruguay,2014,Walter Gargano,75,"avg(72,77)",71,P-78735:WC-2014,P-78735,WC-2014,T-84,Gargano,exact:full_name
2474,Uruguay,2014,Diego Lugano,75,"avg(74,76)",71,P-89878:WC-2014,P-89878,WC-2014,T-84,Lugano,exact:full_name
2475,Uruguay,2014,Abel Hernández,73,"avg(72,73)",71,P-94155:WC-2014,P-94155,WC-2014,T-84,Hernández,exact:full_name
2476,Uruguay,2014,Jorge Fucile,72,agree,71,P-95196:WC-2014,P-95196,WC-2014,T-84,Fucile,exact:full_name
2477,Uruguay,2014,Martín Silva,71,agree,71,P-59802:WC-2014,P-59802,WC-2014,T-84,Silva,exact:full_name
2478,Uruguay,2014,Sebastián Coates,71,f1-only,71,P-20051:WC-2014,P-20051,WC-2014,T-84,Coates,exact:full_name
2480,Uruguay,2014,Rodrigo Muñoz,70,agree,71,P-18230:WC-2014,P-18230,WC-2014,T-84,Muñoz,exact:full_name
61,Argentina,2018,Paulo Dybala,88,"avg(88,87)",71,P-28151:WC-2018,P-28151,WC-2018,T-03,Dybala,exact:full_name
62,Argentina,2018,Lucas Biglia,83,"avg(83,82)",71,P-38647:WC-2018,P-38647,WC-2018,T-03,Biglia,exact:full_name
63,Argentina,2018,Federico Fazio,82,agree,71,P-00981:WC-2018,P-00981,WC-2018,T-03,Fazio,exact:full_name
64,Argentina,2018,Marcos Acuña,79,agree,71,P-73712:WC-2018,P-73712,WC-2018,T-03,Acuña,exact:full_name
65,Argentina,2018,Nahuel Guzmán,78,agree,71,P-18444:WC-2018,P-18444,WC-2018,T-03,Guzmán,exact:full_name
104,Australia,2018,Bradley Scott Jones,77,f1-only,71,P-84536:WC-2018,P-84536,WC-2018,T-04,Jones,distinctive_single:jones
105,Australia,2018,Brad Jones,77,f2-only,71,P-84536:WC-2018,P-84536,WC-2018,T-04,Jones,exact:full_name
106,Australia,2018,Jamie Maclaren,73,agree,71,P-20087:WC-2018,P-20087,WC-2018,T-04,Maclaren,exact:full_name
107,Australia,2018,Robbie Kruse,72,agree,72,P-45528:WC-2018,P-45528,WC-2018,T-04,Kruse,exact:full_name
108,Australia,2018,Mathew Leckie,72,agree,72,P-35837:WC-2018,P-35837,WC-2018,T-04,Leckie,exact:full_name
109,Australia,2018,Tomi Juric,71,"avg(72,70)",72,P-61256:WC-2018,P-61256,WC-2018,T-04,Juric,exact:full_name
110,Australia,2018,Tim Cahill,70,f1-only,71,P-44926:WC-2018,P-44926,WC-2018,T-04,Cahill,exact:full_name
111,Australia,2018,Daniel Vuković,70,f1-only,71,P-11675:WC-2018,P-11675,WC-2018,T-04,Vukovic,distinctive_single:vukovic
112,Australia,2018,Timothy Filiga,70,f2-only,71,P-44926:WC-2018,P-44926,WC-2018,T-04,Cahill,v4.5_qid_alias_bound
113,Australia,2018,Danny Vukovic,70,f2-only,71,P-11675:WC-2018,P-11675,WC-2018,T-04,Vukovic,exact:full_name
114,Australia,2018,Dimitri Petratos,66,agree,71,P-83198:WC-2018,P-83198,WC-2018,T-04,Petratos,exact:full_name
115,Australia,2018,Andrew Nabbout,65,agree,72,P-91329:WC-2018,P-91329,WC-2018,T-04,Nabbout,exact:full_name
116,Australia,2018,Daniel Arzani,58,agree,72,P-10167:WC-2018,P-10167,WC-2018,T-04,Arzani,exact:full_name
177,Belgium,2018,Dries Mertens,87,"avg(86,87)",88,P-84852:WC-2018,P-84852,WC-2018,T-06,Mertens,exact:full_name
178,Belgium,2018,Toby Alderweireld,86,"avg(86,85)",88,P-70547:WC-2018,P-70547,WC-2018,T-06,Alderweireld,exact:full_name
179,Belgium,2018,Jan Vertonghen,85,agree,88,P-64049:WC-2018,P-64049,WC-2018,T-06,Vertonghen,exact:full_name
180,Belgium,2018,Vincent Kompany,85,agree,88,P-95269:WC-2018,P-95269,WC-2018,T-06,Kompany,exact:full_name
181,Belgium,2018,Axel Witsel,82,agree,88,P-53048:WC-2018,P-53048,WC-2018,T-06,Witsel,exact:full_name
182,Belgium,2018,Thomas Meunier,81,agree,88,P-22930:WC-2018,P-22930,WC-2018,T-06,Meunier,exact:full_name
183,Belgium,2018,Marouane Fellaini,79,agree,88,P-63363:WC-2018,P-63363,WC-2018,T-06,Fellaini,exact:full_name
184,Belgium,2018,Nacer Chadli,78,agree,88,P-69919:WC-2018,P-69919,WC-2018,T-06,Chadli,exact:full_name
279,Brazil,2018,Ederson de Moraes,84,"avg(83,85)",71,P-89248:WC-2018,P-89248,WC-2018,T-09,Ederson,distinctive_single:ederson
280,Brazil,2018,Marcos Corrêa,84,"avg(83,84)",71,P-76060:WC-2018,P-76060,WC-2018,T-09,Marquinhos,v4.5_qid_alias_bound
281,Brazil,2018,Taison Freda,82,agree,71,P-87266:WC-2018,P-87266,WC-2018,T-09,Taison,v4.5_qid_alias_bound
282,Brazil,2018,Danilo,79,f2-only,71,P-40137:WC-2018,P-40137,WC-2018,T-09,Danilo,exact:common_name
420,Colombia,2018,Juan Cuadrado,82,agree,86,P-83216:WC-2018,P-83216,WC-2018,T-16,Cuadrado,exact:full_name
421,Colombia,2018,Davinson Sánchez,82,"avg(81,82)",86,P-38594:WC-2018,P-38594,WC-2018,T-16,Sánchez,exact:full_name
422,Colombia,2018,Juan Guillermo Cuadrado Bello,82,f1-only,86,P-83216:WC-2018,P-83216,WC-2018,T-16,Cuadrado,v4.5_local_token_subset
423,Colombia,2018,Jose Izquierdo,80,"avg(78,82)",71,P-75090:WC-2018,P-75090,WC-2018,T-16,Izquierdo,exact:full_name
424,Colombia,2018,Cristian Zapata,78,agree,71,P-78745:WC-2018,P-78745,WC-2018,T-16,Zapata,exact:full_name
425,Colombia,2018,Santiago Arias,78,"avg(77,79)",86,P-01505:WC-2018,P-01505,WC-2018,T-16,Arias,exact:full_name
426,Colombia,2018,Oscar Murillo,77,"avg(76,77)",71,P-26542:WC-2018,P-26542,WC-2018,T-16,Murillo,exact:full_name
427,Colombia,2018,Juan Quintero,77,agree,86,P-14499:WC-2018,P-14499,WC-2018,T-16,Quintero,token:full_name:total=2.00:exact=2:fuzzy=0:initial=0
428,Colombia,2018,Miguel Borja,77,f2-only,71,P-59950:WC-2018,P-59950,WC-2018,T-16,Borja,exact:full_name
429,Colombia,2018,Abel Aguilar,75,agree,71,P-76705:WC-2018,P-76705,WC-2018,T-16,Aguilar,exact:full_name
430,Colombia,2018,Camilo Vargas,75,agree,71,P-27327:WC-2018,P-27327,WC-2018,T-16,Vargas,exact:full_name
431,Colombia,2018,José Cuadrado,74,f2-only,71,P-29212:WC-2018,P-29212,WC-2018,T-16,Cuadrado,token:full_name:total=2.00:exact=2:fuzzy=0:initial=0
432,Colombia,2018,Johan Mojica,72,"avg(70,73)",86,P-07796:WC-2018,P-07796,WC-2018,T-16,Mojica,exact:full_name
482,Costa Rica,2018,Joel Campbell,77,"avg(77,76)",72,P-70812:WC-2018,P-70812,WC-2018,T-17,Campbell,exact:full_name
483,Costa Rica,2018,Kendall Waston,74,agree,71,P-37984:WC-2018,P-37984,WC-2018,T-17,Waston,exact:full_name
484,Costa Rica,2018,Christian Bolaños,71,agree,72,P-57722:WC-2018,P-57722,WC-2018,T-17,Bolaños,exact:full_name
485,Costa Rica,2018,Randall Azofeifa,71,f2-only,71,P-07614:WC-2018,P-07614,WC-2018,T-17,Azofeifa,exact:full_name
486,Costa Rica,2018,Marco Ureña,69,f2-only,72,P-11307:WC-2018,P-11307,WC-2018,T-17,Ureña,exact:full_name
487,Costa Rica,2018,Rodney Wallace,68,agree,71,P-42644:WC-2018,P-42644,WC-2018,T-17,Wallace,exact:full_name
488,Costa Rica,2018,Yeltsin Tejeda,68,agree,71,P-24978:WC-2018,P-24978,WC-2018,T-17,Tejeda,exact:full_name
489,Costa Rica,2018,Johan Venegas,68,"avg(67,68)",72,P-58669:WC-2018,P-58669,WC-2018,T-17,Venegas,exact:full_name
491,Costa Rica,2018,Ian Smith,66,f2-only,71,P-63865:WC-2018,P-63865,WC-2018,T-17,Smith,exact:full_name
492,Costa Rica,2018,Patrick Pemberton,66,f2-only,71,P-88896:WC-2018,P-88896,WC-2018,T-17,Pemberton,exact:full_name
493,Costa Rica,2018,Daniel Colindres,63,f2-only,72,P-00781:WC-2018,P-00781,WC-2018,T-17,Colindres,exact:full_name
494,Costa Rica,2018,Leonel Moreira,62,f2-only,71,P-92476:WC-2018,P-92476,WC-2018,T-17,Moreira,exact:full_name
535,Croatia,2018,Ivan Rakitić,87,agree,86,P-65979:WC-2018,P-65979,WC-2018,T-18,Rakitić,exact:full_name
536,Croatia,2018,Danijel Subašić,85,agree,86,P-25428:WC-2018,P-25428,WC-2018,T-18,Subašić,exact:full_name
537,Croatia,2018,Marcelo Brozović,83,"avg(81,85)",86,P-79215:WC-2018,P-79215,WC-2018,T-18,Brozović,exact:full_name
538,Croatia,2018,Mario Mandžukić,83,agree,86,P-25745:WC-2018,P-25745,WC-2018,T-18,Mandžukić,exact:full_name
539,Croatia,2018,Ivan Perišić,83,"avg(84,82)",86,P-93884:WC-2018,P-93884,WC-2018,T-18,Perišić,exact:full_name
540,Croatia,2018,Mateo Kovačić,82,agree,86,P-07670:WC-2018,P-07670,WC-2018,T-18,Kovačić,exact:full_name
541,Croatia,2018,Vedran Ćorluka,82,agree,86,P-08916:WC-2018,P-08916,WC-2018,T-18,Ćorluka,exact:full_name
542,Croatia,2018,Andrej Kramarić,81,agree,86,P-65182:WC-2018,P-65182,WC-2018,T-18,Kramarić,exact:full_name
543,Croatia,2018,Dejan Lovren,81,"avg(81,80)",86,P-56297:WC-2018,P-56297,WC-2018,T-18,Lovren,exact:full_name
544,Croatia,2018,Sime Vrsaljko,80,"avg(79,80)",86,P-65425:WC-2018,P-65425,WC-2018,T-18,Vrsaljko,exact:full_name
545,Croatia,2018,Josip Pivarić,79,f2-only,86,P-89420:WC-2018,P-89420,WC-2018,T-18,Pivarić,exact:full_name
546,Croatia,2018,Domagoj Vida,79,f2-only,86,P-91294:WC-2018,P-91294,WC-2018,T-18,Vida,exact:full_name
547,Croatia,2018,Milan Badelj,78,agree,86,P-77789:WC-2018,P-77789,WC-2018,T-18,Badelj,exact:full_name
548,Croatia,2018,Lovre Kalinić,77,"avg(77,76)",86,P-89113:WC-2018,P-89113,WC-2018,T-18,Kalinić,exact:full_name
549,Croatia,2018,Ivan Strinić,75,agree,86,P-86004:WC-2018,P-86004,WC-2018,T-18,Strinić,exact:full_name
550,Croatia,2018,Ante Rebić,74,"avg(72,76)",86,P-44463:WC-2018,P-44463,WC-2018,T-18,Rebić,exact:full_name
636,Denmark,2018,Christian Eriksen,88,"avg(87,88)",86,P-50104:WC-2018,P-50104,WC-2018,T-22,Eriksen,exact:full_name
637,Denmark,2018,Kasper Schmeichel,83,agree,86,P-58755:WC-2018,P-58755,WC-2018,T-22,Schmeichel,exact:full_name
638,Denmark,2018,Andreas Christensen,82,"avg(81,82)",86,P-18923:WC-2018,P-18923,WC-2018,T-22,Christensen,exact:full_name
641,Denmark,2018,Michael Krohn-Dehli,78,"avg(79,77)",71,P-71525:WC-2018,P-71525,WC-2018,T-22,Krohn-Dehli,exact:full_name
643,Denmark,2018,Viktor Fischer,76,"avg(75,76)",71,P-65946:WC-2018,P-65946,WC-2018,T-22,Fischer,exact:full_name
644,Denmark,2018,Jonas Lössl,75,agree,71,P-28357:WC-2018,P-28357,WC-2018,T-22,Lössl,exact:full_name
645,Denmark,2018,Lukas Lerager,74,agree,71,P-79590:WC-2018,P-79590,WC-2018,T-22,Lerager,exact:full_name
646,Denmark,2018,Frederik Rønnow,74,"avg(73,74)",71,P-35930:WC-2018,P-35930,WC-2018,T-22,Rønnow,exact:full_name
647,Denmark,2018,Henrik Dalsgaard,71,agree,86,P-44386:WC-2018,P-44386,WC-2018,T-22,Dalsgaard,exact:full_name
648,Denmark,2018,Jonas Knudsen,70,"avg(69,71)",71,P-09856:WC-2018,P-09856,WC-2018,T-22,Knudsen,exact:full_name
649,Denmark,2018,William Vitved Kvist Jørgensen,70,f1-only,71,P-93951:WC-2018,P-93951,WC-2018,T-22,Kvist,v4.5_local_token_subset
713,Egypt,2018,Ahmed Hegazi,78,f2-only,79,P-81689:WC-2018,P-81689,WC-2018,T-26,Hegazi,exact:full_name
714,Egypt,2018,Mohamed Abdel-Shafy,74,f2-only,79,P-29161:WC-2018,P-29161,WC-2018,T-26,Abdel Shafy,exact:full_name
716,Egypt,2018,Essam El Hadary,73,"avg(70,75)",79,P-32448:WC-2018,P-32448,WC-2018,T-26,El Hadary,exact:full_name
718,Egypt,2018,Ali Gabr,71,"avg(67,74)",79,P-83293:WC-2018,P-83293,WC-2018,T-26,Gabr,exact:full_name
721,Egypt,2018,Mohamed El Shenawy,67,f2-only,79,P-86080:WC-2018,P-86080,WC-2018,T-26,El Shenawy,exact:full_name
749,England,2018,Alli,84,"avg(84,83)",88,P-83363:WC-2018,P-83363,WC-2018,T-28,Alli,exact:common_name
750,England,2018,Kyle Walker,83,agree,88,P-74071:WC-2018,P-74071,WC-2018,T-28,Walker,exact:full_name
751,England,2018,Gary Cahill,83,"avg(84,81)",72,P-56280:WC-2018,P-56280,WC-2018,T-28,Cahill,exact:full_name
752,England,2018,Rose,82,"avg(82,81)",88,P-48480:WC-2018,P-48480,WC-2018,T-28,Rose,exact:common_name
754,England,2018,Eric Dier,81,"avg(82,80)",88,P-31219:WC-2018,P-31219,WC-2018,T-28,Dier,exact:full_name
755,England,2018,Jesse Lingard,81,"avg(78,83)",88,P-63620:WC-2018,P-63620,WC-2018,T-28,Lingard,exact:full_name
756,England,2018,Jack Butland,81,agree,72,P-38372:WC-2018,P-38372,WC-2018,T-28,Butland,exact:full_name
757,England,2018,Jordan Pickford,80,"avg(77,82)",88,P-70618:WC-2018,P-70618,WC-2018,T-28,Pickford,exact:full_name
758,England,2018,John Stones,80,"avg(79,80)",88,P-92628:WC-2018,P-92628,WC-2018,T-28,Stones,exact:full_name
759,England,2018,Welbeck,80,"avg(80,79)",72,P-50943:WC-2018,P-50943,WC-2018,T-28,Welbeck,exact:common_name
760,England,2018,Kieran Trippier,79,"avg(78,80)",88,P-25937:WC-2018,P-25937,WC-2018,T-28,Trippier,exact:full_name
761,England,2018,Fabian Delph,78,"avg(77,79)",88,P-16053:WC-2018,P-16053,WC-2018,T-28,Delph,exact:full_name
762,England,2018,Ashley Young,77,"avg(75,79)",88,P-09246:WC-2018,P-09246,WC-2018,T-28,Young,exact:full_name
763,England,2018,Harry Maguire,77,f1-only,88,P-02465:WC-2018,P-02465,WC-2018,T-28,Maguire,exact:full_name
764,England,2018,Trent Alexander-Arnold,73,"avg(69,76)",72,P-05318:WC-2018,P-05318,WC-2018,T-28,Alexander-Arnold,exact:full_name
765,England,2018,Pope,73,"avg(68,78)",72,P-89070:WC-2018,P-89070,WC-2018,T-28,Pope,exact:common_name
822,France,2018,Hugo Lloris,88,agree,88,P-30711:WC-2018,P-30711,WC-2018,T-30,Lloris,exact:full_name
823,France,2018,N Kanté,88,"avg(87,88)",88,P-98287:WC-2018,P-98287,WC-2018,T-30,Kanté,mononym:common_name
824,France,2018,Blaise Matuidi,85,agree,88,P-04964:WC-2018,P-04964,WC-2018,T-30,Matuidi,exact:full_name
825,France,2018,Raphaël Varane,85,agree,88,P-42326:WC-2018,P-42326,WC-2018,T-30,Varane,exact:full_name
826,France,2018,Samuel Umtiti,84,"avg(83,84)",88,P-67297:WC-2018,P-67297,WC-2018,T-30,Umtiti,exact:full_name
827,France,2018,Steven Nzonzi,83,agree,88,P-69451:WC-2018,P-69451,WC-2018,T-30,Nzonzi,exact:full_name
828,France,2018,Steve Mandanda,82,agree,88,P-69594:WC-2018,P-69594,WC-2018,T-30,Mandanda,exact:full_name
829,France,2018,Corentin Tolisso,82,agree,88,P-54461:WC-2018,P-54461,WC-2018,T-30,Tolisso,exact:full_name
831,France,2018,Benjamin Pavard,75,"avg(72,77)",88,P-60652:WC-2018,P-60652,WC-2018,T-30,Pavard,exact:full_name
900,Germany,2018,Mesut Özil,88,agree,72,P-12818:WC-2018,P-12818,WC-2018,T-31,Özil,exact:full_name
901,Germany,2018,Marc-Andre ter Stegen,85,agree,71,P-03367:WC-2018,P-03367,WC-2018,T-31,ter Stegen,exact:full_name
902,Germany,2018,Niklas Süle,84,"avg(83,84)",71,P-48737:WC-2018,P-48737,WC-2018,T-31,Süle,exact:full_name
903,Germany,2018,Julian Draxler,84,agree,72,P-21524:WC-2018,P-21524,WC-2018,T-31,Draxler,exact:full_name
904,Germany,2018,Sami Khedira,84,agree,72,P-13029:WC-2018,P-13029,WC-2018,T-31,Khedira,exact:full_name
905,Germany,2018,Timo Werner,83,"avg(82,83)",72,P-19339:WC-2018,P-19339,WC-2018,T-31,Werner,exact:full_name
906,Germany,2018,Leon Goretzka,83,"avg(82,83)",71,P-79409:WC-2018,P-79409,WC-2018,T-31,Goretzka,exact:full_name
907,Germany,2018,Antonio Rüdiger,82,agree,71,P-51201:WC-2018,P-51201,WC-2018,T-31,Rüdiger,exact:full_name
908,Germany,2018,Kevin Trapp,82,agree,71,P-81947:WC-2018,P-81947,WC-2018,T-31,Trapp,exact:full_name
910,Germany,2018,Sebastian Rudy,81,agree,71,P-62162:WC-2018,P-62162,WC-2018,T-31,Rudy,exact:full_name
911,Germany,2018,Marvin Plattenhardt,78,agree,71,P-69785:WC-2018,P-69785,WC-2018,T-31,Plattenhardt,exact:full_name
1031,Iceland,2018,Jón Böðvarsson,72,"avg(69,74)",71,P-31941:WC-2018,P-31941,WC-2018,T-37,Böðvarsson,token:full_name:total=3.00:exact=3:fuzzy=0:initial=0
1032,Iceland,2018,Arnór Traustason,71,"avg(70,71)",71,P-48976:WC-2018,P-48976,WC-2018,T-37,Traustason,token:full_name:total=2.00:exact=2:fuzzy=0:initial=0
1033,Iceland,2018,Albert Guðmundsson,66,"avg(66,65)",71,P-69192:WC-2018,P-69192,WC-2018,T-37,Guðmundsson,exact:full_name
1034,Iceland,2018,Frederik Schram,66,f2-only,71,P-93803:WC-2018,P-93803,WC-2018,T-37,Schram,exact:full_name
1035,Iceland,2018,Rúnar Rúnarsson,65,"avg(64,66)",71,P-77257:WC-2018,P-77257,WC-2018,T-37,Rúnarsson,token:full_name:total=2.00:exact=2:fuzzy=0:initial=0
1058,Iran,2018,Sardar Azmoun,77,agree,72,P-09113:WC-2018,P-09113,WC-2018,T-38,Azmoun,exact:full_name
1059,Iran,2018,Alireza Jahanbakhsh,75,agree,72,P-98775:WC-2018,P-98775,WC-2018,T-38,Jahanbakhsh,exact:full_name
1060,Iran,2018,Mehdi Taremi,74,f2-only,72,P-85860:WC-2018,P-85860,WC-2018,T-38,Taremi,exact:full_name
1061,Iran,2018,Saman Ghoddos,72,"avg(71,72)",72,P-87786:WC-2018,P-87786,WC-2018,T-38,Ghoddos,exact:full_name
1065,Iran,2018,Amir Abedzadeh,65,"avg(62,68)",71,P-80505:WC-2018,P-80505,WC-2018,T-38,Abedzadeh,exact:full_name
1066,Iran,2018,Mohammad Mazaheri,62,f2-only,71,P-29185:WC-2018,P-29185,WC-2018,T-38,Mazaheri,token:full_name:total=2.00:exact=2:fuzzy=0:initial=0
1067,Iran,2018,Roozbeh Cheshmi,60,f2-only,71,P-98747:WC-2018,P-98747,WC-2018,T-38,Cheshmi,token:full_name:total=1.82:exact=1:fuzzy=1:initial=0
1213,Japan,2018,Shinji Kagawa,83,f2-only,79,P-36964:WC-2018,P-36964,WC-2018,T-44,Kagawa,exact:full_name
1214,Japan,2018,Keisuke Honda,79,f2-only,79,P-33175:WC-2018,P-33175,WC-2018,T-44,Honda,exact:full_name
1215,Japan,2018,Takashi Inui,78,f2-only,79,P-89984:WC-2018,P-89984,WC-2018,T-44,Inui,exact:full_name
1216,Japan,2018,Hiroki Sakai,77,f2-only,79,P-56398:WC-2018,P-56398,WC-2018,T-44,Sakai,exact:full_name
1217,Japan,2018,Makoto Hasebe,77,f2-only,79,P-91793:WC-2018,P-91793,WC-2018,T-44,Hasebe,exact:full_name
1218,Japan,2018,Yoshinori Muto,76,f2-only,71,P-36278:WC-2018,P-36278,WC-2018,T-44,Muto,exact:full_name
1220,Japan,2018,Gaku Shibasaki,75,f2-only,79,P-99817:WC-2018,P-99817,WC-2018,T-44,Shibasaki,exact:full_name
1221,Japan,2018,Yuya Osako,75,f2-only,79,P-23371:WC-2018,P-23371,WC-2018,T-44,Osako,exact:full_name
1222,Japan,2018,Maya Yoshida,75,f2-only,79,P-89321:WC-2018,P-89321,WC-2018,T-44,Yoshida,exact:full_name
1223,Japan,2018,Genki Haraguchi,74,f2-only,79,P-54138:WC-2018,P-54138,WC-2018,T-44,Haraguchi,exact:full_name
1224,Japan,2018,Eiji Kawashima,74,f2-only,79,P-53272:WC-2018,P-53272,WC-2018,T-44,Kawashima,exact:full_name
1225,Japan,2018,Yuto Nagatomo,74,f2-only,79,P-26303:WC-2018,P-26303,WC-2018,T-44,Nagatomo,exact:full_name
1226,Japan,2018,Gotoku Sakai,74,f2-only,71,P-62769:WC-2018,P-62769,WC-2018,T-44,Sakai,exact:full_name
1227,Japan,2018,Gen Shoji,73,f2-only,79,P-46176:WC-2018,P-46176,WC-2018,T-44,Shoji,exact:full_name
1228,Japan,2018,Masaaki Higashiguchi,72,f2-only,71,P-11411:WC-2018,P-11411,WC-2018,T-44,Higashiguchi,exact:full_name
1229,Japan,2018,Kosuke Nakamura,71,f2-only,71,P-20127:WC-2018,P-20127,WC-2018,T-44,Nakamura,exact:full_name
1230,Japan,2018,Tomoaki Makino,71,f2-only,71,P-76596:WC-2018,P-76596,WC-2018,T-44,Makino,exact:full_name
1313,Mexico,2018,Jonathan dos Santos,80,agree,71,P-09951:WC-2018,P-09951,WC-2018,T-46,dos Santos,exact:full_name
1314,Mexico,2018,Andrés Guardado,80,agree,79,P-40312:WC-2018,P-40312,WC-2018,T-46,Guardado,exact:full_name
1315,Mexico,2018,Héctor Moreno,80,agree,79,P-21208:WC-2018,P-21208,WC-2018,T-46,Moreno,exact:full_name
1316,Mexico,2018,Marco Fabián,79,agree,71,P-36687:WC-2018,P-36687,WC-2018,T-46,Fabián,exact:full_name
1317,Mexico,2018,Giovani dos Santos,79,agree,71,P-77047:WC-2018,P-77047,WC-2018,T-46,dos Santos,exact:full_name
1318,Mexico,2018,Miguel Layún,78,agree,79,P-10063:WC-2018,P-10063,WC-2018,T-46,Layún,exact:full_name
1321,Mexico,2018,José Corona,76,agree,71,P-05120:WC-2018,P-05120,WC-2018,T-46,de Jesús Corona,token:full_name:total=2.00:exact=2:fuzzy=0:initial=0
1322,Mexico,2018,Rafael Álvarez,73,f2-only,79,P-26546:WC-2018,P-26546,WC-2018,T-46,Álvarez,distinctive_single:alvarez
1323,Mexico,2018,Jesús Gallardo,72,agree,79,P-80088:WC-2018,P-80088,WC-2018,T-46,Gallardo,exact:full_name
1349,Morocco,2018,Younes Belhanda,81,"avg(81,80)",74,P-64125:WC-2018,P-64125,WC-2018,T-47,Belhanda,exact:full_name
1350,Morocco,2018,Hakim Ziyech,81,agree,74,P-70715:WC-2018,P-70715,WC-2018,T-47,Ziyech,exact:full_name
1351,Morocco,2018,Karim El Ahmadi,80,agree,74,P-62364:WC-2018,P-62364,WC-2018,T-47,El Ahmadi,exact:full_name
1353,Morocco,2018,Nordin Amrabat,78,f2-only,74,P-37696:WC-2018,P-37696,WC-2018,T-47,Amrabat,exact:full_name
1354,Morocco,2018,Mbark Boussoufa,77,f2-only,74,P-46553:WC-2018,P-46553,WC-2018,T-47,Boussoufa,exact:full_name
1355,Morocco,2018,Mehdi Carcela-Gonzalez,76,"avg(77,74)",71,P-54137:WC-2018,P-54137,WC-2018,T-47,Carcela,distinctive_single:carcela
1356,Morocco,2018,Sofyan Amrabat,74,agree,71,P-71023:WC-2018,P-71023,WC-2018,T-47,Amrabat,exact:full_name
1357,Morocco,2018,Amine Harit,73,"avg(71,75)",71,P-87199:WC-2018,P-87199,WC-2018,T-47,Harit,exact:full_name
1358,Morocco,2018,Ahmed Tagnaouti,72,f2-only,71,P-88869:WC-2018,P-88869,WC-2018,T-47,Tagnaouti,token:full_name:total=2.00:exact=2:fuzzy=0:initial=0
1359,Morocco,2018,Yassine Bounou,71,"avg(71,70)",71,P-50688:WC-2018,P-50688,WC-2018,T-47,Bounou,exact:full_name
1515,Nigeria,2018,Victor Moses,79,agree,79,P-26900:WC-2018,P-26900,WC-2018,T-50,Moses,exact:full_name
1516,Nigeria,2018,Ahmed Musa,76,"avg(76,75)",79,P-19591:WC-2018,P-19591,WC-2018,T-50,Musa,exact:full_name
1517,Nigeria,2018,Leon Balogun,75,"avg(75,74)",79,P-65978:WC-2018,P-65978,WC-2018,T-50,Balogun,exact:full_name
1518,Nigeria,2018,William Troost-Ekong,72,"avg(71,72)",79,P-15870:WC-2018,P-15870,WC-2018,T-50,Troost-Ekong,exact:full_name
1519,Nigeria,2018,Brian Idowu,70,f2-only,79,P-01347:WC-2018,P-01347,WC-2018,T-50,Idowu,exact:full_name
1520,Nigeria,2018,Francis Uzoho,68,f2-only,79,P-07594:WC-2018,P-07594,WC-2018,T-50,Uzoho,exact:full_name
1543,Panama,2018,Adolfo Machado,71,agree,71,P-77892:WC-2018,P-77892,WC-2018,T-54,Machado,exact:full_name
1544,Panama,2018,Gabriel Torres,68,agree,72,P-78106:WC-2018,P-78106,WC-2018,T-54,Torres,exact:full_name
1545,Panama,2018,Gabriel Arturo Torres Tejada,68,f1-only,72,P-78106:WC-2018,P-78106,WC-2018,T-54,Torres,v4.5_local_token_subset
1546,Panama,2018,Armando Cooper,67,agree,72,P-06696:WC-2018,P-06696,WC-2018,T-54,Cooper,exact:full_name
1547,Panama,2018,Harold Cummings,66,agree,71,P-53385:WC-2018,P-53385,WC-2018,T-54,Cummings,exact:full_name
1548,Panama,2018,Ismael Díaz,66,f2-only,71,P-09945:WC-2018,P-09945,WC-2018,T-54,Díaz,exact:full_name
1549,Panama,2018,Abdiel Arroyo,66,f2-only,72,P-52444:WC-2018,P-52444,WC-2018,T-54,Arroyo,exact:full_name
1550,Panama,2018,Blas Pérez,66,f2-only,72,P-76850:WC-2018,P-76850,WC-2018,T-54,Pérez,exact:full_name
1551,Panama,2018,Luis Tejada,66,f2-only,72,P-03144:WC-2018,P-03144,WC-2018,T-54,Tejada,exact:full_name
1552,Panama,2018,Ricardo Ávila,66,f2-only,72,P-67176:WC-2018,P-67176,WC-2018,T-54,Ávila,exact:full_name
1553,Panama,2018,Felipe Baloy,64,f2-only,71,P-76368:WC-2018,P-76368,WC-2018,T-54,Baloy,exact:full_name
1555,Panama,2018,Jose Rodríguez,64,f2-only,71,P-34448:WC-2018,P-34448,WC-2018,T-54,Rodríguez,token:full_name:total=2.00:exact=2:fuzzy=0:initial=0
1556,Panama,2018,Luis Ovalle,57,agree,71,P-22016:WC-2018,P-22016,WC-2018,T-54,Ovalle,exact:full_name
1636,Poland,2018,Arkadiusz Milik,80,"avg(79,80)",71,P-12381:WC-2018,P-12381,WC-2018,T-57,Milik,exact:full_name
1637,Poland,2018,Jakub Błaszczykowski,77,"avg(76,77)",71,P-57494:WC-2018,P-57494,WC-2018,T-57,Błaszczykowski,exact:full_name
1638,Poland,2018,Bartosz Białkowski,74,"avg(74,73)",71,P-40292:WC-2018,P-40292,WC-2018,T-57,Białkowski,exact:full_name
1639,Poland,2018,Artur Jędrzejczyk,74,"avg(73,74)",71,P-61813:WC-2018,P-61813,WC-2018,T-57,Jędrzejczyk,exact:full_name
1640,Poland,2018,Thiago Cionek,71,agree,71,P-40820:WC-2018,P-40820,WC-2018,T-57,Cionek,exact:full_name
1641,Poland,2018,Sławomir Peszko,70,"avg(69,70)",71,P-27417:WC-2018,P-27417,WC-2018,T-57,Peszko,exact:full_name
1642,Poland,2018,Rafał Kurzawa,67,"avg(66,68)",71,P-09584:WC-2018,P-09584,WC-2018,T-57,Kurzawa,exact:full_name
1701,Portugal,2018,Anthony Lopes,83,agree,71,P-93586:WC-2018,P-93586,WC-2018,T-58,Lopes,exact:full_name
1702,Portugal,2018,Gelson Martins,81,agree,71,P-63951:WC-2018,P-63951,WC-2018,T-58,Martins,exact:full_name
1703,Portugal,2018,Manuel Fernandes,80,agree,71,P-99900:WC-2018,P-99900,WC-2018,T-58,Fernandes,exact:full_name
1704,Portugal,2018,Ricardo Pereira,80,agree,71,P-35081:WC-2018,P-35081,WC-2018,T-58,Pereira,exact:full_name
1755,Russia,2018,Mário Fernandes,81,agree,79,P-17872:WC-2018,P-17872,WC-2018,T-62,Fernandes,exact:full_name
1756,Russia,2018,Igor Akinfeev,80,"avg(79,80)",79,P-95453:WC-2018,P-95453,WC-2018,T-62,Akinfeev,exact:full_name
1757,Russia,2018,Aleksandr Samedov,80,"avg(79,80)",79,P-06356:WC-2018,P-06356,WC-2018,T-62,Samedov,exact:full_name
1758,Russia,2018,Igor Smolnikov,79,"avg(80,78)",71,P-64597:WC-2018,P-64597,WC-2018,T-62,Smolnikov,exact:full_name
1759,Russia,2018,Artem Dzyuba,78,agree,79,P-37840:WC-2018,P-37840,WC-2018,T-62,Dzyuba,exact:full_name
1760,Russia,2018,Aleksandr Golovin,78,"avg(76,79)",79,P-22778:WC-2018,P-22778,WC-2018,T-62,Golovin,exact:full_name
1761,Russia,2018,Sergey Ignashevich,78,"avg(78,77)",79,P-79763:WC-2018,P-79763,WC-2018,T-62,Ignashevich,token:full_name:total=1.82:exact=1:fuzzy=1:initial=0
1762,Russia,2018,Roman Zobnin,78,"avg(77,78)",79,P-05922:WC-2018,P-05922,WC-2018,T-62,Zobnin,exact:full_name
1764,Russia,2018,Denis Cheryshev,77,"avg(78,76)",79,P-43675:WC-2018,P-43675,WC-2018,T-62,Cheryshev,exact:full_name
1765,Russia,2018,Aleksey Miranchuk,77,"avg(74,79)",71,P-11064:WC-2018,P-11064,WC-2018,T-62,Miranchuk,token:full_name:total=1.82:exact=1:fuzzy=1:initial=0
1766,Russia,2018,Daler Kuzyayev,77,f2-only,79,P-17415:WC-2018,P-17415,WC-2018,T-62,Kuzyayev,exact:full_name
1767,Russia,2018,Yuriy Gazinskiy,75,f2-only,79,P-20571:WC-2018,P-20571,WC-2018,T-62,Gazinsky,distinctive_single:gazinskiy
1768,Russia,2018,Fedor Kudryashov,74,"avg(73,74)",79,P-47851:WC-2018,P-47851,WC-2018,T-62,Kudryashov,distinctive_single:kudryashov
1769,Russia,2018,Vladimir Gabulov,74,agree,71,P-33785:WC-2018,P-33785,WC-2018,T-62,Gabulov,exact:full_name
1770,Russia,2018,Ilya Kutepov,73,agree,79,P-82792:WC-2018,P-82792,WC-2018,T-62,Kutepov,exact:full_name
1771,Russia,2018,Vladimir Granat,72,agree,71,P-11462:WC-2018,P-11462,WC-2018,T-62,Granat,exact:full_name
1792,Saudi Arabia,2018,Salman Al Faraj,75,"avg(74,75)",79,P-93688:WC-2018,P-93688,WC-2018,T-63,Al-Faraj,exact:full_name
1793,Saudi Arabia,2018,Osama Hawsawi,75,agree,79,P-95345:WC-2018,P-95345,WC-2018,T-63,Hawsawi,exact:full_name
1794,Saudi Arabia,2018,Yasir Gharsan Al-Shahrani,74,f1-only,79,P-45457:WC-2018,P-45457,WC-2018,T-63,Al-Shahrani,distinctive_single:shahrani
1795,Saudi Arabia,2018,Taisir Jabir Al Jassim,74,f1-only,72,P-66636:WC-2018,P-66636,WC-2018,T-63,Al-Jassim,distinctive_single:jassim
1796,Saudi Arabia,2018,Yasser Al Shahrani,74,f2-only,79,P-45457:WC-2018,P-45457,WC-2018,T-63,Al-Shahrani,exact:full_name
1797,Saudi Arabia,2018,Taiseer Al Jassam,74,f2-only,72,P-66636:WC-2018,P-66636,WC-2018,T-63,Al-Jassim,distinctive_single:jassam
1798,Saudi Arabia,2018,Mohammed Al Owais,73,"avg(73,72)",79,P-85438:WC-2018,P-85438,WC-2018,T-63,Al-Owais,exact:full_name
1799,Saudi Arabia,2018,Fahad Al Muwallad,73,"avg(74,72)",72,P-24301:WC-2018,P-24301,WC-2018,T-63,Al-Muwallad,exact:full_name
1800,Saudi Arabia,2018,Mohammad Ibrahim Mohammad Al-Sahlawi,73,f1-only,72,P-83734:WC-2018,P-83734,WC-2018,T-63,Al-Sahlawi,distinctive_single:sahlawi
1801,Saudi Arabia,2018,Mohammed Al Sahlawi,73,f2-only,72,P-83734:WC-2018,P-83734,WC-2018,T-63,Al-Sahlawi,token:full_name:total=1.82:exact=1:fuzzy=1:initial=0
1802,Saudi Arabia,2018,Yasser Al Mosailem,71,"avg(71,70)",79,P-40442:WC-2018,P-40442,WC-2018,T-63,Al-Mosailem,exact:full_name
1803,Saudi Arabia,2018,Housain Ali Jassim Al-Mogahwi,71,f1-only,72,P-77853:WC-2018,P-77853,WC-2018,T-63,Al-Mogahwi,v4.5_local_token_subset
1805,Saudi Arabia,2018,Hussain Al Moqahwi,71,f2-only,72,P-77853:WC-2018,P-77853,WC-2018,T-63,Al-Mogahwi,distinctive_single:moqahwi
1806,Saudi Arabia,2018,Yehya Sulaiman Ali Al-Shehri,70,f1-only,72,P-23568:WC-2018,P-23568,WC-2018,T-63,Al-Shehri,distinctive_single:shehri
1807,Saudi Arabia,2018,Abdullah Al Mayoof,70,f2-only,79,P-61496:WC-2018,P-61496,WC-2018,T-63,Al-Mayouf,token:full_name:total=1.82:exact=1:fuzzy=1:initial=0
1808,Saudi Arabia,2018,Yahia Al Shehri,70,f2-only,72,P-23568:WC-2018,P-23568,WC-2018,T-63,Al-Shehri,distinctive_single:shehri
1810,Saudi Arabia,2018,Muhannad Asiri,67,f2-only,72,P-36522:WC-2018,P-36522,WC-2018,T-63,Assiri,token:full_name:total=1.82:exact=1:fuzzy=1:initial=0
1883,Senegal,2018,Mame Diouf,76,"avg(77,74)",72,P-29136:WC-2018,P-29136,WC-2018,T-65,Diouf,token:full_name:total=2.00:exact=2:fuzzy=0:initial=0
1884,Senegal,2018,Badou Ndiaye,76,f2-only,71,P-15988:WC-2018,P-15988,WC-2018,T-65,Ndiaye,exact:full_name
1885,Senegal,2018,Diafra Sakho,75,agree,71,P-22102:WC-2018,P-22102,WC-2018,T-65,Sakho,exact:full_name
1886,Senegal,2018,Doye,75,"avg(76,74)",72,P-51960:WC-2018,P-51960,WC-2018,T-65,N'Doye,mononym:common_name
1887,Senegal,2018,Moussa Sow,75,f2-only,71,P-38799:WC-2018,P-38799,WC-2018,T-65,Sow,exact:full_name
1888,Senegal,2018,Ismaila Sarr,74,"avg(73,74)",72,P-37935:WC-2018,P-37935,WC-2018,T-65,Sarr,exact:full_name
1889,Senegal,2018,Pape Konaté,74,agree,72,P-94596:WC-2018,P-94596,WC-2018,T-65,Konaté,distinctive_single:konate
1890,Senegal,2018,Alfred Gomis,72,"avg(73,70)",71,P-53694:WC-2018,P-53694,WC-2018,T-65,Gomis,exact:full_name
1891,Senegal,2018,Abdoulaye Diallo,70,agree,71,P-44035:WC-2018,P-44035,WC-2018,T-65,Diallo,exact:full_name
1892,Senegal,2018,Lamine Gassama,70,"avg(68,71)",71,P-35711:WC-2018,P-35711,WC-2018,T-65,Gassama,exact:full_name
1929,Serbia,2018,Nemanja Matić,84,"avg(83,84)",74,P-66184:WC-2018,P-66184,WC-2018,T-66,Matić,exact:full_name
1930,Serbia,2018,Sergej Milinković-Savić,82,"avg(80,83)",74,P-27744:WC-2018,P-27744,WC-2018,T-66,Milinković-Savić,exact:full_name
1931,Serbia,2018,Adem Ljajić,79,"avg(79,78)",74,P-45505:WC-2018,P-45505,WC-2018,T-66,Ljajić,exact:full_name
1932,Serbia,2018,Dusan Tadić,79,"avg(80,78)",74,P-33390:WC-2018,P-33390,WC-2018,T-66,Tadić,exact:full_name
1933,Serbia,2018,Andrija Živković,78,"avg(77,79)",71,P-58363:WC-2018,P-58363,WC-2018,T-66,Živković,exact:full_name
1934,Serbia,2018,Filip Kostić,77,"avg(78,76)",74,P-80738:WC-2018,P-80738,WC-2018,T-66,Kostić,exact:full_name
1936,Serbia,2018,Marko Dmitrović,74,agree,71,P-72770:WC-2018,P-72770,WC-2018,T-66,Dmitrović,exact:full_name
1937,Serbia,2018,Aleksandar Prijović,74,agree,71,P-40618:WC-2018,P-40618,WC-2018,T-66,Prijović,exact:full_name
1938,Serbia,2018,Milos Veljković,74,"avg(73,74)",71,P-30283:WC-2018,P-30283,WC-2018,T-66,Veljković,exact:full_name
1939,Serbia,2018,Luka Jović,72,"avg(70,74)",71,P-62033:WC-2018,P-62033,WC-2018,T-66,Jović,exact:full_name
1940,Serbia,2018,Predrag Rajković,69,f2-only,71,P-35773:WC-2018,P-35773,WC-2018,T-66,Rajković,exact:full_name
2069,South Korea,2018,Ki Sung-yueng,78,f2-only,72,P-48433:WC-2018,P-48433,WC-2018,T-71,Ki,exact:family_given
2070,South Korea,2018,Koo Ja-cheol,76,f2-only,72,P-47440:WC-2018,P-47440,WC-2018,T-71,Koo,exact:family_given
2071,South Korea,2018,Kim Shin-wook,74,f2-only,71,P-15736:WC-2018,P-15736,WC-2018,T-71,Kim,exact:family_given
2072,South Korea,2018,Park Joo-ho,73,f2-only,71,P-16489:WC-2018,P-16489,WC-2018,T-71,Park,exact:family_given
2073,South Korea,2018,Kim Jin-hyeon,72,f2-only,71,P-29757:WC-2018,P-29757,WC-2018,T-71,Kim,exact:family_given
2074,South Korea,2018,Yun Young-sun,72,f2-only,71,P-18598:WC-2018,P-18598,WC-2018,T-71,Yun,exact:family_given
2075,South Korea,2018,Hwang Hee-chan,71,f2-only,72,P-58692:WC-2018,P-58692,WC-2018,T-71,Hwang,exact:family_given
2076,South Korea,2018,Ju Se-jong,71,f2-only,72,P-09338:WC-2018,P-09338,WC-2018,T-71,Ju,exact:family_given
2077,South Korea,2018,Kim Seung-gyu,71,f2-only,71,P-42523:WC-2018,P-42523,WC-2018,T-71,Kim,exact:family_given
2079,South Korea,2018,Go Yo-han,69,f2-only,71,P-26566:WC-2018,P-26566,WC-2018,T-71,Go,exact:family_given
2081,South Korea,2018,Lee Seung-woo,68,f2-only,72,P-02947:WC-2018,P-02947,WC-2018,T-71,Lee,exact:family_given
2082,South Korea,2018,Moon Seon-min,67,f2-only,72,P-34018:WC-2018,P-34018,WC-2018,T-71,Moon,exact:family_given
2167,Sweden,2018,Emil Forsberg,83,agree,85,P-04686:WC-2018,P-04686,WC-2018,T-74,Forsberg,exact:full_name
2168,Sweden,2018,Andreas Granqvist,80,agree,85,P-34998:WC-2018,P-34998,WC-2018,T-74,Granqvist,exact:full_name
2169,Sweden,2018,Victor Lindelöf,79,agree,85,P-31431:WC-2018,P-31431,WC-2018,T-74,Lindelöf,exact:full_name
2170,Sweden,2018,Ola Toivonen,75,agree,85,P-10221:WC-2018,P-10221,WC-2018,T-74,Toivonen,exact:full_name
2171,Sweden,2018,Robin Olsen,75,"avg(74,76)",85,P-26943:WC-2018,P-26943,WC-2018,T-74,Olsen,exact:full_name
2172,Sweden,2018,Ludwig Augustinsson,74,"avg(73,74)",85,P-30993:WC-2018,P-30993,WC-2018,T-74,Augustinsson,exact:full_name
2173,Sweden,2018,Mikael Lustig,74,"avg(73,74)",85,P-29833:WC-2018,P-29833,WC-2018,T-74,Lustig,exact:full_name
2222,Switzerland,2018,Xherdan Shaqiri,82,agree,86,P-39460:WC-2018,P-39460,WC-2018,T-75,Shaqiri,exact:full_name
2223,Switzerland,2018,Granit Xhaka,82,agree,86,P-77224:WC-2018,P-77224,WC-2018,T-75,Xhaka,exact:full_name
2225,Switzerland,2018,Blerim Džemaili,78,agree,86,P-35818:WC-2018,P-35818,WC-2018,T-75,Džemaili,exact:full_name
2226,Switzerland,2018,Manuel Akanji,74,"avg(72,75)",86,P-23925:WC-2018,P-23925,WC-2018,T-75,Akanji,exact:full_name
2310,Tunisia,2018,Yohan Benalouane,75,agree,71,P-03191:WC-2018,P-03191,WC-2018,T-79,Benalouane,exact:full_name
2311,Tunisia,2018,Mohamed Ben Amor,72,f2-only,71,P-21962:WC-2018,P-21962,WC-2018,T-79,Ben Amor,token:full_name:total=3.00:exact=3:fuzzy=0:initial=0
2312,Tunisia,2018,Ghaylene Chaalali,72,f2-only,71,P-09569:WC-2018,P-09569,WC-2018,T-79,Chaalali,token:full_name:total=1.82:exact=1:fuzzy=1:initial=0
2313,Tunisia,2018,Rami Bedoui,70,f2-only,71,P-96029:WC-2018,P-96029,WC-2018,T-79,Bedoui,exact:full_name
2314,Tunisia,2018,Saif-Eddine Khaoui,70,f2-only,71,P-14196:WC-2018,P-14196,WC-2018,T-79,Khaoui,exact:full_name
2315,Tunisia,2018,Bassem Srarfi,68,agree,71,P-77301:WC-2018,P-77301,WC-2018,T-79,Srarfi,exact:full_name
2316,Tunisia,2018,Ahmed Khalil,68,f2-only,71,P-12859:WC-2018,P-12859,WC-2018,T-79,Khalil,exact:full_name
2317,Tunisia,2018,Saber Khalifa,68,f2-only,71,P-02778:WC-2018,P-02778,WC-2018,T-79,Khalifa,exact:full_name
2318,Tunisia,2018,Oussama Haddadi,67,"avg(66,67)",71,P-88818:WC-2018,P-88818,WC-2018,T-79,Haddadi,exact:full_name
2481,Uruguay,2018,Matías Vecino,79,"avg(78,79)",82,P-46785:WC-2018,P-46785,WC-2018,T-84,Vecino,exact:full_name
2483,Uruguay,2018,Cristian Rodríguez,75,agree,82,P-14180:WC-2018,P-14180,WC-2018,T-84,Rodríguez,exact:full_name
2485,Uruguay,2018,Nahitan Nández,73,"avg(70,76)",82,P-85532:WC-2018,P-85532,WC-2018,T-84,Nández,exact:full_name
66,Argentina,2022,Marcos Acuña,85,agree,88,P-73712:WC-2022,P-73712,WC-2022,T-03,Acuña,exact:full_name
67,Argentina,2022,Rodrigo De Paul,84,agree,88,P-37314:WC-2022,P-37314,WC-2022,T-03,De Paul,exact:full_name
68,Argentina,2022,Ángel Di María,84,agree,88,P-42113:WC-2022,P-42113,WC-2022,T-03,Di María,exact:full_name
69,Argentina,2022,Cristian Romero,83,agree,88,P-79650:WC-2022,P-79650,WC-2022,T-03,Romero,exact:full_name
70,Argentina,2022,Nicolas Gonzalo,82,"avg(81,82)",88,P-49114:WC-2022,P-49114,WC-2022,T-03,Otamendi,v4.5_qid_alias_bound
71,Argentina,2022,Lisandro Martínez,81,agree,88,P-23070:WC-2022,P-23070,WC-2022,T-03,Martínez,exact:full_name
72,Argentina,2022,Nicolas Tagliafico,81,agree,88,P-35173:WC-2022,P-35173,WC-2022,T-03,Tagliafico,exact:full_name
73,Argentina,2022,Leandro Paredes,80,agree,88,P-27582:WC-2022,P-27582,WC-2022,T-03,Paredes,exact:full_name
74,Argentina,2022,Julian Álvarez,79,"avg(78,79)",88,P-19776:WC-2022,P-19776,WC-2022,T-03,Álvarez,exact:full_name
75,Argentina,2022,Gonzalo Montiel,79,agree,88,P-91431:WC-2022,P-91431,WC-2022,T-03,Montiel,exact:full_name
76,Argentina,2022,Alexis Mac Allister,78,"avg(76,80)",88,P-71343:WC-2022,P-71343,WC-2022,T-03,Mac Allister,exact:full_name
77,Argentina,2022,Enzo Fernández,78,agree,88,P-10739:WC-2022,P-10739,WC-2022,T-03,Fernández,exact:full_name
78,Argentina,2022,Nahuel Lucero,78,agree,88,P-84430:WC-2022,P-84430,WC-2022,T-03,Molina,v4.5_qid_alias_bound
79,Argentina,2022,German Pezzella,77,agree,88,P-29298:WC-2022,P-29298,WC-2022,T-03,Pezzella,exact:full_name
117,Australia,2022,Mathew Ryan,78,agree,80,P-10244:WC-2022,P-10244,WC-2022,T-04,Ryan,exact:full_name
118,Australia,2022,Aaron Mooy,76,"avg(76,75)",80,P-95847:WC-2022,P-95847,WC-2022,T-04,Mooy,exact:full_name
119,Australia,2022,Craig Goodwin,75,agree,80,P-82010:WC-2022,P-82010,WC-2022,T-04,Goodwin,exact:full_name
120,Australia,2022,Harry Souttar,73,"avg(72,73)",80,P-89217:WC-2022,P-89217,WC-2022,T-04,Souttar,exact:full_name
121,Australia,2022,Milos Degenek,72,agree,80,P-59727:WC-2022,P-59727,WC-2022,T-04,Degenek,exact:full_name
122,Australia,2022,Jackson Irvine,71,"avg(70,71)",80,P-34822:WC-2022,P-34822,WC-2022,T-04,Irvine,exact:full_name
123,Australia,2022,Mathew Leckie,71,agree,80,P-35837:WC-2022,P-35837,WC-2022,T-04,Leckie,exact:full_name
124,Australia,2022,Riley McGree,71,agree,80,P-51406:WC-2022,P-51406,WC-2022,T-04,McGree,exact:full_name
125,Australia,2022,Aziz Behich,70,"avg(70,69)",80,P-51118:WC-2022,P-51118,WC-2022,T-04,Behich,exact:full_name
126,Australia,2022,Awer Mabil,70,agree,71,P-61979:WC-2022,P-61979,WC-2022,T-04,Mabil,exact:full_name
127,Australia,2022,Daniel Vuković,70,f1-only,71,P-11675:WC-2022,P-11675,WC-2022,T-04,Vukovic,distinctive_single:vukovic
128,Australia,2022,Danny Vukovic,70,f2-only,71,P-11675:WC-2022,P-11675,WC-2022,T-04,Vukovic,exact:full_name
129,Australia,2022,Jason Cummings,69,"avg(68,69)",71,P-67089:WC-2022,P-67089,WC-2022,T-04,Cummings,exact:full_name
130,Australia,2022,Mitchell Duke,68,"avg(67,68)",80,P-91029:WC-2022,P-91029,WC-2022,T-04,Duke,exact:full_name
131,Australia,2022,Kye Rowles,68,"avg(67,69)",80,P-88273:WC-2022,P-88273,WC-2022,T-04,Rowles,exact:full_name
132,Australia,2022,Bailey Wright,68,agree,71,P-97422:WC-2022,P-97422,WC-2022,T-04,Wright,exact:full_name
133,Australia,2022,Keanu Baccus,68,f2-only,80,P-27035:WC-2022,P-27035,WC-2022,T-04,Baccus,exact:full_name
134,Australia,2022,Nathaniel Atkinson,67,"avg(68,66)",71,P-09062:WC-2022,P-09062,WC-2022,T-04,Atkinson,exact:full_name
135,Australia,2022,Marco Tilio,65,agree,71,P-34915:WC-2022,P-34915,WC-2022,T-04,Tilio,exact:full_name
136,Australia,2022,Andrew Redmayne,65,agree,71,P-30596:WC-2022,P-30596,WC-2022,T-04,Redmayne,exact:full_name
137,Australia,2022,Garang Kuol,64,f2-only,71,P-05864:WC-2022,P-05864,WC-2022,T-04,Kuol,exact:full_name
185,Belgium,2022,Yannick Carrasco,85,agree,71,P-06338:WC-2022,P-06338,WC-2022,T-06,Carrasco,exact:full_name
186,Belgium,2022,Koen Casteels,84,agree,71,P-88715:WC-2022,P-88715,WC-2022,T-06,Casteels,exact:full_name
187,Belgium,2022,Dries Mertens,84,agree,71,P-84852:WC-2022,P-84852,WC-2022,T-06,Mertens,exact:full_name
188,Belgium,2022,Simon Mignolet,80,agree,71,P-10313:WC-2022,P-10313,WC-2022,T-06,Mignolet,exact:full_name
189,Belgium,2022,Charles De Ketelaere,78,agree,71,P-61810:WC-2022,P-61810,WC-2022,T-06,De Ketelaere,exact:full_name
190,Belgium,2022,Jeremy Doku,75,agree,71,P-29578:WC-2022,P-29578,WC-2022,T-06,Doku,exact:full_name
191,Belgium,2022,Ikoma Openda,75,agree,71,P-70691:WC-2022,P-70691,WC-2022,T-06,Openda,distinctive_single:openda
285,Brazil,2022,Gleison Nascimento,83,agree,73,P-14060:WC-2022,P-14060,WC-2022,T-09,Bremer,v4.5_qid_alias_bound
286,Brazil,2022,Raphael Belloli,83,agree,73,P-83169:WC-2022,P-83169,WC-2022,T-09,Raphinha,v4.5_qid_alias_bound
287,Brazil,2022,Antony dos Santos,82,agree,73,P-37860:WC-2022,P-37860,WC-2022,T-09,Antony,distinctive_single:antony
288,Brazil,2022,Bruno Guimarães,82,"avg(81,83)",73,P-74688:WC-2022,P-74688,WC-2022,T-09,Guimarães,exact:full_name
289,Brazil,2022,Rodrygo de Goes,82,"avg(81,83)",73,P-06446:WC-2022,P-06446,WC-2022,T-09,Rodrygo,distinctive_single:rodrygo
290,Brazil,2022,Alex Telles,80,agree,73,P-26953:WC-2022,P-26953,WC-2022,T-09,Telles,exact:full_name
291,Brazil,2022,Daniel da Silva,77,f2-only,73,P-09441:WC-2022,P-09441,WC-2022,T-09,Alves,v4.5_qid_alias_bound
344,Cameroon,2022,André Onana,83,"avg(82,83)",79,P-67127:WC-2022,P-67127,WC-2022,T-11,Onana,exact:full_name
346,Cameroon,2022,Jean-Eric Choupo-Moting,77,"avg(75,78)",79,P-06117:WC-2022,P-06117,WC-2022,T-11,Choupo-Moting,token:full_name:total=3.00:exact=3:fuzzy=0:initial=0
347,Cameroon,2022,Jean-Pierre Nsame,76,"avg(75,76)",71,P-39239:WC-2022,P-39239,WC-2022,T-11,Nsame,exact:full_name
348,Cameroon,2022,Vincent Aboubakar,76,"avg(75,77)",79,P-53452:WC-2022,P-53452,WC-2022,T-11,Aboubakar,exact:full_name
350,Cameroon,2022,Jean-Charles Castelletto,74,agree,73,P-59303:WC-2022,P-59303,WC-2022,T-11,Castelletto,exact:full_name
351,Cameroon,2022,Christian Bassogog,74,agree,71,P-51549:WC-2022,P-51549,WC-2022,T-11,Bassogog,exact:full_name
352,Cameroon,2022,Nicolas Ngamaleu,74,f2-only,71,P-27913:WC-2022,P-27913,WC-2022,T-11,Ngamaleu,distinctive_single:ngamaleu
354,Cameroon,2022,Martin Hongla Yma,72,f1-only,73,P-34633:WC-2022,P-34633,WC-2022,T-11,Hongla,distinctive_single:hongla
355,Cameroon,2022,Jules Ntcham,72,f2-only,71,P-62618:WC-2022,P-62618,WC-2022,T-11,Ntcham,distinctive_single:ntcham
356,Cameroon,2022,Enzo Ebosse,71,"avg(70,71)",71,P-02759:WC-2022,P-02759,WC-2022,T-11,Ebosse,exact:full_name
357,Cameroon,2022,Nouhou Tolo,71,"avg(70,71)",79,P-55367:WC-2022,P-55367,WC-2022,T-11,Tolo,exact:full_name
359,Cameroon,2022,Collins Fai,70,agree,79,P-47677:WC-2022,P-47677,WC-2022,T-11,Fai,exact:full_name
360,Cameroon,2022,Christopher Wooh,69,"avg(68,70)",71,P-74894:WC-2022,P-74894,WC-2022,T-11,Wooh,exact:full_name
361,Cameroon,2022,Samuel Gouet,68,agree,73,P-63923:WC-2022,P-63923,WC-2022,T-11,Gouet,exact:full_name
362,Cameroon,2022,Gael Ondoua,68,agree,73,P-36707:WC-2022,P-36707,WC-2022,T-11,Ondoua,exact:full_name
364,Cameroon,2022,Simon Ngapandouetnbu,67,f2-only,71,P-22927:WC-2022,P-22927,WC-2022,T-11,Ngapandouetnbu,exact:full_name
365,Cameroon,2022,Jerome Mbekeli,66,f2-only,71,P-32773:WC-2022,P-32773,WC-2022,T-11,Ngom Mbekeli,token:full_name:total=2.00:exact=2:fuzzy=0:initial=0
367,Canada,2022,Ike Ugbo,72,agree,71,P-83822:WC-2022,P-83822,WC-2022,T-12,Ugbo,exact:full_name
368,Canada,2022,Kamal Miller,72,"avg(71,72)",79,P-31806:WC-2022,P-31806,WC-2022,T-12,Miller,exact:full_name
369,Canada,2022,Richie Mamah Laryea,72,f1-only,79,P-42390:WC-2022,P-42390,WC-2022,T-12,Laryea,distinctive_single:laryea
370,Canada,2022,Mark-Anthony Kaye,71,agree,71,P-72399:WC-2022,P-72399,WC-2022,T-12,Kaye,exact:full_name
371,Canada,2022,Alistair Johnston,71,"avg(70,71)",79,P-12635:WC-2022,P-12635,WC-2022,T-12,Johnston,exact:full_name
372,Canada,2022,Lucas Cavallini,71,agree,71,P-58061:WC-2022,P-58061,WC-2022,T-12,Cavallini,exact:full_name
373,Canada,2022,Dayne St. Clair,71,f1-only,71,P-94317:WC-2022,P-94317,WC-2022,T-12,St. Clair,exact:full_name
375,Canada,2022,Samuel Adekugbe,70,agree,79,P-55821:WC-2022,P-55821,WC-2022,T-12,Adekugbe,distinctive_single:adekugbe
376,Canada,2022,Steven Vitória,70,"avg(69,71)",79,P-89710:WC-2022,P-89710,WC-2022,T-12,Vitória,exact:full_name
377,Canada,2022,Liam Millar,68,"avg(67,68)",71,P-00809:WC-2022,P-00809,WC-2022,T-12,Millar,exact:full_name
378,Canada,2022,David Wotherspoon,67,"avg(67,66)",71,P-49915:WC-2022,P-49915,WC-2022,T-12,Wotherspoon,exact:full_name
379,Canada,2022,James Pantemis,66,agree,71,P-61949:WC-2022,P-61949,WC-2022,T-12,Pantemis,exact:full_name
495,Costa Rica,2022,Bryan Ruiz,78,f2-only,71,P-99590:WC-2022,P-99590,WC-2022,T-17,Ruiz,exact:full_name
496,Costa Rica,2022,Juan Vargas,71,f2-only,71,P-65777:WC-2022,P-65777,WC-2022,T-17,Vargas,token:full_name:total=2.00:exact=2:fuzzy=0:initial=0
497,Costa Rica,2022,Esteban Alvarado,67,f2-only,71,P-03616:WC-2022,P-03616,WC-2022,T-17,Alvarado,exact:full_name
498,Costa Rica,2022,Johan Venegas,67,f2-only,71,P-58669:WC-2022,P-58669,WC-2022,T-17,Venegas,exact:full_name
499,Costa Rica,2022,Patrick Sequeira,62,agree,71,P-81142:WC-2022,P-81142,WC-2022,T-17,Sequeira,exact:full_name
500,Costa Rica,2022,Carlos Martínez,62,f2-only,71,P-39281:WC-2022,P-39281,WC-2022,T-17,Martínez,exact:full_name
501,Costa Rica,2022,Daniel Chacón,62,f2-only,71,P-57150:WC-2022,P-57150,WC-2022,T-17,Chacón,exact:full_name
503,Costa Rica,2022,Roan Wilson,61,f2-only,71,P-23993:WC-2022,P-23993,WC-2022,T-17,Wilson,exact:full_name
504,Costa Rica,2022,Alvaro Zamora,61,f2-only,71,P-22631:WC-2022,P-22631,WC-2022,T-17,Zamora,exact:full_name
551,Croatia,2022,Marcelo Brozović,86,agree,87,P-79215:WC-2022,P-79215,WC-2022,T-18,Brozović,exact:full_name
552,Croatia,2022,Mateo Kovačić,84,"avg(84,83)",87,P-07670:WC-2022,P-07670,WC-2022,T-18,Kovačić,exact:full_name
553,Croatia,2022,Ivan Perišić,84,agree,87,P-93884:WC-2022,P-93884,WC-2022,T-18,Perišić,exact:full_name
554,Croatia,2022,Josko Gvardiol,82,"avg(81,82)",87,P-58420:WC-2022,P-58420,WC-2022,T-18,Gvardiol,exact:full_name
555,Croatia,2022,Andrej Kramarić,82,agree,87,P-65182:WC-2022,P-65182,WC-2022,T-18,Kramarić,exact:full_name
556,Croatia,2022,Mario Pašalić,81,"avg(81,80)",87,P-89948:WC-2022,P-89948,WC-2022,T-18,Pašalić,exact:full_name
557,Croatia,2022,Lovro Majer,80,"avg(80,79)",87,P-64353:WC-2022,P-64353,WC-2022,T-18,Majer,exact:full_name
558,Croatia,2022,Dominik Livaković,80,agree,87,P-99988:WC-2022,P-99988,WC-2022,T-18,Livaković,exact:full_name
559,Croatia,2022,Borna Sosa,78,agree,87,P-84190:WC-2022,P-84190,WC-2022,T-18,Sosa,exact:full_name
560,Croatia,2022,Dejan Lovren,78,agree,87,P-56297:WC-2022,P-56297,WC-2022,T-18,Lovren,exact:full_name
561,Croatia,2022,Nikola Vlašić,78,agree,87,P-22160:WC-2022,P-22160,WC-2022,T-18,Vlašić,exact:full_name
562,Croatia,2022,Marko Livaja,77,agree,87,P-31643:WC-2022,P-31643,WC-2022,T-18,Livaja,exact:full_name
563,Croatia,2022,Mislav Oršić,77,agree,87,P-26942:WC-2022,P-26942,WC-2022,T-18,Oršić,exact:full_name
564,Croatia,2022,Bruno Petković,75,agree,87,P-46461:WC-2022,P-46461,WC-2022,T-18,Petković,exact:full_name
565,Croatia,2022,Josip Juranović,75,agree,87,P-16484:WC-2022,P-16484,WC-2022,T-18,Juranović,exact:full_name
651,Denmark,2022,Simon Kjær,82,agree,71,P-14988:WC-2022,P-14988,WC-2022,T-22,Kjær,exact:full_name
652,Denmark,2022,Thomas Delaney,81,"avg(81,80)",71,P-57615:WC-2022,P-57615,WC-2022,T-22,Delaney,exact:full_name
653,Denmark,2022,Martin Braithwaite,77,"avg(76,78)",71,P-85579:WC-2022,P-85579,WC-2022,T-22,Braithwaite,exact:full_name
654,Denmark,2022,Yussuf Poulsen,77,agree,71,P-08442:WC-2022,P-08442,WC-2022,T-22,Poulsen,exact:full_name
655,Denmark,2022,Victor Nelsson,76,"avg(75,77)",71,P-49454:WC-2022,P-49454,WC-2022,T-22,Nelsson,exact:full_name
656,Denmark,2022,Christian Nørgaard,76,agree,71,P-56182:WC-2022,P-56182,WC-2022,T-22,Nørgaard,exact:full_name
657,Denmark,2022,Frederik Rønnow,76,"avg(75,77)",71,P-35930:WC-2022,P-35930,WC-2022,T-22,Rønnow,exact:full_name
658,Denmark,2022,Jonas Wind,76,agree,71,P-59609:WC-2022,P-59609,WC-2022,T-22,Wind,exact:full_name
659,Denmark,2022,Andreas Skov Olsen,76,f1-only,71,P-82313:WC-2022,P-82313,WC-2022,T-22,Olsen,exact:full_name
660,Denmark,2022,Robert Skov,74,f2-only,71,P-76468:WC-2022,P-76468,WC-2022,T-22,Skov,exact:full_name
661,Denmark,2022,Oliver Christensen,72,"avg(70,74)",71,P-07304:WC-2022,P-07304,WC-2022,T-22,Christensen,exact:full_name
695,Ecuador,2022,José Cifuentes,73,agree,73,P-75628:WC-2022,P-75628,WC-2022,T-25,Cifuentes,exact:full_name
696,Ecuador,2022,Carlos Gruezo,73,"avg(72,73)",71,P-13321:WC-2022,P-13321,WC-2022,T-25,Gruezo,exact:full_name
697,Ecuador,2022,Wellington Ramírez,70,agree,71,P-39347:WC-2022,P-39347,WC-2022,T-25,Ramírez,distinctive_single:ramirez
699,Ecuador,2022,Alexander Carabalí,70,f2-only,71,P-94877:WC-2022,P-94877,WC-2022,T-25,Domínguez,v4.5_qid_alias_bound
700,Ecuador,2022,Jackson Porozo,69,"avg(68,70)",73,P-73694:WC-2022,P-73694,WC-2022,T-25,Porozo,exact:full_name
701,Ecuador,2022,Jhegson Méndez,69,f2-only,73,P-56839:WC-2022,P-56839,WC-2022,T-25,Méndez,distinctive_single:mendez
702,Ecuador,2022,Alan Franco,68,f2-only,73,P-28364:WC-2022,P-28364,WC-2022,T-25,Franco,exact:full_name
703,Ecuador,2022,Romario Ibarra,68,f2-only,73,P-34543:WC-2022,P-34543,WC-2022,T-25,Ibarra,exact:full_name
704,Ecuador,2022,Kevin Rodríguez,67,f2-only,71,P-02839:WC-2022,P-02839,WC-2022,T-25,Rodríguez,exact:full_name
705,Ecuador,2022,Djorkaeff Reasco,66,agree,71,P-69217:WC-2022,P-69217,WC-2022,T-25,Reasco,exact:full_name
766,England,2022,Philip Foden,85,f1-only,87,P-10501:WC-2022,P-10501,WC-2022,T-28,Foden,v4.5_local_token_subset
767,England,2022,Jude Bellingham,84,agree,87,P-15674:WC-2022,P-15674,WC-2022,T-28,Bellingham,exact:full_name
768,England,2022,Phil Foden,84,f2-only,87,P-10501:WC-2022,P-10501,WC-2022,T-28,Foden,exact:full_name
769,England,2022,Jordan Henderson,83,agree,87,P-08169:WC-2022,P-08169,WC-2022,T-28,Henderson,exact:full_name
770,England,2022,John Stones,83,agree,87,P-92628:WC-2022,P-92628,WC-2022,T-28,Stones,exact:full_name
771,England,2022,Jordan Pickford,82,agree,87,P-70618:WC-2022,P-70618,WC-2022,T-28,Pickford,exact:full_name
772,England,2022,Marcus Rashford,82,"avg(81,83)",87,P-59837:WC-2022,P-59837,WC-2022,T-28,Rashford,exact:full_name
773,England,2022,Bukayo Saka,82,agree,87,P-76842:WC-2022,P-76842,WC-2022,T-28,Saka,exact:full_name
774,England,2022,Harry Maguire,81,agree,87,P-02465:WC-2022,P-02465,WC-2022,T-28,Maguire,exact:full_name
775,England,2022,Luke Shaw,80,agree,87,P-36400:WC-2022,P-36400,WC-2022,T-28,Shaw,exact:full_name
832,France,2022,Karim Benzema,91,agree,88,P-35408:WC-2022,P-35408,WC-2022,T-30,Benzema,exact:full_name
833,France,2022,Hugo Lloris,87,agree,88,P-30711:WC-2022,P-30711,WC-2022,T-30,Lloris,exact:full_name
834,France,2022,Raphaël Varane,85,"avg(84,85)",88,P-42326:WC-2022,P-42326,WC-2022,T-30,Varane,exact:full_name
835,France,2022,Theo Hernandez,85,agree,88,P-09867:WC-2022,P-09867,WC-2022,T-30,Hernandez,exact:full_name
836,France,2022,Jules Koundé,84,agree,88,P-78484:WC-2022,P-78484,WC-2022,T-30,Koundé,exact:full_name
837,France,2022,Lucas Hernandez,84,agree,73,P-84424:WC-2022,P-84424,WC-2022,T-30,Hernandez,exact:full_name
838,France,2022,Olivier Giroud,83,"avg(82,83)",88,P-89750:WC-2022,P-89750,WC-2022,T-30,Giroud,exact:full_name
839,France,2022,Aurélien Tchouaméni,83,"avg(82,83)",88,P-54517:WC-2022,P-54517,WC-2022,T-30,Tchouaméni,exact:full_name
840,France,2022,Dayot Upamecano,83,f2-only,88,P-03945:WC-2022,P-03945,WC-2022,T-30,Upamecano,exact:full_name
841,France,2022,William Saliba,82,"avg(80,83)",73,P-07089:WC-2022,P-07089,WC-2022,T-30,Saliba,exact:full_name
842,France,2022,Ibrahima Konaté,81,agree,88,P-86920:WC-2022,P-86920,WC-2022,T-30,Konaté,exact:full_name
843,France,2022,Adrien Rabiot,81,"avg(80,82)",88,P-57401:WC-2022,P-57401,WC-2022,T-30,Rabiot,exact:full_name
844,France,2022,Benjamin Pavard,81,"avg(79,82)",73,P-60652:WC-2022,P-60652,WC-2022,T-30,Pavard,exact:full_name
846,France,2022,Youssouf Fofana,80,"avg(79,80)",88,P-23304:WC-2022,P-23304,WC-2022,T-30,Fofana,exact:full_name
847,France,2022,Mattéo Guendouzi,80,agree,73,P-32431:WC-2022,P-32431,WC-2022,T-30,Guendouzi,exact:full_name
848,France,2022,Steve Mandanda,79,agree,88,P-69594:WC-2022,P-69594,WC-2022,T-30,Mandanda,exact:full_name
849,France,2022,Jordan Veretout,79,agree,73,P-00465:WC-2022,P-00465,WC-2022,T-30,Veretout,exact:full_name
850,France,2022,Axel Disasi,78,"avg(77,79)",88,P-91324:WC-2022,P-91324,WC-2022,T-30,Disasi,exact:full_name
912,Germany,2022,Marc-Andre ter Stegen,88,agree,71,P-03367:WC-2022,P-03367,WC-2022,T-31,ter Stegen,exact:full_name
913,Germany,2022,Kevin Trapp,86,agree,71,P-81947:WC-2022,P-81947,WC-2022,T-31,Trapp,exact:full_name
914,Germany,2022,Leroy Sané,84,agree,73,P-39464:WC-2022,P-39464,WC-2022,T-31,Sané,exact:full_name
915,Germany,2022,Matthias Ginter,83,"avg(82,83)",71,P-36126:WC-2022,P-36126,WC-2022,T-31,Ginter,exact:full_name
916,Germany,2022,Nico Schlotterbeck,82,agree,73,P-71859:WC-2022,P-71859,WC-2022,T-31,Schlotterbeck,exact:full_name
917,Germany,2022,Mario Götze,81,agree,73,P-63673:WC-2022,P-63673,WC-2022,T-31,Götze,exact:full_name
918,Germany,2022,Jonas Hofmann,81,agree,73,P-18188:WC-2022,P-18188,WC-2022,T-31,Hofmann,exact:full_name
919,Germany,2022,Lukas Klostermann,80,agree,73,P-89863:WC-2022,P-89863,WC-2022,T-31,Klostermann,exact:full_name
920,Germany,2022,Jan Kehrer,76,agree,71,P-11933:WC-2022,P-11933,WC-2022,T-31,Kehrer,distinctive_single:kehrer
921,Germany,2022,Karim-David Adeyemi,75,agree,71,P-05901:WC-2022,P-05901,WC-2022,T-31,Adeyemi,distinctive_single:adeyemi
922,Germany,2022,Youssoufa Moukoko,70,"avg(69,71)",71,P-04137:WC-2022,P-04137,WC-2022,T-31,Moukoko,exact:full_name
959,Ghana,2022,Mohammed Kudus,77,"avg(76,77)",79,P-23821:WC-2022,P-23821,WC-2022,T-32,Kudus,exact:full_name
961,Ghana,2022,Daniel Amartey,76,agree,79,P-82956:WC-2022,P-82956,WC-2022,T-32,Amartey,exact:full_name
963,Ghana,2022,Andre Ayew,75,agree,79,P-01945:WC-2022,P-01945,WC-2022,T-32,Ayew,exact:full_name
964,Ghana,2022,Lawrence Ati-Zigi,72,"avg(70,74)",79,P-51990:WC-2022,P-51990,WC-2022,T-32,Ati-Zigi,exact:full_name
965,Ghana,2022,Denis Odoi,72,agree,71,P-08359:WC-2022,P-08359,WC-2022,T-32,Odoi,exact:full_name
966,Ghana,2022,Osman Bukari,72,f2-only,79,P-72363:WC-2022,P-72363,WC-2022,T-32,Bukari,exact:full_name
967,Ghana,2022,Gideon Mensah,71,"avg(70,71)",71,P-28517:WC-2022,P-28517,WC-2022,T-32,Mensah,exact:full_name
968,Ghana,2022,Antoine Semenyo,70,agree,71,P-14179:WC-2022,P-14179,WC-2022,T-32,Semenyo,exact:full_name
969,Ghana,2022,Abdul Baba,70,agree,79,P-21820:WC-2022,P-21820,WC-2022,T-32,Abdul Samed,distinctive_single:abdul
970,Ghana,2022,Ibrahim Danlad,68,agree,71,P-16148:WC-2022,P-16148,WC-2022,T-32,Danlad,exact:full_name
971,Ghana,2022,Abdul Issahaku,67,agree,71,P-62854:WC-2022,P-62854,WC-2022,T-32,Issahaku,token:full_name:total=2.00:exact=2:fuzzy=0:initial=0
972,Ghana,2022,Abdul Nurudeen,66,agree,71,P-36638:WC-2022,P-36638,WC-2022,T-32,Manaf Nurudeen,token:full_name:total=2.00:exact=2:fuzzy=0:initial=0
1069,Iran,2022,Ahmad Nourollahi,74,f2-only,76,P-42215:WC-2022,P-42215,WC-2022,T-38,Nourollahi,exact:full_name
1070,Iran,2022,Ali Gholizadeh,73,agree,76,P-45653:WC-2022,P-45653,WC-2022,T-38,Gholizadeh,exact:full_name
1071,Iran,2022,Karim Ansarifard,73,f2-only,71,P-53957:WC-2022,P-53957,WC-2022,T-38,Ansarifard,exact:full_name
1072,Iran,2022,Saeid Ezatolahi,73,f2-only,76,P-95374:WC-2022,P-95374,WC-2022,T-38,Ezatolahi,exact:full_name
1073,Iran,2022,Amir Abedzadeh,72,agree,71,P-80505:WC-2022,P-80505,WC-2022,T-38,Abedzadeh,exact:full_name
1074,Iran,2022,Sadegh Moharrami,71,"avg(72,70)",71,P-84382:WC-2022,P-84382,WC-2022,T-38,Moharrami,exact:full_name
1075,Iran,2022,Mehdi Torabi,71,f2-only,76,P-04541:WC-2022,P-04541,WC-2022,T-38,Torabi,exact:full_name
1076,Iran,2022,Saman Ghoddos,68,agree,71,P-87786:WC-2022,P-87786,WC-2022,T-38,Ghoddos,exact:full_name
1077,Iran,2022,Abolfazl Jalali,68,f2-only,71,P-62858:WC-2022,P-62858,WC-2022,T-38,Jalali,exact:full_name
1078,Iran,2022,Seyed Niazmand,68,f2-only,71,P-17784:WC-2022,P-17784,WC-2022,T-38,Niazmand,distinctive_single:niazmand
1079,Iran,2022,Ali Karimi,65,agree,76,P-68842:WC-2022,P-68842,WC-2022,T-38,Karimi,exact:full_name
1231,Japan,2022,Daichi Kamada,80,f2-only,81,P-62952:WC-2022,P-62952,WC-2022,T-44,Kamada,exact:full_name
1232,Japan,2022,Wataru Endo,78,f2-only,81,P-53282:WC-2022,P-53282,WC-2022,T-44,Endo,exact:full_name
1233,Japan,2022,Junya Ito,78,f2-only,81,P-86909:WC-2022,P-86909,WC-2022,T-44,Ito,exact:full_name
1234,Japan,2022,Ritsu Dōan,77,f2-only,83,P-58907:WC-2022,P-58907,WC-2022,T-44,Dōan,exact:full_name
1235,Japan,2022,Yuto Nagatomo,75,f2-only,83,P-26303:WC-2022,P-26303,WC-2022,T-44,Nagatomo,exact:full_name
1237,Japan,2022,Kaoru Mitoma,74,f2-only,81,P-22633:WC-2022,P-22633,WC-2022,T-44,Mitoma,exact:full_name
1238,Japan,2022,Takuma Asano,73,f2-only,83,P-46913:WC-2022,P-46913,WC-2022,T-44,Asano,exact:full_name
1239,Japan,2022,Maya Yoshida,73,f2-only,83,P-89321:WC-2022,P-89321,WC-2022,T-44,Yoshida,exact:full_name
1240,Japan,2022,Hiroki Ito,72,f2-only,71,P-41902:WC-2022,P-41902,WC-2022,T-44,Ito,exact:full_name
1241,Japan,2022,Eiji Kawashima,72,f2-only,71,P-53272:WC-2022,P-53272,WC-2022,T-44,Kawashima,exact:full_name
1242,Japan,2022,Daizen Maeda,72,f2-only,81,P-30206:WC-2022,P-30206,WC-2022,T-44,Maeda,exact:full_name
1243,Japan,2022,Ao Tanaka,71,f2-only,83,P-82447:WC-2022,P-82447,WC-2022,T-44,Tanaka,exact:full_name
1244,Japan,2022,Ayase Ueda,70,f2-only,71,P-57586:WC-2022,P-57586,WC-2022,T-44,Ueda,exact:full_name
1245,Japan,2022,Daniel Schmidt,69,f2-only,71,P-77827:WC-2022,P-77827,WC-2022,T-44,Schmidt,exact:full_name
1246,Japan,2022,Shuto Machino,68,f2-only,71,P-44328:WC-2022,P-44328,WC-2022,T-44,Machino,exact:full_name
1247,Japan,2022,Miki Yamane,68,f2-only,71,P-45981:WC-2022,P-45981,WC-2022,T-44,Yamane,exact:full_name
1248,Japan,2022,Shuichi Gonda,68,f2-only,83,P-66906:WC-2022,P-66906,WC-2022,T-44,Gonda,exact:full_name
1249,Japan,2022,Yuki Soma,62,f2-only,71,P-64056:WC-2022,P-64056,WC-2022,T-44,Soma,exact:full_name
1324,Mexico,2022,Edson Álvarez,80,agree,73,P-26546:WC-2022,P-26546,WC-2022,T-46,Álvarez,exact:full_name
1325,Mexico,2022,Hector Herrera,80,agree,73,P-42911:WC-2022,P-42911,WC-2022,T-46,Herrera,exact:full_name
1326,Mexico,2022,Alfredo Talavera,79,agree,71,P-94928:WC-2022,P-94928,WC-2022,T-46,Talavera,exact:full_name
1327,Mexico,2022,Andres Guardado,77,agree,71,P-40312:WC-2022,P-40312,WC-2022,T-46,Guardado,exact:full_name
1328,Mexico,2022,Orbelin Pineda,77,"avg(76,77)",71,P-95198:WC-2022,P-95198,WC-2022,T-46,Pineda,exact:full_name
1330,Mexico,2022,Erick Gutiérrez,76,agree,71,P-64299:WC-2022,P-64299,WC-2022,T-46,Gutiérrez,exact:full_name
1331,Mexico,2022,Carlos Rodríguez,76,agree,73,P-19618:WC-2022,P-19618,WC-2022,T-46,Rodríguez,exact:full_name
1332,Mexico,2022,Jorge Sánchez,76,agree,73,P-24062:WC-2022,P-24062,WC-2022,T-46,Sánchez,exact:full_name
1333,Mexico,2022,Nestor Araujo,75,agree,71,P-38529:WC-2022,P-38529,WC-2022,T-46,Araujo,exact:full_name
1334,Mexico,2022,Rogelio Mori,75,f2-only,71,P-51689:WC-2022,P-51689,WC-2022,T-46,Funes Mori,token:full_name:total=2.00:exact=2:fuzzy=0:initial=0
1335,Mexico,2022,Kevin Álvarez,75,f2-only,73,P-09058:WC-2022,P-09058,WC-2022,T-46,Álvarez,exact:full_name
1336,Mexico,2022,Roberto Alvarado,74,f2-only,71,P-73491:WC-2022,P-73491,WC-2022,T-46,Alvarado,exact:full_name
1360,Morocco,2022,Yassine Bounou,84,agree,83,P-50688:WC-2022,P-50688,WC-2022,T-47,Bounou,exact:full_name
1361,Morocco,2022,Achraf Hakimi,84,agree,83,P-45288:WC-2022,P-45288,WC-2022,T-47,Hakimi,exact:full_name
1362,Morocco,2022,Hakim Ziyech,83,agree,83,P-70715:WC-2022,P-70715,WC-2022,T-47,Ziyech,exact:full_name
1363,Morocco,2022,Noussair Mazraoui,82,agree,83,P-09614:WC-2022,P-09614,WC-2022,T-47,Mazraoui,exact:full_name
1364,Morocco,2022,Nayef Aguerd,80,agree,83,P-47490:WC-2022,P-47490,WC-2022,T-47,Aguerd,exact:full_name
1365,Morocco,2022,Youssef En-Nesyri,80,agree,83,P-42517:WC-2022,P-42517,WC-2022,T-47,En-Nesyri,exact:full_name
1366,Morocco,2022,Romain Saïss,78,"avg(77,78)",83,P-26068:WC-2022,P-26068,WC-2022,T-47,Saïss,exact:full_name
1367,Morocco,2022,Sofiane Boufal,77,"avg(77,76)",83,P-59033:WC-2022,P-59033,WC-2022,T-47,Boufal,exact:full_name
1368,Morocco,2022,Sofyan Amrabat,77,"avg(76,78)",83,P-71023:WC-2022,P-71023,WC-2022,T-47,Amrabat,exact:full_name
1369,Morocco,2022,Jawad El Yamiq,75,agree,83,P-14026:WC-2022,P-14026,WC-2022,T-47,El Yamiq,exact:full_name
1370,Morocco,2022,Selim Amallah,74,"avg(73,74)",83,P-23330:WC-2022,P-23330,WC-2022,T-47,Amallah,exact:full_name
1371,Morocco,2022,Zakaria Aboukhlal,73,"avg(71,74)",83,P-48295:WC-2022,P-48295,WC-2022,T-47,Aboukhlal,exact:full_name
1372,Morocco,2022,Munir Mohand Mohamedi,73,f1-only,83,P-15566:WC-2022,P-15566,WC-2022,T-47,Mohamedi,distinctive_single:mohamedi
1373,Morocco,2022,Badr Benoun,73,f2-only,83,P-00597:WC-2022,P-00597,WC-2022,T-47,Benoun,exact:full_name
1375,Morocco,2022,Yahya Attiat-Allah,72,"avg(70,73)",83,P-91543:WC-2022,P-91543,WC-2022,T-47,Attiyat Allah,v4.5_local_token_subset
1376,Morocco,2022,Azzedine Ounahi,72,"avg(70,73)",83,P-40619:WC-2022,P-40619,WC-2022,T-47,Ounahi,exact:full_name
1377,Morocco,2022,Achraf Dari,69,agree,83,P-52013:WC-2022,P-52013,WC-2022,T-47,Dari,exact:full_name
1420,Netherlands,2022,Frenkie de Jong,87,agree,88,P-17688:WC-2022,P-17688,WC-2022,T-48,de Jong,exact:full_name
1421,Netherlands,2022,Cody Gakpo,83,agree,88,P-28911:WC-2022,P-28911,WC-2022,T-48,Gakpo,exact:full_name
1422,Netherlands,2022,Denzel Dumfries,82,agree,88,P-97615:WC-2022,P-97615,WC-2022,T-48,Dumfries,exact:full_name
1423,Netherlands,2022,Daley Blind,80,agree,88,P-39861:WC-2022,P-39861,WC-2022,T-48,Blind,exact:full_name
1424,Netherlands,2022,Nathan Aké,79,"avg(78,79)",88,P-64438:WC-2022,P-64438,WC-2022,T-48,Aké,exact:full_name
1425,Netherlands,2022,Davy Klaassen,79,agree,88,P-42078:WC-2022,P-42078,WC-2022,T-48,Klaassen,exact:full_name
1426,Netherlands,2022,Justin Bijlow,79,"avg(79,78)",71,P-15282:WC-2022,P-15282,WC-2022,T-48,Bijlow,exact:full_name
1427,Netherlands,2022,Luuk de Jong,79,agree,71,P-64551:WC-2022,P-64551,WC-2022,T-48,de Jong,exact:full_name
1428,Netherlands,2022,Noa Noëll Lang,78,f1-only,71,P-57903:WC-2022,P-57903,WC-2022,T-48,Lang,distinctive_single:lang
1429,Netherlands,2022,N. Lang,78,f2-only,71,P-57903:WC-2022,P-57903,WC-2022,T-48,Lang,mononym:common_name
1430,Netherlands,2022,Remko Pasveer,76,"avg(75,77)",71,P-18921:WC-2022,P-18921,WC-2022,T-48,Pasveer,exact:full_name
1431,Netherlands,2022,K. Taylor,75,f2-only,71,P-95763:WC-2022,P-95763,WC-2022,T-48,Taylor,mononym:common_name
1432,Netherlands,2022,X. Simons,75,f2-only,71,P-34458:WC-2022,P-34458,WC-2022,T-48,Simons,mononym:common_name
1433,Netherlands,2022,Vincent Janssen,73,agree,71,P-57087:WC-2022,P-57087,WC-2022,T-48,Janssen,exact:full_name
1434,Netherlands,2022,Kenneth Ina Dorothea Taylor,73,f1-only,71,P-95763:WC-2022,P-95763,WC-2022,T-48,Taylor,v4.5_local_token_subset
1435,Netherlands,2022,Xavi Quentin Shay Simons,73,f1-only,71,P-34458:WC-2022,P-34458,WC-2022,T-48,Simons,v4.5_local_token_subset
1436,Netherlands,2022,Andries Noppert,71,"avg(70,72)",88,P-82000:WC-2022,P-82000,WC-2022,T-48,Noppert,exact:full_name
1643,Poland,2022,Wojciech Szczęsny,86,agree,84,P-31606:WC-2022,P-31606,WC-2022,T-57,Szczęsny,exact:full_name
1644,Poland,2022,Piotr Zieliński,83,agree,84,P-32165:WC-2022,P-32165,WC-2022,T-57,Zieliński,exact:full_name
1645,Poland,2022,Matty Cash,79,f1-only,84,P-17099:WC-2022,P-17099,WC-2022,T-57,Cash,exact:full_name
1647,Poland,2022,Jan Bednarek,76,"avg(76,75)",71,P-10172:WC-2022,P-10172,WC-2022,T-57,Bednarek,exact:full_name
1648,Poland,2022,Łukasz Skorupski,76,f1-only,71,P-17943:WC-2022,P-17943,WC-2022,T-57,Skorupski,exact:full_name
1649,Poland,2022,Lukasz Skorupski,76,f2-only,71,P-17943:WC-2022,P-17943,WC-2022,T-57,Skorupski,distinctive_single:skorupski
1650,Poland,2022,Krzysztof Piątek,75,"avg(75,74)",71,P-11013:WC-2022,P-11013,WC-2022,T-57,Piątek,exact:full_name
1651,Poland,2022,Karol Świderski,74,agree,71,P-85630:WC-2022,P-85630,WC-2022,T-57,Świderski,exact:full_name
1652,Poland,2022,Kamil Grosicki,73,agree,71,P-64261:WC-2022,P-64261,WC-2022,T-57,Grosicki,exact:full_name
1653,Poland,2022,Bartosz Bereszyński,73,agree,84,P-42160:WC-2022,P-42160,WC-2022,T-57,Bereszyński,exact:full_name
1654,Poland,2022,Kamil Grabara,73,agree,71,P-90913:WC-2022,P-90913,WC-2022,T-57,Grabara,exact:full_name
1655,Poland,2022,Jakub Kiwior,71,agree,84,P-44780:WC-2022,P-44780,WC-2022,T-57,Kiwior,exact:full_name
1656,Poland,2022,Damian Szymański,71,agree,71,P-44699:WC-2022,P-44699,WC-2022,T-57,Szymański,exact:full_name
1657,Poland,2022,Kamil Glik,71,agree,84,P-29046:WC-2022,P-29046,WC-2022,T-57,Glik,exact:full_name
1658,Poland,2022,Artur Jędrzejczyk,69,agree,71,P-61813:WC-2022,P-61813,WC-2022,T-57,Jędrzejczyk,exact:full_name
1659,Poland,2022,Michał Skóraś,68,f1-only,71,P-02071:WC-2022,P-02071,WC-2022,T-57,Skóraś,exact:full_name
1660,Poland,2022,Michal Skóraś,68,f2-only,71,P-02071:WC-2022,P-02071,WC-2022,T-57,Skóraś,token:full_name:total=1.82:exact=1:fuzzy=1:initial=0
1706,Portugal,2022,Rui Patrício,82,agree,71,P-72028:WC-2022,P-72028,WC-2022,T-58,Patrício,exact:full_name
1707,Portugal,2022,André Miguel Valente da Silva,82,f1-only,71,P-33280:WC-2022,P-33280,WC-2022,T-58,Silva,v4.5_local_token_subset
1709,Portugal,2022,José Sá,81,agree,71,P-85204:WC-2022,P-85204,WC-2022,T-58,Sá,exact:full_name
1710,Portugal,2022,Danilo Pereira,80,agree,71,P-98929:WC-2022,P-98929,WC-2022,T-58,Pereira,exact:full_name
1711,Portugal,2022,Nuno Mendes,80,agree,71,P-87003:WC-2022,P-87003,WC-2022,T-58,Mendes,exact:full_name
1713,Portugal,2022,António João Tavares Silva,66,f1-only,71,P-05289:WC-2022,P-05289,WC-2022,T-58,Silva,v4.5_local_token_subset
1714,Qatar,2022,Boualem Khoukhi,71,agree,79,P-12810:WC-2022,P-12810,WC-2022,T-59,Khoukhi,exact:full_name
1715,Qatar,2022,Ali Qambar,69,f2-only,71,P-51678:WC-2022,P-51678,WC-2022,T-59,Assadalla,v4.5_qid_alias_bound
1716,Qatar,2022,Ró-Ró,69,f2-only,79,P-00052:WC-2022,P-00052,WC-2022,T-59,Ró-Ró,exact:common_name
1717,Qatar,2022,Bassam Al-Rawi,68,agree,71,P-15161:WC-2022,P-15161,WC-2022,T-59,Al-Rawi,exact:full_name
1718,Qatar,2022,Saad Al-Sheeb,68,agree,79,P-70879:WC-2022,P-70879,WC-2022,T-59,Al-Sheeb,exact:full_name
1719,Qatar,2022,Homam Al Amin Mohamed Ahmed,68,agree,79,P-33804:WC-2022,P-33804,WC-2022,T-59,Ahmed,distinctive_single:ahmed
1720,Qatar,2022,Mohammed Muntari,67,agree,79,P-17048:WC-2022,P-17048,WC-2022,T-59,Muntari,exact:full_name
1721,Qatar,2022,Tarek Salman,66,f1-only,71,P-42663:WC-2022,P-42663,WC-2022,T-59,Salman,exact:full_name
1723,Qatar,2022,Meshaal Barsham,65,agree,79,P-28811:WC-2022,P-28811,WC-2022,T-59,Barsham,exact:full_name
1724,Qatar,2022,Musab Kheder,65,f1-only,71,P-32949:WC-2022,P-32949,WC-2022,T-59,Kheder,exact:full_name
1725,Qatar,2022,Yousef Hassan,65,f1-only,71,P-75618:WC-2022,P-75618,WC-2022,T-59,Hassan,exact:full_name
1726,Qatar,2022,Ahmed Alaaeldin,65,f2-only,71,P-57100:WC-2022,P-57100,WC-2022,T-59,Alaaeldin,exact:full_name
1812,Saudi Arabia,2022,Salman Al-Faraj,74,"avg(75,73)",71,P-93688:WC-2022,P-93688,WC-2022,T-63,Al-Faraj,exact:full_name
1813,Saudi Arabia,2022,Yasir Gharsan Al-Shahrani,73,f1-only,71,P-45457:WC-2022,P-45457,WC-2022,T-63,Al-Shahrani,distinctive_single:shahrani
1814,Saudi Arabia,2022,Yasser Al-Shahrani,73,f2-only,71,P-45457:WC-2022,P-45457,WC-2022,T-63,Al-Shahrani,exact:full_name
1815,Saudi Arabia,2022,Saud Abdulhamid,73,f2-only,79,P-08125:WC-2022,P-08125,WC-2022,T-63,Abdulhamid,exact:full_name
1816,Saudi Arabia,2022,Sultan Al-Ghannam,72,"avg(72,71)",79,P-06789:WC-2022,P-06789,WC-2022,T-63,Al-Ghannam,exact:full_name
1817,Saudi Arabia,2022,Abdulelah Al-Amri,71,"avg(71,70)",79,P-12335:WC-2022,P-12335,WC-2022,T-63,Al-Amri,exact:full_name
1819,Saudi Arabia,2022,Hattan Bahebri,70,"avg(69,70)",71,P-84563:WC-2022,P-84563,WC-2022,T-63,Bahebri,exact:full_name
1820,Saudi Arabia,2022,Mohammed Al-Owais,69,"avg(69,68)",79,P-85438:WC-2022,P-85438,WC-2022,T-63,Al-Owais,exact:full_name
1821,Saudi Arabia,2022,Sami Al-Najei,69,agree,71,P-87569:WC-2022,P-87569,WC-2022,T-63,Al-Najei,exact:full_name
1823,Saudi Arabia,2022,Saleh Al-Shehri,68,agree,79,P-37308:WC-2022,P-37308,WC-2022,T-63,Al-Shehri,exact:full_name
1824,Saudi Arabia,2022,Nawaf Al-Abed,68,f2-only,71,P-76864:WC-2022,P-76864,WC-2022,T-63,Al-Abed,exact:full_name
1825,Saudi Arabia,2022,Ali Al-Bulaihi,67,agree,79,P-87284:WC-2022,P-87284,WC-2022,T-63,Al-Bulaihi,exact:full_name
1827,Saudi Arabia,2022,Riyadh Sharahili,67,f2-only,71,P-06750:WC-2022,P-06750,WC-2022,T-63,Sharahili,exact:full_name
1828,Saudi Arabia,2022,Ali Al-Hassan,66,agree,71,P-45413:WC-2022,P-45413,WC-2022,T-63,Al-Hassan,exact:full_name
1829,Saudi Arabia,2022,Abdullah Madu,66,agree,71,P-20388:WC-2022,P-20388,WC-2022,T-63,Madu,exact:full_name
1830,Saudi Arabia,2022,Nasser Al-Dawsari,66,"avg(67,65)",71,P-10907:WC-2022,P-10907,WC-2022,T-63,Al-Dawsari,exact:full_name
1831,Saudi Arabia,2022,Abdulfattah Tawfiq Jaber Asiri,66,f1-only,71,P-40487:WC-2022,P-40487,WC-2022,T-63,Asiri,distinctive_single:asiri
1832,Saudi Arabia,2022,Mohammed Al-Rubaie,66,f2-only,71,P-06659:WC-2022,P-06659,WC-2022,T-63,Al-Rubaie,exact:full_name
1833,Saudi Arabia,2022,Haitham Asiri,66,f2-only,71,P-40487:WC-2022,P-40487,WC-2022,T-63,Asiri,exact:full_name
1834,Saudi Arabia,2022,Nawaf Al-Aqidi,59,"avg(58,59)",71,P-67035:WC-2022,P-67035,WC-2022,T-63,Al-Aqidi,exact:full_name
1893,Senegal,2022,Kalidou Koulibaly,85,"avg(87,82)",80,P-47321:WC-2022,P-47321,WC-2022,T-65,Koulibaly,exact:full_name
1894,Senegal,2022,Edouard Mendy,83,"avg(86,80)",80,P-45399:WC-2022,P-45399,WC-2022,T-65,Mendy,exact:full_name
1895,Senegal,2022,Boulaye Dia,80,"avg(79,80)",80,P-33622:WC-2022,P-33622,WC-2022,T-65,Dia,exact:full_name
1896,Senegal,2022,Abdou Diallo,77,agree,80,P-77769:WC-2022,P-77769,WC-2022,T-65,Diallo,exact:full_name
1897,Senegal,2022,Ismaila Sarr,77,agree,80,P-37935:WC-2022,P-37935,WC-2022,T-65,Sarr,exact:full_name
1898,Senegal,2022,Youssouf Sabaly,77,"avg(76,77)",80,P-55298:WC-2022,P-55298,WC-2022,T-65,Sabaly,exact:full_name
1899,Senegal,2022,Cheikhou Kouyaté,76,"avg(77,74)",71,P-55140:WC-2022,P-55140,WC-2022,T-65,Kouyaté,exact:full_name
1900,Senegal,2022,Nicolas Jackson,76,"avg(71,81)",71,P-86937:WC-2022,P-86937,WC-2022,T-65,Jackson,exact:full_name
1901,Senegal,2022,Alfred Gomis,75,"avg(77,73)",71,P-53694:WC-2022,P-53694,WC-2022,T-65,Gomis,exact:full_name
1902,Senegal,2022,Nampalys Mendy,74,"avg(74,73)",80,P-96697:WC-2022,P-96697,WC-2022,T-65,Mendy,exact:full_name
1904,Senegal,2022,Ismail Jakobs,74,f2-only,80,P-54506:WC-2022,P-54506,WC-2022,T-65,Jakobs,exact:full_name
1905,Senegal,2022,Seny Dieng,72,"avg(72,71)",71,P-99821:WC-2022,P-99821,WC-2022,T-65,Dieng,exact:full_name
1906,Senegal,2022,Fode Ballo-Touré,71,"avg(72,70)",71,P-86095:WC-2022,P-86095,WC-2022,T-65,Ballo-Touré,exact:full_name
1941,Serbia,2022,Marko Dmitrović,80,agree,71,P-72770:WC-2022,P-72770,WC-2022,T-66,Dmitrović,exact:full_name
1942,Serbia,2022,Luka Jović,79,"avg(79,78)",71,P-62033:WC-2022,P-62033,WC-2022,T-66,Jović,exact:full_name
1943,Serbia,2022,Predrag Rajković,78,agree,71,P-35773:WC-2022,P-35773,WC-2022,T-66,Rajković,exact:full_name
1944,Serbia,2022,Darko Lazović,77,"avg(77,76)",71,P-54211:WC-2022,P-54211,WC-2022,T-66,Lazović,exact:full_name
1945,Serbia,2022,Marko Grujić,76,agree,71,P-89573:WC-2022,P-89573,WC-2022,T-66,Grujić,exact:full_name
1946,Serbia,2022,Ivan Ilić,76,agree,71,P-67641:WC-2022,P-67641,WC-2022,T-66,Ilić,exact:full_name
1947,Serbia,2022,Filip Đuričić,74,"avg(75,73)",71,P-79754:WC-2022,P-79754,WC-2022,T-66,Đuričić,exact:full_name
1948,Serbia,2022,Srđan Babić,74,"avg(73,75)",71,P-70515:WC-2022,P-70515,WC-2022,T-66,Babić,exact:full_name
1949,Serbia,2022,Stefan Mitrović,74,agree,71,P-19069:WC-2022,P-19069,WC-2022,T-66,Mitrović,exact:full_name
1950,Serbia,2022,Filip Mladenović,69,agree,71,P-82143:WC-2022,P-82143,WC-2022,T-66,Mladenović,exact:full_name
2083,South Korea,2022,Jo Woo,73,f2-only,71,P-04157:WC-2022,P-04157,WC-2022,T-71,Jo,token:full_name:total=2.00:exact=2:fuzzy=0:initial=0
2084,South Korea,2022,Jeong Yeong,72,agree,71,P-94500:WC-2022,P-94500,WC-2022,T-71,Woo-yeong,token:full_name:total=2.00:exact=2:fuzzy=0:initial=0
2085,South Korea,2022,Hong Chul,71,f2-only,71,P-91889:WC-2022,P-91889,WC-2022,T-71,Hong,exact:family_given
2086,South Korea,2022,Cho Min,71,f2-only,71,P-05917:WC-2022,P-05917,WC-2022,T-71,Yu-min,token:full_name:total=2.00:exact=2:fuzzy=0:initial=0
2087,South Korea,2022,Kim Su,71,f2-only,83,P-82889:WC-2022,P-82889,WC-2022,T-71,Jin-su,token:full_name:total=2.00:exact=2:fuzzy=0:initial=0
2088,South Korea,2022,Kim Gwon,71,f2-only,83,P-07259:WC-2022,P-07259,WC-2022,T-71,Kim,token:full_name:total=2.00:exact=2:fuzzy=0:initial=0
2089,South Korea,2022,Song Keun,70,agree,71,P-49090:WC-2022,P-49090,WC-2022,T-71,Bum-keun,token:full_name:total=2.00:exact=2:fuzzy=0:initial=0
2090,South Korea,2022,Cho Sung,70,"avg(70,69)",83,P-87169:WC-2022,P-87169,WC-2022,T-71,Gue-sung,token:full_name:total=2.00:exact=2:fuzzy=0:initial=0
2092,South Korea,2022,Kim Gyu,70,f2-only,83,P-42523:WC-2022,P-42523,WC-2022,T-71,Kim,token:full_name:total=2.00:exact=2:fuzzy=0:initial=0
2094,South Korea,2022,Kwon Hoon,66,f2-only,71,P-88360:WC-2022,P-88360,WC-2022,T-71,Chang-hoon,token:full_name:total=2.00:exact=2:fuzzy=0:initial=0
2141,Spain,2022,Marcos Llorente,84,agree,71,P-86871:WC-2022,P-86871,WC-2022,T-73,Llorente,exact:full_name
2142,Spain,2022,Pau Torres,83,agree,71,P-16333:WC-2022,P-16333,WC-2022,T-73,Torres,exact:full_name
2143,Spain,2022,Pablo Sarabia,81,agree,71,P-81427:WC-2022,P-81427,WC-2022,T-73,Sarabia,exact:full_name
2144,Spain,2022,Yeremy Pino,79,agree,71,P-46898:WC-2022,P-46898,WC-2022,T-73,Pino,exact:full_name
2145,Spain,2022,Anssumane Fati,79,f1-only,71,P-33854:WC-2022,P-33854,WC-2022,T-73,Fati,distinctive_single:fati
2146,Spain,2022,Ansu Fati,79,f2-only,71,P-33854:WC-2022,P-33854,WC-2022,T-73,Fati,exact:full_name
2147,Spain,2022,David Raya,78,"avg(76,80)",71,P-33433:WC-2022,P-33433,WC-2022,T-73,Raya,exact:full_name
2148,Spain,2022,Robert Sánchez,78,"avg(77,79)",71,P-92513:WC-2022,P-92513,WC-2022,T-73,Sánchez,exact:full_name
2228,Switzerland,2022,Jonas Omlin,79,agree,71,P-75926:WC-2022,P-75926,WC-2022,T-75,Omlin,exact:full_name
2229,Switzerland,2022,Fabian Schär,78,"avg(77,78)",73,P-25131:WC-2022,P-25131,WC-2022,T-75,Schär,exact:full_name
2230,Switzerland,2022,Nico Elvedi,77,agree,73,P-19193:WC-2022,P-19193,WC-2022,T-75,Elvedi,exact:full_name
2231,Switzerland,2022,Christian Fassnacht,76,agree,71,P-71875:WC-2022,P-71875,WC-2022,T-75,Fassnacht,exact:full_name
2232,Switzerland,2022,Renato Steffen,76,agree,71,P-20482:WC-2022,P-20482,WC-2022,T-75,Steffen,exact:full_name
2233,Switzerland,2022,Michel Aebischer,75,"avg(75,74)",71,P-32222:WC-2022,P-32222,WC-2022,T-75,Aebischer,exact:full_name
2235,Switzerland,2022,Fabian Frei,73,"avg(71,74)",73,P-00244:WC-2022,P-00244,WC-2022,T-75,Frei,exact:full_name
2236,Switzerland,2022,Eray Cömert,73,"avg(72,73)",73,P-56868:WC-2022,P-56868,WC-2022,T-75,Cömert,exact:full_name
2237,Switzerland,2022,Philipp Köhn,71,"avg(70,71)",71,P-38800:WC-2022,P-38800,WC-2022,T-75,Köhn,exact:full_name
2238,Switzerland,2022,Fabian Rieder,70,"avg(68,72)",73,P-25593:WC-2022,P-25593,WC-2022,T-75,Rieder,exact:full_name
2239,Switzerland,2022,Ardon Jashari,67,"avg(65,69)",71,P-17496:WC-2022,P-17496,WC-2022,T-75,Jashari,exact:full_name
2319,Tunisia,2022,Wahbi Khazri,75,agree,79,P-42223:WC-2022,P-42223,WC-2022,T-79,Khazri,exact:full_name
2320,Tunisia,2022,Naim Sliti,74,"avg(76,72)",71,P-69793:WC-2022,P-69793,WC-2022,T-79,Sliti,exact:full_name
2321,Tunisia,2022,Ali Maâloul,72,f2-only,71,P-38981:WC-2022,P-38981,WC-2022,T-79,Maâloul,exact:full_name
2322,Tunisia,2022,Seifeddine Jaziri,72,f2-only,71,P-82056:WC-2022,P-82056,WC-2022,T-79,Jaziri,exact:full_name
2323,Tunisia,2022,Ali Abdi,71,"avg(71,70)",79,P-64924:WC-2022,P-64924,WC-2022,T-79,Abdi,exact:full_name
2324,Tunisia,2022,Youssef Msakni,71,f2-only,71,P-25741:WC-2022,P-25741,WC-2022,T-79,Msakni,exact:full_name
2325,Tunisia,2022,Yassine Meriah,71,f2-only,79,P-81706:WC-2022,P-81706,WC-2022,T-79,Meriah,exact:full_name
2326,Tunisia,2022,Ghailene Chaalali,70,f2-only,71,P-09569:WC-2022,P-09569,WC-2022,T-79,Chaalali,exact:full_name
2327,Tunisia,2022,Taha Khenissi,70,f2-only,71,P-21865:WC-2022,P-21865,WC-2022,T-79,Khenissi,token:full_name:total=2.00:exact=2:fuzzy=0:initial=0
2328,Tunisia,2022,Mohamed Ben Romdhane,69,f2-only,71,P-42575:WC-2022,P-42575,WC-2022,T-79,Ben Romdhane,token:full_name:total=3.00:exact=3:fuzzy=0:initial=0
2329,Tunisia,2022,Bechir Ben Saïd,69,f2-only,71,P-82657:WC-2022,P-82657,WC-2022,T-79,Ben Saïd,exact:full_name
2330,Tunisia,2022,Montassar Talbi,68,"avg(67,69)",79,P-73455:WC-2022,P-73455,WC-2022,T-79,Talbi,exact:full_name
2331,Tunisia,2022,Mouez Hassen,68,f2-only,71,P-57303:WC-2022,P-57303,WC-2022,T-79,Hassen,exact:full_name
2332,Tunisia,2022,Aymen Mathlouthi,68,f2-only,71,P-25989:WC-2022,P-25989,WC-2022,T-79,Mathlouthi,exact:full_name
2333,Tunisia,2022,Anis Ben Slimane,67,agree,71,P-45680:WC-2022,P-45680,WC-2022,T-79,Ben Slimane,exact:full_name
2334,Tunisia,2022,Nader Ghandri,67,f2-only,71,P-68161:WC-2022,P-68161,WC-2022,T-79,Ghandri,exact:full_name
2335,Tunisia,2022,Hannibal Mejbri,66,"avg(64,68)",71,P-48887:WC-2022,P-48887,WC-2022,T-79,Mejbri,exact:full_name
2336,Tunisia,2022,Wajdi Kechrida,65,f2-only,79,P-27079:WC-2022,P-27079,WC-2022,T-79,Kechrida,exact:full_name
2415,United States,2022,Christian Pulisic,82,agree,84,P-11737:WC-2022,P-11737,WC-2022,T-83,Pulisic,exact:full_name
2416,United States,2022,Giovanni Reyna,78,"avg(77,78)",71,P-85878:WC-2022,P-85878,WC-2022,T-83,Reyna,exact:full_name
2417,United States,2022,Sergiño Dest,77,"avg(77,76)",84,P-89452:WC-2022,P-89452,WC-2022,T-83,Dest,exact:full_name
2418,United States,2022,Matthew Charles Turner,77,f1-only,84,P-48903:WC-2022,P-48903,WC-2022,T-83,Turner,distinctive_single:turner
2419,United States,2022,Matt Turner,77,f2-only,84,P-48903:WC-2022,P-48903,WC-2022,T-83,Turner,exact:full_name
2420,United States,2022,Walker Zimmerman,76,agree,84,P-57029:WC-2022,P-57029,WC-2022,T-83,Zimmerman,exact:full_name
2421,United States,2022,Antonee Robinson,75,"avg(74,76)",84,P-70867:WC-2022,P-70867,WC-2022,T-83,Robinson,exact:full_name
2422,United States,2022,Cameron Carter-Vickers,75,"avg(74,76)",71,P-25925:WC-2022,P-25925,WC-2022,T-83,Carter-Vickers,exact:full_name
2423,United States,2022,Timothy Weah,75,"avg(74,75)",84,P-30252:WC-2022,P-30252,WC-2022,T-83,Weah,exact:full_name
2424,United States,2022,Jesus Ferreira,75,"avg(74,75)",71,P-34132:WC-2022,P-34132,WC-2022,T-83,Ferreira,exact:full_name
2425,United States,2022,Sean Johnson,73,agree,71,P-38940:WC-2022,P-38940,WC-2022,T-83,Johnson,exact:full_name
2426,United States,2022,Tim Ream,73,f2-only,84,P-26367:WC-2022,P-26367,WC-2022,T-83,Ream,exact:full_name
2427,United States,2022,Jordan Morris,72,"avg(71,72)",71,P-77402:WC-2022,P-77402,WC-2022,T-83,Morris,exact:full_name
2428,United States,2022,Ethan Horvath,72,"avg(71,72)",71,P-01792:WC-2022,P-01792,WC-2022,T-83,Horvath,exact:full_name
2429,United States,2022,Haji Wright,70,"avg(68,71)",84,P-68131:WC-2022,P-68131,WC-2022,T-83,Wright,exact:full_name
2486,Uruguay,2022,Nestor Muslera,80,"avg(79,80)",71,P-10014:WC-2022,P-10014,WC-2022,T-84,Muslera,distinctive_single:muslera
2487,Uruguay,2022,Maximiliano Gómez González,78,f1-only,71,P-70671:WC-2022,P-70671,WC-2022,T-84,Gómez,distinctive_single:gomez
2488,Uruguay,2022,Maxi Gómez,78,f2-only,71,P-70671:WC-2022,P-70671,WC-2022,T-84,Gómez,exact:full_name
2489,Uruguay,2022,Carlos Sosa,75,agree,71,P-19914:WC-2022,P-19914,WC-2022,T-84,Sosa,distinctive_single:sosa
2490,Uruguay,2022,Facundo Torres,73,agree,71,P-68430:WC-2022,P-68430,WC-2022,T-84,Torres,exact:full_name
2492,Uruguay,2022,Jose Cáceres,72,f2-only,71,P-74058:WC-2022,P-74058,WC-2022,T-84,Cáceres,distinctive_single:caceres
2511,Wales,2022,Benjamin Davies,78,"avg(79,77)",79,P-41198:WC-2022,P-41198,WC-2022,T-85,Davies,v4.5_qid_alias_bound
2512,Wales,2022,Connor Roberts,75,"avg(75,74)",79,P-56503:WC-2022,P-56503,WC-2022,T-85,Roberts,exact:full_name
2513,Wales,2022,Ethan Ampadu,74,"avg(73,74)",79,P-50398:WC-2022,P-50398,WC-2022,T-85,Ampadu,exact:full_name
2514,Wales,2022,Joe Rodon,73,"avg(72,74)",79,P-38105:WC-2022,P-38105,WC-2022,T-85,Rodon,exact:full_name
2515,Wales,2022,Neco Williams,72,"avg(71,73)",79,P-87190:WC-2022,P-87190,WC-2022,T-85,Williams,exact:full_name
2516,Wales,2022,Christopher James Mepham,71,f1-only,79,P-74888:WC-2022,P-74888,WC-2022,T-85,Mepham,v4.5_qid_alias_bound
2517,Wales,2022,Chris Mepham,71,f2-only,79,P-74888:WC-2022,P-74888,WC-2022,T-85,Mepham,exact:full_name
138,Australia,2026,Paul Izzo,70,agree,71,P-W26-0033:WC-2026,P-W26-0033,WC-2026,T-04,Izzo,exact:full_name
139,Australia,2026,Cristian Volpato,69,f2-only,71,P-W26-0044:WC-2026,P-W26-0044,WC-2026,T-04,Volpato,exact:full_name
140,Australia,2026,Patrick Beach,65,agree,71,P-W26-0042:WC-2026,P-W26-0042,WC-2026,T-04,Beach,exact:full_name
141,Australia,2026,Nishan Velupillay,65,agree,71,P-W26-0038:WC-2026,P-W26-0038,WC-2026,T-04,Velupillay,exact:full_name
142,Australia,2026,Lucas Herrington,59,agree,71,P-W26-0048:WC-2026,P-W26-0048,WC-2026,T-04,Herrington,exact:full_name
143,Austria,2026,Konrad Laimer,83,"avg(82,84)",84,P-W26-0060:WC-2026,P-W26-0060,WC-2026,T-05,Laimer,exact:full_name
144,Austria,2026,Marcel Sabitzer,81,"avg(80,81)",84,P-W26-0053:WC-2026,P-W26-0053,WC-2026,T-05,Sabitzer,exact:full_name
145,Austria,2026,Stefan Posch,79,"avg(79,78)",84,P-W26-0059:WC-2026,P-W26-0059,WC-2026,T-05,Posch,exact:full_name
146,Austria,2026,Xaver Schlager,79,"avg(80,78)",84,P-W26-0062:WC-2026,P-W26-0062,WC-2026,T-05,Schlager,exact:full_name
147,Austria,2026,Carney Chukwuemeka,78,f2-only,72,P-W26-0072:WC-2026,P-W26-0072,WC-2026,T-05,Chukwuemeka,exact:full_name
148,Austria,2026,Patrick Wimmer,77,agree,72,P-W26-0071:WC-2026,P-W26-0071,WC-2026,T-05,Wimmer,exact:full_name
149,Austria,2026,Michael Gregoritsch,75,agree,84,P-W26-0054:WC-2026,P-W26-0054,WC-2026,T-05,Gregoritsch,exact:full_name
150,Austria,2026,Alexander Prass,75,"avg(74,75)",72,P-W26-0070:WC-2026,P-W26-0070,WC-2026,T-05,Prass,exact:full_name
151,Austria,2026,Sasa Kalajdzic,74,"avg(74,73)",72,P-W26-0061:WC-2026,P-W26-0061,WC-2026,T-05,Kalajdzic,exact:full_name
152,Austria,2026,Alessandro Schopf,68,agree,72,P-W26-0052:WC-2026,P-W26-0052,WC-2026,T-05,Schopf,exact:full_name
192,Belgium,2026,Diego Moreira,77,agree,71,P-W26-0082:WC-2026,P-W26-0082,WC-2026,T-06,Moreira,exact:full_name
193,Belgium,2026,Nicolas Raskin,77,agree,71,P-W26-0078:WC-2026,P-W26-0078,WC-2026,T-06,Raskin,exact:full_name
194,Belgium,2026,Matias Fernandez-Pardo,75,f2-only,71,P-W26-0083:WC-2026,P-W26-0083,WC-2026,T-06,Fernandez-Pardo,exact:full_name
195,Belgium,2026,Joaquin Seys,73,"avg(73,72)",71,P-W26-0084:WC-2026,P-W26-0084,WC-2026,T-06,Seys,exact:full_name
196,Belgium,2026,Mike Penders,73,agree,71,P-W26-0085:WC-2026,P-W26-0085,WC-2026,T-06,Penders,exact:full_name
197,Belgium,2026,Nathan Ngoy,72,"avg(69,75)",71,P-W26-0081:WC-2026,P-W26-0081,WC-2026,T-06,Ngoy,exact:full_name
211,Bosnia and Herzegovina,2026,Edin Džeko,81,agree,79,P-31839:WC-2026,P-31839,WC-2026,T-08,Džeko,exact:full_name
212,Bosnia and Herzegovina,2026,Sead Kolašinac,79,agree,79,P-96934:WC-2026,P-96934,WC-2026,T-08,Kolašinac,exact:full_name
213,Bosnia and Herzegovina,2026,Nikola Vasilj,77,agree,79,P-W26-0087:WC-2026,P-W26-0087,WC-2026,T-08,Vasilj,exact:full_name
214,Bosnia and Herzegovina,2026,Amar Dedic,74,"avg(74,73)",79,P-W26-0101:WC-2026,P-W26-0101,WC-2026,T-08,Dedic,exact:full_name
215,Bosnia and Herzegovina,2026,Haris Tabakovic,73,agree,72,P-W26-0086:WC-2026,P-W26-0086,WC-2026,T-08,Tabakovic,exact:full_name
216,Bosnia and Herzegovina,2026,Armin Gigovic,72,agree,72,P-W26-0099:WC-2026,P-W26-0099,WC-2026,T-08,Gigovic,exact:full_name
217,Bosnia and Herzegovina,2026,Amar Memic,72,agree,71,P-W26-0098:WC-2026,P-W26-0098,WC-2026,T-08,Memic,exact:full_name
218,Bosnia and Herzegovina,2026,Dennis Hadzikadunic,70,"avg(70,69)",79,P-W26-0095:WC-2026,P-W26-0095,WC-2026,T-08,Hadzikadunic,exact:full_name
219,Bosnia and Herzegovina,2026,Nikola Katic,69,agree,72,P-W26-0089:WC-2026,P-W26-0089,WC-2026,T-08,Katic,exact:full_name
220,Bosnia and Herzegovina,2026,Samed Bazdar,69,agree,71,P-W26-0104:WC-2026,P-W26-0104,WC-2026,T-08,Bazdar,exact:full_name
221,Bosnia and Herzegovina,2026,Dzenis Burnic,68,agree,72,P-W26-0094:WC-2026,P-W26-0094,WC-2026,T-08,Burnic,exact:full_name
222,Bosnia and Herzegovina,2026,Martin Zlomislic,68,f2-only,71,P-W26-0096:WC-2026,P-W26-0096,WC-2026,T-08,Zlomislic,exact:full_name
223,Bosnia and Herzegovina,2026,Esmir Bajraktarevic,67,agree,72,P-W26-0105:WC-2026,P-W26-0105,WC-2026,T-08,Bajraktarevic,exact:full_name
224,Bosnia and Herzegovina,2026,Nihad Mujakic,67,agree,71,P-W26-0093:WC-2026,P-W26-0093,WC-2026,T-08,Mujakic,exact:full_name
225,Bosnia and Herzegovina,2026,Ivan Basic,66,f2-only,71,P-W26-0100:WC-2026,P-W26-0100,WC-2026,T-08,Basic,exact:full_name
226,Bosnia and Herzegovina,2026,Nidal Čelik,64,agree,71,P-W26-0107:WC-2026,P-W26-0107,WC-2026,T-08,Celik,exact:full_name
227,Bosnia and Herzegovina,2026,Kerim Alajbegovic,62,"avg(63,61)",72,P-W26-0108:WC-2026,P-W26-0108,WC-2026,T-08,Alajbegovic,exact:full_name
293,Brazil,2026,Matheus Cunha,83,agree,72,P-W26-0114:WC-2026,P-W26-0114,WC-2026,T-09,Cunha,exact:full_name
294,Brazil,2026,Wesley Lima,78,"avg(77,79)",72,P-W26-0118:WC-2026,P-W26-0118,WC-2026,T-09,Wesley,distinctive_single:wesley
295,Brazil,2026,Rayan Rocha,78,f2-only,72,P-W26-0120:WC-2026,P-W26-0120,WC-2026,T-09,Rayan,distinctive_single:rayan
296,Brazil,2026,Alex Sandro,77,f2-only,72,P-97698:WC-2026,P-97698,WC-2026,T-09,Sandro,exact:full_name
297,Brazil,2026,Igor Thiago,75,agree,72,P-W26-0117:WC-2026,P-W26-0117,WC-2026,T-09,Igor Thiago,exact:common_name
380,Cape Verde,2026,Steven Moreira,72,f2-only,71,P-W26-0773:WC-2026,P-W26-0773,WC-2026,T-W26-1,Moreira,exact:full_name
381,Cape Verde,2026,Telmo Arcanjo,71,f2-only,72,P-W26-0786:WC-2026,P-W26-0786,WC-2026,T-W26-1,Arcanjo,exact:full_name
382,Cape Verde,2026,Wagner Pina,71,f2-only,72,P-W26-0790:WC-2026,P-W26-0790,WC-2026,T-W26-1,Pina,exact:full_name
383,Cape Verde,2026,Garry Rodrigues,70,f2-only,72,P-W26-0768:WC-2026,P-W26-0768,WC-2026,T-W26-1,Rodrigues,exact:full_name
384,Cape Verde,2026,Deroy Duarte,69,f2-only,71,P-W26-0781:WC-2026,P-W26-0781,WC-2026,T-W26-1,Duarte,exact:full_name
385,Cape Verde,2026,Willy Semedo,68,f2-only,71,P-W26-0772:WC-2026,P-W26-0772,WC-2026,T-W26-1,Semedo,exact:full_name
386,Cape Verde,2026,Kevin Pina,67,f2-only,72,P-W26-0776:WC-2026,P-W26-0776,WC-2026,T-W26-1,Pina,exact:full_name
387,Cape Verde,2026,Sidny Cabral,67,f2-only,72,P-W26-0789:WC-2026,P-W26-0789,WC-2026,T-W26-1,Lopes Cabral,token:full_name:total=2.00:exact=2:fuzzy=0:initial=0
388,Cape Verde,2026,Helio Varela,67,f2-only,71,P-W26-0788:WC-2026,P-W26-0788,WC-2026,T-W26-1,Varela,exact:full_name
389,Cape Verde,2026,Roberto Lopes,66,f2-only,72,P-W26-0770:WC-2026,P-W26-0770,WC-2026,T-W26-1,Lopes,exact:full_name
390,Cape Verde,2026,João Fernandes,65,f2-only,72,P-W26-0779:WC-2026,P-W26-0779,WC-2026,T-W26-1,João Paulo,distinctive_single:joao
391,Cape Verde,2026,Marcio Rosa,64,f2-only,72,P-W26-0777:WC-2026,P-W26-0777,WC-2026,T-W26-1,Rosa,exact:full_name
393,Cape Verde,2026,Yannick Semedo,63,f2-only,71,P-W26-0775:WC-2026,P-W26-0775,WC-2026,T-W26-1,Semedo,exact:full_name
434,Colombia,2026,Luis Suarez,80,f2-only,72,P-W26-0139:WC-2026,P-W26-0139,WC-2026,T-16,Suarez,exact:full_name
435,Colombia,2026,Juan Hernández,79,f2-only,72,P-W26-0144:WC-2026,P-W26-0144,WC-2026,T-16,Hernandez,distinctive_single:hernandez
436,Colombia,2026,Camilo Vargas,77,f2-only,72,P-27327:WC-2026,P-27327,WC-2026,T-16,Vargas,exact:full_name
437,Colombia,2026,Jorge Carrascal,77,f2-only,72,P-W26-0141:WC-2026,P-W26-0141,WC-2026,T-16,Carrascal,exact:full_name
438,Colombia,2026,Kevin Castano,76,"avg(77,74)",72,P-W26-0147:WC-2026,P-W26-0147,WC-2026,T-16,Castano,exact:full_name
439,Colombia,2026,Álvaro Montero,75,agree,72,P-W26-0135:WC-2026,P-W26-0135,WC-2026,T-16,Montero,exact:full_name
440,Colombia,2026,Carlos Gómez,72,f2-only,72,P-W26-0148:WC-2026,P-W26-0148,WC-2026,T-16,Gomez,distinctive_single:gomez
444,Colombia,2026,Gustavo Puerta,68,f2-only,72,P-W26-0149:WC-2026,P-W26-0149,WC-2026,T-16,Puerta,exact:full_name
567,Curaçao,2026,Armando Obispo,74,f2-only,71,P-W26-0803:WC-2026,P-W26-0803,WC-2026,T-W26-2,Obispo,exact:full_name
568,Curaçao,2026,Tahith Chong,71,"avg(71,70)",73,P-W26-0807:WC-2026,P-W26-0807,WC-2026,T-W26-2,Chong,exact:full_name
569,Curaçao,2026,Joshua Brenet,70,f2-only,71,P-W26-0796:WC-2026,P-W26-0796,WC-2026,T-W26-2,Brenet,exact:full_name
570,Curaçao,2026,Shurandy Sambo,68,"avg(68,67)",71,P-W26-0809:WC-2026,P-W26-0809,WC-2026,T-W26-2,Sambo,exact:full_name
571,Curaçao,2026,Jeremy Antonisse,68,f2-only,73,P-W26-0810:WC-2026,P-W26-0810,WC-2026,T-W26-2,Antonisse,exact:full_name
572,Curaçao,2026,Brandley Kuwas,67,agree,71,P-W26-0793:WC-2026,P-W26-0793,WC-2026,T-W26-2,Kuwas,exact:full_name
573,Curaçao,2026,Tyrese Noslin,66,f1-only,71,P-W26-0813:WC-2026,P-W26-0813,WC-2026,T-W26-2,Noslin,exact:full_name
574,Curaçao,2026,Godfried Roemeratoe,65,f2-only,73,P-W26-0805:WC-2026,P-W26-0805,WC-2026,T-W26-2,Roemeratoe,exact:full_name
575,Curaçao,2026,Gervane Kastaneer,63,f2-only,73,P-W26-0798:WC-2026,P-W26-0798,WC-2026,T-W26-2,Kastaneer,exact:full_name
576,Curaçao,2026,Jearl Margaritha,63,f2-only,73,P-W26-0808:WC-2026,P-W26-0808,WC-2026,T-W26-2,Margaritha,exact:full_name
577,Curaçao,2026,Livano Comenencia,62,agree,73,P-W26-0816:WC-2026,P-W26-0816,WC-2026,T-W26-2,Comenencia,exact:full_name
578,Curaçao,2026,Tyrick Bodak,60,agree,73,P-W26-0811:WC-2026,P-W26-0811,WC-2026,T-W26-2,Bodak,exact:full_name
586,Czech Republic,2026,Patrik Schick,85,agree,81,P-W26-0167:WC-2026,P-W26-0167,WC-2026,T-20,Schick,exact:full_name
587,Czech Republic,2026,Tomas Soucek,78,agree,81,P-W26-0166:WC-2026,P-W26-0166,WC-2026,T-20,Soucek,exact:full_name
588,Czech Republic,2026,Adam Hlozek,77,agree,81,P-W26-0182:WC-2026,P-W26-0182,WC-2026,T-20,Hlozek,exact:full_name
589,Czech Republic,2026,Tomas Holes,76,agree,72,P-W26-0164:WC-2026,P-W26-0164,WC-2026,T-20,Holes,exact:full_name
590,Czech Republic,2026,Tomas Chory,75,agree,72,P-W26-0165:WC-2026,P-W26-0165,WC-2026,T-20,Chory,exact:full_name
591,Czech Republic,2026,Matej Kovar,75,agree,81,P-W26-0176:WC-2026,P-W26-0176,WC-2026,T-20,Kovar,exact:full_name
592,Czech Republic,2026,Lukas Cerv,74,agree,72,P-W26-0180:WC-2026,P-W26-0180,WC-2026,T-20,Cerv,exact:full_name
593,Czech Republic,2026,Jan Kuchta,73,agree,72,P-W26-0170:WC-2026,P-W26-0170,WC-2026,T-20,Kuchta,exact:full_name
594,Czech Republic,2026,Vladimir Coufal,73,agree,81,P-W26-0163:WC-2026,P-W26-0163,WC-2026,T-20,Coufal,exact:full_name
595,Czech Republic,2026,David Jurasek,73,f2-only,72,P-W26-0177:WC-2026,P-W26-0177,WC-2026,T-20,Jurasek,exact:full_name
596,Czech Republic,2026,Robin Hranac,71,agree,72,P-W26-0175:WC-2026,P-W26-0175,WC-2026,T-20,Hranac,exact:full_name
597,DR Congo,2026,Yoane Wissa,82,agree,79,P-W26-0829:WC-2026,P-W26-0829,WC-2026,T-W26-3,Wissa,exact:full_name
598,DR Congo,2026,Aaron Wan-Bissaka,80,agree,72,P-W26-0834:WC-2026,P-W26-0834,WC-2026,T-W26-3,Wan-Bissaka,exact:full_name
599,DR Congo,2026,Cedric Bakambu,77,agree,79,P-W26-0817:WC-2026,P-W26-0817,WC-2026,T-W26-3,Bakambu,exact:full_name
600,DR Congo,2026,Arthur Masuaku,75,agree,79,P-W26-0819:WC-2026,P-W26-0819,WC-2026,T-W26-3,Masuaku,exact:full_name
601,DR Congo,2026,Chancel Mbemba,75,agree,79,P-W26-0822:WC-2026,P-W26-0822,WC-2026,T-W26-3,Mbemba,exact:full_name
602,DR Congo,2026,Joris Kayembe,74,agree,72,P-W26-0823:WC-2026,P-W26-0823,WC-2026,T-W26-3,Kayembe,exact:full_name
603,DR Congo,2026,Ngal Mukau,74,agree,72,P-W26-0840:WC-2026,P-W26-0840,WC-2026,T-W26-3,Mukau,token:full_name:total=2.00:exact=2:fuzzy=0:initial=0
604,DR Congo,2026,Axel Tuanzebe,73,agree,72,P-W26-0833:WC-2026,P-W26-0833,WC-2026,T-W26-3,Tuanzebe,exact:full_name
605,DR Congo,2026,Matthieu Epolo,73,f2-only,71,P-W26-0842:WC-2026,P-W26-0842,WC-2026,T-W26-3,Epolo,exact:full_name
606,DR Congo,2026,Gael Kakuta,72,f2-only,71,P-W26-0818:WC-2026,P-W26-0818,WC-2026,T-W26-3,Kakuta,exact:full_name
607,DR Congo,2026,Fiston Mayele,72,f2-only,72,P-W26-0820:WC-2026,P-W26-0820,WC-2026,T-W26-3,Mayele,exact:full_name
608,DR Congo,2026,Edo Kayembe,71,agree,79,P-W26-0837:WC-2026,P-W26-0837,WC-2026,T-W26-3,Kayembe,exact:full_name
609,DR Congo,2026,Dylan Batubinsika,71,agree,71,P-W26-0826:WC-2026,P-W26-0826,WC-2026,T-W26-3,Batubinsika,exact:full_name
610,DR Congo,2026,Meschack Elia,70,agree,79,P-W26-0831:WC-2026,P-W26-0831,WC-2026,T-W26-3,Elia,token:full_name:total=1.82:exact=1:fuzzy=1:initial=0
611,DR Congo,2026,Timothy Fayulu,69,f2-only,71,P-W26-0838:WC-2026,P-W26-0838,WC-2026,T-W26-3,Fayulu,exact:full_name
614,DR Congo,2026,Lionel Mpasi,67,f2-only,79,P-W26-0821:WC-2026,P-W26-0821,WC-2026,T-W26-3,Mpasi,exact:full_name
615,DR Congo,2026,Brian Cipenga,66,agree,71,P-W26-0835:WC-2026,P-W26-0835,WC-2026,T-W26-3,Cipenga,exact:full_name
616,DR Congo,2026,Aaron Tshibola,64,f2-only,71,P-W26-0824:WC-2026,P-W26-0824,WC-2026,T-W26-3,Tshibola,exact:full_name
706,Ecuador,2026,Hernan Galíndez,74,agree,71,P-56347:WC-2026,P-56347,WC-2026,T-25,Galíndez,exact:full_name
707,Ecuador,2026,Jackson Porozo,72,f2-only,71,P-73694:WC-2026,P-73694,WC-2026,T-25,Porozo,exact:full_name
708,Ecuador,2026,Yaimar Medina,70,agree,71,P-W26-0197:WC-2026,P-W26-0197,WC-2026,T-25,Medina,exact:full_name
709,Ecuador,2026,Jordy Alcivar,68,agree,71,P-W26-0189:WC-2026,P-W26-0189,WC-2026,T-25,Alcivar,exact:full_name
710,Ecuador,2026,Anthony Valencia,67,agree,71,P-W26-0194:WC-2026,P-W26-0194,WC-2026,T-25,Valencia,exact:full_name
711,Ecuador,2026,Jordy Caicedo,66,agree,71,P-W26-0188:WC-2026,P-W26-0188,WC-2026,T-25,Caicedo,exact:full_name
712,Ecuador,2026,Jeremy Mera,66,f2-only,71,P-W26-0198:WC-2026,P-W26-0198,WC-2026,T-25,Arevalo,v4.5_qid_alias_bound
723,Egypt,2026,Haissem Hassan,73,f2-only,71,P-W26-0221:WC-2026,P-W26-0221,WC-2026,T-26,Hassan,exact:full_name
724,Egypt,2026,Mahmoud Saber,70,f2-only,71,P-W26-0219:WC-2026,P-W26-0219,WC-2026,T-26,Saber,exact:full_name
725,Egypt,2026,Hossam Abdelmaguid,69,f2-only,71,P-W26-0218:WC-2026,P-W26-0218,WC-2026,T-26,Abdelmaguid,exact:full_name
776,England,2026,Jude Bellingham,90,"avg(90,89)",88,P-15674:WC-2026,P-15674,WC-2026,T-28,Bellingham,exact:full_name
777,England,2026,Declan Rice,88,"avg(87,88)",88,P-84787:WC-2026,P-84787,WC-2026,T-28,Rice,exact:full_name
778,England,2026,Bukayo Saka,88,"avg(88,87)",88,P-76842:WC-2026,P-76842,WC-2026,T-28,Saka,exact:full_name
779,England,2026,Jordan Pickford,85,"avg(84,85)",88,P-70618:WC-2026,P-70618,WC-2026,T-28,Pickford,exact:full_name
780,England,2026,John Stones,82,agree,88,P-92628:WC-2026,P-92628,WC-2026,T-28,Stones,exact:full_name
781,England,2026,Marcus Rashford,81,"avg(80,82)",88,P-59837:WC-2026,P-59837,WC-2026,T-28,Rashford,exact:full_name
851,France,2026,N Kanté,85,agree,72,P-98287:WC-2026,P-98287,WC-2026,T-30,Kanté,mononym:common_name
852,France,2026,Jean-Philippe Mateta,82,agree,72,P-W26-0243:WC-2026,P-W26-0243,WC-2026,T-30,Mateta,exact:full_name
853,France,2026,Rayan Cherki,81,agree,72,P-W26-0250:WC-2026,P-W26-0250,WC-2026,T-30,Cherki,exact:full_name
854,France,2026,Maghnes Akliouche,80,agree,72,P-W26-0247:WC-2026,P-W26-0247,WC-2026,T-30,Akliouche,exact:full_name
855,France,2026,Kouadio Koné,79,f2-only,72,P-W26-0245:WC-2026,P-W26-0245,WC-2026,T-30,Kone,distinctive_single:kone
923,Germany,2026,Waldemar Anton,83,"avg(82,83)",71,P-W26-0258:WC-2026,P-W26-0258,WC-2026,T-31,Anton,exact:full_name
924,Germany,2026,Angelo Stiller,83,agree,71,P-W26-0263:WC-2026,P-W26-0263,WC-2026,T-31,Stiller,exact:full_name
925,Germany,2026,Nadiem Amiri,81,"avg(81,80)",71,P-W26-0260:WC-2026,P-W26-0260,WC-2026,T-31,Amiri,exact:full_name
926,Germany,2026,Alexander Nubel,81,"avg(81,80)",71,P-W26-0259:WC-2026,P-W26-0259,WC-2026,T-31,Nubel,exact:full_name
927,Germany,2026,Maximilian Beier,80,"avg(79,80)",71,P-W26-0266:WC-2026,P-W26-0266,WC-2026,T-31,Beier,exact:full_name
928,Germany,2026,Malick Thiaw,80,"avg(78,81)",71,P-W26-0264:WC-2026,P-W26-0264,WC-2026,T-31,Thiaw,exact:full_name
929,Germany,2026,Pascal Groß,80,f1-only,71,P-W26-0255:WC-2026,P-W26-0255,WC-2026,T-31,Gross,exact:full_name
930,Germany,2026,Nathaniel Brown,79,"avg(77,80)",71,P-W26-0268:WC-2026,P-W26-0268,WC-2026,T-31,Brown,exact:full_name
931,Germany,2026,Pascal Gross,79,f2-only,71,P-W26-0255:WC-2026,P-W26-0255,WC-2026,T-31,Gross,exact:given_family
932,Germany,2026,Lennart Karl,69,"avg(63,75)",71,P-W26-0270:WC-2026,P-W26-0270,WC-2026,T-31,Karl,exact:full_name
973,Ghana,2026,Thomas Partey,83,agree,79,P-07875:WC-2026,P-07875,WC-2026,T-32,Partey,exact:full_name
974,Ghana,2026,Antoine Semenyo,80,agree,79,P-14179:WC-2026,P-14179,WC-2026,T-32,Semenyo,exact:full_name
975,Ghana,2026,Abdul Mumin,77,agree,71,P-W26-0274:WC-2026,P-W26-0274,WC-2026,T-32,Mumin,exact:full_name
976,Ghana,2026,Issahaku Fatawu,76,agree,79,P-W26-0284:WC-2026,P-W26-0284,WC-2026,T-32,Fatawu,distinctive_single:fatawu
977,Ghana,2026,Ernest Nuamah,75,agree,79,P-W26-0282:WC-2026,P-W26-0282,WC-2026,T-32,Nuamah,exact:full_name
978,Ghana,2026,Benjamin Asare,75,f2-only,71,P-W26-0271:WC-2026,P-W26-0271,WC-2026,T-32,Asare,exact:full_name
979,Ghana,2026,Gideon Mensah,74,agree,79,P-28517:WC-2026,P-28517,WC-2026,T-32,Mensah,exact:full_name
980,Ghana,2026,Lawrence Zigi,73,agree,79,P-51990:WC-2026,P-51990,WC-2026,T-32,Ati-Zigi,token:full_name:total=2.00:exact=2:fuzzy=0:initial=0
981,Ghana,2026,Jordan Ayew,73,agree,79,P-31765:WC-2026,P-31765,WC-2026,T-32,Ayew,exact:full_name
982,Ghana,2026,Jerome Opoku,72,f2-only,71,P-W26-0276:WC-2026,P-W26-0276,WC-2026,T-32,Opoku,exact:full_name
983,Ghana,2026,Augustine Boakye,69,agree,71,P-W26-0279:WC-2026,P-W26-0279,WC-2026,T-32,Boakye,exact:full_name
984,Ghana,2026,Kwasi Sibo,69,agree,71,P-W26-0275:WC-2026,P-W26-0275,WC-2026,T-32,Sibo,exact:full_name
985,Ghana,2026,Brandon Thomas-Asante,69,agree,71,P-W26-0277:WC-2026,P-W26-0277,WC-2026,T-32,Thomas-Asante,exact:full_name
986,Ghana,2026,Marvin Senaya,69,f2-only,71,P-W26-0280:WC-2026,P-W26-0280,WC-2026,T-32,Senaya,exact:full_name
987,Ghana,2026,Kojo Oppong,67,"avg(68,65)",71,P-W26-0285:WC-2026,P-W26-0285,WC-2026,T-32,Peprah Oppong,token:full_name:total=2.00:exact=2:fuzzy=0:initial=0
996,Haiti,2026,Jean-Ricner Bellegarde,75,agree,71,P-W26-0297:WC-2026,P-W26-0297,WC-2026,T-34,Bellegarde,exact:full_name
997,Haiti,2026,Wilson Isidor,72,f2-only,71,P-W26-0304:WC-2026,P-W26-0304,WC-2026,T-34,Isidor,exact:full_name
998,Haiti,2026,Jean-Kevin Duverne,71,agree,71,P-W26-0295:WC-2026,P-W26-0295,WC-2026,T-34,Duverne,exact:full_name
999,Haiti,2026,Josue Casimir,71,f2-only,71,P-W26-0310:WC-2026,P-W26-0310,WC-2026,T-34,Casimir,exact:full_name
1000,Haiti,2026,Duke Lacroix,60,f2-only,71,P-W26-0290:WC-2026,P-W26-0290,WC-2026,T-34,Lacroix,exact:full_name
1001,Haiti,2026,Wilguens Paugain,55,agree,71,P-W26-0309:WC-2026,P-W26-0309,WC-2026,T-34,Paugain,exact:full_name
1085,Iraq,2026,Marko Farji,67,"avg(66,67)",71,P-W26-0351:WC-2026,P-W26-0351,WC-2026,T-39,Farji,exact:full_name
1086,Iraq,2026,Akam Hashem,65,f2-only,71,P-W26-0336:WC-2026,P-W26-0336,WC-2026,T-39,Hashim,token:full_name:total=1.82:exact=1:fuzzy=1:initial=0
1087,Iraq,2026,Ahmed Yahya,65,f2-only,71,P-W26-0330:WC-2026,P-W26-0330,WC-2026,T-39,Yahya,exact:full_name
1088,Iraq,2026,Frans Putros,65,f2-only,71,P-W26-0328:WC-2026,P-W26-0328,WC-2026,T-39,Putros,exact:full_name
1089,Iraq,2026,Mustafa Saadoon,65,f2-only,71,P-W26-0342:WC-2026,P-W26-0342,WC-2026,T-39,Saadoon,exact:full_name
1090,Iraq,2026,Ali Jasim,62,agree,73,P-W26-0350:WC-2026,P-W26-0350,WC-2026,T-39,Jasim,exact:full_name
1091,Iraq,2026,Basil,60,f2-only,73,P-W26-0333:WC-2026,P-W26-0333,WC-2026,T-39,Basil,exact:common_name
1092,Iraq,2026,Rebin Sulaka,60,f2-only,73,P-W26-0327:WC-2026,P-W26-0327,WC-2026,T-39,Sulaka,exact:full_name
1093,Iraq,2026,Fahad Talib,60,f2-only,73,P-W26-0329:WC-2026,P-W26-0329,WC-2026,T-39,Talib,exact:full_name
1094,Iraq,2026,Manaf Younis,60,f2-only,73,P-W26-0334:WC-2026,P-W26-0334,WC-2026,T-39,Younis,exact:full_name
1144,Ivory Coast,2026,Evan Ndicka,81,agree,79,P-W26-0361:WC-2026,P-W26-0361,WC-2026,T-42,Ndicka,exact:full_name
1145,Ivory Coast,2026,Nicolas Pépé,80,agree,79,P-W26-0354:WC-2026,P-W26-0354,WC-2026,T-42,Pepe,exact:full_name
1146,Ivory Coast,2026,Amad Diallo,80,"avg(79,80)",79,P-W26-0369:WC-2026,P-W26-0369,WC-2026,T-42,Diallo,exact:full_name
1147,Ivory Coast,2026,Franck Kessie,80,agree,79,P-W26-0356:WC-2026,P-W26-0356,WC-2026,T-42,Kessie,exact:full_name
1148,Ivory Coast,2026,Odilon Kossounou,80,agree,79,P-W26-0364:WC-2026,P-W26-0364,WC-2026,T-42,Kossounou,exact:full_name
1149,Ivory Coast,2026,Wilfried Singo,80,agree,79,P-W26-0363:WC-2026,P-W26-0363,WC-2026,T-42,Singo,exact:full_name
1151,Ivory Coast,2026,Ange-Yoan Bonny,78,f2-only,71,P-W26-0372:WC-2026,P-W26-0372,WC-2026,T-42,Bonny,exact:full_name
1152,Ivory Coast,2026,Ibrahim Sangare,77,agree,79,P-W26-0359:WC-2026,P-W26-0359,WC-2026,T-42,Sangare,exact:full_name
1153,Ivory Coast,2026,Simon Adingra,76,agree,79,P-W26-0367:WC-2026,P-W26-0367,WC-2026,T-42,Adingra,exact:full_name
1154,Ivory Coast,2026,Yahia Fofana,76,agree,79,P-W26-0362:WC-2026,P-W26-0362,WC-2026,T-42,Fofana,exact:full_name
1155,Ivory Coast,2026,Alban Lafont,75,agree,71,P-W26-0360:WC-2026,P-W26-0360,WC-2026,T-42,Lafont,exact:full_name
1156,Ivory Coast,2026,Elye Wahi,75,f2-only,71,P-W26-0371:WC-2026,P-W26-0371,WC-2026,T-42,Wahi,exact:full_name
1157,Ivory Coast,2026,Yan Diomande,74,"avg(66,81)",79,P-W26-0377:WC-2026,P-W26-0377,WC-2026,T-42,Diomande,exact:full_name
1158,Ivory Coast,2026,Christopher Operi,74,agree,71,P-W26-0357:WC-2026,P-W26-0357,WC-2026,T-42,Operi,exact:full_name
1159,Ivory Coast,2026,Ghislain Konan,72,agree,79,P-W26-0355:WC-2026,P-W26-0355,WC-2026,T-42,Konan,exact:full_name
1160,Ivory Coast,2026,Oumar Diakité,72,f1-only,79,P-W26-0374:WC-2026,P-W26-0374,WC-2026,T-42,Diakite,exact:full_name
1161,Ivory Coast,2026,Christ Oulai,66,"avg(64,68)",71,P-W26-0376:WC-2026,P-W26-0376,WC-2026,T-42,Inao Oulai,token:full_name:total=2.00:exact=2:fuzzy=0:initial=0
1250,Japan,2026,Ritsu Dōan,82,agree,86,P-58907:WC-2026,P-58907,WC-2026,T-44,Dōan,exact:full_name
1251,Japan,2026,Takefusa Kubo,82,agree,86,P-39942:WC-2026,P-39942,WC-2026,T-44,Kubo,exact:full_name
1252,Japan,2026,Daichi Kamada,77,agree,86,P-62952:WC-2026,P-62952,WC-2026,T-44,Kamada,exact:full_name
1253,Japan,2026,Ao Tanaka,76,agree,86,P-82447:WC-2026,P-82447,WC-2026,T-44,Tanaka,exact:full_name
1254,Japan,2026,Tsuyoshi Watanabe,75,agree,71,P-W26-0378:WC-2026,P-W26-0378,WC-2026,T-44,Watanabe,exact:full_name
1255,Japan,2026,Zion Suzuki,74,agree,86,P-W26-0387:WC-2026,P-W26-0387,WC-2026,T-44,Suzuki,exact:full_name
1256,Japan,2026,Yuito Suzuki,71,agree,71,P-W26-0386:WC-2026,P-W26-0386,WC-2026,T-44,Suzuki,exact:full_name
1257,Japan,2026,Tomoki Hayakawa,71,f2-only,71,P-W26-0380:WC-2026,P-W26-0380,WC-2026,T-44,Hayakawa,exact:full_name
1258,Japan,2026,Junnosuke Suzuki,66,agree,71,P-W26-0388:WC-2026,P-W26-0388,WC-2026,T-44,Suzuki,exact:full_name
1259,Japan,2026,Kento Shiogai,66,agree,71,P-W26-0389:WC-2026,P-W26-0389,WC-2026,T-44,Shiogai,exact:full_name
1260,Jordan,2026,Yazan Al-Arab,75,agree,79,P-W26-0852:WC-2026,P-W26-0852,WC-2026,T-W26-4,Arab,exact:full_name
1261,Jordan,2026,Musa Al-Tamari,75,f2-only,79,P-W26-0855:WC-2026,P-W26-0855,WC-2026,T-W26-4,Taamari,token:full_name:total=1.82:exact=1:fuzzy=1:initial=0
1262,Jordan,2026,Abdallah Nasib,72,f2-only,79,P-W26-0850:WC-2026,P-W26-0850,WC-2026,T-W26-4,Nasib,exact:full_name
1263,Jordan,2026,Ibrahim Sadeh,68,f2-only,79,P-W26-0861:WC-2026,P-W26-0861,WC-2026,T-W26-4,Sadeh,exact:full_name
1264,Jordan,2026,Ihsan Haddad,67,f2-only,79,P-W26-0849:WC-2026,P-W26-0849,WC-2026,T-W26-4,Haddad,exact:full_name
1265,Jordan,2026,Yazeed Abulaila,66,f2-only,79,P-W26-0845:WC-2026,P-W26-0845,WC-2026,T-W26-4,Abulaila,exact:full_name
1266,Jordan,2026,Ali Olwan,64,f2-only,79,P-W26-0860:WC-2026,P-W26-0860,WC-2026,T-W26-4,Olwan,exact:full_name
1337,Mexico,2026,Julián Quinones,81,"avg(80,81)",71,P-W26-0393:WC-2026,P-W26-0393,WC-2026,T-46,Quinones,exact:full_name
1338,Mexico,2026,Fidalgo,77,f2-only,71,P-W26-0394:WC-2026,P-W26-0394,WC-2026,T-46,Fidalgo,exact:common_name
1340,Mexico,2026,Lira,74,"avg(73,75)",71,P-W26-0396:WC-2026,P-W26-0396,WC-2026,T-46,Lira,exact:common_name
1341,Mexico,2026,C. Acevedo,74,f2-only,72,P-W26-0392:WC-2026,P-W26-0392,WC-2026,T-46,Acevedo,mononym:common_name
1343,Mexico,2026,Huerta,73,agree,72,P-W26-0398:WC-2026,P-W26-0398,WC-2026,T-46,Huerta,exact:common_name
1344,Mexico,2026,G. Mora,73,f2-only,72,P-W26-0404:WC-2026,P-W26-0404,WC-2026,T-46,Mora,mononym:common_name
1345,Mexico,2026,O. Vargas,71,f2-only,72,P-W26-0403:WC-2026,P-W26-0403,WC-2026,T-46,Vargas,mononym:common_name
1348,Mexico,2026,Brian Gutiérrez,69,f2-only,72,P-W26-0401:WC-2026,P-W26-0401,WC-2026,T-46,Gutierrez,exact:full_name
1378,Morocco,2026,Brahim Díaz,82,"avg(82,81)",85,P-W26-0408:WC-2026,P-W26-0408,WC-2026,T-47,Diaz,exact:full_name
1379,Morocco,2026,Yassine Bounouياسين بونو,82,f1-only,71,P-50688:WC-2026,P-50688,WC-2026,T-47,Bounou,exact:full_name
1380,Morocco,2026,Nayef Aguerd,81,agree,85,P-47490:WC-2026,P-47490,WC-2026,T-47,Aguerd,exact:full_name
1381,Morocco,2026,Noussair Mazraoui,80,agree,85,P-09614:WC-2026,P-09614,WC-2026,T-47,Mazraoui,exact:full_name
1382,Morocco,2026,Azzedine Ounahi,78,"avg(76,79)",85,P-40619:WC-2026,P-40619,WC-2026,T-47,Ounahi,exact:full_name
1383,Morocco,2026,Bilal El Khannouss,77,"avg(76,78)",85,P-W26-0415:WC-2026,P-W26-0415,WC-2026,T-47,Khannouss,exact:full_name
1384,Morocco,2026,Issa Diop,76,f2-only,71,P-W26-0406:WC-2026,P-W26-0406,WC-2026,T-47,Diop,exact:full_name
1385,Morocco,2026,Ayyoub Bouaddi,75,f2-only,71,P-W26-0420:WC-2026,P-W26-0420,WC-2026,T-47,Bouaddi,exact:full_name
1386,Morocco,2026,Samir El Mourabet,68,"avg(66,69)",71,P-W26-0418:WC-2026,P-W26-0418,WC-2026,T-47,Mourabet,exact:full_name
1387,Morocco,2026,Ayoube Amaimouni-Echghouyab,67,"avg(63,70)",71,P-W26-0416:WC-2026,P-W26-0416,WC-2026,T-47,Amaimouni,distinctive_single:amaimouni
1388,Morocco,2026,Gessime Yassine,67,f2-only,71,P-W26-0419:WC-2026,P-W26-0419,WC-2026,T-47,Yassine,exact:full_name
1389,Morocco,2026,Youssef Belammari,66,f2-only,71,P-W26-0407:WC-2026,P-W26-0407,WC-2026,T-47,Belammari,exact:full_name
1437,Netherlands,2026,Marten de Roon,81,agree,72,P-55965:WC-2026,P-55965,WC-2026,T-48,de Roon,exact:full_name
1438,Netherlands,2026,Jan van Hecke,80,agree,72,P-W26-0427:WC-2026,P-W26-0427,WC-2026,T-48,Hecke,token:full_name:total=2.00:exact=2:fuzzy=0:initial=0
1439,Netherlands,2026,Noa Lang,80,agree,72,P-57903:WC-2026,P-57903,WC-2026,T-48,Lang,exact:full_name
1440,Netherlands,2026,Quinten Timber,80,agree,72,P-W26-0429:WC-2026,P-W26-0429,WC-2026,T-48,Timber,exact:full_name
1441,Netherlands,2026,Justin Kluivert,79,agree,72,P-W26-0425:WC-2026,P-W26-0425,WC-2026,T-48,Kluivert,exact:full_name
1442,Netherlands,2026,Mark Flekken,78,agree,72,P-W26-0421:WC-2026,P-W26-0421,WC-2026,T-48,Flekken,exact:full_name
1443,Netherlands,2026,Brian Brobbey,77,agree,72,P-W26-0431:WC-2026,P-W26-0431,WC-2026,T-48,Brobbey,exact:full_name
1452,New Zealand,2026,Chris Wood,81,f2-only,79,P-17136:WC-2026,P-17136,WC-2026,T-49,Wood,exact:full_name
1453,New Zealand,2026,Joe Bell,75,"avg(74,75)",72,P-W26-0446:WC-2026,P-W26-0446,WC-2026,T-49,Bell,exact:full_name
1454,New Zealand,2026,Liberato Cacace,72,agree,79,P-W26-0450:WC-2026,P-W26-0450,WC-2026,T-49,Cacace,exact:full_name
1455,New Zealand,2026,Francis De Vries,70,"avg(69,70)",71,P-W26-0440:WC-2026,P-W26-0440,WC-2026,T-49,De Vries,exact:full_name
1456,New Zealand,2026,Tyler Bindon,70,"avg(69,70)",79,P-W26-0459:WC-2026,P-W26-0459,WC-2026,T-49,Bindon,exact:full_name
1457,New Zealand,2026,Max Crocombe,69,f2-only,79,P-W26-0438:WC-2026,P-W26-0438,WC-2026,T-49,Crocombe,exact:full_name
1458,New Zealand,2026,Elijah Just,68,"avg(66,69)",79,P-W26-0449:WC-2026,P-W26-0449,WC-2026,T-49,Just,exact:full_name
1461,New Zealand,2026,Ben Old,68,f2-only,79,P-W26-0456:WC-2026,P-W26-0456,WC-2026,T-49,Old,exact:full_name
1462,New Zealand,2026,Sarpreet Singh,68,f2-only,72,P-W26-0444:WC-2026,P-W26-0444,WC-2026,T-49,Singh,exact:full_name
1463,New Zealand,2026,Nando Pijnaker,67,agree,72,P-W26-0445:WC-2026,P-W26-0445,WC-2026,T-49,Pijnaker,exact:full_name
1464,New Zealand,2026,Alex Rufer,67,"avg(67,66)",71,P-W26-0442:WC-2026,P-W26-0442,WC-2026,T-49,Rufer,exact:full_name
1465,New Zealand,2026,Kosta Barbarouses,67,f2-only,71,P-W26-0437:WC-2026,P-W26-0437,WC-2026,T-49,Barbarouses,exact:full_name
1466,New Zealand,2026,Ryan Thomas,66,agree,72,P-W26-0441:WC-2026,P-W26-0441,WC-2026,T-49,Thomas,exact:full_name
1467,New Zealand,2026,Matthew Garbett,65,agree,79,P-W26-0453:WC-2026,P-W26-0453,WC-2026,T-49,Garbett,exact:full_name
1469,New Zealand,2026,Jesse Randall,64,"avg(60,67)",71,P-W26-0457:WC-2026,P-W26-0457,WC-2026,T-49,Randall,exact:full_name
1470,New Zealand,2026,Callan Elliot,63,"avg(62,63)",71,P-W26-0448:WC-2026,P-W26-0448,WC-2026,T-49,Elliot,exact:full_name
1471,New Zealand,2026,Benjamin Peter Waine,62,f1-only,79,P-W26-0451:WC-2026,P-W26-0451,WC-2026,T-49,Waine,distinctive_single:waine
1472,New Zealand,2026,Ben Waine,62,f2-only,79,P-W26-0451:WC-2026,P-W26-0451,WC-2026,T-49,Waine,exact:full_name
1473,New Zealand,2026,Michael Woud,61,"avg(60,61)",72,P-W26-0443:WC-2026,P-W26-0443,WC-2026,T-49,Woud,exact:full_name
1533,Norway,2026,Julian Ryerson,80,"avg(79,80)",72,P-W26-0465:WC-2026,P-W26-0465,WC-2026,T-53,Ryerson,exact:full_name
1534,Norway,2026,Patrick Berg,78,"avg(77,79)",72,P-W26-0466:WC-2026,P-W26-0466,WC-2026,T-53,Berg,exact:full_name
1535,Norway,2026,Andreas Schjelderup,76,"avg(75,77)",72,P-W26-0484:WC-2026,P-W26-0484,WC-2026,T-53,Schjelderup,exact:full_name
1536,Norway,2026,Fredrik Bjorkan,75,f2-only,72,P-W26-0469:WC-2026,P-W26-0469,WC-2026,T-53,Bjorkan,token:given_family:total=2.00:exact=2:fuzzy=0:initial=0
1537,Norway,2026,Fredrik André Bjørkan,74,f1-only,72,P-W26-0469:WC-2026,P-W26-0469,WC-2026,T-53,Bjorkan,exact:full_name
1538,Norway,2026,Torbjorn Heggem,74,f2-only,72,P-W26-0471:WC-2026,P-W26-0471,WC-2026,T-53,Heggem,exact:given_family
1539,Norway,2026,Torbjørn Lysaker Heggem,73,f1-only,72,P-W26-0471:WC-2026,P-W26-0471,WC-2026,T-53,Heggem,token:full_name:total=3.00:exact=3:fuzzy=0:initial=0
1540,Norway,2026,Morten Thorsby,72,agree,72,P-W26-0463:WC-2026,P-W26-0463,WC-2026,T-53,Thorsby,exact:full_name
1541,Norway,2026,Thelo Aasgaard,71,f2-only,72,P-W26-0480:WC-2026,P-W26-0480,WC-2026,T-53,Aasgaard,exact:full_name
1557,Panama,2026,Michael Murillo,76,agree,80,P-72819:WC-2026,P-72819,WC-2026,T-54,Murillo,token:full_name:total=2.00:exact=2:fuzzy=0:initial=0
1559,Panama,2026,Edgar Barcenas,71,f2-only,80,P-W26-0491:WC-2026,P-W26-0491,WC-2026,T-54,Barcenas,distinctive_single:barcenas
1560,Panama,2026,Andres Andrade,69,agree,80,P-W26-0499:WC-2026,P-W26-0499,WC-2026,T-54,Andrade,exact:full_name
1561,Panama,2026,José Córdoba,68,agree,80,P-W26-0503:WC-2026,P-W26-0503,WC-2026,T-54,Cordoba,exact:full_name
1562,Panama,2026,José Rodríguez,68,f2-only,80,P-34448:WC-2026,P-34448,WC-2026,T-54,Rodríguez,token:full_name:total=2.00:exact=2:fuzzy=0:initial=0
1563,Panama,2026,Eric Davis,67,f2-only,80,P-44505:WC-2026,P-44505,WC-2026,T-54,Davis,token:full_name:total=1.82:exact=1:fuzzy=1:initial=0
1730,Qatar,2026,Lucas Mendes,70,"avg(70,69)",71,P-W26-0542:WC-2026,P-W26-0542,WC-2026,T-59,Mendes,exact:full_name
1731,Qatar,2026,Sultan Al Brake,68,f2-only,71,P-W26-0546:WC-2026,P-W26-0546,WC-2026,T-59,Brake,exact:full_name
1732,Qatar,2026,Ahmed Al-Ganehi,67,agree,71,P-W26-0551:WC-2026,P-W26-0551,WC-2026,T-59,Ganehi,exact:full_name
1733,Qatar,2026,Ahmed Abdoulla,67,f2-only,71,P-33804:WC-2026,P-33804,WC-2026,T-59,Ahmed,distinctive_single:ahmed
1734,Qatar,2026,Mahmoud Abunada,64,f2-only,71,P-W26-0550:WC-2026,P-W26-0550,WC-2026,T-59,Abunada,token:full_name:total=1.82:exact=1:fuzzy=1:initial=0
1735,Qatar,2026,Ayoub Al-Oui,60,f2-only,71,P-W26-0554:WC-2026,P-W26-0554,WC-2026,T-59,Oui,exact:full_name
1736,Qatar,2026,Al-Hashmi Al-Hussain,58,f2-only,71,P-W26-0553:WC-2026,P-W26-0553,WC-2026,T-59,Hussain,exact:full_name
1836,Saudi Arabia,2026,Firas Tariq Nasser Al Buraikanفراس طارق ناصر البريكان,75,f1-only,79,P-89845:WC-2026,P-89845,WC-2026,T-63,Al-Buraikan,distinctive_single:buraikan
1837,Saudi Arabia,2026,Musab Fahd Al Juwayrمصعب فهد الجوير,75,f1-only,79,P-W26-0570:WC-2026,P-W26-0570,WC-2026,T-63,Juwayr,distinctive_single:juwayr
1838,Saudi Arabia,2026,Saud Abdulhamid,75,f2-only,79,P-08125:WC-2026,P-08125,WC-2026,T-63,Abdulhamid,exact:full_name
1840,Saudi Arabia,2026,Musab Al Juwair,75,f2-only,79,P-W26-0570:WC-2026,P-W26-0570,WC-2026,T-63,Juwayr,token:full_name:total=1.82:exact=1:fuzzy=1:initial=0
1841,Saudi Arabia,2026,Nawaf Al Aqidi,72,agree,79,P-67035:WC-2026,P-67035,WC-2026,T-63,Al-Aqidi,exact:full_name
1842,Saudi Arabia,2026,Mohamed Ibrahim Abdullah Kannoمحمد كنو,72,f1-only,79,P-91268:WC-2026,P-91268,WC-2026,T-63,Kanno,distinctive_single:kanno
1843,Saudi Arabia,2026,Hassan Tombakti,72,f2-only,79,P-93173:WC-2026,P-93173,WC-2026,T-63,Al-Tambakti,token:full_name:total=1.82:exact=1:fuzzy=1:initial=0
1844,Saudi Arabia,2026,Mohammed Kanno,72,f2-only,79,P-91268:WC-2026,P-91268,WC-2026,T-63,Kanno,token:full_name:total=1.82:exact=1:fuzzy=1:initial=0
1845,Saudi Arabia,2026,Hassan Kadesh Mahboobحسن كادش محبوب,71,f1-only,71,P-W26-0557:WC-2026,P-W26-0557,WC-2026,T-63,Kadesh,distinctive_single:kadesh
1846,Saudi Arabia,2026,Hassan Kadish,71,f2-only,71,P-W26-0557:WC-2026,P-W26-0557,WC-2026,T-63,Kadesh,token:full_name:total=1.82:exact=1:fuzzy=1:initial=0
1847,Saudi Arabia,2026,Ayman Yahya,68,agree,71,P-W26-0566:WC-2026,P-W26-0566,WC-2026,T-63,Yahya,exact:full_name
1848,Saudi Arabia,2026,Mohammed Abu Al Shamat,67,agree,71,P-W26-0569:WC-2026,P-W26-0569,WC-2026,T-63,Abu Shamat,exact:full_name
1849,Saudi Arabia,2026,Ziyad Al Johani,67,agree,71,P-W26-0568:WC-2026,P-W26-0568,WC-2026,T-63,Johani,exact:full_name
1850,Saudi Arabia,2026,Moteb Saad Al Harbiمتعب سعد الحربي,67,f1-only,71,P-W26-0564:WC-2026,P-W26-0564,WC-2026,T-63,Harbi,distinctive_single:harbi
1851,Saudi Arabia,2026,Mohammed Al-Owais,67,f2-only,79,P-85438:WC-2026,P-85438,WC-2026,T-63,Al-Owais,exact:full_name
1852,Saudi Arabia,2026,Muteb Al Harbi,67,f2-only,71,P-W26-0564:WC-2026,P-W26-0564,WC-2026,T-63,Harbi,distinctive_single:harbi
1853,Saudi Arabia,2026,Jehad Abdullatif Ahmed Thakriجهاد ذكري,66,f1-only,71,P-W26-0567:WC-2026,P-W26-0567,WC-2026,T-63,Thakri,distinctive_single:thakri
1854,Saudi Arabia,2026,Jehad Thekri,66,f2-only,71,P-W26-0567:WC-2026,P-W26-0567,WC-2026,T-63,Thakri,token:full_name:total=1.82:exact=1:fuzzy=1:initial=0
1855,Saudi Arabia,2026,Abdullah Al Hamdan,64,agree,79,P-W26-0561:WC-2026,P-W26-0561,WC-2026,T-63,Hamdan,exact:full_name
1856,Saudi Arabia,2026,Ahmed Al Kassar,63,agree,71,P-W26-0556:WC-2026,P-W26-0556,WC-2026,T-63,Kassar,exact:full_name
1857,Scotland,2026,Lewis Ferguson,78,agree,73,P-W26-0591:WC-2026,P-W26-0591,WC-2026,T-64,Ferguson,exact:full_name
1858,Scotland,2026,Jack Hendry,74,agree,73,P-W26-0577:WC-2026,P-W26-0577,WC-2026,T-64,Hendry,exact:full_name
1859,Scotland,2026,Ben Gannon-Doak,71,agree,73,P-W26-0594:WC-2026,P-W26-0594,WC-2026,T-64,Gannon-Doak,exact:full_name
1860,Scotland,2026,Anthony Ralston,71,agree,73,P-W26-0589:WC-2026,P-W26-0589,WC-2026,T-64,Ralston,exact:full_name
1861,Scotland,2026,Craig Gordon,67,agree,73,P-W26-0571:WC-2026,P-W26-0571,WC-2026,T-64,Gordon,exact:full_name
1907,Senegal,2026,Kalidou Koulibaly,82,agree,85,P-47321:WC-2026,P-47321,WC-2026,T-65,Koulibaly,exact:full_name
1908,Senegal,2026,Ismaila Sarr,79,agree,85,P-37935:WC-2026,P-37935,WC-2026,T-65,Sarr,exact:full_name
1909,Senegal,2026,Pape Sarr,79,agree,85,P-76835:WC-2026,P-76835,WC-2026,T-65,Sarr,token:full_name:total=2.00:exact=2:fuzzy=0:initial=0
1910,Senegal,2026,Iliman Cheikh Baroy Ndiaye,79,f1-only,71,P-33958:WC-2026,P-33958,WC-2026,T-65,Ndiaye,v4.5_local_token_subset
1911,Senegal,2026,Yehvann Diouf,78,agree,71,P-W26-0601:WC-2026,P-W26-0601,WC-2026,T-65,Diouf,exact:full_name
1912,Senegal,2026,Pape Gueye,78,agree,85,P-45280:WC-2026,P-45280,WC-2026,T-65,Gueye,exact:full_name
1913,Senegal,2026,Lamine Camara,77,agree,85,P-W26-0602:WC-2026,P-W26-0602,WC-2026,T-65,Camara,exact:full_name
1915,Senegal,2026,Krepin Diatta,74,agree,85,P-09292:WC-2026,P-09292,WC-2026,T-65,Diatta,exact:full_name
1916,Senegal,2026,Abdoulaye Seck,73,f2-only,71,P-W26-0597:WC-2026,P-W26-0597,WC-2026,T-65,Seck,exact:full_name
1917,Senegal,2026,Bara Ndiaye,71,f2-only,71,P-W26-0608:WC-2026,P-W26-0608,WC-2026,T-65,Sapoko Ndiaye,token:full_name:total=2.00:exact=2:fuzzy=0:initial=0
1918,Senegal,2026,Mory Diaw,70,agree,71,P-W26-0598:WC-2026,P-W26-0598,WC-2026,T-65,Diaw,exact:full_name
1919,Senegal,2026,Cherif Ndiaye,70,f2-only,71,P-W26-0599:WC-2026,P-W26-0599,WC-2026,T-65,Ndiaye,exact:full_name
2014,South Africa,2026,Khuliso Mudau,73,f2-only,72,P-W26-0613:WC-2026,P-W26-0613,WC-2026,T-70,Mudau,exact:full_name
2015,South Africa,2026,Themba Zwane,73,f2-only,72,P-W26-0610:WC-2026,P-W26-0610,WC-2026,T-70,Zwane,exact:full_name
2016,South Africa,2026,Thalente Mbatha,69,f2-only,72,P-W26-0621:WC-2026,P-W26-0621,WC-2026,T-70,Mbatha,exact:full_name
2017,South Africa,2026,Ime Okon,67,agree,72,P-W26-0631:WC-2026,P-W26-0631,WC-2026,T-70,Okon,exact:full_name
2018,South Africa,2026,Sphephelo Sithole,65,agree,72,P-W26-0620:WC-2026,P-W26-0620,WC-2026,T-70,Sithole,exact:full_name
2096,South Korea,2026,Kim Jae,82,agree,82,P-14360:WC-2026,P-14360,WC-2026,T-71,Min-jae,token:full_name:total=2.00:exact=2:fuzzy=0:initial=0
2097,South Korea,2026,Lee In,79,agree,82,P-87514:WC-2026,P-87514,WC-2026,T-71,Kang-in,token:full_name:total=2.00:exact=2:fuzzy=0:initial=0
2098,South Korea,2026,Hwang Beom,77,agree,82,P-67516:WC-2026,P-67516,WC-2026,T-71,In-beom,token:full_name:total=2.00:exact=2:fuzzy=0:initial=0
2099,South Korea,2026,Lee Sung,77,agree,82,P-93920:WC-2026,P-93920,WC-2026,T-71,Lee,token:full_name:total=2.00:exact=2:fuzzy=0:initial=0
2100,South Korea,2026,In-beom Hwang황인범,77,f1-only,82,P-67516:WC-2026,P-67516,WC-2026,T-71,In-beom,exact:family_given
2101,South Korea,2026,Hwang Chan,75,f2-only,82,P-58692:WC-2026,P-58692,WC-2026,T-71,Hwang,token:full_name:total=2.00:exact=2:fuzzy=0:initial=0
2102,South Korea,2026,Song Keun,74,agree,71,P-49090:WC-2026,P-49090,WC-2026,T-71,Bum-keun,token:full_name:total=2.00:exact=2:fuzzy=0:initial=0
2104,South Korea,2026,Eom Sung,71,agree,71,P-W26-0644:WC-2026,P-W26-0644,WC-2026,T-71,Eom,token:full_name:total=2.00:exact=2:fuzzy=0:initial=0
2105,South Korea,2026,Yang Jun,71,"avg(70,71)",71,P-W26-0645:WC-2026,P-W26-0645,WC-2026,T-71,Yang,token:full_name:total=2.00:exact=2:fuzzy=0:initial=0
2106,South Korea,2026,Lee Beom,69,agree,71,P-W26-0646:WC-2026,P-W26-0646,WC-2026,T-71,Lee,token:full_name:total=2.00:exact=2:fuzzy=0:initial=0
2107,South Korea,2026,Tae-hyeon Kim김태현,67,f1-only,71,P-W26-0641:WC-2026,P-W26-0641,WC-2026,T-71,Kim,exact:given_family
2174,Sweden,2026,Anthony Elanga,81,agree,79,P-W26-0683:WC-2026,P-W26-0683,WC-2026,T-74,Elanga,exact:full_name
2175,Sweden,2026,Isak Hien,78,agree,79,P-W26-0677:WC-2026,P-W26-0677,WC-2026,T-74,Hien,exact:full_name
2176,Sweden,2026,Carl Starfelt,78,agree,72,P-W26-0665:WC-2026,P-W26-0665,WC-2026,T-74,Starfelt,exact:full_name
2177,Sweden,2026,Lucas Bergvall,77,agree,72,P-W26-0687:WC-2026,P-W26-0687,WC-2026,T-74,Bergvall,exact:full_name
2178,Sweden,2026,Victor Lindelöf,76,"avg(75,76)",79,P-31431:WC-2026,P-31431,WC-2026,T-74,Lindelöf,exact:full_name
2179,Sweden,2026,Mattias Svanberg,76,agree,79,P-W26-0676:WC-2026,P-W26-0676,WC-2026,T-74,Svanberg,exact:full_name
2180,Sweden,2026,Jesper Karlstrom,75,agree,71,P-W26-0666:WC-2026,P-W26-0666,WC-2026,T-74,Karlstrom,exact:full_name
2181,Sweden,2026,Yasin Ayari,75,agree,79,P-W26-0686:WC-2026,P-W26-0686,WC-2026,T-74,Ayari,exact:full_name
2182,Sweden,2026,Gustaf Nilsson,75,agree,71,P-W26-0668:WC-2026,P-W26-0668,WC-2026,T-74,Nilsson,exact:full_name
2183,Sweden,2026,Viktor Johansson,74,agree,79,P-W26-0674:WC-2026,P-W26-0674,WC-2026,T-74,Johansson,exact:full_name
2184,Sweden,2026,Benjamin Nygren,73,"avg(73,72)",72,P-W26-0681:WC-2026,P-W26-0681,WC-2026,T-74,Nygren,exact:full_name
2185,Sweden,2026,Hjalmar Ekdal,72,agree,72,P-W26-0675:WC-2026,P-W26-0675,WC-2026,T-74,Ekdal,exact:full_name
2186,Sweden,2026,Besfort Zeneli,72,agree,71,P-W26-0685:WC-2026,P-W26-0685,WC-2026,T-74,Zeneli,exact:full_name
2187,Sweden,2026,Alexander Bernhardsson,72,agree,71,P-W26-0673:WC-2026,P-W26-0673,WC-2026,T-74,Bernhardsson,exact:full_name
2188,Sweden,2026,Kristoffer Nordfeldt,72,agree,71,P-08714:WC-2026,P-08714,WC-2026,T-74,Nordfeldt,exact:full_name
2189,Sweden,2026,Jacob Zetterstrom,71,agree,72,P-W26-0672:WC-2026,P-W26-0672,WC-2026,T-74,Widell Zetterstrom,token:full_name:total=2.00:exact=2:fuzzy=0:initial=0
2190,Sweden,2026,Gustaf Lagerbielke,71,"avg(71,70)",71,P-W26-0680:WC-2026,P-W26-0680,WC-2026,T-74,Lagerbielke,exact:full_name
2191,Sweden,2026,Ken Sema,70,agree,72,P-W26-0664:WC-2026,P-W26-0664,WC-2026,T-74,Sema,exact:full_name
2240,Switzerland,2026,Granit Xhaka,85,agree,86,P-77224:WC-2026,P-77224,WC-2026,T-75,Xhaka,exact:full_name
2241,Switzerland,2026,Manuel Akanji,82,agree,86,P-23925:WC-2026,P-23925,WC-2026,T-75,Akanji,exact:full_name
2242,Switzerland,2026,Remo Freuler,81,agree,86,P-68060:WC-2026,P-68060,WC-2026,T-75,Freuler,exact:full_name
2243,Switzerland,2026,Nico Elvedi,77,agree,86,P-19193:WC-2026,P-19193,WC-2026,T-75,Elvedi,exact:full_name
2244,Switzerland,2026,Ardon Jashari,77,agree,71,P-17496:WC-2026,P-17496,WC-2026,T-75,Jashari,exact:full_name
2245,Switzerland,2026,Breel Embolo,77,agree,86,P-19075:WC-2026,P-19075,WC-2026,T-75,Embolo,exact:full_name
2246,Switzerland,2026,Zeki Amdouni,75,agree,86,P-W26-0691:WC-2026,P-W26-0691,WC-2026,T-75,Amdouni,exact:full_name
2247,Switzerland,2026,Ruben Vargas,75,agree,86,P-85823:WC-2026,P-85823,WC-2026,T-75,Vargas,exact:full_name
2248,Switzerland,2026,Miro Muheim,75,agree,71,P-W26-0689:WC-2026,P-W26-0689,WC-2026,T-75,Muheim,exact:full_name
2249,Switzerland,2026,Ricardo Rodríguez,74,agree,86,P-43367:WC-2026,P-43367,WC-2026,T-75,Rodríguez,exact:full_name
2250,Switzerland,2026,Christian Fassnacht,72,agree,71,P-71875:WC-2026,P-71875,WC-2026,T-75,Fassnacht,exact:full_name
2251,Switzerland,2026,Marvin Keller,72,agree,71,P-W26-0692:WC-2026,P-W26-0692,WC-2026,T-75,Keller,exact:full_name
2252,Switzerland,2026,Luca Jaquez,69,agree,71,P-W26-0693:WC-2026,P-W26-0693,WC-2026,T-75,Jaquez,exact:full_name
2337,Tunisia,2026,Ellyes Skhiri,79,"avg(80,77)",79,P-47815:WC-2026,P-47815,WC-2026,T-79,Skhiri,exact:full_name
2338,Tunisia,2026,Ali Abdi,76,agree,79,P-64924:WC-2026,P-64924,WC-2026,T-79,Abdi,exact:full_name
2339,Tunisia,2026,Rani Khedira,76,f2-only,71,P-W26-0696:WC-2026,P-W26-0696,WC-2026,T-79,Khedira,exact:full_name
2340,Tunisia,2026,Hannibal Mejbri,75,"avg(74,75)",79,P-48887:WC-2026,P-48887,WC-2026,T-79,Mejbri,exact:full_name
2341,Tunisia,2026,Montassar Talbi,74,"avg(73,75)",79,P-73455:WC-2026,P-73455,WC-2026,T-79,Talbi,exact:full_name
2343,Tunisia,2026,Aymen Dahmen,72,f2-only,79,P-32803:WC-2026,P-32803,WC-2026,T-79,Dahmen,exact:full_name
2344,Tunisia,2026,Yan Valery,71,agree,72,P-W26-0703:WC-2026,P-W26-0703,WC-2026,T-79,Valery,exact:full_name
2345,Tunisia,2026,Elias Achouri,71,"avg(72,70)",72,P-W26-0702:WC-2026,P-W26-0702,WC-2026,T-79,Achouri,exact:full_name
2346,Tunisia,2026,Mortadha Ben Ouanes,69,agree,71,P-W26-0697:WC-2026,P-W26-0697,WC-2026,T-79,Ben Ouanes,exact:full_name
2347,Tunisia,2026,Sebastian Tounektiسيباستيان توناكتي,69,f1-only,72,P-W26-0708:WC-2026,P-W26-0708,WC-2026,T-79,Tounekti,exact:full_name
2348,Tunisia,2026,Dylan Bronn,68,agree,79,P-11879:WC-2026,P-11879,WC-2026,T-79,Bronn,exact:full_name
2349,Tunisia,2026,Hazem Mastouri,68,f2-only,72,P-W26-0701:WC-2026,P-W26-0701,WC-2026,T-79,Mastouri,exact:full_name
2350,Tunisia,2026,Anis Slimane,67,agree,79,P-45680:WC-2026,P-45680,WC-2026,T-79,Ben Slimane,token:full_name:total=2.00:exact=2:fuzzy=0:initial=0
2351,Tunisia,2026,K. Ayari,65,f2-only,71,P-W26-0713:WC-2026,P-W26-0713,WC-2026,T-79,Ayari,mononym:common_name
2352,Tunisia,2026,Firas Chaouat,64,f2-only,72,P-W26-0699:WC-2026,P-W26-0699,WC-2026,T-79,Chaouat,exact:full_name
2353,Tunisia,2026,Moutaz Neffati,63,agree,71,P-W26-0712:WC-2026,P-W26-0712,WC-2026,T-79,Neffati,exact:full_name
2354,Tunisia,2026,Abdelmouhib Chamakh,62,f2-only,71,P-W26-0706:WC-2026,P-W26-0706,WC-2026,T-79,Chamakh,distinctive_single:chamakh
2370,Turkey,2026,Abdulkerim Bardakci,80,f2-only,72,P-W26-0718:WC-2026,P-W26-0718,WC-2026,T-80,Bardakci,exact:given_family
2371,Turkey,2026,Yunus Akgun,78,f2-only,72,P-W26-0734:WC-2026,P-W26-0734,WC-2026,T-80,Akgun,exact:full_name
2372,Turkey,2026,Fehmi Gunok,78,f2-only,72,P-W26-0715:WC-2026,P-W26-0715,WC-2026,T-80,Gunok,distinctive_single:gunok
2373,Turkey,2026,Ismail Yuksek,77,f2-only,72,P-W26-0728:WC-2026,P-W26-0728,WC-2026,T-80,Yuksek,exact:full_name
2374,Turkey,2026,Deniz Gul,76,f2-only,72,P-W26-0737:WC-2026,P-W26-0737,WC-2026,T-80,Gul,exact:full_name
2375,Turkey,2026,Baris Yilmaz,76,f2-only,72,P-W26-0732:WC-2026,P-W26-0732,WC-2026,T-80,Yilmaz,token:given_family:total=2.00:exact=2:fuzzy=0:initial=0
2376,Turkey,2026,Can Uzun,74,f2-only,72,P-W26-0740:WC-2026,P-W26-0740,WC-2026,T-80,Uzun,exact:full_name
2431,United States,2026,Antonee Robinson,82,agree,81,P-70867:WC-2026,P-70867,WC-2026,T-83,Robinson,exact:full_name
2432,United States,2026,Malik Tillman,82,agree,81,P-W26-0750:WC-2026,P-W26-0750,WC-2026,T-83,Tillman,exact:full_name
2433,United States,2026,Sergiño Dest,79,agree,81,P-89452:WC-2026,P-89452,WC-2026,T-83,Dest,exact:full_name
2434,United States,2026,Tyler Adams,79,agree,81,P-14151:WC-2026,P-14151,WC-2026,T-83,Adams,exact:full_name
2435,United States,2026,Weston McKennie,78,agree,81,P-68952:WC-2026,P-68952,WC-2026,T-83,McKennie,exact:full_name
2436,United States,2026,Folarin Balogun,77,agree,81,P-W26-0749:WC-2026,P-W26-0749,WC-2026,T-83,Balogun,exact:full_name
2437,United States,2026,Timothy Weah,77,agree,81,P-30252:WC-2026,P-30252,WC-2026,T-83,Weah,exact:full_name
2438,United States,2026,Christopher Jeffrey Richards,77,f1-only,81,P-W26-0746:WC-2026,P-W26-0746,WC-2026,T-83,Richards,distinctive_single:richards
2439,United States,2026,Chris Richards,77,f2-only,81,P-W26-0746:WC-2026,P-W26-0746,WC-2026,T-83,Richards,exact:full_name
2440,United States,2026,Ricardo Pepi,76,agree,81,P-W26-0751:WC-2026,P-W26-0751,WC-2026,T-83,Pepi,exact:full_name
2441,United States,2026,Giovanni Reyna,75,agree,81,P-85878:WC-2026,P-85878,WC-2026,T-83,Reyna,exact:full_name
2442,United States,2026,Brenden Aaronson,74,agree,81,P-03484:WC-2026,P-03484,WC-2026,T-83,Aaronson,exact:full_name
2443,United States,2026,Matthew Charles Turner,74,f1-only,81,P-48903:WC-2026,P-48903,WC-2026,T-83,Turner,distinctive_single:turner
2444,United States,2026,Joseph Michael Scally,74,f1-only,81,P-80838:WC-2026,P-80838,WC-2026,T-83,Scally,distinctive_single:scally
2445,United States,2026,Matt Turner,74,f2-only,81,P-48903:WC-2026,P-48903,WC-2026,T-83,Turner,exact:full_name
2446,United States,2026,Joe Scally,74,f2-only,81,P-80838:WC-2026,P-80838,WC-2026,T-83,Scally,exact:full_name
2493,Uruguay,2026,Rodrigo Zalazar,79,agree,72,P-W26-0759:WC-2026,P-W26-0759,WC-2026,T-84,Zalazar,exact:full_name
2494,Uruguay,2026,Santiago Bueno,76,agree,71,P-W26-0758:WC-2026,P-W26-0758,WC-2026,T-84,Bueno,exact:full_name
2495,Uruguay,2026,Guillermo Varela,76,f2-only,72,P-78932:WC-2026,P-78932,WC-2026,T-84,Varela,exact:full_name
2496,Uruguay,2026,Joaquin Piquerez,76,f2-only,71,P-W26-0757:WC-2026,P-W26-0757,WC-2026,T-84,Piquerez,exact:full_name
2497,Uruguay,2026,Matias Vina,75,f2-only,72,P-18564:WC-2026,P-18564,WC-2026,T-84,Viña,exact:full_name
2498,Uruguay,2026,Agustin Canobbio,74,f2-only,72,P-24667:WC-2026,P-24667,WC-2026,T-84,Canobbio,exact:full_name
2499,Uruguay,2026,Santiago Mele,74,f2-only,72,P-W26-0755:WC-2026,P-W26-0755,WC-2026,T-84,Mele,exact:full_name
2500,Uruguay,2026,Juan Sanabria,74,f2-only,71,P-W26-0763:WC-2026,P-W26-0763,WC-2026,T-84,Sanabria,token:full_name:total=2.00:exact=2:fuzzy=0:initial=0
2501,Uruguay,2026,Facundo Pellistri,73,agree,72,P-95062:WC-2026,P-95062,WC-2026,T-84,Pellistri,exact:full_name
2502,Uruguay,2026,Emiliano Martínez,73,f2-only,71,P-W26-0760:WC-2026,P-W26-0760,WC-2026,T-84,Martinez,exact:full_name
2503,Uruguay,2026,Federico Sebastián Viñas Barboza,72,f1-only,72,P-W26-0756:WC-2026,P-W26-0756,WC-2026,T-84,Vinas,v4.5_qid_alias_bound
2505,Uruguay,2026,Rodrigo Aguirre,69,f2-only,71,P-W26-0754:WC-2026,P-W26-0754,WC-2026,T-84,Aguirre,exact:full_name
2506,Uzbekistan,2026,Abdukodir Khusanov,77,agree,79,P-W26-0893:WC-2026,P-W26-0893,WC-2026,T-W26-5,Khusanov,exact:full_name
2507,Uzbekistan,2026,Jaloliddin Masharipov,69,f2-only,79,P-W26-0873:WC-2026,P-W26-0873,WC-2026,T-W26-5,Masharipov,exact:full_name
2508,Uzbekistan,2026,Otabek Shukurov,69,f2-only,79,P-W26-0878:WC-2026,P-W26-0878,WC-2026,T-W26-5,Shukurov,exact:full_name
2509,Uzbekistan,2026,Oston Urunov,66,f2-only,79,P-W26-0888:WC-2026,P-W26-0888,WC-2026,T-W26-5,Urunov,exact:full_name
2510,Uzbekistan,2026,Abbosbek Fayzullaev,65,agree,79,P-W26-0891:WC-2026,P-W26-0891,WC-2026,T-W26-5,Fayzullaev,exact:full_name
